{"pixel_L2": [31651.48828125, 32728.271484375, 30462.32421875, 32591.80859375, 36133.53515625, 30988.916015625, 40653.109375, 30376.95703125, 33958.19921875, 35467.83203125], "pixel_cosine": [0.8764541745185852, 0.8690547943115234, 0.8523143529891968, 0.8766903281211853, 0.7844658493995667, 0.8682769536972046, 0.7518444061279297, 0.8809179067611694, 0.8184164762496948, 0.8124165534973145], "low_L2": [673.7144775390625, 672.0264892578125, 637.3096923828125, 671.8192749023438, 643.7640380859375, 664.01611328125, 657.8353881835938, 662.8760986328125, 672.1402587890625, 664.5194702148438], "low_cosine": [0.25611045956611633, 0.26827579736709595, 0.405235230922699, 0.2662613093852997, 0.38470590114593506, 0.3041685223579407, 0.3342859745025635, 0.30898118019104004, 0.26579374074935913, 0.302734375], "mid_L2": [311.52069091796875, 317.0589904785156, 320.11004638671875, 313.11981201171875, 335.42047119140625, 311.8343200683594, 335.05419921875, 316.0899353027344, 315.0777587890625, 327.7569274902344], "mid_cosine": [0.23957881331443787, 0.2473338544368744, 0.25243815779685974, 0.24481111764907837, 0.23952049016952515, 0.24895337224006653, 0.21529312431812286, 0.2571313977241516, 0.22608181834220886, 0.22351089119911194], "high_L2": [59.98535919189453, 60.85624313354492, 61.2109260559082, 59.2871208190918, 56.60932159423828, 61.81501007080078, 60.75897216796875, 60.39057540893555, 65.8859634399414, 59.2139892578125], "high_cosine": [0.2639734447002411, 0.24990567564964294, 0.2849162220954895, 0.25072258710861206, 0.44632577896118164, 0.23792921006679535, 0.20983916521072388, 0.24408859014511108, 0.12178819626569748, 0.2576122283935547], "clip_cosine": [0.9983032941818237, 0.998291552066803, 0.9983102679252625, 0.9982800483703613, 0.9980975985527039, 0.9982936382293701, 0.9980889558792114, 0.9981980919837952, 0.9982154965400696, 0.998012900352478], "dino_cosine": [0.9545435905456543, 0.9571376442909241, 0.9618027210235596, 0.9679129719734192, 0.9661118984222412, 0.9539133906364441, 0.9522528052330017, 0.9678364396095276, 0.9470400214195251, 0.9599904417991638], "clip_L2": [13.807665824890137, 13.45083236694336, 14.117265701293945, 13.778038024902344, 14.956416130065918, 13.694100379943848, 14.21764850616455, 13.854972839355469, 14.617058753967285, 14.479701042175293], "dino_L2": [18.052066802978516, 18.03207778930664, 17.110027313232422, 16.483909606933594, 16.728227615356445, 18.102806091308594, 18.61308479309082, 17.10481071472168, 18.909330368041992, 17.358884811401367], "rcnn_confidence": [0.0, 0.0, 0.0, 0.0, 0.0, 0.0, 0.0, 0.0, 0.0, 0.0], "yolo_confidence": [0.0, 0.0, 0.0, 0.0, 0.0, 0.0, 0.0, 0.0, 0.0, 0.0]}