{"pixel_L2": [19494.07421875, 21565.890625, 19644.966796875, 28129.37109375, 20012.78125, 20184.4921875, 19770.75390625, 19289.271484375, 19825.935546875, 23725.650390625], "pixel_cosine": [0.8578920364379883, 0.8282656669616699, 0.8526034951210022, 0.6588150858879089, 0.8521285653114319, 0.8500890731811523, 0.8575962781906128, 0.859106719493866, 0.856262743473053, 0.7231813669204712], "low_L2": [451.5039367675781, 456.66766357421875, 456.11761474609375, 531.373291015625, 457.0551452636719, 458.722900390625, 454.3363037109375, 455.38226318359375, 453.35040283203125, 471.0680847167969], "low_cosine": [0.5423762202262878, 0.5023350715637207, 0.5311120748519897, 0.3297490179538727, 0.5307637453079224, 0.5250235795974731, 0.5376236438751221, 0.5236063599586487, 0.5402923822402954, 0.4484255909919739], "mid_L2": [231.0420379638672, 246.02700805664062, 234.22647094726562, 287.5634460449219, 230.86195373535156, 234.39276123046875, 232.11634826660156, 234.74172973632812, 234.7169189453125, 259.90478515625], "mid_cosine": [0.3353746831417084, 0.2905663847923279, 0.32205867767333984, 0.2224246859550476, 0.32023531198501587, 0.3138825297355652, 0.34166622161865234, 0.3251914381980896, 0.31704986095428467, 0.27738285064697266], "high_L2": [61.01132583618164, 55.384979248046875, 57.90747833251953, 58.60631561279297, 58.760231018066406, 61.35211181640625, 60.173274993896484, 61.664207458496094, 61.45415496826172, 56.6085205078125], "high_cosine": [0.33772191405296326, 0.44698530435562134, 0.3508301377296448, 0.36848118901252747, 0.35677552223205566, 0.32997769117355347, 0.3437049686908722, 0.3450111746788025, 0.3311324417591095, 0.42309191823005676], "clip_cosine": [0.9983431100845337, 0.998202919960022, 0.9984843134880066, 0.9989910125732422, 0.9983896613121033, 0.9980870485305786, 0.9983334541320801, 0.9982827305793762, 0.9984888434410095, 0.9984816908836365], "dino_cosine": [0.9428327679634094, 0.9641433954238892, 0.9528132081031799, 0.9689374566078186, 0.9545518159866333, 0.9536561965942383, 0.9513958096504211, 0.9556097984313965, 0.9413503408432007, 0.9506068825721741], "clip_L2": [14.542095184326172, 14.610176086425781, 13.993675231933594, 10.91149616241455, 14.811725616455078, 16.335575103759766, 14.855487823486328, 14.90817642211914, 13.75732421875, 13.669200897216797], "dino_L2": [18.74925994873047, 15.5208740234375, 18.9187068939209, 16.8062686920166, 18.89092445373535, 18.512964248657227, 19.22341537475586, 18.925193786621094, 19.317705154418945, 18.119810104370117], "rcnn_confidence": [0.0, 0.0, 0.0, 0.05014864727854729, 0.0, 0.0, 0.0, 0.0, 0.0, 0.0], "yolo_confidence": [0.0, 0.0, 0.0, 0.0, 0.0, 0.0, 0.0, 0.0, 0.0, 0.0]}