{"pixel_L2": [39608.421875, 40575.26953125, 37748.46484375, 40202.55859375, 38696.40234375, 39634.6875, 39093.66796875, 40336.84765625, 40234.90625, 40331.1796875], "pixel_cosine": [0.6290631294250488, 0.6086785197257996, 0.6748954653739929, 0.6189992427825928, 0.6516094207763672, 0.6296222805976868, 0.6428475379943848, 0.616168737411499, 0.6173765063285828, 0.6161224842071533], "low_L2": [566.2405395507812, 578.8849487304688, 562.8492431640625, 585.7958374023438, 563.1364135742188, 576.412109375, 579.2505493164062, 569.9295043945312, 570.1455688476562, 568.6544799804688], "low_cosine": [0.35547366738319397, 0.3304559588432312, 0.44349366426467896, 0.3263285160064697, 0.375347375869751, 0.33278870582580566, 0.3355504274368286, 0.35518476366996765, 0.36398762464523315, 0.3531811535358429], "mid_L2": [423.8503112792969, 424.5610656738281, 425.7236328125, 431.8423767089844, 424.6297607421875, 425.0870666503906, 427.74896240234375, 426.9825744628906, 426.07183837890625, 426.5048828125], "mid_cosine": [0.20119690895080566, 0.1864061802625656, 0.2711583971977234, 0.1862865388393402, 0.19839425384998322, 0.19791880249977112, 0.1916949450969696, 0.18743392825126648, 0.20048436522483826, 0.20032615959644318], "high_L2": [59.415382385253906, 58.05315017700195, 55.725589752197266, 59.09928894042969, 57.8515625, 57.752342224121094, 57.604591369628906, 57.581974029541016, 60.20404052734375, 59.374969482421875], "high_cosine": [0.3423101007938385, 0.37343114614486694, 0.4467034339904785, 0.354315847158432, 0.3675147593021393, 0.39813703298568726, 0.37642860412597656, 0.38018447160720825, 0.3424478769302368, 0.375796914100647], "clip_cosine": [0.9975793957710266, 0.9971730709075928, 0.9973362684249878, 0.9972140789031982, 0.9973940849304199, 0.9974437952041626, 0.9972414970397949, 0.9975317120552063, 0.9971152544021606, 0.9978457689285278], "dino_cosine": [0.9680079817771912, 0.9604350328445435, 0.9701418280601501, 0.9678905606269836, 0.9605846405029297, 0.9579680562019348, 0.9629306197166443, 0.9684311151504517, 0.9693551063537598, 0.9705866575241089], "clip_L2": [14.536957740783691, 15.98085880279541, 14.44993782043457, 15.663152694702148, 15.066466331481934, 15.037627220153809, 15.32205867767334, 15.026239395141602, 15.906974792480469, 13.892984390258789], "dino_L2": [15.995305061340332, 16.07903289794922, 14.85556411743164, 15.825995445251465, 16.01089096069336, 16.98431396484375, 16.310693740844727, 15.696673393249512, 15.643982887268066, 14.674355506896973], "rcnn_confidence": [0.0, 0.09212519973516464, 0.0, 0.0, 0.0, 0.05593380331993103, 0.0, 0.0, 0.0, 0.07974058389663696], "yolo_confidence": [0.0, 0.0, 0.0, 0.0, 0.0, 0.0, 0.0, 0.0, 0.0, 0.0]}