{"pixel_L2": [27124.875, 26809.29296875, 27096.560546875, 26847.9609375, 27087.634765625, 27006.623046875, 26888.501953125, 26893.228515625, 27003.736328125, 26956.76953125], "pixel_cosine": [0.7827030420303345, 0.7885330319404602, 0.7830095887184143, 0.7881198525428772, 0.782063901424408, 0.7854941487312317, 0.7863606810569763, 0.7861984968185425, 0.7847236394882202, 0.7858521342277527], "low_L2": [402.3916931152344, 398.96685791015625, 404.34478759765625, 400.8746337890625, 403.94171142578125, 401.9954833984375, 402.58294677734375, 400.7709045410156, 400.7731018066406, 400.6593933105469], "low_cosine": [0.5661653280258179, 0.5719408392906189, 0.5611045956611633, 0.5694807767868042, 0.5633760094642639, 0.565737247467041, 0.5655539035797119, 0.5695006251335144, 0.5679585933685303, 0.5683745741844177], "mid_L2": [307.470703125, 305.53924560546875, 307.599365234375, 306.266845703125, 306.5202941894531, 306.9779052734375, 306.94317626953125, 305.8978576660156, 306.60308837890625, 306.5036315917969], "mid_cosine": [0.43247368931770325, 0.4366997182369232, 0.43021705746650696, 0.4365987181663513, 0.432974249124527, 0.43518292903900146, 0.43384140729904175, 0.4363408088684082, 0.4347381889820099, 0.4351426959037781], "high_L2": [65.31048583984375, 64.06704711914062, 64.77725982666016, 64.44807434082031, 63.774375915527344, 66.19549560546875, 63.136375427246094, 64.60552215576172, 65.37488555908203, 64.87127685546875], "high_cosine": [0.39986222982406616, 0.4140898585319519, 0.40244725346565247, 0.4173946976661682, 0.4199826121330261, 0.3951014280319214, 0.43519940972328186, 0.4040587544441223, 0.40007448196411133, 0.4037730097770691], "clip_cosine": [0.9986257553100586, 0.9985442757606506, 0.998633861541748, 0.9986256957054138, 0.9985495805740356, 0.9985668659210205, 0.9986118674278259, 0.9986712336540222, 0.9985886216163635, 0.9985089302062988], "dino_cosine": [0.939160943031311, 0.9425148963928223, 0.9410526752471924, 0.9438901543617249, 0.9409388303756714, 0.9423545002937317, 0.9391810894012451, 0.9426971673965454, 0.9373798966407776, 0.9360755085945129], "clip_L2": [14.070663452148438, 14.238967895507812, 14.05133056640625, 13.94800090789795, 14.404526710510254, 14.216065406799316, 13.991552352905273, 14.014431953430176, 14.0923490524292, 14.485006332397461], "dino_L2": [19.43109703063965, 19.349519729614258, 19.18101692199707, 18.957683563232422, 19.18058204650879, 19.182092666625977, 19.066125869750977, 19.01285743713379, 19.29511260986328, 19.73590850830078], "rcnn_confidence": [0.0, 0.0, 0.0, 0.0, 0.0, 0.0, 0.0, 0.0, 0.0, 0.0], "yolo_confidence": [0.0, 0.0, 0.0, 0.0, 0.0, 0.0, 0.0, 0.0, 0.0, 0.0]}