{"pixel_L2": [27264.8515625, 27264.8515625, 27264.8515625, 27264.8515625, 27264.8515625, 27264.8515625, 27264.8515625, 27264.8515625, 27264.8515625, 27264.8515625], "pixel_cosine": [0.0, 0.0, 0.0, 0.0, 0.0, 0.0, 0.0, 0.0, 0.0, 0.0], "low_L2": [460.4024658203125, 460.4024658203125, 460.4024658203125, 460.4024658203125, 460.4024658203125, 460.4024658203125, 460.4024658203125, 460.4024658203125, 460.4024658203125, 460.4024658203125], "low_cosine": [0.30506783723831177, 0.30506783723831177, 0.30506783723831177, 0.30506783723831177, 0.30506783723831177, 0.30506783723831177, 0.30506783723831177, 0.30506783723831177, 0.30506783723831177, 0.30506783723831177], "mid_L2": [277.7270812988281, 277.7270812988281, 277.7270812988281, 277.7270812988281, 277.7270812988281, 277.7270812988281, 277.7270812988281, 277.7270812988281, 277.7270812988281, 277.7270812988281], "mid_cosine": [0.27679893374443054, 0.27679893374443054, 0.27679893374443054, 0.27679893374443054, 0.27679893374443054, 0.27679893374443054, 0.27679893374443054, 0.27679893374443054, 0.27679893374443054, 0.27679893374443054], "high_L2": [60.64631652832031, 60.64631652832031, 60.64631652832031, 60.64631652832031, 60.64631652832031, 60.64631652832031, 60.64631652832031, 60.64631652832031, 60.64631652832031, 60.64631652832031], "high_cosine": [0.1674373894929886, 0.1674373894929886, 0.1674373894929886, 0.1674373894929886, 0.1674373894929886, 0.1674373894929886, 0.1674373894929886, 0.1674373894929886, 0.1674373894929886, 0.1674373894929886], "clip_cosine": [0.9959077835083008, 0.9959077835083008, 0.9959077835083008, 0.9959077835083008, 0.9959077835083008, 0.9959077835083008, 0.9959077835083008, 0.9959077835083008, 0.9959077835083008, 0.9959077835083008], "dino_cosine": [0.9452002048492432, 0.9452002048492432, 0.9452002048492432, 0.9452002048492432, 0.9452002048492432, 0.9452002048492432, 0.9452002048492432, 0.9452002048492432, 0.9452002048492432, 0.9452002048492432], "clip_L2": [20.259244918823242, 20.259244918823242, 20.259244918823242, 20.259244918823242, 20.259244918823242, 20.259244918823242, 20.259244918823242, 20.259244918823242, 20.259244918823242, 20.259244918823242], "dino_L2": [22.49282455444336, 22.49282455444336, 22.49282455444336, 22.49282455444336, 22.49282455444336, 22.49282455444336, 22.49282455444336, 22.49282455444336, 22.49282455444336, 22.49282455444336], "rcnn_confidence": [0.0, 0.0, 0.0, 0.0, 0.0, 0.0, 0.0, 0.0, 0.0, 0.0], "yolo_confidence": [0.0, 0.0, 0.0, 0.0, 0.0, 0.0, 0.0, 0.0, 0.0, 0.0]}