{"pixel_L2": [31332.41796875, 31053.75, 30059.845703125, 30579.4765625, 31629.26953125, 36352.2265625, 27607.4375, 28789.720703125, 30123.45703125, 28975.396484375], "pixel_cosine": [0.7719228267669678, 0.7754625678062439, 0.7909834384918213, 0.7759746313095093, 0.7718515396118164, 0.665345311164856, 0.8249266743659973, 0.805704653263092, 0.7830766439437866, 0.8015342950820923], "low_L2": [416.4270324707031, 481.50244140625, 466.0027160644531, 437.404541015625, 512.2978515625, 481.3804931640625, 449.4147644042969, 446.8373107910156, 451.2301940917969, 456.6246032714844], "low_cosine": [0.665918231010437, 0.5896813869476318, 0.621384859085083, 0.6349377632141113, 0.6105048656463623, 0.5322542786598206, 0.6201314330101013, 0.640618085861206, 0.6117271184921265, 0.5859270691871643], "mid_L2": [297.6249084472656, 312.82958984375, 329.2768859863281, 293.6031188964844, 329.481689453125, 341.5160827636719, 296.8801574707031, 315.4378356933594, 319.8551025390625, 312.360595703125], "mid_cosine": [0.5193984508514404, 0.48342418670654297, 0.4638843834400177, 0.525549054145813, 0.4582047760486603, 0.3664422035217285, 0.5231518149375916, 0.48645150661468506, 0.44253504276275635, 0.4623037278652191], "high_L2": [42.66188049316406, 49.56395721435547, 50.317928314208984, 47.860713958740234, 56.51120376586914, 56.02818298339844, 48.058475494384766, 56.86376953125, 55.48677444458008, 56.481101989746094], "high_cosine": [0.623244047164917, 0.537468433380127, 0.48562246561050415, 0.6149028539657593, 0.48525381088256836, 0.3953530788421631, 0.5601631999015808, 0.4051084518432617, 0.4496949315071106, 0.4105234444141388], "clip_cosine": [0.9984492659568787, 0.9981141090393066, 0.9984854459762573, 0.9985460638999939, 0.9981197714805603, 0.998548150062561, 0.9984717965126038, 0.9983475804328918, 0.9983881711959839, 0.9983759522438049], "dino_cosine": [0.9302682280540466, 0.9427645206451416, 0.9422723650932312, 0.9456154108047485, 0.9417880177497864, 0.9457133412361145, 0.9449151754379272, 0.936229944229126, 0.9364941120147705, 0.9381455183029175], "clip_L2": [14.164706230163574, 15.596318244934082, 14.328055381774902, 13.533817291259766, 15.276067733764648, 13.408390045166016, 14.196208953857422, 14.460587501525879, 14.626063346862793, 14.847371101379395], "dino_L2": [17.213029861450195, 16.56831169128418, 16.271726608276367, 15.90976619720459, 16.997844696044922, 16.407737731933594, 15.95131778717041, 16.825483322143555, 17.314035415649414, 17.722408294677734], "rcnn_confidence": [0.0, 0.0, 0.0, 0.0, 0.0, 0.0, 0.0, 0.0, 0.0, 0.0], "yolo_confidence": [0.0, 0.0, 0.0, 0.0, 0.0, 0.0, 0.0, 0.0, 0.0, 0.0]}