{"pixel_L2": [33981.47265625, 33748.58203125, 33874.3515625, 34107.55859375, 34002.55859375, 34190.53125, 34192.87109375, 34058.82421875, 34053.6484375, 34034.67578125], "pixel_cosine": [0.6362935900688171, 0.6460830569267273, 0.6397587656974792, 0.6381573677062988, 0.637633740901947, 0.6354139447212219, 0.6374388337135315, 0.6417019963264465, 0.6349851489067078, 0.6376166343688965], "low_L2": [535.2855834960938, 534.9222412109375, 533.8135375976562, 533.2684936523438, 533.5809936523438, 535.0774536132812, 534.7052612304688, 533.9613647460938, 538.2116088867188, 533.8098754882812], "low_cosine": [0.2901446223258972, 0.2939700484275818, 0.29723459482192993, 0.3028324246406555, 0.3013361096382141, 0.2914946973323822, 0.29306209087371826, 0.29794371128082275, 0.27318859100341797, 0.29654258489608765], "mid_L2": [338.67041015625, 338.8350524902344, 337.91217041015625, 337.4956970214844, 337.36260986328125, 353.278076171875, 336.9791564941406, 339.1523132324219, 347.9040222167969, 347.50128173828125], "mid_cosine": [0.22104141116142273, 0.2278369814157486, 0.2527921497821808, 0.23688648641109467, 0.23367103934288025, 0.20679372549057007, 0.24355053901672363, 0.23073038458824158, 0.21377377212047577, 0.2103448510169983], "high_L2": [77.15961456298828, 76.59968566894531, 76.77926635742188, 76.49855041503906, 77.26293182373047, 75.63642120361328, 75.27222442626953, 76.96102905273438, 77.34410095214844, 76.30625915527344], "high_cosine": [0.16480562090873718, 0.15487392246723175, 0.1669328361749649, 0.18738508224487305, 0.14789891242980957, 0.20321713387966156, 0.20688188076019287, 0.1827484369277954, 0.14715419709682465, 0.14817897975444794], "clip_cosine": [0.9931939244270325, 0.9929039478302002, 0.9928564429283142, 0.9929061532020569, 0.9929641485214233, 0.9933163523674011, 0.9928179383277893, 0.9927657842636108, 0.9930023550987244, 0.9928662776947021], "dino_cosine": [0.9302412271499634, 0.9315392374992371, 0.9272943735122681, 0.9292504191398621, 0.9371029138565063, 0.9211705923080444, 0.9331650733947754, 0.9333710670471191, 0.9208272099494934, 0.9339594841003418], "clip_L2": [20.150747299194336, 20.750690460205078, 20.776702880859375, 20.983821868896484, 20.793920516967773, 18.867660522460938, 20.921232223510742, 21.022216796875, 20.31182289123535, 20.262516021728516], "dino_L2": [20.9653263092041, 20.5124454498291, 20.66216468811035, 20.767070770263672, 20.400121688842773, 21.609338760375977, 20.7773494720459, 19.98883628845215, 20.82571029663086, 20.96401596069336], "rcnn_confidence": [0.0, 0.0, 0.0, 0.0, 0.0, 0.05233752354979515, 0.0, 0.0, 0.0, 0.0], "yolo_confidence": [0.0, 0.0, 0.0, 0.0, 0.0, 0.0, 0.0, 0.0, 0.0, 0.0]}