{"pixel_L2": [33476.57421875, 33058.7890625, 30172.486328125, 29608.705078125, 27494.53125, 30177.203125, 30967.58203125, 28819.60546875, 26965.794921875, 36490.58203125], "pixel_cosine": [0.747858464717865, 0.7493805289268494, 0.8245100975036621, 0.8112075924873352, 0.8333682417869568, 0.8013041019439697, 0.7749010324478149, 0.8130722045898438, 0.8390389084815979, 0.6898643374443054], "low_L2": [606.6686401367188, 655.7254638671875, 597.8338623046875, 485.8811340332031, 484.8333435058594, 597.0945434570312, 661.8037109375, 539.890380859375, 522.5371704101562, 552.4390258789062], "low_cosine": [0.5044822096824646, 0.510287880897522, 0.5354545712471008, 0.5892360210418701, 0.6217577457427979, 0.5789867639541626, 0.5085563659667969, 0.5817025899887085, 0.6146871447563171, 0.5104400515556335], "mid_L2": [365.2032165527344, 369.98236083984375, 334.3940734863281, 321.55029296875, 314.12652587890625, 364.3923645019531, 372.1507263183594, 339.4046936035156, 315.3416442871094, 342.50140380859375], "mid_cosine": [0.37000513076782227, 0.4023146331310272, 0.39805346727371216, 0.4059032201766968, 0.43798625469207764, 0.381686270236969, 0.3594403564929962, 0.3954222798347473, 0.4396253526210785, 0.3664436340332031], "high_L2": [61.045188903808594, 60.57558059692383, 54.04146194458008, 60.3514518737793, 57.3232421875, 55.749446868896484, 64.30243682861328, 64.34233856201172, 55.64493179321289, 63.288150787353516], "high_cosine": [0.44022440910339355, 0.42075803875923157, 0.5433238744735718, 0.4532393515110016, 0.48421186208724976, 0.5727508664131165, 0.4479387700557709, 0.4319928288459778, 0.5463931560516357, 0.37977516651153564], "clip_cosine": [0.9982733726501465, 0.9983289837837219, 0.9980448484420776, 0.9983422756195068, 0.9981421828269958, 0.9981777667999268, 0.9981828927993774, 0.9983466267585754, 0.9987324476242065, 0.9984265565872192], "dino_cosine": [0.9495730400085449, 0.9475346803665161, 0.9555601477622986, 0.9485785961151123, 0.94892817735672, 0.9646641612052917, 0.9533390998840332, 0.953003466129303, 0.9614964723587036, 0.9475696086883545], "clip_L2": [14.179149627685547, 14.46505069732666, 14.389892578125, 14.209723472595215, 14.760744094848633, 13.908403396606445, 15.105574607849121, 13.800122261047363, 12.097333908081055, 13.932123184204102], "dino_L2": [17.98980712890625, 17.77570343017578, 16.761686325073242, 18.320585250854492, 17.48960304260254, 16.469032287597656, 17.384523391723633, 16.7279109954834, 16.82694435119629, 18.100446701049805], "rcnn_confidence": [0.0, 0.0, 0.0, 0.0, 0.0, 0.18032146990299225, 0.0, 0.0, 0.0, 0.0], "yolo_confidence": [0.0, 0.0, 0.0, 0.0, 0.0, 0.0, 0.0, 0.0, 0.0, 0.0]}