{"pixel_L2": [21880.91796875, 24169.2734375, 26369.396484375, 26919.904296875, 24732.333984375, 26964.798828125, 24598.712890625, 23826.625, 29685.6640625, 21871.78515625], "pixel_cosine": [0.7935793995857239, 0.7939977645874023, 0.785129964351654, 0.7812535762786865, 0.7994175553321838, 0.7793208956718445, 0.7866824865341187, 0.8019347190856934, 0.7724548578262329, 0.7696819305419922], "low_L2": [310.2201232910156, 314.6518859863281, 323.54437255859375, 292.2137145996094, 324.91607666015625, 333.5823974609375, 330.10894775390625, 287.50970458984375, 362.8780212402344, 342.64825439453125], "low_cosine": [0.3751069903373718, 0.3483741879463196, 0.2812584638595581, 0.3293266296386719, 0.33947187662124634, 0.28945350646972656, 0.3752436935901642, 0.377660870552063, 0.3544754981994629, 0.4044578969478607], "mid_L2": [251.0692138671875, 251.98489379882812, 241.84002685546875, 233.9163818359375, 241.83534240722656, 247.82489013671875, 251.08535766601562, 239.13812255859375, 255.15753173828125, 283.4637756347656], "mid_cosine": [0.2794716954231262, 0.28973379731178284, 0.2826259732246399, 0.29409095644950867, 0.29323044419288635, 0.2836308479309082, 0.2945307493209839, 0.29356127977371216, 0.28388872742652893, 0.27527540922164917], "high_L2": [52.66085433959961, 53.5899658203125, 51.9371223449707, 52.974300384521484, 52.16489028930664, 52.641902923583984, 47.8277587890625, 49.66950607299805, 57.71785354614258, 54.32535934448242], "high_cosine": [0.3548174798488617, 0.3596225678920746, 0.3353767991065979, 0.37771692872047424, 0.36206352710723877, 0.3535626530647278, 0.4320002496242523, 0.3827979862689972, 0.33505651354789734, 0.37224918603897095], "clip_cosine": [0.9979570508003235, 0.9982593059539795, 0.9980930685997009, 0.9981982707977295, 0.998095691204071, 0.9982203245162964, 0.9981619119644165, 0.9980630874633789, 0.9980847835540771, 0.9980517625808716], "dino_cosine": [0.9710518717765808, 0.956315279006958, 0.9648329615592957, 0.958104133605957, 0.958587646484375, 0.9619280099868774, 0.9593839049339294, 0.9629188776016235, 0.96318519115448, 0.9657387733459473], "clip_L2": [15.171326637268066, 14.214741706848145, 15.693742752075195, 15.287530899047852, 15.160922050476074, 14.650656700134277, 14.781665802001953, 14.921024322509766, 15.080832481384277, 14.972579002380371], "dino_L2": [12.74309253692627, 15.414629936218262, 15.982464790344238, 16.587310791015625, 16.114032745361328, 16.286497116088867, 16.09834861755371, 14.910472869873047, 16.347867965698242, 14.046936988830566], "rcnn_confidence": [0.0, 0.0, 0.0, 0.0, 0.0, 0.0, 0.0, 0.0, 0.0, 0.0], "yolo_confidence": [0.0, 0.0, 0.0, 0.0, 0.0, 0.0, 0.0, 0.0, 0.0, 0.0]}