{"pixel_L2": [24595.294921875, 24219.24609375, 23619.21875, 23709.8515625, 23734.560546875, 23613.359375, 24005.462890625, 24445.521484375, 23512.81640625, 23761.13671875], "pixel_cosine": [0.7648894190788269, 0.7730520963668823, 0.7775082588195801, 0.7791640758514404, 0.7769344449043274, 0.7696394324302673, 0.7751488089561462, 0.772761344909668, 0.7743229866027832, 0.7751528024673462], "low_L2": [312.9595031738281, 305.7484130859375, 297.9692077636719, 299.17303466796875, 297.49151611328125, 306.6072998046875, 301.8601379394531, 302.791259765625, 300.9107666015625, 294.2994079589844], "low_cosine": [0.3343396782875061, 0.3294858932495117, 0.340631902217865, 0.33805379271507263, 0.34203335642814636, 0.33817213773727417, 0.3403558135032654, 0.3443790674209595, 0.33522850275039673, 0.34721508622169495], "mid_L2": [228.01502990722656, 230.20953369140625, 225.29994201660156, 220.2046661376953, 220.9111785888672, 226.4216766357422, 234.3578338623047, 223.1223602294922, 223.73797607421875, 222.34974670410156], "mid_cosine": [0.289296418428421, 0.28060048818588257, 0.28465336561203003, 0.29266220331192017, 0.2971931993961334, 0.28494685888290405, 0.27998197078704834, 0.2921353876590729, 0.28564101457595825, 0.297359824180603], "high_L2": [47.16844177246094, 47.49934387207031, 47.43277359008789, 45.110286712646484, 44.986724853515625, 46.6782341003418, 48.89311981201172, 47.48757553100586, 44.199371337890625, 48.088436126708984], "high_cosine": [0.5541292428970337, 0.5397742986679077, 0.5224140882492065, 0.5887342691421509, 0.559326171875, 0.5560715198516846, 0.5083121061325073, 0.5433937907218933, 0.6001539826393127, 0.5328137278556824], "clip_cosine": [0.9993896484375, 0.9994221925735474, 0.9993301630020142, 0.9994171261787415, 0.9994024038314819, 0.9993962049484253, 0.999331533908844, 0.9993977546691895, 0.9991670250892639, 0.9994639158248901], "dino_cosine": [0.9428520202636719, 0.9507967233657837, 0.9473897218704224, 0.9469587802886963, 0.9507365226745605, 0.946239709854126, 0.9434773325920105, 0.9470963478088379, 0.9495511054992676, 0.94399493932724], "clip_L2": [10.036547660827637, 9.829947471618652, 10.494133949279785, 9.859077453613281, 9.950897216796875, 10.015780448913574, 10.625787734985352, 9.999364852905273, 11.568426132202148, 9.547769546508789], "dino_L2": [16.07367515563965, 15.750494003295898, 16.32521629333496, 16.265941619873047, 15.51294994354248, 16.329334259033203, 16.424747467041016, 16.142969131469727, 15.819726943969727, 16.272619247436523], "rcnn_confidence": [0.13250204920768738, 0.0, 0.0, 0.14527179300785065, 0.0, 0.07071621716022491, 0.06146547570824623, 0.0, 0.10192316025495529, 0.2073971927165985], "yolo_confidence": [0.0, 0.0, 0.0, 0.0, 0.0, 0.0, 0.0, 0.0, 0.0, 0.0]}