{"pixel_L2": [33930.33203125, 34075.390625, 33591.09375, 34483.41015625, 33597.7734375, 34371.52734375, 33999.04296875, 34435.58984375, 34280.9375, 34748.8515625], "pixel_cosine": [0.5796905755996704, 0.5831475257873535, 0.5749350786209106, 0.5814006328582764, 0.5750554800033569, 0.5780467987060547, 0.5860910415649414, 0.5828911066055298, 0.5794111490249634, 0.5777206420898438], "low_L2": [620.299560546875, 619.1548461914062, 627.0729370117188, 623.48974609375, 618.3308715820312, 627.0655517578125, 623.5591430664062, 626.889892578125, 628.1740112304688, 626.708251953125], "low_cosine": [0.2837623953819275, 0.2879025340080261, 0.2751946449279785, 0.27923280000686646, 0.28324687480926514, 0.2811891436576843, 0.28420525789260864, 0.27457454800605774, 0.278462678194046, 0.27611106634140015], "mid_L2": [492.7073669433594, 492.2325744628906, 491.0584716796875, 490.5376281738281, 486.7517395019531, 491.6533508300781, 484.9304504394531, 496.85357666015625, 496.7077331542969, 489.7157897949219], "mid_cosine": [0.1901445984840393, 0.18346059322357178, 0.18799692392349243, 0.18666452169418335, 0.18819770216941833, 0.18936333060264587, 0.1970544010400772, 0.1827353835105896, 0.18208497762680054, 0.18770650029182434], "high_L2": [74.18670654296875, 69.38329315185547, 69.90729522705078, 73.57255554199219, 71.67101287841797, 70.34461212158203, 73.09198760986328, 68.96288299560547, 78.32262420654297, 69.69860076904297], "high_cosine": [0.20006410777568817, 0.2240971028804779, 0.21327205002307892, 0.19189079105854034, 0.19892066717147827, 0.22424697875976562, 0.19193688035011292, 0.2642625570297241, 0.15858007967472076, 0.24074870347976685], "clip_cosine": [0.9976860284805298, 0.997896671295166, 0.9977965354919434, 0.9976268410682678, 0.9977038502693176, 0.9979603886604309, 0.9978652596473694, 0.9976820945739746, 0.9976704716682434, 0.9976743459701538], "dino_cosine": [0.9455514550209045, 0.9490436315536499, 0.9442560076713562, 0.9576273560523987, 0.9579387903213501, 0.9540045261383057, 0.953647255897522, 0.9451807141304016, 0.9583804607391357, 0.9538593292236328], "clip_L2": [16.55491065979004, 15.846969604492188, 16.021940231323242, 16.527833938598633, 16.354244232177734, 15.530242919921875, 15.629592895507812, 16.437986373901367, 16.486705780029297, 16.578937530517578], "dino_L2": [18.783599853515625, 18.109895706176758, 18.770849227905273, 18.910612106323242, 17.934539794921875, 18.61914825439453, 18.09084129333496, 19.136211395263672, 18.753137588500977, 19.193954467773438], "rcnn_confidence": [0.0, 0.0, 0.05188321694731712, 0.17028389871120453, 0.10629240423440933, 0.07565569132566452, 0.15446951985359192, 0.0852167084813118, 0.05766253545880318, 0.0], "yolo_confidence": [0.0, 0.0, 0.0, 0.0, 0.0, 0.0, 0.0, 0.0, 0.0, 0.0]}