{"pixel_L2": [48006.296875, 48006.296875, 48006.296875, 48006.296875, 48006.296875, 48006.296875, 48006.296875, 48006.296875, 48006.296875, 48006.296875], "pixel_cosine": [0.0, 0.0, 0.0, 0.0, 0.0, 0.0, 0.0, 0.0, 0.0, 0.0], "low_L2": [307.2863464355469, 307.2863464355469, 307.2863464355469, 307.2863464355469, 307.2863464355469, 307.2863464355469, 307.2863464355469, 307.2863464355469, 307.2863464355469, 307.2863464355469], "low_cosine": [0.171503484249115, 0.171503484249115, 0.171503484249115, 0.171503484249115, 0.171503484249115, 0.171503484249115, 0.171503484249115, 0.171503484249115, 0.171503484249115, 0.171503484249115], "mid_L2": [240.4246368408203, 240.4246368408203, 240.4246368408203, 240.4246368408203, 240.4246368408203, 240.4246368408203, 240.4246368408203, 240.4246368408203, 240.4246368408203, 240.4246368408203], "mid_cosine": [0.1621503382921219, 0.1621503382921219, 0.1621503382921219, 0.1621503382921219, 0.1621503382921219, 0.1621503382921219, 0.1621503382921219, 0.1621503382921219, 0.1621503382921219, 0.1621503382921219], "high_L2": [70.88439178466797, 70.88439178466797, 70.88439178466797, 70.88439178466797, 70.88439178466797, 70.88439178466797, 70.88439178466797, 70.88439178466797, 70.88439178466797, 70.88439178466797], "high_cosine": [0.07003669440746307, 0.07003669440746307, 0.07003669440746307, 0.07003669440746307, 0.07003669440746307, 0.07003669440746307, 0.07003669440746307, 0.07003669440746307, 0.07003669440746307, 0.07003669440746307], "clip_cosine": [0.9972213506698608, 0.9972213506698608, 0.9972213506698608, 0.9972213506698608, 0.9972213506698608, 0.9972213506698608, 0.9972213506698608, 0.9972213506698608, 0.9972213506698608, 0.9972213506698608], "dino_cosine": [0.9484261870384216, 0.9484261870384216, 0.9484261870384216, 0.9484261870384216, 0.9484261870384216, 0.9484261870384216, 0.9484261870384216, 0.9484261870384216, 0.9484261870384216, 0.9484261870384216], "clip_L2": [18.669416427612305, 18.669416427612305, 18.669416427612305, 18.669416427612305, 18.669416427612305, 18.669416427612305, 18.669416427612305, 18.669416427612305, 18.669416427612305, 18.669416427612305], "dino_L2": [21.961774826049805, 21.961774826049805, 21.961774826049805, 21.961774826049805, 21.961774826049805, 21.961774826049805, 21.961774826049805, 21.961774826049805, 21.961774826049805, 21.961774826049805], "rcnn_confidence": [0.0, 0.0, 0.0, 0.0, 0.0, 0.0, 0.0, 0.0, 0.0, 0.0], "yolo_confidence": [0.0, 0.0, 0.0, 0.0, 0.0, 0.0, 0.0, 0.0, 0.0, 0.0]}