{"pixel_L2": [23417.462890625, 22186.0234375, 29940.236328125, 24197.583984375, 22372.33203125, 22953.248046875, 23962.79296875, 29958.1796875, 23206.763671875, 25702.666015625], "pixel_cosine": [0.683847963809967, 0.6796764731407166, 0.5889437794685364, 0.6338250041007996, 0.6401048898696899, 0.6097922325134277, 0.6857776641845703, 0.5643123984336853, 0.6591050028800964, 0.6493774056434631], "low_L2": [696.59814453125, 669.73681640625, 719.2821044921875, 689.5946044921875, 670.96337890625, 658.119873046875, 662.3660888671875, 729.5698852539062, 671.2930908203125, 679.9496459960938], "low_cosine": [0.4209098219871521, 0.4338124990463257, 0.39814847707748413, 0.39503490924835205, 0.4260927438735962, 0.4149177670478821, 0.44097456336021423, 0.3992789685726166, 0.4611159563064575, 0.4178234934806824], "mid_L2": [442.6025085449219, 418.0780944824219, 432.5933837890625, 429.54949951171875, 418.5406494140625, 419.1798095703125, 416.9326477050781, 451.18365478515625, 421.34442138671875, 425.1024475097656], "mid_cosine": [0.25359445810317993, 0.2859550714492798, 0.25737738609313965, 0.2492130696773529, 0.24965795874595642, 0.25703930854797363, 0.2714639902114868, 0.2801692485809326, 0.27402085065841675, 0.2727873921394348], "high_L2": [76.36027526855469, 76.71314239501953, 88.28728485107422, 83.07595825195312, 80.48515319824219, 75.36578369140625, 80.67881774902344, 79.57697296142578, 73.9747543334961, 81.53120422363281], "high_cosine": [0.36503922939300537, 0.33371320366859436, 0.19939061999320984, 0.24219471216201782, 0.2711975574493408, 0.37135636806488037, 0.3180507719516754, 0.32916948199272156, 0.3834228515625, 0.29566019773483276], "clip_cosine": [0.9975742101669312, 0.9973970055580139, 0.9971413612365723, 0.9975544810295105, 0.9977132081985474, 0.9978812336921692, 0.9972642660140991, 0.9971288442611694, 0.9972273707389832, 0.9978078603744507], "dino_cosine": [0.9652489423751831, 0.9551721215248108, 0.9614614844322205, 0.956615149974823, 0.9561885595321655, 0.9637957811355591, 0.9518684148788452, 0.9561308026313782, 0.9545643925666809, 0.9535941481590271], "clip_L2": [15.59164810180664, 15.87906551361084, 16.715349197387695, 15.783188819885254, 14.707453727722168, 14.333694458007812, 15.955873489379883, 16.6448974609375, 16.45069694519043, 14.975790023803711], "dino_L2": [18.543344497680664, 19.147790908813477, 19.753925323486328, 19.362051010131836, 17.829280853271484, 17.373987197875977, 18.202199935913086, 19.696420669555664, 19.28055191040039, 18.773208618164062], "rcnn_confidence": [0.0, 0.0, 0.0, 0.2027900069952011, 0.0, 0.08525025099515915, 0.0, 0.22263993322849274, 0.07808909565210342, 0.0], "yolo_confidence": [0.0, 0.0, 0.0, 0.0, 0.0, 0.0, 0.0, 0.0, 0.0, 0.30703917145729065]}