{"pixel_L2": [36808.1171875, 36752.19921875, 37126.14453125, 36984.16796875, 36803.71875, 36618.1171875, 36578.62109375, 37567.26953125, 37183.984375, 37413.99609375], "pixel_cosine": [0.6112204790115356, 0.6147350668907166, 0.611782968044281, 0.6087266206741333, 0.6134364604949951, 0.618209719657898, 0.6199120283126831, 0.5981252193450928, 0.6078091859817505, 0.5950678586959839], "low_L2": [651.8668823242188, 654.2332153320312, 637.9222412109375, 637.3448486328125, 656.2538452148438, 643.9791870117188, 656.1912231445312, 645.1253051757812, 654.1046752929688, 639.9197387695312], "low_cosine": [0.398668110370636, 0.40407317876815796, 0.4394376277923584, 0.4318878948688507, 0.3908768892288208, 0.42100071907043457, 0.39680737257003784, 0.41946738958358765, 0.4062562882900238, 0.43549036979675293], "mid_L2": [406.62945556640625, 411.601318359375, 406.2403564453125, 402.224853515625, 406.3531188964844, 408.0926513671875, 406.77813720703125, 406.4341125488281, 417.931884765625, 409.8047180175781], "mid_cosine": [0.2098909318447113, 0.20703545212745667, 0.239464670419693, 0.23771868646144867, 0.2132532298564911, 0.22874197363853455, 0.2174490988254547, 0.23067039251327515, 0.20340293645858765, 0.22433102130889893], "high_L2": [58.31421661376953, 59.814815521240234, 55.80648422241211, 62.10297393798828, 59.6346435546875, 57.31298828125, 56.46268844604492, 55.360687255859375, 60.77254867553711, 57.85855484008789], "high_cosine": [0.3942332863807678, 0.3533097505569458, 0.42384597659111023, 0.36773866415023804, 0.3839948773384094, 0.3944363296031952, 0.4093893766403198, 0.4256064295768738, 0.38991665840148926, 0.4073793888092041], "clip_cosine": [0.9962788820266724, 0.9962863922119141, 0.9962804317474365, 0.9959944486618042, 0.9962999224662781, 0.9961978197097778, 0.9963496327400208, 0.9961556792259216, 0.996256947517395, 0.9961699843406677], "dino_cosine": [0.9428071975708008, 0.9472122192382812, 0.9464277625083923, 0.9375030398368835, 0.9315353631973267, 0.9348199367523193, 0.9414688348770142, 0.9358586072921753, 0.9302797317504883, 0.9345046877861023], "clip_L2": [15.222487449645996, 14.754474639892578, 15.06152057647705, 15.73381519317627, 14.930268287658691, 14.973210334777832, 15.103204727172852, 15.157182693481445, 15.377293586730957, 15.472874641418457], "dino_L2": [18.197301864624023, 18.987964630126953, 18.453462600708008, 19.656755447387695, 19.581966400146484, 18.495960235595703, 19.33103370666504, 19.014028549194336, 19.14863395690918, 19.198020935058594], "rcnn_confidence": [0.057512491941452026, 0.0, 0.09998343884944916, 0.0, 0.0, 0.0, 0.0, 0.0, 0.0, 0.0], "yolo_confidence": [0.0, 0.0, 0.0, 0.0, 0.0, 0.0, 0.0, 0.0, 0.0, 0.0]}