{"pixel_L2": [21321.236328125, 20802.73828125, 22299.66015625, 19775.115234375, 20700.255859375, 22302.68359375, 19889.775390625, 21923.87890625, 22210.3359375, 19330.689453125], "pixel_cosine": [0.9073443412780762, 0.9183584451675415, 0.9175369143486023, 0.9194798469543457, 0.9157816171646118, 0.9031883478164673, 0.9190380573272705, 0.91765958070755, 0.9000492691993713, 0.9204544425010681], "low_L2": [188.75759887695312, 181.8417205810547, 186.47987365722656, 177.35720825195312, 183.1045379638672, 183.54295349121094, 177.6440887451172, 184.5512237548828, 190.09124755859375, 175.7359161376953], "low_cosine": [0.34651848673820496, 0.35657644271850586, 0.35462647676467896, 0.3457634449005127, 0.34751176834106445, 0.33518123626708984, 0.37963661551475525, 0.35888147354125977, 0.3416607081890106, 0.36869338154792786], "mid_L2": [217.95529174804688, 211.39520263671875, 211.454345703125, 207.13450622558594, 215.10752868652344, 213.34503173828125, 208.93711853027344, 216.1641845703125, 215.16355895996094, 207.1382598876953], "mid_cosine": [0.300301730632782, 0.3106740713119507, 0.30626022815704346, 0.30342718958854675, 0.3101424276828766, 0.2997854948043823, 0.3319629728794098, 0.28729739785194397, 0.3083617091178894, 0.30389541387557983], "high_L2": [51.90717315673828, 52.24650573730469, 53.43254470825195, 56.17582321166992, 50.62900924682617, 53.274375915527344, 49.57493591308594, 52.91627502441406, 52.668636322021484, 54.177425384521484], "high_cosine": [0.4155574142932892, 0.40021732449531555, 0.41271886229515076, 0.33115679025650024, 0.459056556224823, 0.3900633454322815, 0.4566205143928528, 0.40871596336364746, 0.4169882535934448, 0.3624913990497589], "clip_cosine": [0.9993476867675781, 0.9992327094078064, 0.9993882775306702, 0.9989979863166809, 0.9988943934440613, 0.999183714389801, 0.9993621706962585, 0.9992383718490601, 0.9992097020149231, 0.9990217685699463], "dino_cosine": [0.9517862796783447, 0.9450793862342834, 0.9381773471832275, 0.9398385286331177, 0.9424227476119995, 0.949812114238739, 0.9436405897140503, 0.9403752684593201, 0.9486585855484009, 0.9326066374778748], "clip_L2": [10.62869930267334, 11.70560359954834, 10.534285545349121, 12.80367660522461, 13.436056137084961, 12.049768447875977, 10.654095649719238, 11.545654296875, 11.588281631469727, 12.757356643676758], "dino_L2": [16.83496856689453, 17.852073669433594, 16.971050262451172, 17.203601837158203, 16.41712760925293, 18.05946922302246, 16.634122848510742, 16.981121063232422, 17.16756248474121, 17.8201904296875], "rcnn_confidence": [0.0, 0.0, 0.0, 0.0, 0.0, 0.0, 0.0, 0.0, 0.0, 0.0], "yolo_confidence": [0.0, 0.0, 0.0, 0.0, 0.0, 0.0, 0.0, 0.0, 0.0, 0.0]}