{"pixel_L2": [32905.62109375, 32758.666015625, 32992.109375, 32805.0, 32801.3828125, 32886.96875, 32964.65625, 32873.6796875, 32755.94140625, 32995.7265625], "pixel_cosine": [0.6041712164878845, 0.6083141565322876, 0.6040822267532349, 0.6079061031341553, 0.6071966290473938, 0.6088452339172363, 0.6012145280838013, 0.6044043302536011, 0.6095180511474609, 0.6034489274024963], "low_L2": [232.1513671875, 221.0942840576172, 228.03216552734375, 233.17318725585938, 222.95591735839844, 226.12686157226562, 242.45823669433594, 223.71351623535156, 221.54547119140625, 226.26499938964844], "low_cosine": [0.2668396830558777, 0.27729088068008423, 0.27305570244789124, 0.26610109210014343, 0.262728214263916, 0.2603760361671448, 0.26122790575027466, 0.2728668451309204, 0.2738899290561676, 0.26526641845703125], "mid_L2": [252.6735076904297, 244.76345825195312, 253.99388122558594, 251.24484252929688, 240.8944091796875, 244.41432189941406, 254.14691162109375, 242.20745849609375, 244.8607635498047, 248.09361267089844], "mid_cosine": [0.22380954027175903, 0.22785578668117523, 0.19996985793113708, 0.23654520511627197, 0.2183588743209839, 0.21989905834197998, 0.22765587270259857, 0.24389635026454926, 0.21977132558822632, 0.2092704325914383], "high_L2": [60.679664611816406, 60.397483825683594, 60.57121658325195, 61.338890075683594, 61.78517150878906, 60.194541931152344, 59.41570281982422, 59.80630874633789, 58.44280242919922, 59.200592041015625], "high_cosine": [0.13246911764144897, 0.13983191549777985, 0.1305737942457199, 0.14197896420955658, 0.09830684214830399, 0.12236641347408295, 0.14201679825782776, 0.1416822075843811, 0.15592429041862488, 0.15072402358055115], "clip_cosine": [0.9966400265693665, 0.9964995384216309, 0.9966646432876587, 0.996497631072998, 0.9965513944625854, 0.9966492056846619, 0.9971362352371216, 0.996529757976532, 0.9965320229530334, 0.9969366788864136], "dino_cosine": [0.9476650357246399, 0.9310364723205566, 0.9397209286689758, 0.9376696944236755, 0.9404588937759399, 0.9315495491027832, 0.9364023208618164, 0.9310093522071838, 0.9387376308441162, 0.9352724552154541], "clip_L2": [18.148603439331055, 18.397756576538086, 18.295154571533203, 18.67513084411621, 19.0813045501709, 18.87338638305664, 17.06037712097168, 19.297462463378906, 18.842567443847656, 17.67415428161621], "dino_L2": [17.831363677978516, 19.88943862915039, 18.232542037963867, 18.70675277709961, 18.941896438598633, 20.413108825683594, 18.646656036376953, 20.080188751220703, 19.35076141357422, 18.77045440673828], "rcnn_confidence": [0.0, 0.0, 0.0, 0.0, 0.0, 0.0, 0.08137308061122894, 0.0, 0.0, 0.0], "yolo_confidence": [0.0, 0.0, 0.0, 0.0, 0.0, 0.0, 0.0, 0.0, 0.0, 0.0]}