{"pixel_L2": [60584.1640625, 60988.77734375, 60389.44140625, 61216.64453125, 61189.46484375, 60727.5078125, 61265.05078125, 61202.046875, 60908.89453125, 61013.4453125], "pixel_cosine": [0.22791624069213867, 0.18987222015857697, 0.21870122849941254, 0.16998350620269775, 0.15464726090431213, 0.20931723713874817, 0.13982358574867249, 0.15284845232963562, 0.21625755727291107, 0.17219071090221405], "low_L2": [320.2600402832031, 322.2085876464844, 342.79022216796875, 366.5318603515625, 326.93341064453125, 328.7309875488281, 323.3382873535156, 330.5595397949219, 327.6808166503906, 320.8251037597656], "low_cosine": [0.20099154114723206, 0.19656115770339966, 0.21238747239112854, 0.20254521071910858, 0.19509591162204742, 0.21249327063560486, 0.20133166015148163, 0.1887088418006897, 0.2010745406150818, 0.2028181403875351], "mid_L2": [299.6178894042969, 299.2091369628906, 304.6430969238281, 304.5943908691406, 299.3590393066406, 300.4800720214844, 297.65325927734375, 300.3179931640625, 298.434814453125, 297.3255920410156], "mid_cosine": [0.18252621591091156, 0.18088439106941223, 0.1713445484638214, 0.17655768990516663, 0.19161149859428406, 0.1903354376554489, 0.20442160964012146, 0.1788499802350998, 0.19223472476005554, 0.19656899571418762], "high_L2": [55.19473648071289, 54.899940490722656, 57.455142974853516, 55.6590461730957, 55.624244689941406, 55.484825134277344, 53.39748764038086, 55.01222610473633, 56.1216926574707, 54.3870964050293], "high_cosine": [0.04749070852994919, 0.05069670081138611, 0.0315852090716362, 0.05064162611961365, 0.04355882108211517, 0.046897709369659424, 0.09022104740142822, 0.049676135182380676, 0.041846130043268204, 0.0599907711148262], "clip_cosine": [0.9990510940551758, 0.9990752935409546, 0.9989448189735413, 0.999049186706543, 0.9990174174308777, 0.99884033203125, 0.9989907145500183, 0.9989867210388184, 0.9990249276161194, 0.9989746809005737], "dino_cosine": [0.9454858899116516, 0.951208770275116, 0.9552550911903381, 0.9463948011398315, 0.9479241371154785, 0.9427506327629089, 0.9486722350120544, 0.9470436573028564, 0.9494699835777283, 0.9394057989120483], "clip_L2": [13.37482738494873, 13.13969898223877, 13.662914276123047, 13.323537826538086, 13.376640319824219, 14.61278247833252, 13.4738130569458, 13.469740867614746, 13.327571868896484, 13.919468879699707], "dino_L2": [19.637941360473633, 18.894521713256836, 18.8480224609375, 19.197895050048828, 19.230106353759766, 19.30296516418457, 18.968626022338867, 19.261526107788086, 19.44621467590332, 19.4354305267334], "rcnn_confidence": [0.0, 0.0, 0.0, 0.0, 0.0, 0.0, 0.0, 0.0, 0.0, 0.0], "yolo_confidence": [0.0, 0.0, 0.0, 0.0, 0.0, 0.0, 0.0, 0.0, 0.0, 0.0]}