{"pixel_L2": [33614.3828125, 33614.3828125, 33614.3828125, 33614.3828125, 33614.3828125, 33614.3828125, 33614.3828125, 33614.3828125, 33614.3828125, 33614.3828125], "pixel_cosine": [0.0, 0.0, 0.0, 0.0, 0.0, 0.0, 0.0, 0.0, 0.0, 0.0], "low_L2": [237.29095458984375, 237.29095458984375, 237.29095458984375, 237.29095458984375, 237.29095458984375, 237.29095458984375, 237.29095458984375, 237.29095458984375, 237.29095458984375, 237.29095458984375], "low_cosine": [0.4308517277240753, 0.4308517277240753, 0.4308517277240753, 0.4308517277240753, 0.4308517277240753, 0.4308517277240753, 0.4308517277240753, 0.4308517277240753, 0.4308517277240753, 0.4308517277240753], "mid_L2": [169.3792266845703, 169.3792266845703, 169.3792266845703, 169.3792266845703, 169.3792266845703, 169.3792266845703, 169.3792266845703, 169.3792266845703, 169.3792266845703, 169.3792266845703], "mid_cosine": [0.3753209710121155, 0.3753209710121155, 0.3753209710121155, 0.3753209710121155, 0.3753209710121155, 0.3753209710121155, 0.3753209710121155, 0.3753209710121155, 0.3753209710121155, 0.3753209710121155], "high_L2": [51.1412467956543, 51.1412467956543, 51.1412467956543, 51.1412467956543, 51.1412467956543, 51.1412467956543, 51.1412467956543, 51.1412467956543, 51.1412467956543, 51.1412467956543], "high_cosine": [0.25580069422721863, 0.25580069422721863, 0.25580069422721863, 0.25580069422721863, 0.25580069422721863, 0.25580069422721863, 0.25580069422721863, 0.25580069422721863, 0.25580069422721863, 0.25580069422721863], "clip_cosine": [0.9985190629959106, 0.9985190629959106, 0.9985190629959106, 0.9985190629959106, 0.9985190629959106, 0.9985190629959106, 0.9985190629959106, 0.9985190629959106, 0.9985190629959106, 0.9985190629959106], "dino_cosine": [0.9562433958053589, 0.9562433958053589, 0.9562433958053589, 0.9562433958053589, 0.9562433958053589, 0.9562433958053589, 0.9562433958053589, 0.9562433958053589, 0.9562433958053589, 0.9562433958053589], "clip_L2": [15.377755165100098, 15.377755165100098, 15.377755165100098, 15.377755165100098, 15.377755165100098, 15.377755165100098, 15.377755165100098, 15.377755165100098, 15.377755165100098, 15.377755165100098], "dino_L2": [21.627975463867188, 21.627975463867188, 21.627975463867188, 21.627975463867188, 21.627975463867188, 21.627975463867188, 21.627975463867188, 21.627975463867188, 21.627975463867188, 21.627975463867188], "rcnn_confidence": [0.0, 0.0, 0.0, 0.0, 0.0, 0.0, 0.0, 0.0, 0.0, 0.0], "yolo_confidence": [0.0, 0.0, 0.0, 0.0, 0.0, 0.0, 0.0, 0.0, 0.0, 0.0]}