{"pixel_L2": [59929.73828125, 59976.0078125, 59963.6796875, 60084.078125, 60008.09375, 60054.7421875, 60008.8359375, 59883.8125, 60047.78515625, 60048.546875], "pixel_cosine": [0.47068139910697937, 0.46852755546569824, 0.4708123207092285, 0.46343615651130676, 0.46607542037963867, 0.4672563076019287, 0.46986693143844604, 0.4719597101211548, 0.46738046407699585, 0.46804389357566833], "low_L2": [503.50390625, 504.5650634765625, 501.79339599609375, 503.4000549316406, 506.2108459472656, 503.58935546875, 505.1628112792969, 503.2161865234375, 501.9344482421875, 500.88995361328125], "low_cosine": [0.21232454478740692, 0.21143382787704468, 0.2169828712940216, 0.21921300888061523, 0.2115822732448578, 0.2171933650970459, 0.2177131175994873, 0.21254023909568787, 0.21978387236595154, 0.21530982851982117], "mid_L2": [356.8006286621094, 354.78375244140625, 355.01397705078125, 356.4482116699219, 356.0567932128906, 356.676025390625, 353.0904541015625, 352.42877197265625, 353.9659118652344, 355.6109619140625], "mid_cosine": [0.20837149024009705, 0.20747330784797668, 0.20771701633930206, 0.20910538733005524, 0.21014708280563354, 0.21039721369743347, 0.21267355978488922, 0.2137557566165924, 0.20750990509986877, 0.20562711358070374], "high_L2": [69.94793701171875, 70.50148010253906, 69.54747009277344, 68.94309997558594, 70.99961853027344, 69.8169174194336, 69.34136199951172, 68.8991470336914, 69.03669738769531, 68.62053680419922], "high_cosine": [0.1824556291103363, 0.1644446849822998, 0.18347787857055664, 0.19355468451976776, 0.1661476045846939, 0.17884421348571777, 0.18891099095344543, 0.1970747858285904, 0.1848141998052597, 0.1984039694070816], "clip_cosine": [0.9973222613334656, 0.9979500770568848, 0.9977450966835022, 0.9978394508361816, 0.9976798892021179, 0.9971113204956055, 0.9970710873603821, 0.9977144002914429, 0.9975852370262146, 0.9971591234207153], "dino_cosine": [0.9264408349990845, 0.9231917858123779, 0.9243123531341553, 0.9186761379241943, 0.9212022423744202, 0.9238712787628174, 0.9187189936637878, 0.9165127873420715, 0.9217333197593689, 0.9287317991256714], "clip_L2": [17.563064575195312, 16.10744857788086, 16.50248908996582, 16.097007751464844, 16.643810272216797, 19.29193687438965, 18.76718521118164, 16.550275802612305, 16.51576042175293, 18.920799255371094], "dino_L2": [17.946870803833008, 18.294654846191406, 17.981473922729492, 18.54444694519043, 18.553077697753906, 18.3006534576416, 18.5189266204834, 18.7099609375, 18.297321319580078, 17.95459747314453], "rcnn_confidence": [0.0, 0.0, 0.0, 0.0, 0.0, 0.0, 0.0, 0.0, 0.0, 0.0], "yolo_confidence": [0.0, 0.0, 0.0, 0.0, 0.0, 0.0, 0.0, 0.0, 0.0, 0.0]}