{"pixel_L2": [36470.796875, 36647.67578125, 36258.140625, 36528.609375, 35997.953125, 36201.05078125, 36506.0390625, 37314.72265625, 36588.70703125, 36112.046875], "pixel_cosine": [0.7843770980834961, 0.7815287113189697, 0.7872233986854553, 0.7829850912094116, 0.790045440196991, 0.7875221967697144, 0.7859265804290771, 0.7745004296302795, 0.7821273803710938, 0.7910131216049194], "low_L2": [397.1539611816406, 389.55084228515625, 394.9288330078125, 394.0226745605469, 386.1656188964844, 395.9691162109375, 391.32440185546875, 393.84295654296875, 395.1795349121094, 390.3923645019531], "low_cosine": [0.32758596539497375, 0.33384498953819275, 0.28456825017929077, 0.2862788438796997, 0.3532907962799072, 0.3018046021461487, 0.33849480748176575, 0.30939364433288574, 0.28868991136550903, 0.32644742727279663], "mid_L2": [367.31964111328125, 365.3209533691406, 356.58331298828125, 351.83270263671875, 357.3919677734375, 364.017578125, 355.1137390136719, 358.99078369140625, 351.26422119140625, 365.919921875], "mid_cosine": [0.1975330263376236, 0.21258431673049927, 0.19619297981262207, 0.21017201244831085, 0.23601099848747253, 0.2189653515815735, 0.2218388319015503, 0.2029915750026703, 0.22502535581588745, 0.21131323277950287], "high_L2": [65.56169128417969, 65.75376892089844, 65.65446472167969, 65.48585510253906, 62.138545989990234, 66.53185272216797, 66.85116577148438, 66.0811538696289, 64.87097930908203, 65.3232650756836], "high_cosine": [0.2205018848180771, 0.27912193536758423, 0.18454395234584808, 0.18794947862625122, 0.2825039029121399, 0.26776474714279175, 0.17917805910110474, 0.20570403337478638, 0.21059918403625488, 0.1897701770067215], "clip_cosine": [0.9989821910858154, 0.9988826513290405, 0.998938798904419, 0.9988420009613037, 0.9991450309753418, 0.9988322854042053, 0.9983998537063599, 0.9989473223686218, 0.9988028407096863, 0.9983919262886047], "dino_cosine": [0.9444718360900879, 0.9172363877296448, 0.9294345378875732, 0.9269688129425049, 0.9451274871826172, 0.9488427042961121, 0.929909348487854, 0.9373829364776611, 0.9367393851280212, 0.942505419254303], "clip_L2": [11.606106758117676, 12.16675853729248, 12.34839916229248, 12.570798873901367, 10.422506332397461, 12.366019248962402, 14.15427017211914, 11.503421783447266, 12.670404434204102, 15.089203834533691], "dino_L2": [18.518125534057617, 18.57405662536621, 19.279869079589844, 19.13789939880371, 18.08903694152832, 17.7470645904541, 19.718767166137695, 18.477506637573242, 19.16791343688965, 18.655014038085938], "rcnn_confidence": [0.0, 0.0, 0.0, 0.0, 0.0, 0.0, 0.0, 0.0, 0.0, 0.0], "yolo_confidence": [0.0, 0.0, 0.0, 0.0, 0.0, 0.0, 0.0, 0.0, 0.0, 0.0]}