{"pixel_L2": [40402.234375, 42056.12109375, 40951.2421875, 40553.26953125, 40013.57421875, 38593.23046875, 38975.390625, 41154.65234375, 41154.515625, 40620.35546875], "pixel_cosine": [0.6490556001663208, 0.603413462638855, 0.6239371299743652, 0.6460168361663818, 0.6552904844284058, 0.6787711381912231, 0.6709949970245361, 0.6294274926185608, 0.6298235654830933, 0.6443767547607422], "low_L2": [527.4261474609375, 529.1342163085938, 540.4219970703125, 519.7586669921875, 551.0880737304688, 533.0737915039062, 569.1823120117188, 520.9622802734375, 534.0114135742188, 532.8153076171875], "low_cosine": [0.45204687118530273, 0.4409675896167755, 0.42433881759643555, 0.4607540965080261, 0.42418813705444336, 0.4406232237815857, 0.40987011790275574, 0.4629547894001007, 0.4510394334793091, 0.4426320791244507], "mid_L2": [449.26885986328125, 437.6019592285156, 457.515380859375, 441.92010498046875, 473.3332824707031, 450.6661071777344, 455.74237060546875, 448.4127502441406, 442.80950927734375, 449.7276916503906], "mid_cosine": [0.1875665783882141, 0.18634909391403198, 0.1735069751739502, 0.17998312413692474, 0.16643758118152618, 0.1830921769142151, 0.17701640725135803, 0.18955200910568237, 0.17915979027748108, 0.16581487655639648], "high_L2": [76.28460693359375, 79.4691162109375, 76.09461212158203, 77.5178451538086, 77.56980895996094, 73.01905059814453, 81.08116912841797, 80.22616577148438, 79.04563903808594, 76.1219711303711], "high_cosine": [0.22235752642154694, 0.16664862632751465, 0.2022542655467987, 0.18791063129901886, 0.20896029472351074, 0.25178709626197815, 0.15556681156158447, 0.18250779807567596, 0.19094283878803253, 0.22469240427017212], "clip_cosine": [0.9976369142532349, 0.997130811214447, 0.9974478483200073, 0.9967488050460815, 0.996953010559082, 0.9973225593566895, 0.9968966841697693, 0.9972261786460876, 0.9970162510871887, 0.9973248243331909], "dino_cosine": [0.9468762874603271, 0.943351686000824, 0.9346256256103516, 0.947392463684082, 0.9454615712165833, 0.9458238482475281, 0.9494972825050354, 0.9459903240203857, 0.9439514875411987, 0.9458923935890198], "clip_L2": [13.734914779663086, 15.481529235839844, 14.674497604370117, 16.607471466064453, 15.648542404174805, 15.282214164733887, 16.839731216430664, 15.580621719360352, 15.9990873336792, 14.891457557678223], "dino_L2": [16.275354385375977, 17.13400650024414, 18.63361930847168, 17.236839294433594, 17.124452590942383, 16.485321044921875, 16.870052337646484, 17.39386749267578, 17.63033676147461, 16.481027603149414], "rcnn_confidence": [0.18598681688308716, 0.0, 0.0, 0.0, 0.0, 0.0, 0.05840979516506195, 0.0, 0.0, 0.3545803725719452], "yolo_confidence": [0.0, 0.0, 0.0, 0.0, 0.0, 0.0, 0.0, 0.0, 0.0, 0.0]}