{"pixel_L2": [20943.001953125, 20664.123046875, 21111.482421875, 25516.876953125, 22235.978515625, 20443.955078125, 22612.1484375, 25351.806640625, 29672.294921875, 24820.783203125], "pixel_cosine": [0.5108846426010132, 0.5235408544540405, 0.5337389707565308, 0.5112878680229187, 0.5232307314872742, 0.6056766510009766, 0.536502480506897, 0.5887295007705688, 0.48844677209854126, 0.5231406092643738], "low_L2": [295.28790283203125, 303.2713317871094, 313.4497375488281, 476.2825622558594, 319.46533203125, 311.2590637207031, 338.3584289550781, 321.288818359375, 368.9024658203125, 331.61627197265625], "low_cosine": [0.563444197177887, 0.5726226568222046, 0.5472790002822876, 0.4585571587085724, 0.5456649661064148, 0.5468065738677979, 0.541224479675293, 0.5497194528579712, 0.5083147883415222, 0.48445332050323486], "mid_L2": [278.7638244628906, 304.5008544921875, 300.2931213378906, 329.4997253417969, 299.9596862792969, 286.7306213378906, 325.89794921875, 298.4743347167969, 293.26806640625, 287.60211181640625], "mid_cosine": [0.3857913613319397, 0.3440279960632324, 0.3563014268875122, 0.3309132754802704, 0.3540748953819275, 0.4000481367111206, 0.32730501890182495, 0.3672882914543152, 0.40030574798583984, 0.34546545147895813], "high_L2": [54.92234420776367, 72.3597640991211, 49.312408447265625, 60.245086669921875, 57.93505859375, 58.546817779541016, 70.7121810913086, 55.60707092285156, 45.19316482543945, 51.44805145263672], "high_cosine": [0.4446878433227539, 0.2295781821012497, 0.537436306476593, 0.4369863271713257, 0.43328526616096497, 0.4695170819759369, 0.36750251054763794, 0.4208681583404541, 0.6616369485855103, 0.5243521928787231], "clip_cosine": [0.9987837076187134, 0.9986003041267395, 0.9984498620033264, 0.9986109733581543, 0.9987749457359314, 0.9987169504165649, 0.9987784624099731, 0.9986494779586792, 0.9989437460899353, 0.9989970922470093], "dino_cosine": [0.9558303356170654, 0.9448770880699158, 0.9496467113494873, 0.9389182329177856, 0.9662265181541443, 0.9435021877288818, 0.9403648972511292, 0.9496674537658691, 0.9485434293746948, 0.9554691314697266], "clip_L2": [12.189741134643555, 13.133278846740723, 13.412202835083008, 12.83958911895752, 11.919989585876465, 12.627608299255371, 12.069668769836426, 12.720414161682129, 11.662816047668457, 11.186660766601562], "dino_L2": [15.824182510375977, 19.332704544067383, 17.635417938232422, 17.69205093383789, 17.07967185974121, 18.20978355407715, 17.731916427612305, 17.527624130249023, 18.3952693939209, 18.395708084106445], "rcnn_confidence": [0.0, 0.0, 0.0, 0.0, 0.0, 0.0, 0.0, 0.0, 0.0, 0.0], "yolo_confidence": [0.0, 0.0, 0.0, 0.0, 0.0, 0.0, 0.0, 0.0, 0.0, 0.0]}