{"pixel_L2": [26654.171875, 25396.76953125, 24617.501953125, 26082.646484375, 27871.462890625, 25184.72265625, 25188.5078125, 24702.27734375, 29441.697265625, 24201.783203125], "pixel_cosine": [0.7931885123252869, 0.8153206706047058, 0.8344864249229431, 0.8081149458885193, 0.7786795496940613, 0.8199341893196106, 0.8211873173713684, 0.8527770638465881, 0.7429620027542114, 0.846118688583374], "low_L2": [369.7372741699219, 384.680908203125, 407.2959899902344, 394.53826904296875, 396.0623779296875, 372.2744140625, 393.3260803222656, 363.5980224609375, 411.3739318847656, 359.02099609375], "low_cosine": [0.6544604301452637, 0.6388747692108154, 0.633887767791748, 0.6357337236404419, 0.6304961442947388, 0.6537339091300964, 0.6356534957885742, 0.6771053671836853, 0.607964277267456, 0.6774122714996338], "mid_L2": [289.4876708984375, 305.9739990234375, 289.9096984863281, 305.52880859375, 302.782958984375, 292.29522705078125, 306.89520263671875, 280.6466979980469, 310.0667419433594, 279.5215759277344], "mid_cosine": [0.5218712091445923, 0.4939614534378052, 0.5353990793228149, 0.5104246139526367, 0.48871439695358276, 0.5393128395080566, 0.5049117207527161, 0.5676993131637573, 0.4706043601036072, 0.5580171346664429], "high_L2": [54.43232727050781, 63.09642028808594, 60.824398040771484, 46.56528854370117, 63.29684066772461, 51.695289611816406, 47.367286682128906, 50.6041374206543, 58.848567962646484, 58.104454040527344], "high_cosine": [0.6104277968406677, 0.5288942456245422, 0.5143725872039795, 0.717066764831543, 0.42945218086242676, 0.6311553120613098, 0.7050358653068542, 0.7118567228317261, 0.5290911197662354, 0.5697329044342041], "clip_cosine": [0.9977082014083862, 0.9976542592048645, 0.9975696802139282, 0.9977676272392273, 0.9974249005317688, 0.9979910254478455, 0.9977942705154419, 0.9978476762771606, 0.9974567294120789, 0.9978583455085754], "dino_cosine": [0.9440717697143555, 0.9435409903526306, 0.963338315486908, 0.9536113739013672, 0.9331095814704895, 0.9547280669212341, 0.9462729096412659, 0.9596877694129944, 0.953488826751709, 0.9497351050376892], "clip_L2": [15.28707218170166, 15.260894775390625, 15.660233497619629, 14.826665878295898, 16.273733139038086, 14.115897178649902, 14.457414627075195, 14.77223014831543, 16.015554428100586, 14.716227531433105], "dino_L2": [18.708864212036133, 19.08154296875, 18.14398193359375, 18.110591888427734, 19.94828987121582, 17.663299560546875, 18.14796257019043, 16.914634704589844, 17.34530258178711, 19.374168395996094], "rcnn_confidence": [0.0, 0.21567857265472412, 0.0, 0.06588231772184372, 0.0, 0.0, 0.0, 0.08661637455224991, 0.10402928292751312, 0.0], "yolo_confidence": [0.0, 0.0, 0.0, 0.0, 0.0, 0.0, 0.0, 0.0, 0.0, 0.0]}