{"pixel_L2": [37238.49609375, 37238.49609375, 37238.49609375, 37238.49609375, 37238.49609375, 37238.49609375, 37238.49609375, 37238.49609375, 37238.49609375, 37238.49609375], "pixel_cosine": [0.0, 0.0, 0.0, 0.0, 0.0, 0.0, 0.0, 0.0, 0.0, 0.0], "low_L2": [268.513427734375, 268.513427734375, 268.513427734375, 268.513427734375, 268.513427734375, 268.513427734375, 268.513427734375, 268.513427734375, 268.513427734375, 268.513427734375], "low_cosine": [0.3390006422996521, 0.3390006422996521, 0.3390006422996521, 0.3390006422996521, 0.3390006422996521, 0.3390006422996521, 0.3390006422996521, 0.3390006422996521, 0.3390006422996521, 0.3390006422996521], "mid_L2": [173.3931884765625, 173.3931884765625, 173.3931884765625, 173.3931884765625, 173.3931884765625, 173.3931884765625, 173.3931884765625, 173.3931884765625, 173.3931884765625, 173.3931884765625], "mid_cosine": [0.3219497799873352, 0.3219497799873352, 0.3219497799873352, 0.3219497799873352, 0.3219497799873352, 0.3219497799873352, 0.3219497799873352, 0.3219497799873352, 0.3219497799873352, 0.3219497799873352], "high_L2": [52.51268768310547, 52.51268768310547, 52.51268768310547, 52.51268768310547, 52.51268768310547, 52.51268768310547, 52.51268768310547, 52.51268768310547, 52.51268768310547, 52.51268768310547], "high_cosine": [0.21151983737945557, 0.21151983737945557, 0.21151983737945557, 0.21151983737945557, 0.21151983737945557, 0.21151983737945557, 0.21151983737945557, 0.21151983737945557, 0.21151983737945557, 0.21151983737945557], "clip_cosine": [0.9984210729598999, 0.9984210729598999, 0.9984210729598999, 0.9984210729598999, 0.9984210729598999, 0.9984210729598999, 0.9984210729598999, 0.9984210729598999, 0.9984210729598999, 0.9984210729598999], "dino_cosine": [0.9521393179893494, 0.9521393179893494, 0.9521393179893494, 0.9521393179893494, 0.9521393179893494, 0.9521393179893494, 0.9521393179893494, 0.9521393179893494, 0.9521393179893494, 0.9521393179893494], "clip_L2": [15.944876670837402, 15.944876670837402, 15.944876670837402, 15.944876670837402, 15.944876670837402, 15.944876670837402, 15.944876670837402, 15.944876670837402, 15.944876670837402, 15.944876670837402], "dino_L2": [22.263349533081055, 22.263349533081055, 22.263349533081055, 22.263349533081055, 22.263349533081055, 22.263349533081055, 22.263349533081055, 22.263349533081055, 22.263349533081055, 22.263349533081055], "rcnn_confidence": [0.0, 0.0, 0.0, 0.0, 0.0, 0.0, 0.0, 0.0, 0.0, 0.0], "yolo_confidence": [0.0, 0.0, 0.0, 0.0, 0.0, 0.0, 0.0, 0.0, 0.0, 0.0]}