{"pixel_L2": [29142.357421875, 29115.1640625, 29171.3359375, 29200.294921875, 29024.912109375, 29058.63671875, 29154.025390625, 29147.578125, 29082.931640625, 29116.7265625], "pixel_cosine": [0.7606452703475952, 0.7602192163467407, 0.7613577842712402, 0.7618916034698486, 0.7611787915229797, 0.7619856595993042, 0.7632216811180115, 0.7649216651916504, 0.7639421224594116, 0.762597382068634], "low_L2": [371.0740051269531, 371.9669189453125, 370.80908203125, 370.371826171875, 369.93359375, 370.15289306640625, 369.948486328125, 371.17822265625, 368.6678771972656, 370.24542236328125], "low_cosine": [0.5975209474563599, 0.5971860885620117, 0.5979686975479126, 0.6012213230133057, 0.5978572368621826, 0.5981836318969727, 0.5970504283905029, 0.5996383428573608, 0.6002470850944519, 0.5994434952735901], "mid_L2": [285.44451904296875, 284.3204650878906, 283.2336120605469, 281.912109375, 282.2166442871094, 283.39398193359375, 282.7881164550781, 283.35467529296875, 282.4950866699219, 284.123779296875], "mid_cosine": [0.38149696588516235, 0.3788250982761383, 0.3809114694595337, 0.3856721520423889, 0.380217969417572, 0.37977248430252075, 0.3807750940322876, 0.3853355050086975, 0.3864533305168152, 0.38158321380615234], "high_L2": [70.83076477050781, 70.00528717041016, 69.34650421142578, 69.27730560302734, 70.0208969116211, 69.27880859375, 70.31068420410156, 70.2232437133789, 70.07621765136719, 70.00748443603516], "high_cosine": [0.27633213996887207, 0.26984524726867676, 0.2790684401988983, 0.27918708324432373, 0.2690960764884949, 0.273373007774353, 0.269634485244751, 0.27092429995536804, 0.27430644631385803, 0.27994978427886963], "clip_cosine": [0.9978022575378418, 0.9979569911956787, 0.9979449510574341, 0.9978242516517639, 0.997911810874939, 0.9978674054145813, 0.9977899193763733, 0.9978861808776855, 0.997848629951477, 0.9978651404380798], "dino_cosine": [0.9557435512542725, 0.9596726894378662, 0.9601638317108154, 0.9607403874397278, 0.9540871381759644, 0.957533597946167, 0.9589545130729675, 0.9569061398506165, 0.9587371945381165, 0.9588829278945923], "clip_L2": [15.254833221435547, 15.052115440368652, 15.105701446533203, 15.570608139038086, 15.195460319519043, 15.284093856811523, 15.371357917785645, 15.195691108703613, 15.2863187789917, 15.276315689086914], "dino_L2": [17.50824546813965, 16.929506301879883, 17.207170486450195, 17.05816078186035, 17.53875160217285, 17.18805694580078, 17.21921730041504, 17.291948318481445, 17.2812442779541, 16.957223892211914], "rcnn_confidence": [0.0, 0.0, 0.0, 0.0, 0.0, 0.0, 0.0, 0.0, 0.0, 0.0], "yolo_confidence": [0.0, 0.0, 0.0, 0.0, 0.0, 0.0, 0.0, 0.0, 0.0, 0.0]}