{"pixel_L2": [31882.828125, 32121.3671875, 31872.78125, 31961.49609375, 32048.4609375, 31885.62109375, 32097.29296875, 31967.310546875, 32049.287109375, 32139.755859375], "pixel_cosine": [0.9028503894805908, 0.9012173414230347, 0.9032368659973145, 0.9029048681259155, 0.9004942178726196, 0.9030771255493164, 0.9017601609230042, 0.9035135507583618, 0.9017572402954102, 0.9013444185256958], "low_L2": [435.2667236328125, 440.36151123046875, 433.7200012207031, 433.925537109375, 437.77447509765625, 433.32666015625, 436.0838317871094, 432.89459228515625, 435.6192932128906, 441.79290771484375], "low_cosine": [0.7232919335365295, 0.712929368019104, 0.7253395318984985, 0.7257617712020874, 0.7172916531562805, 0.7269600033760071, 0.722681999206543, 0.728359580039978, 0.7234618663787842, 0.7136222124099731], "mid_L2": [346.7113037109375, 345.28338623046875, 345.0316467285156, 346.64251708984375, 348.9911193847656, 345.3316345214844, 344.6898498535156, 345.7724914550781, 343.99169921875, 351.6300354003906], "mid_cosine": [0.5496140718460083, 0.551973819732666, 0.5543258786201477, 0.5480116605758667, 0.5458370447158813, 0.5533701777458191, 0.5531976819038391, 0.5523765683174133, 0.5590003728866577, 0.536322832107544], "high_L2": [62.889244079589844, 62.44851303100586, 61.979278564453125, 63.48764419555664, 63.25027084350586, 63.48011779785156, 63.530696868896484, 62.88376235961914, 63.18183135986328, 61.03275680541992], "high_cosine": [0.5177335143089294, 0.5246761441230774, 0.5243590474128723, 0.5113659501075745, 0.5154638886451721, 0.507866621017456, 0.5134660601615906, 0.5154351592063904, 0.5085878372192383, 0.5374430418014526], "clip_cosine": [0.9984041452407837, 0.9983371496200562, 0.9983944892883301, 0.9983776807785034, 0.9982844591140747, 0.9983548521995544, 0.9983758926391602, 0.9984791278839111, 0.9983688592910767, 0.9983701109886169], "dino_cosine": [0.9627863764762878, 0.9636373519897461, 0.9637123942375183, 0.9632452726364136, 0.9641894102096558, 0.9615323543548584, 0.9655569195747375, 0.9641240835189819, 0.9638449549674988, 0.962226927280426], "clip_L2": [14.517786979675293, 14.901664733886719, 14.379401206970215, 14.589020729064941, 14.765628814697266, 14.49027156829834, 14.679695129394531, 14.2608642578125, 14.716644287109375, 14.642736434936523], "dino_L2": [16.91734504699707, 16.525175094604492, 16.78597640991211, 17.151060104370117, 16.91794776916504, 17.302370071411133, 16.3862361907959, 16.962011337280273, 16.869901657104492, 16.904916763305664], "rcnn_confidence": [0.0, 0.0, 0.0, 0.0, 0.0, 0.0, 0.0, 0.0, 0.0, 0.0], "yolo_confidence": [0.0, 0.0, 0.0, 0.0, 0.0, 0.0, 0.0, 0.0, 0.0, 0.0]}