{"pixel_L2": [39948.0, 39940.9296875, 39937.33203125, 39936.93359375, 39931.34765625, 39947.12109375, 39937.5625, 39946.32421875, 39937.046875, 39934.18359375], "pixel_cosine": [0.1395644247531891, 0.14073434472084045, 0.1418360471725464, 0.1416957974433899, 0.14250051975250244, 0.139948308467865, 0.1414848119020462, 0.13970430195331573, 0.14159506559371948, 0.14218048751354218], "low_L2": [607.644287109375, 607.2606201171875, 607.2199096679688, 607.5426635742188, 607.239013671875, 607.5488891601562, 606.8558959960938, 607.2521362304688, 607.281005859375, 607.4344482421875], "low_cosine": [0.23928210139274597, 0.24123018980026245, 0.2407349944114685, 0.2394324243068695, 0.24134962260723114, 0.2392108142375946, 0.24293382465839386, 0.24144123494625092, 0.24094346165657043, 0.24026472866535187], "mid_L2": [435.77783203125, 435.2792663574219, 436.12310791015625, 435.830322265625, 436.08428955078125, 435.99072265625, 435.6949462890625, 435.3601989746094, 435.513671875, 435.90228271484375], "mid_cosine": [0.1872807741165161, 0.19045864045619965, 0.18434149026870728, 0.18587908148765564, 0.1866045743227005, 0.1854393482208252, 0.18827694654464722, 0.1906236857175827, 0.18938098847866058, 0.187768816947937], "high_L2": [73.1770248413086, 73.28062438964844, 73.37460327148438, 72.96581268310547, 73.33396911621094, 73.34426879882812, 73.30489349365234, 73.22821807861328, 73.16663360595703, 73.5448989868164], "high_cosine": [0.030064690858125687, 0.0268086027354002, 0.029468296095728874, 0.030567698180675507, 0.02542947791516781, 0.026912525296211243, 0.0247921422123909, 0.027426132932305336, 0.028468796983361244, 0.024689307436347008], "clip_cosine": [0.9970642924308777, 0.996981143951416, 0.9970667958259583, 0.9969780445098877, 0.9970303773880005, 0.9969927072525024, 0.9970692992210388, 0.997040331363678, 0.9969745874404907, 0.9970203638076782], "dino_cosine": [0.9446196556091309, 0.942854642868042, 0.9438695907592773, 0.9408220052719116, 0.9434692859649658, 0.9450632929801941, 0.9442896246910095, 0.9443053603172302, 0.9451917409896851, 0.9456222653388977], "clip_L2": [18.8321590423584, 19.13882064819336, 18.863998413085938, 19.03964614868164, 18.89866065979004, 18.961971282958984, 18.614227294921875, 18.9288272857666, 19.00504493713379, 18.96434211730957], "dino_L2": [19.616018295288086, 19.5915584564209, 19.801557540893555, 19.632780075073242, 19.497453689575195, 19.344240188598633, 19.56955337524414, 19.389982223510742, 19.439620971679688, 19.323022842407227], "rcnn_confidence": [0.0, 0.0, 0.0, 0.0, 0.0, 0.0, 0.0, 0.0, 0.0, 0.0], "yolo_confidence": [0.0, 0.0, 0.0, 0.0, 0.0, 0.0, 0.0, 0.0, 0.0, 0.0]}