{"pixel_L2": [28679.65625, 28601.98828125, 28317.421875, 28343.0546875, 28633.931640625, 28243.3671875, 28428.556640625, 28513.5234375, 28697.87109375, 28372.45703125], "pixel_cosine": [0.8552707433700562, 0.8630472421646118, 0.8623640537261963, 0.8620086908340454, 0.855270266532898, 0.8643208146095276, 0.860395073890686, 0.8570963144302368, 0.8542066812515259, 0.8608076572418213], "low_L2": [440.9203796386719, 443.6590881347656, 438.8692626953125, 442.6451110839844, 444.3876953125, 440.1161804199219, 439.7449645996094, 446.2432861328125, 443.2370910644531, 441.4844970703125], "low_cosine": [0.6270357370376587, 0.6207432746887207, 0.6304517984390259, 0.6240180730819702, 0.6210372447967529, 0.6281425356864929, 0.6290894746780396, 0.6188027262687683, 0.623245358467102, 0.6262651681900024], "mid_L2": [454.2956848144531, 454.2919616699219, 447.21307373046875, 454.889404296875, 455.4921875, 450.560791015625, 457.30987548828125, 457.15167236328125, 451.55438232421875, 453.9200744628906], "mid_cosine": [0.3157813549041748, 0.31061816215515137, 0.33692267537117004, 0.316978394985199, 0.31463801860809326, 0.32607272267341614, 0.316137433052063, 0.31184738874435425, 0.32509392499923706, 0.322976291179657], "high_L2": [85.5301513671875, 84.44889831542969, 86.89168548583984, 86.20183563232422, 87.15171813964844, 88.02032470703125, 90.02618408203125, 87.12073516845703, 87.16626739501953, 86.33558654785156], "high_cosine": [0.17435064911842346, 0.16611453890800476, 0.19573788344860077, 0.18010076880455017, 0.17187082767486572, 0.17586204409599304, 0.16781622171401978, 0.17851769924163818, 0.1883399784564972, 0.17737996578216553], "clip_cosine": [0.997105598449707, 0.9970857501029968, 0.9971655607223511, 0.9971814155578613, 0.9971150159835815, 0.9970519542694092, 0.9970444440841675, 0.997162938117981, 0.9970573782920837, 0.9971656203269958], "dino_cosine": [0.9235236644744873, 0.9243975281715393, 0.9207943081855774, 0.9219182729721069, 0.9169217348098755, 0.9245473146438599, 0.9273960590362549, 0.9199355244636536, 0.9265086054801941, 0.9250507950782776], "clip_L2": [16.67357635498047, 16.582448959350586, 16.450428009033203, 16.096752166748047, 16.487411499023438, 16.65877342224121, 16.74201774597168, 16.593996047973633, 16.71829605102539, 16.383779525756836], "dino_L2": [18.976825714111328, 18.36287498474121, 18.946821212768555, 19.101364135742188, 19.593835830688477, 19.09777069091797, 18.583311080932617, 19.395933151245117, 19.204355239868164, 19.471717834472656], "rcnn_confidence": [0.0, 0.24697451293468475, 0.0, 0.36081862449645996, 0.0, 0.3830520808696747, 0.0, 0.0, 0.06280402094125748, 0.0], "yolo_confidence": [0.0, 0.0, 0.0, 0.0, 0.0, 0.0, 0.0, 0.0, 0.0, 0.0]}