{"pixel_L2": [23257.375, 23484.005859375, 23559.18359375, 23148.453125, 23258.64453125, 23821.373046875, 23143.900390625, 23589.53515625, 24237.66796875, 23458.744140625], "pixel_cosine": [0.824317991733551, 0.8123111128807068, 0.8160158395767212, 0.8236182332038879, 0.8234496712684631, 0.8082845211029053, 0.8246224522590637, 0.8186383247375488, 0.7982813119888306, 0.8169770240783691], "low_L2": [438.7294921875, 432.1075744628906, 459.7315673828125, 432.3558654785156, 434.20556640625, 438.771484375, 434.2599182128906, 458.84869384765625, 433.5837707519531, 436.9117431640625], "low_cosine": [0.6185528635978699, 0.6100400686264038, 0.5907351970672607, 0.628333330154419, 0.6213475465774536, 0.6012677550315857, 0.6132080554962158, 0.5923804044723511, 0.6077492237091064, 0.6097434759140015], "mid_L2": [374.45025634765625, 371.1767883300781, 377.2189025878906, 380.0235290527344, 377.9162292480469, 376.59417724609375, 376.9871826171875, 386.0692443847656, 385.6862487792969, 377.9586181640625], "mid_cosine": [0.34963589906692505, 0.35063600540161133, 0.33718469738960266, 0.34261971712112427, 0.3432682752609253, 0.34202125668525696, 0.3386220335960388, 0.3224099278450012, 0.312325656414032, 0.3364759087562561], "high_L2": [63.69893264770508, 65.65660095214844, 65.07498931884766, 65.07646942138672, 65.20753479003906, 64.77268981933594, 63.43583679199219, 66.4505615234375, 63.919891357421875, 67.0423583984375], "high_cosine": [0.4024401307106018, 0.3912324011325836, 0.3727872669696808, 0.39900490641593933, 0.3905336558818817, 0.3876616954803467, 0.41972285509109497, 0.3852810263633728, 0.38553324341773987, 0.3899329602718353], "clip_cosine": [0.9988622069358826, 0.9986880421638489, 0.998789370059967, 0.9987608790397644, 0.9987994432449341, 0.9986134171485901, 0.998831033706665, 0.9988289475440979, 0.9982793927192688, 0.9986820220947266], "dino_cosine": [0.9470967054367065, 0.9497789740562439, 0.9431707859039307, 0.9447383284568787, 0.9469765424728394, 0.9452754259109497, 0.9455810785293579, 0.951338529586792, 0.9469575881958008, 0.9435187578201294], "clip_L2": [12.219650268554688, 13.06390380859375, 12.834063529968262, 12.927123069763184, 12.716192245483398, 13.359526634216309, 12.502721786499023, 12.685919761657715, 14.571548461914062, 13.114533424377441], "dino_L2": [19.47659683227539, 18.975793838500977, 19.374940872192383, 19.416296005249023, 19.506072998046875, 19.206295013427734, 19.08649444580078, 18.999170303344727, 18.887157440185547, 19.466873168945312], "rcnn_confidence": [0.0, 0.0, 0.0, 0.0, 0.0, 0.0, 0.0, 0.0, 0.0, 0.0], "yolo_confidence": [0.0, 0.0, 0.0, 0.0, 0.0, 0.0, 0.0, 0.0, 0.0, 0.0]}