{"pixel_L2": [31730.240234375, 28903.42578125, 30618.783203125, 27629.4921875, 28329.55859375, 28436.2578125, 27180.056640625, 29184.521484375, 28574.107421875, 28449.099609375], "pixel_cosine": [0.8591894507408142, 0.8856605291366577, 0.8793214559555054, 0.8907501697540283, 0.8827372789382935, 0.8882079720497131, 0.8995906710624695, 0.8759076595306396, 0.8799852728843689, 0.8982137441635132], "low_L2": [339.5707702636719, 335.6555480957031, 328.2255554199219, 338.711669921875, 343.6683349609375, 318.16339111328125, 314.941162109375, 345.398193359375, 343.5412902832031, 326.7771911621094], "low_cosine": [0.6664116382598877, 0.6782976388931274, 0.6830463409423828, 0.677582859992981, 0.6638827323913574, 0.7013810873031616, 0.7078900337219238, 0.6666944026947021, 0.6798638105392456, 0.67493736743927], "mid_L2": [305.3914489746094, 312.8187255859375, 309.07391357421875, 303.9171142578125, 316.15234375, 288.698974609375, 306.926025390625, 321.21966552734375, 316.1272888183594, 306.9620056152344], "mid_cosine": [0.483534574508667, 0.4813735783100128, 0.48850542306900024, 0.4973335266113281, 0.4599679708480835, 0.5294200778007507, 0.4896391034126282, 0.47303903102874756, 0.4697837829589844, 0.47559019923210144], "high_L2": [59.02532196044922, 67.26002502441406, 60.67435073852539, 63.43899154663086, 63.06376266479492, 63.310977935791016, 58.371707916259766, 65.0895767211914, 68.23797607421875, 63.59934616088867], "high_cosine": [0.5955876111984253, 0.5217888951301575, 0.615250289440155, 0.5375118255615234, 0.5623924136161804, 0.5850428938865662, 0.6392446756362915, 0.5520913600921631, 0.5349987745285034, 0.5347801446914673], "clip_cosine": [0.9989535212516785, 0.9984437227249146, 0.998769223690033, 0.9985359907150269, 0.9985074996948242, 0.9987463355064392, 0.9988007545471191, 0.9988505840301514, 0.9985537528991699, 0.998533308506012], "dino_cosine": [0.9295194745063782, 0.9577260613441467, 0.9573047161102295, 0.9372496008872986, 0.9493990540504456, 0.9460675716400146, 0.9539185166358948, 0.9413883686065674, 0.9496316313743591, 0.9619222283363342], "clip_L2": [12.395387649536133, 14.06552791595459, 12.982223510742188, 14.158028602600098, 14.178433418273926, 13.260614395141602, 12.549928665161133, 12.708200454711914, 14.228854179382324, 14.460633277893066], "dino_L2": [17.79277992248535, 15.821710586547852, 15.285029411315918, 18.462017059326172, 17.271196365356445, 17.23855209350586, 15.925941467285156, 16.422590255737305, 17.580215454101562, 14.078211784362793], "rcnn_confidence": [0.12726004421710968, 0.0, 0.0, 0.0, 0.0, 0.0, 0.0, 0.0, 0.051339298486709595, 0.0], "yolo_confidence": [0.0, 0.0, 0.0, 0.0, 0.0, 0.0, 0.0, 0.0, 0.0, 0.0]}