{"pixel_L2": [41474.2734375, 33643.49609375, 38599.3359375, 34034.37890625, 42490.2890625, 37655.3515625, 32302.552734375, 29374.74609375, 38046.984375, 29809.01953125], "pixel_cosine": [0.7935336828231812, 0.8571984171867371, 0.8066781759262085, 0.8726413249969482, 0.7988640069961548, 0.8238566517829895, 0.8746516704559326, 0.9190066456794739, 0.8208385705947876, 0.8980437517166138], "low_L2": [488.9655456542969, 814.836669921875, 565.4934692382812, 524.3154296875, 520.5672607421875, 526.2350463867188, 545.4027099609375, 475.46527099609375, 684.8065185546875, 481.32781982421875], "low_cosine": [0.4458312392234802, 0.49096959829330444, 0.20279090106487274, 0.41582491993904114, 0.3329160511493683, 0.21537363529205322, 0.3059611916542053, 0.37295985221862793, 0.5156142711639404, 0.36056479811668396], "mid_L2": [404.3970642089844, 422.218017578125, 399.62701416015625, 386.3756408691406, 391.6387939453125, 381.2608947753906, 439.20025634765625, 356.9465026855469, 442.1338806152344, 373.6320495605469], "mid_cosine": [0.22830045223236084, 0.25874000787734985, 0.23264792561531067, 0.305416464805603, 0.2610987722873688, 0.2607160806655884, 0.19315005838871002, 0.2557332515716553, 0.23295794427394867, 0.2721858024597168], "high_L2": [74.76860809326172, 76.50481414794922, 80.56378173828125, 82.9414291381836, 78.50814056396484, 84.97650146484375, 83.05044555664062, 66.53810119628906, 79.04832458496094, 72.0091552734375], "high_cosine": [0.35004928708076477, 0.26880091428756714, 0.19631007313728333, 0.25850778818130493, 0.280186265707016, 0.1866617649793625, 0.1947682648897171, 0.38958439230918884, 0.2714468836784363, 0.3187902569770813], "clip_cosine": [0.9975606203079224, 0.9971122741699219, 0.9971635937690735, 0.9974741339683533, 0.9972905516624451, 0.9977387189865112, 0.9973741769790649, 0.9977247714996338, 0.9969712495803833, 0.9975679516792297], "dino_cosine": [0.9322506189346313, 0.9216824173927307, 0.9166760444641113, 0.9190360903739929, 0.9396730661392212, 0.9266709089279175, 0.9158675074577332, 0.9068928956985474, 0.9305282831192017, 0.9220629930496216], "clip_L2": [14.570406913757324, 16.62422752380371, 15.75005054473877, 15.876008987426758, 15.377193450927734, 14.85074234008789, 15.274223327636719, 14.944830894470215, 16.350725173950195, 15.39210033416748], "dino_L2": [19.40525245666504, 19.786956787109375, 21.627151489257812, 19.934240341186523, 17.614498138427734, 21.70457649230957, 20.791419982910156, 19.94264030456543, 19.327491760253906, 19.74608039855957], "rcnn_confidence": [0.6661502718925476, 0.0, 0.0, 0.0, 0.3679642975330353, 0.0, 0.1355750560760498, 0.17263486981391907, 0.4250876307487488, 0.05271102488040924], "yolo_confidence": [0.0, 0.0, 0.0, 0.0, 0.3786450922489166, 0.0, 0.0, 0.0, 0.6052541136741638, 0.0]}