{"pixel_L2": [17790.5, 13880.197265625, 18084.833984375, 17722.453125, 19978.9609375, 14692.271484375, 14878.1357421875, 17891.556640625, 17044.7734375, 12489.4052734375], "pixel_cosine": [0.9271540641784668, 0.9562822580337524, 0.9299811124801636, 0.9275360107421875, 0.906578540802002, 0.9507636427879333, 0.9564539790153503, 0.9271919131278992, 0.9337232112884521, 0.9653871059417725], "low_L2": [217.9597930908203, 173.83135986328125, 179.6174774169922, 195.9983367919922, 203.67367553710938, 155.666015625, 192.7960968017578, 222.10984802246094, 276.1698303222656, 165.88763427734375], "low_cosine": [0.4584851861000061, 0.47554489970207214, 0.4555128812789917, 0.49511581659317017, 0.49129718542099, 0.46947813034057617, 0.4775244891643524, 0.4435591697692871, 0.47822463512420654, 0.44782745838165283], "mid_L2": [249.3877716064453, 210.72128295898438, 217.4721221923828, 221.20945739746094, 224.65811157226562, 196.93785095214844, 209.12100219726562, 237.83135986328125, 234.48910522460938, 198.10707092285156], "mid_cosine": [0.23190650343894958, 0.2573774456977844, 0.2465744912624359, 0.2715577781200409, 0.2683488726615906, 0.27673739194869995, 0.25837454199790955, 0.2316945493221283, 0.25507211685180664, 0.26994940638542175], "high_L2": [62.4311637878418, 53.14524459838867, 60.42503356933594, 58.4290771484375, 55.114105224609375, 50.796600341796875, 50.89412307739258, 61.08439636230469, 53.52261734008789, 56.99095916748047], "high_cosine": [0.3579472005367279, 0.438030481338501, 0.3582540452480316, 0.31881335377693176, 0.36424800753593445, 0.5149905681610107, 0.47175952792167664, 0.2615548074245453, 0.3787976801395416, 0.36196115612983704], "clip_cosine": [0.9984769821166992, 0.9986510276794434, 0.9986817836761475, 0.9981341361999512, 0.9982088804244995, 0.9985061287879944, 0.9984905123710632, 0.9986467957496643, 0.9981660842895508, 0.9986572265625], "dino_cosine": [0.9522673487663269, 0.949759304523468, 0.9443610310554504, 0.9529126882553101, 0.9464929699897766, 0.9468764662742615, 0.949215829372406, 0.9541099071502686, 0.9369299411773682, 0.9270437359809875], "clip_L2": [12.42353343963623, 12.174873352050781, 11.77213191986084, 13.595159530639648, 13.461055755615234, 12.586441993713379, 12.62527084350586, 11.482101440429688, 13.04603099822998, 12.03457260131836], "dino_L2": [16.943029403686523, 17.724838256835938, 16.646339416503906, 18.62023162841797, 18.32160186767578, 17.319286346435547, 17.380430221557617, 17.618568420410156, 18.562341690063477, 18.319332122802734], "rcnn_confidence": [0.0, 0.0, 0.0, 0.0, 0.0, 0.0, 0.0, 0.0, 0.0, 0.0], "yolo_confidence": [0.0, 0.0, 0.0, 0.0, 0.0, 0.0, 0.0, 0.0, 0.0, 0.0]}