{"pixel_L2": [19944.0, 19944.0, 19944.0, 19944.0, 19944.0, 19944.0, 19944.0, 19944.0, 19944.0, 19944.0], "pixel_cosine": [0.0, 0.0, 0.0, 0.0, 0.0, 0.0, 0.0, 0.0, 0.0, 0.0], "low_L2": [250.0309600830078, 250.0309600830078, 250.0309600830078, 250.0309600830078, 250.0309600830078, 250.0309600830078, 250.0309600830078, 250.0309600830078, 250.0309600830078, 250.0309600830078], "low_cosine": [0.48546940088272095, 0.48546940088272095, 0.48546940088272095, 0.48546940088272095, 0.48546940088272095, 0.48546940088272095, 0.48546940088272095, 0.48546940088272095, 0.48546940088272095, 0.48546940088272095], "mid_L2": [221.3686065673828, 221.3686065673828, 221.3686065673828, 221.3686065673828, 221.3686065673828, 221.3686065673828, 221.3686065673828, 221.3686065673828, 221.3686065673828, 221.3686065673828], "mid_cosine": [0.24939534068107605, 0.24939534068107605, 0.24939534068107605, 0.24939534068107605, 0.24939534068107605, 0.24939534068107605, 0.24939534068107605, 0.24939534068107605, 0.24939534068107605, 0.24939534068107605], "high_L2": [61.055545806884766, 61.055545806884766, 61.055545806884766, 61.055545806884766, 61.055545806884766, 61.055545806884766, 61.055545806884766, 61.055545806884766, 61.055545806884766, 61.055545806884766], "high_cosine": [0.1129862442612648, 0.1129862442612648, 0.1129862442612648, 0.1129862442612648, 0.1129862442612648, 0.1129862442612648, 0.1129862442612648, 0.1129862442612648, 0.1129862442612648, 0.1129862442612648], "clip_cosine": [0.9982200860977173, 0.9982200860977173, 0.9982200860977173, 0.9982200860977173, 0.9982200860977173, 0.9982200860977173, 0.9982200860977173, 0.9982200860977173, 0.9982200860977173, 0.9982200860977173], "dino_cosine": [0.9471176266670227, 0.9471176266670227, 0.9471176266670227, 0.9471176266670227, 0.9471176266670227, 0.9471176266670227, 0.9471176266670227, 0.9471176266670227, 0.9471176266670227, 0.9471176266670227], "clip_L2": [16.101852416992188, 16.101852416992188, 16.101852416992188, 16.101852416992188, 16.101852416992188, 16.101852416992188, 16.101852416992188, 16.101852416992188, 16.101852416992188, 16.101852416992188], "dino_L2": [21.71084976196289, 21.71084976196289, 21.71084976196289, 21.71084976196289, 21.71084976196289, 21.71084976196289, 21.71084976196289, 21.71084976196289, 21.71084976196289, 21.71084976196289], "rcnn_confidence": [0.0, 0.0, 0.0, 0.0, 0.0, 0.0, 0.0, 0.0, 0.0, 0.0], "yolo_confidence": [0.0, 0.0, 0.0, 0.0, 0.0, 0.0, 0.0, 0.0, 0.0, 0.0]}