{"pixel_L2": [25270.994140625, 24941.337890625, 25182.83984375, 24934.130859375, 24921.466796875, 25061.947265625, 24955.224609375, 24687.287109375, 24970.48046875, 26068.90625], "pixel_cosine": [0.8071473240852356, 0.8163558840751648, 0.812035322189331, 0.8160269260406494, 0.8171101212501526, 0.8149528503417969, 0.816365122795105, 0.8186662793159485, 0.8153366446495056, 0.7842443585395813], "low_L2": [511.8569641113281, 502.9960632324219, 501.58563232421875, 499.46435546875, 496.869873046875, 500.41912841796875, 501.9512023925781, 506.0039367675781, 501.494384765625, 520.7071533203125], "low_cosine": [0.5820065140724182, 0.5858640670776367, 0.5821328163146973, 0.5859380960464478, 0.5855621099472046, 0.583446741104126, 0.5792441964149475, 0.5826599597930908, 0.5833224058151245, 0.5761175155639648], "mid_L2": [410.6907043457031, 406.07977294921875, 405.98883056640625, 408.2545166015625, 404.4026184082031, 406.85711669921875, 408.8033447265625, 408.9656982421875, 404.0332946777344, 416.65478515625], "mid_cosine": [0.31990280747413635, 0.33700257539749146, 0.3335951864719391, 0.33132225275039673, 0.33694589138031006, 0.3301936984062195, 0.318723201751709, 0.3241880536079407, 0.3366166949272156, 0.3201010823249817], "high_L2": [92.0547103881836, 91.61884307861328, 92.66700744628906, 92.43778228759766, 92.60214233398438, 92.08090209960938, 92.67377471923828, 91.30015563964844, 92.52061462402344, 90.85945129394531], "high_cosine": [0.140189528465271, 0.1613471806049347, 0.17148682475090027, 0.16507376730442047, 0.1724637895822525, 0.16008397936820984, 0.17042165994644165, 0.14145943522453308, 0.1617099493741989, 0.15521734952926636], "clip_cosine": [0.9974918961524963, 0.9975557923316956, 0.9975595474243164, 0.9976255297660828, 0.9975388646125793, 0.9975212216377258, 0.9974552392959595, 0.9975415468215942, 0.997519314289093, 0.9974900484085083], "dino_cosine": [0.9442777633666992, 0.9485533833503723, 0.9412252306938171, 0.9406760931015015, 0.9495797157287598, 0.941214382648468, 0.9475995302200317, 0.9340933561325073, 0.9474090337753296, 0.9433372616767883], "clip_L2": [15.54974365234375, 15.28999137878418, 15.282232284545898, 14.81711196899414, 15.378578186035156, 15.365270614624023, 15.303351402282715, 15.356376647949219, 15.36476993560791, 15.552066802978516], "dino_L2": [19.4228458404541, 19.540550231933594, 19.615718841552734, 19.68083953857422, 19.289220809936523, 19.646095275878906, 19.669414520263672, 19.92639923095703, 19.44420051574707, 18.98558807373047], "rcnn_confidence": [0.0, 0.0, 0.0, 0.0, 0.0, 0.0, 0.0, 0.0, 0.0, 0.0], "yolo_confidence": [0.0, 0.0, 0.0, 0.0, 0.0, 0.0, 0.0, 0.0, 0.0, 0.0]}