{"pixel_L2": [38746.3046875, 40302.49609375, 34160.06640625, 34531.09375, 40993.8984375, 32897.88671875, 37557.546875, 36590.23046875, 37549.04296875, 39888.87890625], "pixel_cosine": [0.7388129830360413, 0.6823731660842896, 0.7826783061027527, 0.7815743088722229, 0.708557665348053, 0.8006538152694702, 0.7346248626708984, 0.7573145627975464, 0.7355948686599731, 0.7008476257324219], "low_L2": [493.4368591308594, 516.4110717773438, 541.3630981445312, 513.6624145507812, 463.19512939453125, 567.2723388671875, 575.8834228515625, 576.349853515625, 655.55029296875, 530.6900024414062], "low_cosine": [0.535094141960144, 0.5367354154586792, 0.5150604248046875, 0.5241246223449707, 0.5232827663421631, 0.5093615055084229, 0.475676953792572, 0.4672086834907532, 0.47158128023147583, 0.5247090458869934], "mid_L2": [386.18975830078125, 365.4151916503906, 370.1492614746094, 369.4797668457031, 355.943603515625, 369.05340576171875, 384.006591796875, 390.9216003417969, 409.4820251464844, 373.7248840332031], "mid_cosine": [0.4191146194934845, 0.38295459747314453, 0.362199068069458, 0.3759005069732666, 0.37996870279312134, 0.38855278491973877, 0.37249407172203064, 0.3828403055667877, 0.35465800762176514, 0.40358102321624756], "high_L2": [89.67266082763672, 86.56133270263672, 85.35588073730469, 84.53501892089844, 88.40375518798828, 82.1333999633789, 94.28701782226562, 88.78858184814453, 94.40757751464844, 91.60993957519531], "high_cosine": [0.2660417854785919, 0.2661333680152893, 0.2291363775730133, 0.24692140519618988, 0.18903926014900208, 0.3144882917404175, 0.20149928331375122, 0.2697623074054718, 0.18245044350624084, 0.24950137734413147], "clip_cosine": [0.9973299503326416, 0.9977439641952515, 0.9975664615631104, 0.9977397918701172, 0.9975693225860596, 0.9976300597190857, 0.9975652694702148, 0.9973644614219666, 0.9971081018447876, 0.9971818327903748], "dino_cosine": [0.9458168148994446, 0.9430204629898071, 0.952835738658905, 0.9485426545143127, 0.9541966319084167, 0.9465686082839966, 0.9458602666854858, 0.9445452690124512, 0.9378198981285095, 0.9382691383361816], "clip_L2": [15.8428955078125, 14.110544204711914, 15.069958686828613, 14.291973114013672, 14.940722465515137, 14.837882995605469, 14.801055908203125, 15.484888076782227, 16.517148971557617, 16.42048454284668], "dino_L2": [19.686262130737305, 18.166860580444336, 17.275583267211914, 18.216989517211914, 18.038902282714844, 17.878822326660156, 17.752424240112305, 19.052566528320312, 18.66221046447754, 18.710290908813477], "rcnn_confidence": [0.0, 0.0, 0.0, 0.1156223714351654, 0.0, 0.0, 0.0, 0.0, 0.0, 0.0], "yolo_confidence": [0.0, 0.0, 0.0, 0.0, 0.0, 0.0, 0.0, 0.0, 0.0, 0.0]}