{"pixel_L2": [40840.33203125, 41701.9609375, 40736.046875, 40080.37109375, 43547.11328125, 39984.265625, 41470.1328125, 40990.98046875, 40069.90625, 41579.09765625], "pixel_cosine": [0.7107027769088745, 0.6902865171432495, 0.7035742402076721, 0.6969950199127197, 0.7084100246429443, 0.7077850103378296, 0.6867663264274597, 0.7105375528335571, 0.6966046094894409, 0.6933202147483826], "low_L2": [484.40203857421875, 520.3248901367188, 483.6949157714844, 473.35528564453125, 524.10498046875, 510.4430847167969, 501.38409423828125, 489.5738830566406, 487.8403015136719, 479.1990966796875], "low_cosine": [0.4553678333759308, 0.44189614057540894, 0.4652477502822876, 0.4759213328361511, 0.45436492562294006, 0.4685569405555725, 0.4534571170806885, 0.4467615485191345, 0.4674375057220459, 0.4617878496646881], "mid_L2": [320.6442565917969, 324.9520263671875, 315.5430603027344, 315.3497314453125, 324.40423583984375, 317.43255615234375, 316.1219787597656, 314.77301025390625, 316.7865905761719, 316.6625671386719], "mid_cosine": [0.24074934422969818, 0.24908582866191864, 0.25167059898376465, 0.238890141248703, 0.2387087643146515, 0.25364282727241516, 0.253700315952301, 0.24886509776115417, 0.24899140000343323, 0.24600893259048462], "high_L2": [52.74768829345703, 55.68791961669922, 55.00556945800781, 53.19099044799805, 53.755130767822266, 54.85313415527344, 56.22065353393555, 58.58504867553711, 54.595733642578125, 55.44076156616211], "high_cosine": [0.48142209649086, 0.4344956874847412, 0.4017338752746582, 0.4540969431400299, 0.4266871213912964, 0.4414553940296173, 0.4204842746257782, 0.38824018836021423, 0.4380459487438202, 0.42439165711402893], "clip_cosine": [0.9982398152351379, 0.9979761838912964, 0.9982917904853821, 0.9981247782707214, 0.9979977607727051, 0.9982231855392456, 0.9981130957603455, 0.9981332421302795, 0.9981862902641296, 0.9982441663742065], "dino_cosine": [0.954106867313385, 0.9523886442184448, 0.9455937147140503, 0.9471293091773987, 0.9501135349273682, 0.9478170871734619, 0.9526861906051636, 0.9541284441947937, 0.9542117714881897, 0.9449275732040405], "clip_L2": [14.217268943786621, 15.166752815246582, 14.037454605102539, 14.566990852355957, 14.880487442016602, 14.022048950195312, 14.514204025268555, 14.429428100585938, 14.328620910644531, 13.71900463104248], "dino_L2": [18.511030197143555, 19.049901962280273, 19.473485946655273, 18.8885440826416, 18.94853401184082, 19.109594345092773, 19.243452072143555, 18.344907760620117, 18.592924118041992, 18.465192794799805], "rcnn_confidence": [0.0, 0.0, 0.0, 0.0, 0.0, 0.0, 0.0, 0.0, 0.0, 0.0], "yolo_confidence": [0.0, 0.0, 0.0, 0.0, 0.0, 0.0, 0.0, 0.0, 0.0, 0.0]}