{"pixel_L2": [28352.08203125, 28058.85546875, 28011.154296875, 28176.498046875, 28020.177734375, 28145.34375, 28037.798828125, 28021.658203125, 28162.494140625, 28012.76953125], "pixel_cosine": [0.831184446811676, 0.834212064743042, 0.8339680433273315, 0.8330081105232239, 0.8336628079414368, 0.8331527709960938, 0.8352183699607849, 0.836822509765625, 0.8334586024284363, 0.834802508354187], "low_L2": [579.2147216796875, 584.350830078125, 573.2459106445312, 578.3355712890625, 577.1704711914062, 574.7274780273438, 573.4428100585938, 577.478515625, 578.9076538085938, 577.8013916015625], "low_cosine": [0.5064520835876465, 0.4967601001262665, 0.511383056640625, 0.5078191757202148, 0.5014716386795044, 0.5093790888786316, 0.5164878368377686, 0.5081725716590881, 0.5013787746429443, 0.5029975175857544], "mid_L2": [368.5297546386719, 368.6720275878906, 370.51568603515625, 372.889404296875, 373.0981140136719, 369.8280944824219, 368.3873596191406, 371.6177062988281, 371.0414733886719, 372.7759704589844], "mid_cosine": [0.31988751888275146, 0.30884337425231934, 0.3109762966632843, 0.3030239939689636, 0.30518248677253723, 0.31894296407699585, 0.3159636855125427, 0.31461256742477417, 0.3156106770038605, 0.3059139847755432], "high_L2": [55.175113677978516, 59.46453857421875, 57.24327850341797, 60.643821716308594, 59.71835708618164, 60.103641510009766, 56.87532043457031, 59.549583435058594, 59.1414794921875, 58.81610870361328], "high_cosine": [0.5211228132247925, 0.48375025391578674, 0.5074933171272278, 0.45022550225257874, 0.4711560308933258, 0.504963755607605, 0.5336462259292603, 0.4767608046531677, 0.484281986951828, 0.48796549439430237], "clip_cosine": [0.9981302618980408, 0.998604416847229, 0.9980722665786743, 0.9981619119644165, 0.998426616191864, 0.9980189800262451, 0.9981606006622314, 0.9983923435211182, 0.9978484511375427, 0.9982582330703735], "dino_cosine": [0.9628413319587708, 0.9657745957374573, 0.9623730182647705, 0.9628376960754395, 0.9629253149032593, 0.9674320816993713, 0.9578449130058289, 0.9638172388076782, 0.9632362723350525, 0.9628947377204895], "clip_L2": [13.918819427490234, 11.950297355651855, 13.983891487121582, 13.852665901184082, 12.442370414733887, 14.39574146270752, 13.797745704650879, 12.554614067077637, 14.758126258850098, 13.35560131072998], "dino_L2": [14.716670036315918, 14.436129570007324, 15.576543807983398, 15.330906867980957, 14.760248184204102, 14.632695198059082, 15.911335945129395, 15.091665267944336, 15.257665634155273, 14.813639640808105], "rcnn_confidence": [0.0, 0.0, 0.0, 0.0, 0.0, 0.0, 0.0, 0.0, 0.0, 0.0], "yolo_confidence": [0.0, 0.0, 0.0, 0.0, 0.0, 0.0, 0.0, 0.0, 0.0, 0.0]}