{"pixel_L2": [38999.80078125, 41047.7734375, 40606.94921875, 40519.58203125, 41514.58203125, 40021.55859375, 41259.9765625, 40395.25, 40114.109375, 42747.71875], "pixel_cosine": [0.6753036379814148, 0.6339726448059082, 0.6508110761642456, 0.650848388671875, 0.6388862729072571, 0.6619955897331238, 0.6248591542243958, 0.6457558870315552, 0.6580550670623779, 0.5941792726516724], "low_L2": [748.8660888671875, 770.57470703125, 771.5399169921875, 759.1708374023438, 779.4890747070312, 777.706787109375, 763.2449951171875, 765.8496704101562, 763.1124267578125, 777.2124633789062], "low_cosine": [0.3905855119228363, 0.3225841522216797, 0.33829450607299805, 0.3590400218963623, 0.36093670129776, 0.2976325750350952, 0.3470960557460785, 0.33700433373451233, 0.3530827760696411, 0.305282860994339], "mid_L2": [544.8571166992188, 561.6575927734375, 569.34716796875, 550.8792114257812, 569.8108520507812, 554.2459716796875, 555.7756958007812, 550.397216796875, 560.7382202148438, 566.073486328125], "mid_cosine": [0.20288366079330444, 0.13324104249477386, 0.1300245076417923, 0.15337413549423218, 0.14244171977043152, 0.15263308584690094, 0.1391606628894806, 0.14801767468452454, 0.14692556858062744, 0.136345773935318], "high_L2": [64.53006744384766, 61.66697311401367, 68.34721374511719, 65.26130676269531, 68.49605560302734, 62.17701721191406, 63.556522369384766, 64.9035415649414, 62.308685302734375, 64.04730987548828], "high_cosine": [0.20253755152225494, 0.28721097111701965, 0.2254181206226349, 0.222377747297287, 0.20474056899547577, 0.26481422781944275, 0.20203489065170288, 0.21232470870018005, 0.2714633047580719, 0.26142334938049316], "clip_cosine": [0.9886481761932373, 0.9887375831604004, 0.9889974594116211, 0.9890713691711426, 0.9889567494392395, 0.9889217019081116, 0.9889850616455078, 0.9887188673019409, 0.9888675212860107, 0.9889156818389893], "dino_cosine": [0.952345609664917, 0.9491013884544373, 0.9553819894790649, 0.9470508098602295, 0.9476011991500854, 0.9562054872512817, 0.9487344026565552, 0.9480728507041931, 0.9577383399009705, 0.9529989957809448], "clip_L2": [19.012008666992188, 19.013439178466797, 18.444002151489258, 18.422515869140625, 18.706811904907227, 18.44082260131836, 18.61919593811035, 19.159255981445312, 18.92965316772461, 18.8175048828125], "dino_L2": [16.946455001831055, 17.494121551513672, 16.717409133911133, 17.249765396118164, 16.989355087280273, 17.053932189941406, 17.53288459777832, 17.667287826538086, 16.653921127319336, 16.347997665405273], "rcnn_confidence": [0.0, 0.15730740129947662, 0.11541534215211868, 0.0, 0.05133481323719025, 0.0, 0.0, 0.0, 0.0, 0.0], "yolo_confidence": [0.0, 0.0, 0.0, 0.0, 0.0, 0.0, 0.0, 0.0, 0.0, 0.0]}