{"pixel_L2": [36378.93359375, 36410.78515625, 36403.8984375, 36417.26171875, 36401.12890625, 36379.328125, 36425.73046875, 36339.39453125, 36421.2421875, 36485.34765625], "pixel_cosine": [0.5503370761871338, 0.5482800006866455, 0.548585832118988, 0.549382209777832, 0.5468276739120483, 0.5496203303337097, 0.545326292514801, 0.5510272979736328, 0.5486122965812683, 0.5472213625907898], "low_L2": [622.7367553710938, 622.7864379882812, 623.5592651367188, 624.9185791015625, 626.220458984375, 624.609375, 624.7883911132812, 623.7701416015625, 623.6494140625, 624.6373291015625], "low_cosine": [0.24137848615646362, 0.24301812052726746, 0.24002256989479065, 0.23170633614063263, 0.22786779701709747, 0.23392389714717865, 0.23362672328948975, 0.237309992313385, 0.23663242161273956, 0.23265084624290466], "mid_L2": [391.8235778808594, 392.16278076171875, 393.50152587890625, 392.3677673339844, 394.7377624511719, 391.45538330078125, 392.1525573730469, 392.7192077636719, 391.0442810058594, 391.3825378417969], "mid_cosine": [0.18476569652557373, 0.18870994448661804, 0.18568181991577148, 0.18465490639209747, 0.18201854825019836, 0.19030344486236572, 0.18500623106956482, 0.18427611887454987, 0.184452086687088, 0.18573804199695587], "high_L2": [62.1650505065918, 62.980445861816406, 63.174747467041016, 62.518592834472656, 62.768733978271484, 62.028045654296875, 63.43367004394531, 63.21519088745117, 62.693214416503906, 62.541378021240234], "high_cosine": [0.18288776278495789, 0.16954924166202545, 0.1724039614200592, 0.1650342494249344, 0.17415133118629456, 0.17318931221961975, 0.15283231437206268, 0.1662868708372116, 0.16478881239891052, 0.15696479380130768], "clip_cosine": [0.9977390766143799, 0.9976289868354797, 0.9976388812065125, 0.9977279901504517, 0.9977453351020813, 0.9976879358291626, 0.997889518737793, 0.997651994228363, 0.997814953327179, 0.9976205825805664], "dino_cosine": [0.9590631127357483, 0.9378684759140015, 0.9581761956214905, 0.9589035511016846, 0.9589821100234985, 0.9593650102615356, 0.9550761580467224, 0.9586108922958374, 0.9542665481567383, 0.9590266942977905], "clip_L2": [17.41342544555664, 15.585328102111816, 17.34236717224121, 17.10089683532715, 17.333595275878906, 17.198246002197266, 16.514795303344727, 17.14763641357422, 16.175771713256836, 17.5515193939209], "dino_L2": [17.432565689086914, 18.597192764282227, 17.273828506469727, 17.21405601501465, 16.970661163330078, 17.237939834594727, 17.320720672607422, 17.098642349243164, 17.592756271362305, 17.28507423400879], "rcnn_confidence": [0.0, 0.0, 0.0, 0.0, 0.0, 0.0, 0.0, 0.0, 0.0, 0.0], "yolo_confidence": [0.0, 0.0, 0.0, 0.0, 0.0, 0.0, 0.0, 0.0, 0.0, 0.0]}