{"pixel_L2": [34459.94921875, 34511.92578125, 34550.25390625, 34350.390625, 34423.6953125, 34535.0, 34667.6015625, 34927.54296875, 34673.796875, 34453.37109375], "pixel_cosine": [0.4752218425273895, 0.46246904134750366, 0.4687962532043457, 0.4732607305049896, 0.46412819623947144, 0.4662940800189972, 0.47460782527923584, 0.4721090495586395, 0.46732616424560547, 0.46994003653526306], "low_L2": [354.9794921875, 363.158935546875, 360.7727966308594, 362.5522766113281, 360.6656799316406, 359.30322265625, 355.60723876953125, 364.11346435546875, 367.17425537109375, 362.229248046875], "low_cosine": [0.4181918501853943, 0.40598493814468384, 0.4064469337463379, 0.4083631932735443, 0.411739706993103, 0.4102146625518799, 0.4137253761291504, 0.405875027179718, 0.4010268449783325, 0.4044136106967926], "mid_L2": [279.8187561035156, 277.9819030761719, 279.5865478515625, 280.1109619140625, 278.2608947753906, 277.7874450683594, 279.2015686035156, 283.3701171875, 281.6867370605469, 282.984130859375], "mid_cosine": [0.27208781242370605, 0.27379634976387024, 0.27444756031036377, 0.2759663462638855, 0.2774985432624817, 0.27865278720855713, 0.28062906861305237, 0.27424997091293335, 0.2769326865673065, 0.273284375667572], "high_L2": [53.60445022583008, 53.439125061035156, 53.017921447753906, 52.8875617980957, 51.92384338378906, 53.28416061401367, 53.446449279785156, 54.41661071777344, 53.525718688964844, 52.02740478515625], "high_cosine": [0.4271244704723358, 0.4266206920146942, 0.4233129024505615, 0.41274115443229675, 0.45285993814468384, 0.4326075613498688, 0.4426722824573517, 0.42782893776893616, 0.40618425607681274, 0.46144798398017883], "clip_cosine": [0.9986680746078491, 0.9982951283454895, 0.998745322227478, 0.9987027049064636, 0.9985206723213196, 0.9986454248428345, 0.9983689785003662, 0.9987939596176147, 0.9986900091171265, 0.9987197518348694], "dino_cosine": [0.9604086875915527, 0.9620130062103271, 0.9597427845001221, 0.9616382718086243, 0.9537616968154907, 0.9472900032997131, 0.9627363681793213, 0.9537665247917175, 0.9600608944892883, 0.9545937180519104], "clip_L2": [12.59756851196289, 14.01211166381836, 12.534911155700684, 12.550682067871094, 12.981033325195312, 12.964564323425293, 13.647751808166504, 11.982370376586914, 12.723779678344727, 12.453900337219238], "dino_L2": [16.33322525024414, 16.36564064025879, 17.61053466796875, 16.44830894470215, 17.810457229614258, 18.684070587158203, 17.060312271118164, 16.548995971679688, 17.862943649291992, 17.869834899902344], "rcnn_confidence": [0.06378086656332016, 0.2678822875022888, 0.0, 0.26793596148490906, 0.0, 0.0, 0.0, 0.0, 0.08101104199886322, 0.0], "yolo_confidence": [0.0, 0.0, 0.0, 0.0, 0.0, 0.0, 0.0, 0.0, 0.0, 0.0]}