{"pixel_L2": [19468.185546875, 19636.130859375, 19950.85546875, 19917.490234375, 19850.060546875, 19708.587890625, 19933.2578125, 19656.06640625, 19790.83203125, 19882.62890625], "pixel_cosine": [0.881551206111908, 0.87937992811203, 0.8752129077911377, 0.875618577003479, 0.8765679597854614, 0.8784942626953125, 0.8754239082336426, 0.8790895938873291, 0.8773127794265747, 0.8761304020881653], "low_L2": [247.2514190673828, 248.45469665527344, 248.24879455566406, 248.46469116210938, 246.82774353027344, 248.06655883789062, 247.84132385253906, 246.582275390625, 247.4241943359375, 247.17042541503906], "low_cosine": [0.6605551242828369, 0.6570229530334473, 0.6581733226776123, 0.6568288803100586, 0.662344217300415, 0.6576330065727234, 0.659844160079956, 0.662268877029419, 0.6621166467666626, 0.6607122421264648], "mid_L2": [194.43896484375, 197.08128356933594, 197.4788360595703, 196.962158203125, 197.94265747070312, 195.7416229248047, 196.31800842285156, 197.72567749023438, 197.5608367919922, 194.0968017578125], "mid_cosine": [0.5080607533454895, 0.5042337775230408, 0.5040289163589478, 0.5034635066986084, 0.5012200474739075, 0.5069814920425415, 0.5111752152442932, 0.5003242492675781, 0.5025216341018677, 0.506546676158905], "high_L2": [47.17399597167969, 46.070587158203125, 46.09215545654297, 47.5953254699707, 45.87944030761719, 44.341896057128906, 47.828304290771484, 45.825321197509766, 47.168025970458984, 46.12958908081055], "high_cosine": [0.5767779350280762, 0.5796734690666199, 0.5725281834602356, 0.5724074244499207, 0.5806686282157898, 0.6064898371696472, 0.5474072694778442, 0.5758575201034546, 0.5516529679298401, 0.5785641074180603], "clip_cosine": [0.9980455040931702, 0.9981291890144348, 0.9980764985084534, 0.9980204105377197, 0.9981138706207275, 0.9979171752929688, 0.9980076551437378, 0.998128354549408, 0.998030424118042, 0.9981585144996643], "dino_cosine": [0.959312915802002, 0.9656686782836914, 0.9624147415161133, 0.9625552892684937, 0.9635165929794312, 0.9635834097862244, 0.9625435471534729, 0.9633772373199463, 0.9642682671546936, 0.9613822102546692], "clip_L2": [13.257254600524902, 12.798388481140137, 13.058552742004395, 12.974576950073242, 12.934566497802734, 13.437212944030762, 12.997940063476562, 13.24307632446289, 12.948014259338379, 13.062628746032715], "dino_L2": [16.72748374938965, 16.149154663085938, 16.533531188964844, 16.487895965576172, 16.321258544921875, 16.342174530029297, 16.49126434326172, 16.362558364868164, 16.20838165283203, 16.711200714111328], "rcnn_confidence": [0.0, 0.0, 0.0, 0.0, 0.0, 0.0, 0.0, 0.0, 0.0, 0.0], "yolo_confidence": [0.0, 0.0, 0.0, 0.0, 0.0, 0.0, 0.0, 0.0, 0.0, 0.0]}