{"pixel_L2": [25009.537109375, 25347.3125, 24985.53125, 25077.611328125, 25114.744140625, 25046.7421875, 25195.5, 25477.462890625, 25029.71484375, 25156.78515625], "pixel_cosine": [0.7262129187583923, 0.7202973365783691, 0.7281959652900696, 0.7272067070007324, 0.7256297469139099, 0.7261531352996826, 0.7240976691246033, 0.7224448919296265, 0.7275036573410034, 0.7231635451316833], "low_L2": [516.1775512695312, 521.4170532226562, 514.9234619140625, 514.0883178710938, 516.827392578125, 509.9956970214844, 517.8521118164062, 528.9586181640625, 516.4494018554688, 517.297607421875], "low_cosine": [0.4768105149269104, 0.4679022431373596, 0.47588396072387695, 0.4779818058013916, 0.47517919540405273, 0.4830225110054016, 0.4744933247566223, 0.46176213026046753, 0.4764291048049927, 0.47548553347587585], "mid_L2": [312.4144592285156, 317.802978515625, 314.353271484375, 316.39208984375, 317.01348876953125, 315.55291748046875, 314.9353332519531, 313.82843017578125, 314.2611999511719, 314.56304931640625], "mid_cosine": [0.4058689773082733, 0.3915018141269684, 0.3958832621574402, 0.39481598138809204, 0.39268529415130615, 0.39492183923721313, 0.3992850184440613, 0.3965979814529419, 0.39766615629196167, 0.39996838569641113], "high_L2": [59.63059997558594, 61.31602096557617, 60.81477737426758, 60.52130889892578, 62.23133850097656, 61.81183624267578, 57.74102783203125, 61.18293762207031, 60.587833404541016, 61.31602478027344], "high_cosine": [0.613290548324585, 0.5712785720825195, 0.5777527689933777, 0.5910530686378479, 0.5847143530845642, 0.5693457722663879, 0.6201164126396179, 0.5615352392196655, 0.5933611989021301, 0.5927899479866028], "clip_cosine": [0.9985686540603638, 0.9985036253929138, 0.9986547827720642, 0.9984294772148132, 0.9986211657524109, 0.9986109137535095, 0.9985743761062622, 0.9986299872398376, 0.9985584020614624, 0.9986370801925659], "dino_cosine": [0.920991063117981, 0.9277248978614807, 0.923368513584137, 0.9172146916389465, 0.9231845736503601, 0.9251317381858826, 0.9251171946525574, 0.9256644248962402, 0.9254634380340576, 0.919107973575592], "clip_L2": [13.02673053741455, 13.337871551513672, 12.952738761901855, 13.573110580444336, 13.016343116760254, 13.019547462463379, 13.249229431152344, 13.058382987976074, 13.261874198913574, 12.885767936706543], "dino_L2": [21.10344886779785, 20.89175033569336, 21.037227630615234, 21.28641128540039, 21.07160186767578, 20.95958137512207, 21.100221633911133, 20.77712631225586, 20.816177368164062, 21.15700340270996], "rcnn_confidence": [0.0, 0.0, 0.0, 0.0, 0.0, 0.0, 0.0, 0.0, 0.0, 0.0], "yolo_confidence": [0.0, 0.0, 0.0, 0.0, 0.0, 0.0, 0.0, 0.0, 0.0, 0.0]}