{"pixel_L2": [30414.080078125, 24384.26171875, 34402.65234375, 31260.615234375, 25766.109375, 25559.86328125, 28768.8671875, 36334.3671875, 34164.63671875, 28265.78125], "pixel_cosine": [0.7731667757034302, 0.8495513796806335, 0.7835509181022644, 0.7775580883026123, 0.837416410446167, 0.848641037940979, 0.8006446361541748, 0.6876113414764404, 0.7772137522697449, 0.7944364547729492], "low_L2": [535.8148803710938, 493.2177734375, 488.9706726074219, 573.843505859375, 526.3472900390625, 472.51904296875, 527.9261474609375, 523.2319946289062, 580.79443359375, 565.7420043945312], "low_cosine": [0.49332505464553833, 0.5240427255630493, 0.5136975049972534, 0.48094645142555237, 0.5012542605400085, 0.5248657464981079, 0.4943467676639557, 0.4879114031791687, 0.446452260017395, 0.4718680679798126], "mid_L2": [344.6295166015625, 296.9906921386719, 302.1497497558594, 323.8307189941406, 314.9182434082031, 287.64031982421875, 299.82513427734375, 308.82904052734375, 352.2873229980469, 343.10888671875], "mid_cosine": [0.3526330590248108, 0.4186991751194, 0.4020589590072632, 0.3875511884689331, 0.39499717950820923, 0.435240775346756, 0.4283801317214966, 0.38733911514282227, 0.33796727657318115, 0.3635406494140625], "high_L2": [63.70581817626953, 61.084144592285156, 58.581912994384766, 63.71794128417969, 61.46036148071289, 52.972774505615234, 59.948116302490234, 60.3306999206543, 68.95781707763672, 59.475135803222656], "high_cosine": [0.30414754152297974, 0.35609620809555054, 0.3479803204536438, 0.36988890171051025, 0.3700966238975525, 0.49465131759643555, 0.37411364912986755, 0.2704792618751526, 0.19282378256320953, 0.3264046013355255], "clip_cosine": [0.9990533590316772, 0.9989296197891235, 0.9989508390426636, 0.999097466468811, 0.9990872144699097, 0.9989593625068665, 0.999019980430603, 0.9991277456283569, 0.9989245533943176, 0.9989023804664612], "dino_cosine": [0.9322037100791931, 0.9331434965133667, 0.9374982118606567, 0.9441881775856018, 0.9359707236289978, 0.9375015497207642, 0.9240908026695251, 0.9366505742073059, 0.9359879493713379, 0.9213780760765076], "clip_L2": [11.563529968261719, 11.914776802062988, 11.760619163513184, 11.380868911743164, 11.181388854980469, 12.15911865234375, 11.616323471069336, 10.83897876739502, 12.14885139465332, 12.220993041992188], "dino_L2": [22.724273681640625, 23.123615264892578, 23.32823944091797, 24.1167049407959, 24.12537956237793, 23.50090980529785, 24.050012588500977, 23.052711486816406, 24.07392692565918, 23.817493438720703], "rcnn_confidence": [0.8870262503623962, 0.7791702151298523, 0.5022059082984924, 0.9145030975341797, 0.29330217838287354, 0.5200991034507751, 0.6804772019386292, 0.33876916766166687, 0.7482523918151855, 0.8657667636871338], "yolo_confidence": [0.0, 0.27261897921562195, 0.2836042642593384, 0.2982759475708008, 0.0, 0.0, 0.2801517844200134, 0.28512072563171387, 0.0, 0.0]}