{"pixel_L2": [17628.548828125, 17405.97265625, 17664.38671875, 17474.078125, 17549.419921875, 17591.39453125, 17401.966796875, 17100.869140625, 17325.01953125, 17469.822265625], "pixel_cosine": [0.9199298024177551, 0.9215319752693176, 0.9210851192474365, 0.921531081199646, 0.9203306436538696, 0.9207145571708679, 0.9231444597244263, 0.9232937097549438, 0.9229106903076172, 0.920554518699646], "low_L2": [258.5495300292969, 257.1990051269531, 259.2605895996094, 257.82489013671875, 260.37005615234375, 258.50347900390625, 258.7018127441406, 258.2952880859375, 256.9974365234375, 258.19500732421875], "low_cosine": [0.6671481132507324, 0.6711738109588623, 0.6647359132766724, 0.6693254709243774, 0.6619590520858765, 0.6668064594268799, 0.6666549444198608, 0.6676972508430481, 0.6718786358833313, 0.6681137084960938], "mid_L2": [207.51654052734375, 208.6539764404297, 207.11334228515625, 208.81712341308594, 210.93678283691406, 208.79769897460938, 211.7579345703125, 209.46669006347656, 210.2418975830078, 210.44784545898438], "mid_cosine": [0.49107906222343445, 0.4918230175971985, 0.4906894266605377, 0.4947342276573181, 0.48591333627700806, 0.49058181047439575, 0.48402702808380127, 0.49451202154159546, 0.48543781042099, 0.48331359028816223], "high_L2": [58.63276290893555, 57.54314422607422, 57.6065559387207, 61.432559967041016, 61.356807708740234, 58.038665771484375, 60.21993637084961, 60.428157806396484, 59.29325866699219, 58.4072151184082], "high_cosine": [0.38902047276496887, 0.4238150119781494, 0.4141841232776642, 0.37717124819755554, 0.4060775637626648, 0.41025519371032715, 0.39253491163253784, 0.38821348547935486, 0.4057773947715759, 0.3956874907016754], "clip_cosine": [0.9989783763885498, 0.9990088939666748, 0.9989761114120483, 0.9989688396453857, 0.9989955425262451, 0.9989612102508545, 0.9989683628082275, 0.9989593029022217, 0.9989173412322998, 0.9990378618240356], "dino_cosine": [0.9545535445213318, 0.9583943486213684, 0.9530364871025085, 0.9556983709335327, 0.95775306224823, 0.9591371417045593, 0.9537968635559082, 0.9558553695678711, 0.9548251032829285, 0.9565733671188354], "clip_L2": [12.275039672851562, 12.380105972290039, 12.540069580078125, 12.662358283996582, 12.110405921936035, 12.56590461730957, 12.527164459228516, 12.412419319152832, 12.592845916748047, 11.901388168334961], "dino_L2": [17.07109832763672, 16.547578811645508, 17.27303123474121, 16.92399787902832, 16.617403030395508, 16.406179428100586, 16.994022369384766, 16.868837356567383, 16.99079704284668, 16.696582794189453], "rcnn_confidence": [0.0, 0.0, 0.0, 0.0, 0.0, 0.0, 0.0, 0.0, 0.0, 0.0], "yolo_confidence": [0.0, 0.0, 0.0, 0.0, 0.0, 0.0, 0.0, 0.0, 0.0, 0.0]}