{"pixel_L2": [24008.419921875, 24008.419921875, 24008.419921875, 24008.419921875, 24008.419921875, 24008.419921875, 24008.419921875, 24008.419921875, 24008.419921875, 24008.419921875], "pixel_cosine": [0.0, 0.0, 0.0, 0.0, 0.0, 0.0, 0.0, 0.0, 0.0, 0.0], "low_L2": [415.25762939453125, 415.25762939453125, 415.25762939453125, 415.25762939453125, 415.25762939453125, 415.25762939453125, 415.25762939453125, 415.25762939453125, 415.25762939453125, 415.25762939453125], "low_cosine": [0.32652896642684937, 0.32652896642684937, 0.32652896642684937, 0.32652896642684937, 0.32652896642684937, 0.32652896642684937, 0.32652896642684937, 0.32652896642684937, 0.32652896642684937, 0.32652896642684937], "mid_L2": [256.0906066894531, 256.0906066894531, 256.0906066894531, 256.0906066894531, 256.0906066894531, 256.0906066894531, 256.0906066894531, 256.0906066894531, 256.0906066894531, 256.0906066894531], "mid_cosine": [0.2705243229866028, 0.2705243229866028, 0.2705243229866028, 0.2705243229866028, 0.2705243229866028, 0.2705243229866028, 0.2705243229866028, 0.2705243229866028, 0.2705243229866028, 0.2705243229866028], "high_L2": [61.69922637939453, 61.69922637939453, 61.69922637939453, 61.69922637939453, 61.69922637939453, 61.69922637939453, 61.69922637939453, 61.69922637939453, 61.69922637939453, 61.69922637939453], "high_cosine": [0.1390882283449173, 0.1390882283449173, 0.1390882283449173, 0.1390882283449173, 0.1390882283449173, 0.1390882283449173, 0.1390882283449173, 0.1390882283449173, 0.1390882283449173, 0.1390882283449173], "clip_cosine": [0.9988135695457458, 0.9988135695457458, 0.9988135695457458, 0.9988135695457458, 0.9988135695457458, 0.9988135695457458, 0.9988135695457458, 0.9988135695457458, 0.9988135695457458, 0.9988135695457458], "dino_cosine": [0.9396637678146362, 0.9396637678146362, 0.9396637678146362, 0.9396637678146362, 0.9396637678146362, 0.9396637678146362, 0.9396637678146362, 0.9396637678146362, 0.9396637678146362, 0.9396637678146362], "clip_L2": [14.487805366516113, 14.487805366516113, 14.487805366516113, 14.487805366516113, 14.487805366516113, 14.487805366516113, 14.487805366516113, 14.487805366516113, 14.487805366516113, 14.487805366516113], "dino_L2": [21.787677764892578, 21.787677764892578, 21.787677764892578, 21.787677764892578, 21.787677764892578, 21.787677764892578, 21.787677764892578, 21.787677764892578, 21.787677764892578, 21.787677764892578], "rcnn_confidence": [0.0, 0.0, 0.0, 0.0, 0.0, 0.0, 0.0, 0.0, 0.0, 0.0], "yolo_confidence": [0.0, 0.0, 0.0, 0.0, 0.0, 0.0, 0.0, 0.0, 0.0, 0.0]}