{"pixel_L2": [29475.5234375, 29475.5234375, 29475.5234375, 29475.5234375, 29475.5234375, 29475.5234375, 29475.5234375, 29475.5234375, 29475.5234375, 29475.5234375], "pixel_cosine": [0.0, 0.0, 0.0, 0.0, 0.0, 0.0, 0.0, 0.0, 0.0, 0.0], "low_L2": [409.06475830078125, 409.06475830078125, 409.06475830078125, 409.06475830078125, 409.06475830078125, 409.06475830078125, 409.06475830078125, 409.06475830078125, 409.06475830078125, 409.06475830078125], "low_cosine": [0.3050018846988678, 0.3050018846988678, 0.3050018846988678, 0.3050018846988678, 0.3050018846988678, 0.3050018846988678, 0.3050018846988678, 0.3050018846988678, 0.3050018846988678, 0.3050018846988678], "mid_L2": [250.1825408935547, 250.1825408935547, 250.1825408935547, 250.1825408935547, 250.1825408935547, 250.1825408935547, 250.1825408935547, 250.1825408935547, 250.1825408935547, 250.1825408935547], "mid_cosine": [0.1916857659816742, 0.1916857659816742, 0.1916857659816742, 0.1916857659816742, 0.1916857659816742, 0.1916857659816742, 0.1916857659816742, 0.1916857659816742, 0.1916857659816742, 0.1916857659816742], "high_L2": [59.55234909057617, 59.55234909057617, 59.55234909057617, 59.55234909057617, 59.55234909057617, 59.55234909057617, 59.55234909057617, 59.55234909057617, 59.55234909057617, 59.55234909057617], "high_cosine": [0.03623272478580475, 0.03623272478580475, 0.03623272478580475, 0.03623272478580475, 0.03623272478580475, 0.03623272478580475, 0.03623272478580475, 0.03623272478580475, 0.03623272478580475, 0.03623272478580475], "clip_cosine": [0.9975934028625488, 0.9975934028625488, 0.9975934028625488, 0.9975934028625488, 0.9975934028625488, 0.9975934028625488, 0.9975934028625488, 0.9975934028625488, 0.9975934028625488, 0.9975934028625488], "dino_cosine": [0.9492143392562866, 0.9492143392562866, 0.9492143392562866, 0.9492143392562866, 0.9492143392562866, 0.9492143392562866, 0.9492143392562866, 0.9492143392562866, 0.9492143392562866, 0.9492143392562866], "clip_L2": [18.279403686523438, 18.279403686523438, 18.279403686523438, 18.279403686523438, 18.279403686523438, 18.279403686523438, 18.279403686523438, 18.279403686523438, 18.279403686523438, 18.279403686523438], "dino_L2": [23.362812042236328, 23.362812042236328, 23.362812042236328, 23.362812042236328, 23.362812042236328, 23.362812042236328, 23.362812042236328, 23.362812042236328, 23.362812042236328, 23.362812042236328], "rcnn_confidence": [0.0, 0.0, 0.0, 0.0, 0.0, 0.0, 0.0, 0.0, 0.0, 0.0], "yolo_confidence": [0.0, 0.0, 0.0, 0.0, 0.0, 0.0, 0.0, 0.0, 0.0, 0.0]}