{"pixel_L2": [20317.986328125, 20317.986328125, 20317.986328125, 20317.986328125, 20317.986328125, 20317.986328125, 20317.986328125, 20317.986328125, 20317.986328125, 20317.986328125], "pixel_cosine": [0.0, 0.0, 0.0, 0.0, 0.0, 0.0, 0.0, 0.0, 0.0, 0.0], "low_L2": [198.514892578125, 198.514892578125, 198.514892578125, 198.514892578125, 198.514892578125, 198.514892578125, 198.514892578125, 198.514892578125, 198.514892578125, 198.514892578125], "low_cosine": [0.5749863982200623, 0.5749863982200623, 0.5749863982200623, 0.5749863982200623, 0.5749863982200623, 0.5749863982200623, 0.5749863982200623, 0.5749863982200623, 0.5749863982200623, 0.5749863982200623], "mid_L2": [163.53321838378906, 163.53321838378906, 163.53321838378906, 163.53321838378906, 163.53321838378906, 163.53321838378906, 163.53321838378906, 163.53321838378906, 163.53321838378906, 163.53321838378906], "mid_cosine": [0.43245500326156616, 0.43245500326156616, 0.43245500326156616, 0.43245500326156616, 0.43245500326156616, 0.43245500326156616, 0.43245500326156616, 0.43245500326156616, 0.43245500326156616, 0.43245500326156616], "high_L2": [44.86174774169922, 44.86174774169922, 44.86174774169922, 44.86174774169922, 44.86174774169922, 44.86174774169922, 44.86174774169922, 44.86174774169922, 44.86174774169922, 44.86174774169922], "high_cosine": [0.4202997088432312, 0.4202997088432312, 0.4202997088432312, 0.4202997088432312, 0.4202997088432312, 0.4202997088432312, 0.4202997088432312, 0.4202997088432312, 0.4202997088432312, 0.4202997088432312], "clip_cosine": [0.998807430267334, 0.998807430267334, 0.998807430267334, 0.998807430267334, 0.998807430267334, 0.998807430267334, 0.998807430267334, 0.998807430267334, 0.998807430267334, 0.998807430267334], "dino_cosine": [0.9501609802246094, 0.9501609802246094, 0.9501609802246094, 0.9501609802246094, 0.9501609802246094, 0.9501609802246094, 0.9501609802246094, 0.9501609802246094, 0.9501609802246094, 0.9501609802246094], "clip_L2": [14.225079536437988, 14.225079536437988, 14.225079536437988, 14.225079536437988, 14.225079536437988, 14.225079536437988, 14.225079536437988, 14.225079536437988, 14.225079536437988, 14.225079536437988], "dino_L2": [21.148340225219727, 21.148340225219727, 21.148340225219727, 21.148340225219727, 21.148340225219727, 21.148340225219727, 21.148340225219727, 21.148340225219727, 21.148340225219727, 21.148340225219727], "rcnn_confidence": [0.0, 0.0, 0.0, 0.0, 0.0, 0.0, 0.0, 0.0, 0.0, 0.0], "yolo_confidence": [0.0, 0.0, 0.0, 0.0, 0.0, 0.0, 0.0, 0.0, 0.0, 0.0]}