{"pixel_L2": [29986.923828125, 32989.703125, 29723.51171875, 30322.33984375, 31984.708984375, 31020.07421875, 29279.029296875, 30302.13671875, 31763.197265625, 29712.22265625], "pixel_cosine": [0.6655037999153137, 0.5829183459281921, 0.6659502387046814, 0.646843433380127, 0.6090616583824158, 0.642983615398407, 0.6786801218986511, 0.6536604166030884, 0.6204711198806763, 0.6645973324775696], "low_L2": [354.6806335449219, 370.51025390625, 334.5037536621094, 348.0412292480469, 362.6594543457031, 356.6319274902344, 341.67926025390625, 385.95758056640625, 373.7204284667969, 348.02630615234375], "low_cosine": [0.3626731038093567, 0.37429100275039673, 0.44086453318595886, 0.39751142263412476, 0.36811453104019165, 0.36471325159072876, 0.4254339933395386, 0.4144909977912903, 0.3482334017753601, 0.4225064516067505], "mid_L2": [299.1037902832031, 292.9874572753906, 290.5177307128906, 302.63153076171875, 307.6404113769531, 297.5256652832031, 284.20111083984375, 321.8686218261719, 307.1685791015625, 297.0745849609375], "mid_cosine": [0.2306896448135376, 0.2606719732284546, 0.2706460952758789, 0.23599819839000702, 0.24139350652694702, 0.2536967396736145, 0.2859937250614166, 0.21182000637054443, 0.21520636975765228, 0.2623443007469177], "high_L2": [48.62050247192383, 55.8548698425293, 47.81107711791992, 49.81827163696289, 51.90336990356445, 52.14289855957031, 43.22058868408203, 58.25390625, 53.82497024536133, 50.451316833496094], "high_cosine": [0.5572341084480286, 0.4830746650695801, 0.5785377621650696, 0.5344370007514954, 0.5463128685951233, 0.5134589076042175, 0.6645510196685791, 0.4051106572151184, 0.4744689464569092, 0.5403895378112793], "clip_cosine": [0.9991170763969421, 0.999271810054779, 0.9991065263748169, 0.9990934133529663, 0.9993314743041992, 0.9992793798446655, 0.9992102980613708, 0.9991732835769653, 0.9993243217468262, 0.9993613958358765], "dino_cosine": [0.9631025791168213, 0.9625502824783325, 0.95747971534729, 0.9634208083152771, 0.9652198553085327, 0.9533637166023254, 0.9511176943778992, 0.9409408569335938, 0.9568694829940796, 0.9612529873847961], "clip_L2": [11.637893676757812, 10.147831916809082, 11.458065032958984, 11.437840461730957, 9.999432563781738, 10.29074764251709, 11.057538032531738, 10.997077941894531, 9.744056701660156, 9.726881980895996], "dino_L2": [17.158557891845703, 17.526447296142578, 17.822227478027344, 16.915544509887695, 15.860785484313965, 17.076894760131836, 17.040016174316406, 18.147844314575195, 16.44011688232422, 17.311079025268555], "rcnn_confidence": [0.0, 0.053312718868255615, 0.25773996114730835, 0.13214656710624695, 0.0, 0.2985885441303253, 0.0772847905755043, 0.07637293636798859, 0.08176727592945099, 0.12710972130298615], "yolo_confidence": [0.0, 0.0, 0.0, 0.0, 0.0, 0.0, 0.0, 0.0, 0.0, 0.0]}