{"pixel_L2": [26432.794921875, 26256.65625, 26675.55078125, 27110.83203125, 27468.703125, 26442.345703125, 26290.412109375, 26812.2734375, 26285.1875, 26491.357421875], "pixel_cosine": [0.8091049194335938, 0.8101655840873718, 0.7885410785675049, 0.7997463941574097, 0.8206118941307068, 0.7945691347122192, 0.8021777272224426, 0.7877228260040283, 0.8317863941192627, 0.7942577004432678], "low_L2": [443.693115234375, 392.72723388671875, 400.8860778808594, 413.18487548828125, 456.6350402832031, 398.9957275390625, 394.610107421875, 393.6037902832031, 452.3087463378906, 405.19500732421875], "low_cosine": [0.37252914905548096, 0.3543989062309265, 0.3316735029220581, 0.3322700262069702, 0.39034438133239746, 0.3303462266921997, 0.3384459614753723, 0.33576464653015137, 0.38680148124694824, 0.3358207941055298], "mid_L2": [312.81072998046875, 294.82611083984375, 296.16009521484375, 303.1603698730469, 323.6792297363281, 290.42303466796875, 295.51068115234375, 287.6974792480469, 319.3230895996094, 294.8310241699219], "mid_cosine": [0.1937776654958725, 0.2196030467748642, 0.20966830849647522, 0.19837328791618347, 0.20471394062042236, 0.21384316682815552, 0.22062356770038605, 0.2106853425502777, 0.2075563669204712, 0.2175646424293518], "high_L2": [56.86748504638672, 60.36087417602539, 57.70853805541992, 57.53082275390625, 57.241119384765625, 57.74694061279297, 60.63608932495117, 61.66773986816406, 60.802127838134766, 56.902984619140625], "high_cosine": [0.2289169281721115, 0.21488970518112183, 0.24700433015823364, 0.27021586894989014, 0.24716758728027344, 0.23768305778503418, 0.24092227220535278, 0.21073710918426514, 0.20263981819152832, 0.2824125289916992], "clip_cosine": [0.9989520311355591, 0.9986683130264282, 0.9986599683761597, 0.9991053342819214, 0.9990404844284058, 0.9990502595901489, 0.9989296793937683, 0.998978853225708, 0.9990466833114624, 0.99895840883255], "dino_cosine": [0.9644404649734497, 0.9684985280036926, 0.9574795961380005, 0.9583160877227783, 0.9608117341995239, 0.9577003121376038, 0.9647162556648254, 0.9684245586395264, 0.9646211862564087, 0.9643411636352539], "clip_L2": [11.418288230895996, 12.559078216552734, 13.08086109161377, 10.294157981872559, 11.079602241516113, 11.30245590209961, 11.730265617370605, 11.348624229431152, 10.768893241882324, 11.274922370910645], "dino_L2": [15.426053047180176, 14.552507400512695, 15.494511604309082, 15.260595321655273, 14.762584686279297, 14.361505508422852, 13.665847778320312, 13.601275444030762, 14.729104042053223, 14.142130851745605], "rcnn_confidence": [0.4614684581756592, 0.0, 0.5992945432662964, 0.13555440306663513, 0.25973349809646606, 0.21626831591129303, 0.17740699648857117, 0.0, 0.0, 0.22427375614643097], "yolo_confidence": [0.0, 0.0, 0.0, 0.0, 0.0, 0.0, 0.0, 0.0, 0.0, 0.0]}