{"pixel_L2": [10349.40234375, 10371.541015625, 10438.470703125, 10406.19921875, 10397.095703125, 10319.59375, 10366.2109375, 10303.1435546875, 10440.5400390625, 10265.9755859375], "pixel_cosine": [0.3426790237426758, 0.33148956298828125, 0.3220577538013458, 0.33786740899086, 0.3327697515487671, 0.3433358669281006, 0.33663707971572876, 0.34769734740257263, 0.3284851610660553, 0.3521216809749603], "low_L2": [115.22238159179688, 114.93583679199219, 115.24852752685547, 123.96199035644531, 113.9361343383789, 115.9326171875, 115.3005599975586, 114.23246002197266, 116.45014953613281, 113.96839141845703], "low_cosine": [0.8025379776954651, 0.8030310869216919, 0.8024709224700928, 0.7825912237167358, 0.8055419325828552, 0.8006378412246704, 0.8022825717926025, 0.8046027421951294, 0.7996945381164551, 0.805953860282898], "mid_L2": [149.10498046875, 147.16302490234375, 148.46633911132812, 154.3987274169922, 147.7180938720703, 150.9062957763672, 147.90243530273438, 150.1595001220703, 149.17575073242188, 148.05325317382812], "mid_cosine": [0.4354194402694702, 0.44502556324005127, 0.43774667382240295, 0.4208040237426758, 0.43893036246299744, 0.42813247442245483, 0.443095326423645, 0.4334776997566223, 0.4369280934333801, 0.4411807060241699], "high_L2": [35.304630279541016, 36.72694396972656, 36.969871520996094, 37.11863708496094, 36.6760139465332, 34.81978225708008, 35.73148727416992, 35.38875961303711, 35.9996337890625, 35.70780563354492], "high_cosine": [0.504832923412323, 0.48002955317497253, 0.46300363540649414, 0.4712320566177368, 0.47021162509918213, 0.5077148675918579, 0.49061259627342224, 0.4994364380836487, 0.4898499548435211, 0.4893137812614441], "clip_cosine": [0.9995229840278625, 0.9994916915893555, 0.9994738101959229, 0.9995280504226685, 0.9995158910751343, 0.9994929432868958, 0.9994651079177856, 0.9994534254074097, 0.9994739890098572, 0.9994655847549438], "dino_cosine": [0.9649817943572998, 0.9709588289260864, 0.9740532636642456, 0.9670143127441406, 0.9742342829704285, 0.9660485982894897, 0.9712408781051636, 0.9732027053833008, 0.9706835746765137, 0.9714075326919556], "clip_L2": [8.946144104003906, 9.354284286499023, 9.345901489257812, 8.980624198913574, 9.233698844909668, 9.40960693359375, 9.26208782196045, 9.750693321228027, 9.255067825317383, 9.68262004852295], "dino_L2": [15.87527084350586, 15.046867370605469, 14.40383529663086, 15.758964538574219, 14.143048286437988, 15.405956268310547, 14.921618461608887, 14.446709632873535, 14.977812767028809, 14.800503730773926], "rcnn_confidence": [0.0, 0.0, 0.0, 0.0, 0.0, 0.0, 0.0, 0.0, 0.0, 0.0], "yolo_confidence": [0.0, 0.0, 0.0, 0.0, 0.0, 0.0, 0.0, 0.0, 0.0, 0.0]}