{"pixel_L2": [34819.42578125, 34745.07421875, 34965.1484375, 35025.609375, 34774.7109375, 34859.8984375, 34960.37890625, 35037.9921875, 34911.59375, 34976.0703125], "pixel_cosine": [0.7160612344741821, 0.7167280316352844, 0.7178143262863159, 0.7179426550865173, 0.7169029712677002, 0.7183816432952881, 0.7195345759391785, 0.7189392447471619, 0.7179297208786011, 0.7159561514854431], "low_L2": [457.3810729980469, 455.968505859375, 455.0107116699219, 453.8543395996094, 455.81524658203125, 451.2412109375, 453.6508483886719, 455.8421630859375, 457.3071594238281, 453.3671569824219], "low_cosine": [0.5363573431968689, 0.536426842212677, 0.5383598208427429, 0.5401781797409058, 0.5365361571311951, 0.543023943901062, 0.5398352742195129, 0.5347899198532104, 0.5350859761238098, 0.5404685735702515], "mid_L2": [309.3096923828125, 310.4473571777344, 309.62872314453125, 310.87835693359375, 307.20916748046875, 308.495849609375, 310.654541015625, 307.4564514160156, 310.69451904296875, 310.4793395996094], "mid_cosine": [0.3656129837036133, 0.36390256881713867, 0.3657810091972351, 0.3621423840522766, 0.3649946451187134, 0.36673563718795776, 0.3584040403366089, 0.361289381980896, 0.3641102910041809, 0.3631408214569092], "high_L2": [60.3021240234375, 60.84760665893555, 60.18872833251953, 61.16258239746094, 60.314002990722656, 59.93963623046875, 60.58964920043945, 60.14141082763672, 61.692840576171875, 61.91996765136719], "high_cosine": [0.2969079315662384, 0.30553504824638367, 0.3063563108444214, 0.2998204231262207, 0.2919667363166809, 0.2981909513473511, 0.29046761989593506, 0.2972310185432434, 0.2875863313674927, 0.29628074169158936], "clip_cosine": [0.9979990124702454, 0.9981443285942078, 0.9980974793434143, 0.998070240020752, 0.9981321096420288, 0.9981030821800232, 0.9980595707893372, 0.9980297088623047, 0.9981119632720947, 0.9980982542037964], "dino_cosine": [0.9406718611717224, 0.9471891522407532, 0.9363776445388794, 0.9414666295051575, 0.9462345838546753, 0.933894157409668, 0.933035671710968, 0.9297065734863281, 0.9450465440750122, 0.9339705109596252], "clip_L2": [16.373838424682617, 15.82875919342041, 15.968159675598145, 16.079830169677734, 15.746980667114258, 15.937517166137695, 16.175588607788086, 16.295188903808594, 15.950900077819824, 15.96475601196289], "dino_L2": [18.09732437133789, 17.183496475219727, 17.727779388427734, 17.651546478271484, 17.492555618286133, 18.255550384521484, 17.989473342895508, 18.38637924194336, 17.2388858795166, 17.902660369873047], "rcnn_confidence": [0.0, 0.0, 0.0, 0.0, 0.0, 0.0, 0.0, 0.0, 0.0, 0.0], "yolo_confidence": [0.0, 0.0, 0.0, 0.0, 0.0, 0.0, 0.0, 0.0, 0.0, 0.0]}