{"pixel_L2": [19648.3671875, 18905.078125, 18916.841796875, 18740.5, 18912.974609375, 18977.3671875, 18911.470703125, 18824.310546875, 19190.416015625, 18924.9609375], "pixel_cosine": [0.8199506998062134, 0.8320974707603455, 0.8317970037460327, 0.8353002071380615, 0.8318273425102234, 0.8305946588516235, 0.8320250511169434, 0.8338197469711304, 0.8272029757499695, 0.8320630788803101], "low_L2": [387.6606750488281, 369.95037841796875, 369.8551330566406, 376.0970764160156, 368.2143249511719, 374.66119384765625, 371.697509765625, 376.9341125488281, 376.26171875, 371.77001953125], "low_cosine": [0.7273961305618286, 0.7211334705352783, 0.7126520872116089, 0.7124223113059998, 0.712915301322937, 0.706689715385437, 0.7125033140182495, 0.7142534255981445, 0.7217653393745422, 0.7241388559341431], "mid_L2": [290.0978698730469, 284.53466796875, 286.794921875, 288.8212585449219, 288.65057373046875, 286.056884765625, 286.7041015625, 289.288330078125, 288.1179504394531, 288.10662841796875], "mid_cosine": [0.539949893951416, 0.5559841394424438, 0.546103835105896, 0.535400390625, 0.5376902222633362, 0.5437982082366943, 0.5449768304824829, 0.5347634553909302, 0.5443524122238159, 0.5447472333908081], "high_L2": [70.15930938720703, 68.85810852050781, 70.68011474609375, 70.07916259765625, 71.33792114257812, 70.54376983642578, 70.16056823730469, 72.66242980957031, 70.80797576904297, 70.70075988769531], "high_cosine": [0.4747816324234009, 0.4880429804325104, 0.46475136280059814, 0.46259617805480957, 0.46335887908935547, 0.4599883556365967, 0.4693046808242798, 0.42864346504211426, 0.4641057550907135, 0.45959943532943726], "clip_cosine": [0.9983839392662048, 0.998440146446228, 0.998293399810791, 0.9984167218208313, 0.9985382556915283, 0.9985818862915039, 0.9984585642814636, 0.9984097480773926, 0.9983475208282471, 0.9983808398246765], "dino_cosine": [0.9315291047096252, 0.9313656687736511, 0.9353454113006592, 0.9389146566390991, 0.9355460405349731, 0.9366053342819214, 0.9418402314186096, 0.9384782314300537, 0.9370726346969604, 0.9379137754440308], "clip_L2": [14.287576675415039, 14.252629280090332, 14.512824058532715, 14.11398696899414, 13.463174819946289, 13.44047737121582, 14.066436767578125, 14.181136131286621, 14.523277282714844, 14.324850082397461], "dino_L2": [19.43748664855957, 19.916025161743164, 19.233978271484375, 18.363155364990234, 18.675851821899414, 18.423559188842773, 18.198413848876953, 18.02596092224121, 19.064525604248047, 19.139074325561523], "rcnn_confidence": [0.24801892042160034, 0.6879865527153015, 0.2202480137348175, 0.05241012200713158, 0.4791882336139679, 0.8141393065452576, 0.12998872995376587, 0.14345526695251465, 0.11600693315267563, 0.20991067588329315], "yolo_confidence": [0.0, 0.0, 0.0, 0.0, 0.0, 0.0, 0.0, 0.0, 0.0, 0.0]}