{"pixel_L2": [19077.333984375, 18778.8828125, 18942.95703125, 18948.95703125, 18560.89453125, 18641.453125, 19300.48046875, 18982.6640625, 18920.98828125, 18910.623046875], "pixel_cosine": [0.8872510194778442, 0.8890436291694641, 0.8899048566818237, 0.8902688026428223, 0.8941528797149658, 0.8905110359191895, 0.8898811340332031, 0.8886799812316895, 0.8903404474258423, 0.8855092525482178], "low_L2": [378.11688232421875, 379.4566345214844, 376.5932312011719, 376.38275146484375, 378.71240234375, 380.31378173828125, 378.8536682128906, 376.9716796875, 376.5344543457031, 382.6749267578125], "low_cosine": [0.42345696687698364, 0.41594183444976807, 0.42416033148765564, 0.4311365485191345, 0.4259681701660156, 0.4084693193435669, 0.41607004404067993, 0.42484569549560547, 0.43366938829421997, 0.4073787033557892], "mid_L2": [290.20611572265625, 287.89141845703125, 287.4173889160156, 284.4910583496094, 286.87200927734375, 289.8471984863281, 287.0884704589844, 286.1549377441406, 289.2795715332031, 287.7190246582031], "mid_cosine": [0.23969592154026031, 0.2382516860961914, 0.2311466932296753, 0.24727176129817963, 0.23559117317199707, 0.22561906278133392, 0.2412278801202774, 0.24737876653671265, 0.24070827662944794, 0.23410460352897644], "high_L2": [68.75161743164062, 67.01396179199219, 68.4242172241211, 64.47174835205078, 64.1761245727539, 66.28404235839844, 68.96519470214844, 65.18289947509766, 64.97830963134766, 65.12935638427734], "high_cosine": [0.18958547711372375, 0.23303532600402832, 0.16982834041118622, 0.2460363805294037, 0.26310044527053833, 0.18929459154605865, 0.18208545446395874, 0.2132585644721985, 0.21728815138339996, 0.20507274568080902], "clip_cosine": [0.9985831379890442, 0.9985348582267761, 0.998153805732727, 0.9984601140022278, 0.998343825340271, 0.9981826543807983, 0.9986571073532104, 0.9987266659736633, 0.9980536699295044, 0.9982023239135742], "dino_cosine": [0.9462883472442627, 0.9482295513153076, 0.9530318975448608, 0.9450360536575317, 0.9436901807785034, 0.9576961994171143, 0.9517917633056641, 0.9565452337265015, 0.951119065284729, 0.952496349811554], "clip_L2": [13.048704147338867, 12.828736305236816, 14.231921195983887, 13.262712478637695, 13.300703048706055, 14.241921424865723, 12.608195304870605, 12.41287612915039, 14.500367164611816, 14.445605278015137], "dino_L2": [16.5491886138916, 16.331520080566406, 15.198444366455078, 16.726482391357422, 15.904995918273926, 13.964458465576172, 15.851540565490723, 14.369443893432617, 15.88351821899414, 14.055548667907715], "rcnn_confidence": [0.0, 0.0, 0.0, 0.10677923262119293, 0.0, 0.09568794816732407, 0.09819865226745605, 0.0, 0.0, 0.0], "yolo_confidence": [0.0, 0.0, 0.0, 0.0, 0.0, 0.0, 0.0, 0.0, 0.0, 0.0]}