{"pixel_L2": [20372.90625, 20410.623046875, 20379.095703125, 20334.369140625, 20403.3828125, 20299.12109375, 20519.9296875, 20536.04296875, 20223.162109375, 20226.54296875], "pixel_cosine": [0.7968314290046692, 0.7966734766960144, 0.7959091663360596, 0.7963511347770691, 0.7968217730522156, 0.7952245473861694, 0.7953751087188721, 0.7969552874565125, 0.7958856225013733, 0.7968624830245972], "low_L2": [409.3183288574219, 409.06182861328125, 410.141845703125, 408.7355651855469, 408.3208312988281, 407.94140625, 411.5880432128906, 411.1261291503906, 407.9190368652344, 407.98321533203125], "low_cosine": [0.6358149647712708, 0.6354992389678955, 0.6339492797851562, 0.6374061107635498, 0.6368042230606079, 0.6369749307632446, 0.6360006332397461, 0.6355865001678467, 0.6343973278999329, 0.6343055367469788], "mid_L2": [249.17056274414062, 247.9912567138672, 248.3634033203125, 248.02490234375, 247.10926818847656, 247.5078125, 248.61087036132812, 247.7685546875, 247.19989013671875, 250.1641845703125], "mid_cosine": [0.4986163079738617, 0.5000513792037964, 0.49437618255615234, 0.49816077947616577, 0.5010281801223755, 0.5017431974411011, 0.5008726119995117, 0.5032523274421692, 0.5000121593475342, 0.4931952655315399], "high_L2": [40.60164260864258, 40.64995193481445, 40.461307525634766, 40.08263397216797, 40.26057434082031, 40.078453063964844, 40.976654052734375, 40.398216247558594, 39.834678649902344, 39.921119689941406], "high_cosine": [0.6340166926383972, 0.6322531700134277, 0.6309950351715088, 0.637515127658844, 0.6410971283912659, 0.6406717300415039, 0.633414089679718, 0.6404818296432495, 0.6427470445632935, 0.6418415904045105], "clip_cosine": [0.9989132881164551, 0.9988456964492798, 0.9988093376159668, 0.9989529252052307, 0.9989625215530396, 0.9989103078842163, 0.998832106590271, 0.9989168047904968, 0.9988841414451599, 0.9989144802093506], "dino_cosine": [0.9858347177505493, 0.9867904782295227, 0.987485945224762, 0.986118733882904, 0.9858269095420837, 0.9852665662765503, 0.9873204231262207, 0.9864532947540283, 0.9849169850349426, 0.9859254956245422], "clip_L2": [13.629118919372559, 13.939640045166016, 14.185064315795898, 13.189516067504883, 13.108458518981934, 13.575204849243164, 13.985626220703125, 13.500825881958008, 13.748618125915527, 13.577075958251953], "dino_L2": [15.989897727966309, 15.830782890319824, 15.929215431213379, 16.138803482055664, 16.057165145874023, 16.33881950378418, 15.835575103759766, 16.173234939575195, 16.56939697265625, 16.32685089111328], "rcnn_confidence": [0.0, 0.0, 0.0, 0.0, 0.0, 0.0, 0.0, 0.0, 0.0, 0.0], "yolo_confidence": [0.0, 0.0, 0.0, 0.0, 0.0, 0.0, 0.0, 0.0, 0.0, 0.0]}