{"pixel_L2": [38590.7421875, 38426.3828125, 38067.5390625, 38117.265625, 38102.109375, 37769.9296875, 38860.1875, 38359.08984375, 38762.97265625, 39277.66796875], "pixel_cosine": [0.774167001247406, 0.7840933203697205, 0.7701780200004578, 0.7843302488327026, 0.7658997178077698, 0.7832962274551392, 0.7781943082809448, 0.7772279381752014, 0.7780769467353821, 0.7837724685668945], "low_L2": [638.5488891601562, 623.7675170898438, 605.5540771484375, 606.0501098632812, 603.8218383789062, 606.2958984375, 620.7713012695312, 612.598388671875, 642.8881225585938, 632.8355712890625], "low_cosine": [0.4328477382659912, 0.4306834936141968, 0.426830530166626, 0.4363824725151062, 0.42994260787963867, 0.42775923013687134, 0.4258396625518799, 0.4269915521144867, 0.4230256974697113, 0.41638362407684326], "mid_L2": [434.48834228515625, 428.3482360839844, 430.75274658203125, 427.2389831542969, 431.5496520996094, 413.2311096191406, 428.8255615234375, 421.03326416015625, 431.6493225097656, 427.5760803222656], "mid_cosine": [0.20894555747509003, 0.2220543920993805, 0.2129371464252472, 0.22620892524719238, 0.2125147581100464, 0.2336180955171585, 0.21747982501983643, 0.23416224122047424, 0.2025093138217926, 0.21099570393562317], "high_L2": [58.85850143432617, 63.560081481933594, 60.85221862792969, 59.16622543334961, 63.7054557800293, 58.53985595703125, 57.871063232421875, 61.011566162109375, 58.783077239990234, 58.101139068603516], "high_cosine": [0.28893759846687317, 0.2774330973625183, 0.2982313334941864, 0.3256525695323944, 0.3012320399284363, 0.28779923915863037, 0.3374778628349304, 0.3204613924026489, 0.2800840735435486, 0.31164103746414185], "clip_cosine": [0.9986630082130432, 0.9987064003944397, 0.9986065030097961, 0.9987661838531494, 0.998589277267456, 0.9986602067947388, 0.9987215995788574, 0.9987103939056396, 0.9987231492996216, 0.9987313151359558], "dino_cosine": [0.9471268653869629, 0.9539642930030823, 0.9561082720756531, 0.9593951106071472, 0.9582427144050598, 0.9601152539253235, 0.9509300589561462, 0.9549470543861389, 0.9522098898887634, 0.9441078901290894], "clip_L2": [13.273994445800781, 13.2713041305542, 13.951129913330078, 13.16433334350586, 13.684027671813965, 13.572071075439453, 13.130681037902832, 13.4277925491333, 13.084342956542969, 13.228279113769531], "dino_L2": [16.231725692749023, 15.906126022338867, 15.903450012207031, 15.104166984558105, 15.454252243041992, 15.500370979309082, 16.746309280395508, 15.561833381652832, 16.407289505004883, 16.78050994873047], "rcnn_confidence": [0.48031097650527954, 0.41467711329460144, 0.5005073547363281, 0.6207867860794067, 0.44419729709625244, 0.2390129119157791, 0.6141467094421387, 0.5090411901473999, 0.6271561980247498, 0.7329532504081726], "yolo_confidence": [0.2522609829902649, 0.0, 0.0, 0.0, 0.0, 0.0, 0.0, 0.0, 0.0, 0.0]}