{"pixel_L2": [19476.404296875, 19476.404296875, 19476.404296875, 19476.404296875, 19476.404296875, 19476.404296875, 19476.404296875, 19476.404296875, 19476.404296875, 19476.404296875], "pixel_cosine": [0.0, 0.0, 0.0, 0.0, 0.0, 0.0, 0.0, 0.0, 0.0, 0.0], "low_L2": [371.3483581542969, 371.3483581542969, 371.3483581542969, 371.3483581542969, 371.3483581542969, 371.3483581542969, 371.3483581542969, 371.3483581542969, 371.3483581542969, 371.3483581542969], "low_cosine": [0.38349419832229614, 0.38349419832229614, 0.38349419832229614, 0.38349419832229614, 0.38349419832229614, 0.38349419832229614, 0.38349419832229614, 0.38349419832229614, 0.38349419832229614, 0.38349419832229614], "mid_L2": [280.184326171875, 280.184326171875, 280.184326171875, 280.184326171875, 280.184326171875, 280.184326171875, 280.184326171875, 280.184326171875, 280.184326171875, 280.184326171875], "mid_cosine": [0.26916998624801636, 0.26916998624801636, 0.26916998624801636, 0.26916998624801636, 0.26916998624801636, 0.26916998624801636, 0.26916998624801636, 0.26916998624801636, 0.26916998624801636, 0.26916998624801636], "high_L2": [58.32789611816406, 58.32789611816406, 58.32789611816406, 58.32789611816406, 58.32789611816406, 58.32789611816406, 58.32789611816406, 58.32789611816406, 58.32789611816406, 58.32789611816406], "high_cosine": [0.16969284415245056, 0.16969284415245056, 0.16969284415245056, 0.16969284415245056, 0.16969284415245056, 0.16969284415245056, 0.16969284415245056, 0.16969284415245056, 0.16969284415245056, 0.16969284415245056], "clip_cosine": [0.9983575940132141, 0.9983575940132141, 0.9983575940132141, 0.9983575940132141, 0.9983575940132141, 0.9983575940132141, 0.9983575940132141, 0.9983575940132141, 0.9983575940132141, 0.9983575940132141], "dino_cosine": [0.9409715533256531, 0.9409715533256531, 0.9409715533256531, 0.9409715533256531, 0.9409715533256531, 0.9409715533256531, 0.9409715533256531, 0.9409715533256531, 0.9409715533256531, 0.9409715533256531], "clip_L2": [16.12398338317871, 16.12398338317871, 16.12398338317871, 16.12398338317871, 16.12398338317871, 16.12398338317871, 16.12398338317871, 16.12398338317871, 16.12398338317871, 16.12398338317871], "dino_L2": [22.635007858276367, 22.635007858276367, 22.635007858276367, 22.635007858276367, 22.635007858276367, 22.635007858276367, 22.635007858276367, 22.635007858276367, 22.635007858276367, 22.635007858276367], "rcnn_confidence": [0.0, 0.0, 0.0, 0.0, 0.0, 0.0, 0.0, 0.0, 0.0, 0.0], "yolo_confidence": [0.0, 0.0, 0.0, 0.0, 0.0, 0.0, 0.0, 0.0, 0.0, 0.0]}