{"pixel_L2": [17873.7578125, 17835.162109375, 18340.349609375, 18858.390625, 18870.42578125, 17636.201171875, 18087.1640625, 17659.021484375, 19371.234375, 18235.798828125], "pixel_cosine": [0.5453414916992188, 0.5483723878860474, 0.5455012321472168, 0.5404596924781799, 0.537632942199707, 0.5558058023452759, 0.5504493713378906, 0.5551204681396484, 0.5257007479667664, 0.541235625743866], "low_L2": [362.189208984375, 347.4754943847656, 363.7560729980469, 365.63641357421875, 405.2272033691406, 342.79852294921875, 368.94573974609375, 353.4457702636719, 390.1585998535156, 354.01971435546875], "low_cosine": [0.5133048295974731, 0.5440328121185303, 0.5148916244506836, 0.5335582494735718, 0.4872950315475464, 0.537136435508728, 0.516788125038147, 0.537816047668457, 0.5067555904388428, 0.5352872014045715], "mid_L2": [299.5292663574219, 295.50518798828125, 308.8357238769531, 297.41094970703125, 309.5624084472656, 293.63214111328125, 300.96575927734375, 299.5643005371094, 316.8184509277344, 305.86907958984375], "mid_cosine": [0.3739994168281555, 0.3886866271495819, 0.35609757900238037, 0.38288185000419617, 0.3658004105091095, 0.37373387813568115, 0.3698711097240448, 0.3838012218475342, 0.36406582593917847, 0.3631461262702942], "high_L2": [62.43724822998047, 63.91011047363281, 64.41309356689453, 63.96516418457031, 63.751739501953125, 65.48138427734375, 63.292205810546875, 61.87751007080078, 62.327735900878906, 63.53800582885742], "high_cosine": [0.27783095836639404, 0.26375487446784973, 0.2266603410243988, 0.22578944265842438, 0.29530468583106995, 0.24312753975391388, 0.25116175413131714, 0.2971450388431549, 0.27901968359947205, 0.23790250718593597], "clip_cosine": [0.9985243082046509, 0.99864661693573, 0.998566210269928, 0.9986128211021423, 0.9983036518096924, 0.9984484314918518, 0.9983014464378357, 0.9985359311103821, 0.9986492991447449, 0.9985419511795044], "dino_cosine": [0.9586066603660583, 0.9485306143760681, 0.9492285251617432, 0.9528647065162659, 0.9631744623184204, 0.9501911401748657, 0.9603307247161865, 0.9469690322875977, 0.9558573961257935, 0.9556778073310852], "clip_L2": [13.258562088012695, 12.89633560180664, 13.44824504852295, 13.543411254882812, 14.308967590332031, 13.896910667419434, 14.455927848815918, 13.400979995727539, 13.141853332519531, 13.450896263122559], "dino_L2": [17.278461456298828, 18.050151824951172, 18.076488494873047, 17.590301513671875, 18.423978805541992, 18.029146194458008, 17.900833129882812, 17.90625, 17.863998413085938, 17.980558395385742], "rcnn_confidence": [0.38883155584335327, 0.6314079761505127, 0.25893908739089966, 0.7264441847801208, 0.35613471269607544, 0.36712220311164856, 0.3140382170677185, 0.6391109228134155, 0.23105457425117493, 0.6460310816764832], "yolo_confidence": [0.0, 0.0, 0.0, 0.0, 0.0, 0.0, 0.0, 0.0, 0.0, 0.0]}