{"pixel_L2": [30747.787109375, 30715.529296875, 30700.3203125, 30701.185546875, 30645.71484375, 30780.85546875, 30709.658203125, 30941.43359375, 30843.435546875, 30505.4921875], "pixel_cosine": [0.7261514067649841, 0.7262017130851746, 0.7270481586456299, 0.7277002334594727, 0.7284833788871765, 0.7272838950157166, 0.7283610105514526, 0.7262912392616272, 0.7252263426780701, 0.7299529314041138], "low_L2": [532.5410766601562, 536.4185791015625, 536.54150390625, 530.1580810546875, 535.4893798828125, 536.7091064453125, 534.6405029296875, 533.126953125, 534.9183349609375, 532.391845703125], "low_cosine": [0.41144707798957825, 0.398247092962265, 0.4017428159713745, 0.40437591075897217, 0.40238749980926514, 0.40262773633003235, 0.39798545837402344, 0.40221109986305237, 0.40633857250213623, 0.40718138217926025], "mid_L2": [346.4721374511719, 346.4927673339844, 349.04296875, 353.0417785644531, 351.0383605957031, 350.0674133300781, 348.7778015136719, 350.50054931640625, 349.5692138671875, 350.4435119628906], "mid_cosine": [0.23646105825901031, 0.23178046941757202, 0.2387152463197708, 0.2298348844051361, 0.2323237806558609, 0.23544737696647644, 0.23172056674957275, 0.23045668005943298, 0.23565970361232758, 0.2341482937335968], "high_L2": [58.96798324584961, 59.246829986572266, 58.44619369506836, 59.90229034423828, 59.1045036315918, 60.2510986328125, 58.365901947021484, 59.5960578918457, 59.26594924926758, 58.65117263793945], "high_cosine": [0.28605759143829346, 0.29417502880096436, 0.31737396121025085, 0.2763608396053314, 0.29561153054237366, 0.2765561044216156, 0.30586859583854675, 0.2898218035697937, 0.2984703779220581, 0.3026847839355469], "clip_cosine": [0.9985215067863464, 0.9984505772590637, 0.9985166192054749, 0.9984955191612244, 0.9985581636428833, 0.9984017014503479, 0.9984164834022522, 0.9985274076461792, 0.9984689354896545, 0.9985896348953247], "dino_cosine": [0.9553422331809998, 0.9544066190719604, 0.9524800777435303, 0.9563170671463013, 0.9467559456825256, 0.9524303674697876, 0.952448308467865, 0.9528814554214478, 0.9534652233123779, 0.9561423659324646], "clip_L2": [13.279105186462402, 13.56479263305664, 13.27865982055664, 13.273699760437012, 12.996509552001953, 13.853235244750977, 13.833145141601562, 13.356987953186035, 13.450323104858398, 12.935718536376953], "dino_L2": [17.535371780395508, 18.31787872314453, 17.931537628173828, 17.8216609954834, 17.795297622680664, 18.139421463012695, 17.89881706237793, 18.002370834350586, 18.091405868530273, 17.971220016479492], "rcnn_confidence": [0.0524044968187809, 0.206648588180542, 0.0, 0.0, 0.33801957964897156, 0.2593876123428345, 0.0, 0.11508045345544815, 0.07200965285301208, 0.09254851192235947], "yolo_confidence": [0.0, 0.0, 0.0, 0.0, 0.0, 0.0, 0.0, 0.0, 0.0, 0.0]}