{"pixel_L2": [15516.3203125, 15910.087890625, 15870.64453125, 15958.0888671875, 15812.0537109375, 15752.93359375, 15860.1162109375, 16107.7294921875, 15785.55859375, 15749.603515625], "pixel_cosine": [0.8840355277061462, 0.8820657134056091, 0.8808149695396423, 0.8833775520324707, 0.8839248418807983, 0.8799219131469727, 0.8834819793701172, 0.8823293447494507, 0.881344735622406, 0.8819810152053833], "low_L2": [176.27120971679688, 178.93344116210938, 183.5325927734375, 184.16693115234375, 180.05503845214844, 179.1053466796875, 178.8652801513672, 182.39427185058594, 180.09954833984375, 182.8974151611328], "low_cosine": [0.7931729555130005, 0.7902143597602844, 0.7849592566490173, 0.7852997779846191, 0.7889301776885986, 0.7902711629867554, 0.7899532318115234, 0.7868118286132812, 0.7885419130325317, 0.7856317162513733], "mid_L2": [177.42347717285156, 177.2920379638672, 178.77450561523438, 178.1732940673828, 177.5627899169922, 178.21673583984375, 178.64857482910156, 178.094970703125, 178.72357177734375, 178.9545135498047], "mid_cosine": [0.6040956377983093, 0.6018592119216919, 0.5944966673851013, 0.5986276865005493, 0.6039246320724487, 0.597554087638855, 0.5994064807891846, 0.5997893214225769, 0.5963238477706909, 0.5931890606880188], "high_L2": [50.124629974365234, 51.07466125488281, 50.50362014770508, 51.016597747802734, 50.63799285888672, 51.08633804321289, 51.06082534790039, 50.472320556640625, 51.83189392089844, 51.5225715637207], "high_cosine": [0.5411264896392822, 0.526168942451477, 0.5215265154838562, 0.5260210633277893, 0.5367735624313354, 0.5172879099845886, 0.5116550922393799, 0.5262988805770874, 0.5114837884902954, 0.499022901058197], "clip_cosine": [0.9989530444145203, 0.9989667534828186, 0.9989423751831055, 0.9989532232284546, 0.999100387096405, 0.9988955855369568, 0.9990819692611694, 0.9989446997642517, 0.9990024566650391, 0.9990047216415405], "dino_cosine": [0.9642523527145386, 0.9629420042037964, 0.9634563326835632, 0.9635372757911682, 0.9658508896827698, 0.9645783305168152, 0.9608721733093262, 0.9641228914260864, 0.96524578332901, 0.961702823638916], "clip_L2": [11.096678733825684, 10.984437942504883, 11.260882377624512, 11.182225227355957, 10.181657791137695, 11.513581275939941, 10.285433769226074, 11.049165725708008, 10.826539993286133, 10.75797176361084], "dino_L2": [14.574522972106934, 14.986397743225098, 14.771688461303711, 15.09243106842041, 14.379013061523438, 14.792767524719238, 15.548654556274414, 14.570978164672852, 14.724396705627441, 15.536839485168457], "rcnn_confidence": [0.0, 0.0, 0.0, 0.0, 0.0, 0.0, 0.0, 0.0, 0.0, 0.0], "yolo_confidence": [0.0, 0.0, 0.0, 0.0, 0.0, 0.0, 0.0, 0.0, 0.0, 0.0]}