{"pixel_L2": [37105.53515625, 31376.625, 30674.978515625, 30599.88671875, 30929.74609375, 30919.958984375, 30864.3828125, 29211.23046875, 38119.5390625, 33705.77734375], "pixel_cosine": [0.41251885890960693, 0.42248865962028503, 0.40454912185668945, 0.41142839193344116, 0.4183650016784668, 0.42274209856987, 0.4237631857395172, 0.41038739681243896, 0.42018967866897583, 0.41054481267929077], "low_L2": [694.7989501953125, 700.1166381835938, 676.00244140625, 661.7537841796875, 671.0524291992188, 657.2015991210938, 655.8738403320312, 634.4019775390625, 779.4418334960938, 682.3161010742188], "low_cosine": [0.21502968668937683, 0.2365035116672516, 0.2253875434398651, 0.23680314421653748, 0.23015722632408142, 0.23594321310520172, 0.23695272207260132, 0.2374880462884903, 0.20601686835289001, 0.22841793298721313], "mid_L2": [457.1879577636719, 472.9441223144531, 458.1726989746094, 451.5086364746094, 457.2969055175781, 459.1597900390625, 456.4575500488281, 438.10540771484375, 552.336181640625, 462.975830078125], "mid_cosine": [0.1695435643196106, 0.16354058682918549, 0.1507299840450287, 0.1752903312444687, 0.17573176324367523, 0.16583585739135742, 0.17183896899223328, 0.18237966299057007, 0.11648373305797577, 0.15148219466209412], "high_L2": [48.31592559814453, 48.38128662109375, 54.69570541381836, 54.99583053588867, 49.93799591064453, 52.803627014160156, 51.30952835083008, 52.92215347290039, 55.56564712524414, 54.27875518798828], "high_cosine": [0.5066433548927307, 0.43866845965385437, 0.4397117495536804, 0.4310125410556793, 0.49758684635162354, 0.4224657714366913, 0.5044018626213074, 0.479084849357605, 0.34735092520713806, 0.48768091201782227], "clip_cosine": [0.9991371035575867, 0.9989897012710571, 0.9992284774780273, 0.9990946054458618, 0.9990898370742798, 0.9991899132728577, 0.9991495609283447, 0.9992083311080933, 0.9987148642539978, 0.9991766214370728], "dino_cosine": [0.9551577568054199, 0.9464287757873535, 0.9656466245651245, 0.9576228857040405, 0.9559535980224609, 0.9671436548233032, 0.958645761013031, 0.9609509110450745, 0.9384713768959045, 0.9603899121284485], "clip_L2": [10.760644912719727, 11.870866775512695, 10.525394439697266, 11.265057563781738, 11.115562438964844, 10.865097045898438, 10.92877197265625, 10.517783164978027, 13.34257698059082, 10.906689643859863], "dino_L2": [15.019623756408691, 16.78207015991211, 12.995977401733398, 14.847801208496094, 14.479848861694336, 13.087892532348633, 13.898066520690918, 13.36772346496582, 17.865190505981445, 14.909058570861816], "rcnn_confidence": [0.8857386112213135, 0.5057079792022705, 0.8325369954109192, 0.1632438600063324, 0.7814701795578003, 0.09476210176944733, 0.7005849480628967, 0.694037675857544, 0.6992814540863037, 0.5768590569496155], "yolo_confidence": [0.0, 0.0, 0.0, 0.0, 0.0, 0.0, 0.0, 0.0, 0.0, 0.0]}