{"pixel_L2": [71454.28125, 71454.28125, 71454.28125, 71454.28125, 71454.28125, 71454.28125, 71454.28125, 71454.28125, 71454.28125, 71454.28125], "pixel_cosine": [0.0, 0.0, 0.0, 0.0, 0.0, 0.0, 0.0, 0.0, 0.0, 0.0], "low_L2": [337.6208190917969, 337.6208190917969, 337.6208190917969, 337.6208190917969, 337.6208190917969, 337.6208190917969, 337.6208190917969, 337.6208190917969, 337.6208190917969, 337.6208190917969], "low_cosine": [0.21111032366752625, 0.21111032366752625, 0.21111032366752625, 0.21111032366752625, 0.21111032366752625, 0.21111032366752625, 0.21111032366752625, 0.21111032366752625, 0.21111032366752625, 0.21111032366752625], "mid_L2": [248.17237854003906, 248.17237854003906, 248.17237854003906, 248.17237854003906, 248.17237854003906, 248.17237854003906, 248.17237854003906, 248.17237854003906, 248.17237854003906, 248.17237854003906], "mid_cosine": [0.272840291261673, 0.272840291261673, 0.272840291261673, 0.272840291261673, 0.272840291261673, 0.272840291261673, 0.272840291261673, 0.272840291261673, 0.272840291261673, 0.272840291261673], "high_L2": [62.39072036743164, 62.39072036743164, 62.39072036743164, 62.39072036743164, 62.39072036743164, 62.39072036743164, 62.39072036743164, 62.39072036743164, 62.39072036743164, 62.39072036743164], "high_cosine": [0.13979022204875946, 0.13979022204875946, 0.13979022204875946, 0.13979022204875946, 0.13979022204875946, 0.13979022204875946, 0.13979022204875946, 0.13979022204875946, 0.13979022204875946, 0.13979022204875946], "clip_cosine": [0.9983106851577759, 0.9983106851577759, 0.9983106851577759, 0.9983106851577759, 0.9983106851577759, 0.9983106851577759, 0.9983106851577759, 0.9983106851577759, 0.9983106851577759, 0.9983106851577759], "dino_cosine": [0.9443109035491943, 0.9443109035491943, 0.9443109035491943, 0.9443109035491943, 0.9443109035491943, 0.9443109035491943, 0.9443109035491943, 0.9443109035491943, 0.9443109035491943, 0.9443109035491943], "clip_L2": [16.473756790161133, 16.473756790161133, 16.473756790161133, 16.473756790161133, 16.473756790161133, 16.473756790161133, 16.473756790161133, 16.473756790161133, 16.473756790161133, 16.473756790161133], "dino_L2": [22.87955093383789, 22.87955093383789, 22.87955093383789, 22.87955093383789, 22.87955093383789, 22.87955093383789, 22.87955093383789, 22.87955093383789, 22.87955093383789, 22.87955093383789], "rcnn_confidence": [0.0, 0.0, 0.0, 0.0, 0.0, 0.0, 0.0, 0.0, 0.0, 0.0], "yolo_confidence": [0.0, 0.0, 0.0, 0.0, 0.0, 0.0, 0.0, 0.0, 0.0, 0.0]}