{"pixel_L2": [34056.2734375, 34108.19140625, 34095.9140625, 34197.91015625, 34169.4453125, 33925.43359375, 34050.94140625, 34208.73828125, 33983.9921875, 33952.4453125], "pixel_cosine": [0.49239933490753174, 0.4919580817222595, 0.49251750111579895, 0.4921468496322632, 0.49121084809303284, 0.4936474561691284, 0.4921860694885254, 0.4923095107078552, 0.49288612604141235, 0.4934588670730591], "low_L2": [582.6900634765625, 585.762451171875, 583.1071166992188, 585.633056640625, 584.587158203125, 583.5940551757812, 582.6031494140625, 584.5613403320312, 584.501220703125, 580.9273681640625], "low_cosine": [0.29461926221847534, 0.2968390882015228, 0.3007773160934448, 0.29938530921936035, 0.2981623411178589, 0.2997168302536011, 0.29976290464401245, 0.29582279920578003, 0.29583612084388733, 0.2981506586074829], "mid_L2": [414.9780578613281, 414.43145751953125, 415.4840087890625, 415.26458740234375, 417.7426452636719, 415.7264099121094, 417.0247802734375, 414.29388427734375, 418.6450500488281, 413.646728515625], "mid_cosine": [0.16405683755874634, 0.16760504245758057, 0.1691107600927353, 0.1706019639968872, 0.16978555917739868, 0.1695685088634491, 0.16800406575202942, 0.16790172457695007, 0.1659577190876007, 0.169816255569458], "high_L2": [74.78866577148438, 75.31006622314453, 74.25325012207031, 74.20581817626953, 74.43017578125, 73.8362808227539, 74.76998901367188, 74.08670043945312, 74.5059585571289, 74.25603485107422], "high_cosine": [0.13557453453540802, 0.13497619330883026, 0.14286042749881744, 0.14254240691661835, 0.13711833953857422, 0.14871591329574585, 0.13293664157390594, 0.14144083857536316, 0.14884686470031738, 0.14265176653862], "clip_cosine": [0.9982976913452148, 0.9984144568443298, 0.9983502626419067, 0.9983077049255371, 0.99834144115448, 0.9982626438140869, 0.9983723163604736, 0.998372495174408, 0.9983147978782654, 0.9983404278755188], "dino_cosine": [0.9385805130004883, 0.9357680678367615, 0.932814359664917, 0.9317482709884644, 0.9337068796157837, 0.9442487955093384, 0.9404543042182922, 0.9377402663230896, 0.9383409023284912, 0.936962902545929], "clip_L2": [14.735084533691406, 14.410897254943848, 14.823324203491211, 14.95394229888916, 14.851655006408691, 15.094209671020508, 14.702936172485352, 14.609780311584473, 15.53856086730957, 14.773390769958496], "dino_L2": [17.833759307861328, 17.584877014160156, 17.833391189575195, 17.587474822998047, 17.716638565063477, 17.30514144897461, 17.482406616210938, 17.57525062561035, 17.110008239746094, 17.591896057128906], "rcnn_confidence": [0.08848321437835693, 0.05229387432336807, 0.0, 0.0, 0.0, 0.0, 0.0, 0.0, 0.0, 0.0], "yolo_confidence": [0.0, 0.0, 0.0, 0.0, 0.0, 0.0, 0.0, 0.0, 0.0, 0.0]}