{"pixel_L2": [25791.96875, 26201.298828125, 26111.3203125, 27402.818359375, 26298.466796875, 25721.82421875, 26309.720703125, 26819.5859375, 27983.19921875, 26188.228515625], "pixel_cosine": [0.6092392206192017, 0.6188420653343201, 0.6388229727745056, 0.6319056749343872, 0.6147401928901672, 0.6595157384872437, 0.6127890348434448, 0.6175330281257629, 0.5899393558502197, 0.615169107913971], "low_L2": [389.41943359375, 389.6157531738281, 407.85638427734375, 401.1937255859375, 412.5266418457031, 381.0414123535156, 418.25555419921875, 396.56103515625, 430.52850341796875, 398.2545166015625], "low_cosine": [0.35951030254364014, 0.35243847966194153, 0.351190984249115, 0.3565887212753296, 0.3404024839401245, 0.35610097646713257, 0.3376259505748749, 0.34613102674484253, 0.33943837881088257, 0.3577079772949219], "mid_L2": [366.2193603515625, 365.08990478515625, 366.2443542480469, 379.05078125, 359.18701171875, 365.3273010253906, 370.2086486816406, 362.7279357910156, 377.8000793457031, 364.2939758300781], "mid_cosine": [0.22195462882518768, 0.21419814229011536, 0.22670894861221313, 0.20884504914283752, 0.24389144778251648, 0.22208744287490845, 0.22770021855831146, 0.21969738602638245, 0.21673867106437683, 0.2270335853099823], "high_L2": [67.54156494140625, 67.3440170288086, 68.31563568115234, 69.4313735961914, 65.85812377929688, 69.08583068847656, 70.50677490234375, 69.75899505615234, 65.65013885498047, 69.4296875], "high_cosine": [0.07101269066333771, 0.06817050278186798, 0.07056029886007309, 0.07064749300479889, 0.10588011890649796, 0.04749772697687149, 0.0654229074716568, 0.046600911766290665, 0.11248718947172165, 0.060237571597099304], "clip_cosine": [0.9985486268997192, 0.9985798597335815, 0.9986324310302734, 0.998593270778656, 0.9986233115196228, 0.9983780384063721, 0.9986450672149658, 0.9984568357467651, 0.9985401034355164, 0.9984849691390991], "dino_cosine": [0.9490900039672852, 0.9429108500480652, 0.9497218132019043, 0.940192699432373, 0.9420046806335449, 0.9478530883789062, 0.9482740163803101, 0.9553745985031128, 0.9387832283973694, 0.950717031955719], "clip_L2": [13.611358642578125, 13.86997127532959, 13.650420188903809, 13.56834602355957, 13.089282035827637, 14.638274192810059, 13.165020942687988, 14.010956764221191, 13.381543159484863, 13.956775665283203], "dino_L2": [17.13751792907715, 17.49407196044922, 17.001296997070312, 17.03780746459961, 17.75231170654297, 17.325380325317383, 16.973217010498047, 16.832481384277344, 16.754112243652344, 17.23801612854004], "rcnn_confidence": [0.1925516575574875, 0.15626347064971924, 0.0, 0.08143594115972519, 0.6007943749427795, 0.266806960105896, 0.32355254888534546, 0.06556172668933868, 0.10729947686195374, 0.7558329701423645], "yolo_confidence": [0.0, 0.0, 0.0, 0.0, 0.0, 0.0, 0.0, 0.0, 0.0, 0.0]}