{"pixel_L2": [25806.81640625, 25757.46484375, 25803.345703125, 25532.8359375, 25644.171875, 25609.25390625, 25830.591796875, 25920.35546875, 25818.630859375, 25616.90234375], "pixel_cosine": [0.7202637195587158, 0.7230127453804016, 0.723307728767395, 0.7242599129676819, 0.7222867012023926, 0.7250446081161499, 0.7236261367797852, 0.7232644557952881, 0.7231321334838867, 0.7210707068443298], "low_L2": [381.0624694824219, 379.9600524902344, 381.10711669921875, 378.796875, 380.1016845703125, 380.8736572265625, 382.198486328125, 380.7740478515625, 381.30267333984375, 381.00164794921875], "low_cosine": [0.5791091918945312, 0.5799111723899841, 0.5803833603858948, 0.5822161436080933, 0.5829414129257202, 0.57928866147995, 0.5767503380775452, 0.5772207975387573, 0.5783452987670898, 0.5776745676994324], "mid_L2": [269.03271484375, 266.3092041015625, 270.6959533691406, 269.3375244140625, 271.5751953125, 268.5005187988281, 269.0996398925781, 266.13861083984375, 269.5749816894531, 270.28155517578125], "mid_cosine": [0.3973786234855652, 0.39862868189811707, 0.39699262380599976, 0.4018275737762451, 0.3964558243751526, 0.4000377655029297, 0.4011128544807434, 0.4054989814758301, 0.3932770788669586, 0.398870587348938], "high_L2": [62.57147216796875, 61.53921890258789, 61.674983978271484, 61.83772659301758, 60.38831329345703, 63.1593017578125, 63.55662155151367, 61.60148620605469, 60.85481262207031, 62.91353225708008], "high_cosine": [0.31535252928733826, 0.31160226464271545, 0.2825871407985687, 0.3142698407173157, 0.3253544867038727, 0.2997332513332367, 0.3021678924560547, 0.3360328674316406, 0.30770137906074524, 0.2957431972026825], "clip_cosine": [0.9979381561279297, 0.9980403184890747, 0.9981138110160828, 0.9980634450912476, 0.9981409311294556, 0.9981657266616821, 0.9979935884475708, 0.9981157183647156, 0.9980321526527405, 0.9980221390724182], "dino_cosine": [0.9349191188812256, 0.9348598718643188, 0.9332706332206726, 0.9287809729576111, 0.9332444667816162, 0.933493971824646, 0.9359747171401978, 0.9313444495201111, 0.9278969168663025, 0.9305350184440613], "clip_L2": [15.506928443908691, 14.947519302368164, 14.671931266784668, 14.843124389648438, 14.664297103881836, 13.907209396362305, 15.584802627563477, 14.507885932922363, 14.912688255310059, 14.80233383178711], "dino_L2": [17.858545303344727, 18.319015502929688, 18.25665283203125, 18.062837600708008, 18.448524475097656, 17.94327163696289, 18.015758514404297, 18.453155517578125, 18.527292251586914, 18.24728775024414], "rcnn_confidence": [0.0, 0.0, 0.0, 0.0, 0.0, 0.0, 0.0, 0.0, 0.0, 0.0], "yolo_confidence": [0.0, 0.0, 0.0, 0.0, 0.0, 0.0, 0.0, 0.0, 0.0, 0.0]}