{"pixel_L2": [12366.2939453125, 12411.8095703125, 12366.9931640625, 12379.095703125, 12420.4775390625, 12371.345703125, 12376.9248046875, 12419.6396484375, 12391.6279296875, 12380.578125], "pixel_cosine": [0.8907501101493835, 0.8902727365493774, 0.8911155462265015, 0.8918794989585876, 0.890148937702179, 0.8907915353775024, 0.8907725214958191, 0.8907543420791626, 0.8903602361679077, 0.8906062841415405], "low_L2": [290.7172546386719, 290.7271728515625, 289.9906921386719, 290.03753662109375, 291.01715087890625, 291.99554443359375, 291.3650207519531, 290.4683532714844, 290.4782409667969, 290.74993896484375], "low_cosine": [0.7631473541259766, 0.7631471157073975, 0.7645024061203003, 0.7641204595565796, 0.7626498937606812, 0.7607550621032715, 0.7620072364807129, 0.7635363340377808, 0.7637835741043091, 0.7629402279853821], "mid_L2": [256.2720642089844, 256.5452575683594, 255.66319274902344, 257.15087890625, 258.1925048828125, 256.99853515625, 256.28497314453125, 257.0462341308594, 258.17144775390625, 257.9669494628906], "mid_cosine": [0.5706692934036255, 0.5703631639480591, 0.5745226740837097, 0.5726768374443054, 0.5660170316696167, 0.5684776306152344, 0.5716961622238159, 0.5696543455123901, 0.5663461685180664, 0.5676100254058838], "high_L2": [62.273502349853516, 60.791053771972656, 60.65679168701172, 62.501869201660156, 63.651123046875, 62.33053970336914, 60.69321060180664, 61.30158615112305, 60.93911361694336, 62.05950164794922], "high_cosine": [0.5493673086166382, 0.5706483721733093, 0.5778726935386658, 0.5600793957710266, 0.5422753691673279, 0.5496525764465332, 0.572100043296814, 0.5653800964355469, 0.5775337815284729, 0.5518202781677246], "clip_cosine": [0.999068558216095, 0.999072253704071, 0.9990485906600952, 0.9989972114562988, 0.9990390539169312, 0.9990748167037964, 0.99909508228302, 0.999090313911438, 0.9990764856338501, 0.999097466468811], "dino_cosine": [0.9579340219497681, 0.9563013315200806, 0.9574198722839355, 0.9596171975135803, 0.956238865852356, 0.9583554267883301, 0.9550675749778748, 0.9581092000007629, 0.959061861038208, 0.9591543674468994], "clip_L2": [11.080432891845703, 10.940715789794922, 11.131163597106934, 11.46819019317627, 11.034132957458496, 11.106719017028809, 10.787050247192383, 10.915885925292969, 10.91798210144043, 10.95191478729248], "dino_L2": [16.74672508239746, 16.99407958984375, 17.145214080810547, 16.376338958740234, 17.024824142456055, 16.95136833190918, 16.92999839782715, 16.893293380737305, 16.69928550720215, 16.775074005126953], "rcnn_confidence": [0.0, 0.0, 0.0, 0.0, 0.0, 0.0, 0.0, 0.0, 0.0, 0.0], "yolo_confidence": [0.0, 0.0, 0.0, 0.0, 0.0, 0.0, 0.0, 0.0, 0.0, 0.0]}