{"pixel_L2": [16491.556640625, 20833.248046875, 15709.03515625, 17972.94921875, 25012.55859375, 17844.708984375, 16089.0380859375, 18572.015625, 21194.568359375, 16901.5859375], "pixel_cosine": [0.8910669684410095, 0.8810910582542419, 0.8945311307907104, 0.8818971514701843, 0.8583982586860657, 0.8868464827537537, 0.899948000907898, 0.8824160099029541, 0.8625054359436035, 0.9062925577163696], "low_L2": [177.33810424804688, 198.68032836914062, 140.67127990722656, 181.79306030273438, 225.87290954589844, 142.17233276367188, 142.0463409423828, 167.1466064453125, 282.2103576660156, 142.2055206298828], "low_cosine": [0.46370282769203186, 0.37973159551620483, 0.5548399090766907, 0.4377744793891907, 0.3230307400226593, 0.5275534391403198, 0.5405783653259277, 0.44117751717567444, 0.3105268180370331, 0.5291544795036316], "mid_L2": [186.74472045898438, 200.33749389648438, 180.53543090820312, 203.5573272705078, 211.86761474609375, 173.47251892089844, 175.966552734375, 192.30471801757812, 219.78672790527344, 172.11209106445312], "mid_cosine": [0.2975439429283142, 0.27042901515960693, 0.30866768956184387, 0.2689041495323181, 0.2618868947029114, 0.293559730052948, 0.29463493824005127, 0.26713961362838745, 0.25117918848991394, 0.31401342153549194], "high_L2": [52.64374542236328, 52.15303039550781, 50.56318283081055, 53.476741790771484, 55.887725830078125, 55.04005813598633, 51.106021881103516, 49.74020767211914, 58.189353942871094, 53.564659118652344], "high_cosine": [0.3647034764289856, 0.40393316745758057, 0.47321048378944397, 0.3299875557422638, 0.34893617033958435, 0.412770539522171, 0.45861825346946716, 0.4499041438102722, 0.3561277389526367, 0.45321255922317505], "clip_cosine": [0.9987720251083374, 0.9984850883483887, 0.9989071488380432, 0.998826265335083, 0.9987201690673828, 0.9989123344421387, 0.9987326860427856, 0.9987990856170654, 0.9989300966262817, 0.9987167119979858], "dino_cosine": [0.9519838094711304, 0.9538496732711792, 0.9485043883323669, 0.9577468633651733, 0.9447897672653198, 0.9595957398414612, 0.9582682847976685, 0.9522859454154968, 0.9478757977485657, 0.9580442905426025], "clip_L2": [12.534619331359863, 13.518875122070312, 11.88266658782959, 12.267587661743164, 13.001642227172852, 11.94540023803711, 13.182596206665039, 12.76783275604248, 12.040548324584961, 12.97796630859375], "dino_L2": [16.438573837280273, 16.891746520996094, 16.003889083862305, 15.875027656555176, 17.531108856201172, 16.609485626220703, 15.278158187866211, 16.59808921813965, 17.17045783996582, 14.715368270874023], "rcnn_confidence": [0.6146592497825623, 0.08028989285230637, 0.13536491990089417, 0.16107414662837982, 0.4566901922225952, 0.46823009848594666, 0.24548545479774475, 0.06166404113173485, 0.6052568554878235, 0.2522270381450653], "yolo_confidence": [0.0, 0.0, 0.0, 0.0, 0.0, 0.0, 0.0, 0.0, 0.0, 0.0]}