{"pixel_L2": [15076.126953125, 15073.642578125, 15074.046875, 15066.7666015625, 15072.212890625, 15071.783203125, 15064.19921875, 15066.875, 15083.841796875, 15072.8017578125], "pixel_cosine": [0.1252404898405075, 0.1242685616016388, 0.125929594039917, 0.13137149810791016, 0.12188638001680374, 0.12788976728916168, 0.13086675107479095, 0.1292925626039505, 0.11401934176683426, 0.12712271511554718], "low_L2": [217.5061798095703, 217.98121643066406, 217.83651733398438, 217.76124572753906, 218.33348083496094, 217.72476196289062, 217.60137939453125, 217.67074584960938, 217.9224395751953, 217.47454833984375], "low_cosine": [0.5508925318717957, 0.5490453839302063, 0.5496937036514282, 0.5500942468643188, 0.5478367805480957, 0.5501611232757568, 0.5507173538208008, 0.5506172180175781, 0.5494231581687927, 0.5511673092842102], "mid_L2": [199.63226318359375, 201.0681610107422, 200.585693359375, 200.32852172851562, 201.58914184570312, 200.2635040283203, 200.73883056640625, 201.0046844482422, 200.64012145996094, 200.18975830078125], "mid_cosine": [0.3173975348472595, 0.3106782138347626, 0.31149590015411377, 0.31199437379837036, 0.30747750401496887, 0.31388211250305176, 0.3110155463218689, 0.31091830134391785, 0.31369420886039734, 0.31414005160331726], "high_L2": [50.41722106933594, 50.462093353271484, 50.453033447265625, 50.55788803100586, 50.351505279541016, 50.48251724243164, 49.834712982177734, 49.63163757324219, 50.31650924682617, 50.257686614990234], "high_cosine": [0.244553342461586, 0.24795517325401306, 0.24340279400348663, 0.23637977242469788, 0.24698308110237122, 0.24145616590976715, 0.25551196932792664, 0.25869831442832947, 0.24844953417778015, 0.24894194304943085], "clip_cosine": [0.9989495873451233, 0.9989504218101501, 0.9990183711051941, 0.9990046620368958, 0.9990317225456238, 0.9990110397338867, 0.9989864826202393, 0.9989356398582458, 0.9989974498748779, 0.9990129470825195], "dino_cosine": [0.9650494456291199, 0.9662383794784546, 0.9656487703323364, 0.9632364511489868, 0.9649580717086792, 0.9661616086959839, 0.9659457802772522, 0.965607225894928, 0.965773344039917, 0.9658416509628296], "clip_L2": [13.288959503173828, 13.634315490722656, 13.222965240478516, 13.318558692932129, 13.109475135803223, 13.343523025512695, 13.311481475830078, 13.522526741027832, 13.235147476196289, 13.154867172241211], "dino_L2": [16.669435501098633, 16.570964813232422, 16.898195266723633, 17.12413787841797, 16.901037216186523, 16.550750732421875, 16.563274383544922, 16.875167846679688, 16.809999465942383, 16.874309539794922], "rcnn_confidence": [0.0, 0.0, 0.0, 0.0, 0.0, 0.0, 0.0, 0.0, 0.0, 0.0], "yolo_confidence": [0.0, 0.0, 0.0, 0.0, 0.0, 0.0, 0.0, 0.0, 0.0, 0.0]}