{"pixel_L2": [16096.7265625, 18930.19921875, 19192.498046875, 20566.962890625, 18257.228515625, 17474.39453125, 17629.619140625, 20309.5234375, 19413.798828125, 17245.666015625], "pixel_cosine": [0.8130875825881958, 0.7251931428909302, 0.7407323718070984, 0.6973962187767029, 0.8143869638442993, 0.7534117102622986, 0.7630938291549683, 0.8132359981536865, 0.740484893321991, 0.76691734790802], "low_L2": [314.16766357421875, 336.9587707519531, 289.31903076171875, 312.46929931640625, 318.1856994628906, 294.23211669921875, 315.4887390136719, 346.12725830078125, 384.5838317871094, 286.22442626953125], "low_cosine": [0.4709153175354004, 0.446561336517334, 0.4964861273765564, 0.49861669540405273, 0.436740517616272, 0.5052345395088196, 0.45654377341270447, 0.43509864807128906, 0.412700891494751, 0.5020057559013367], "mid_L2": [320.92578125, 320.34100341796875, 308.7257385253906, 328.74993896484375, 330.8686828613281, 314.1112365722656, 314.4914245605469, 341.8618469238281, 349.2207336425781, 310.3038330078125], "mid_cosine": [0.31480056047439575, 0.3243308663368225, 0.32764676213264465, 0.32543569803237915, 0.2845781445503235, 0.31906893849372864, 0.3192480206489563, 0.2843049466609955, 0.27761775255203247, 0.3144267201423645], "high_L2": [53.54309844970703, 49.45077133178711, 51.580570220947266, 56.97993850708008, 54.7544059753418, 53.394920349121094, 51.31810760498047, 59.00834655761719, 57.8883056640625, 56.818233489990234], "high_cosine": [0.3848053812980652, 0.41963285207748413, 0.4078174829483032, 0.22839447855949402, 0.3329782485961914, 0.3067956566810608, 0.37675419449806213, 0.2560544013977051, 0.2786770761013031, 0.3058040738105774], "clip_cosine": [0.999130129814148, 0.9991790056228638, 0.9989274144172668, 0.9990122318267822, 0.9991504549980164, 0.9988042116165161, 0.9990552663803101, 0.9985392689704895, 0.999093770980835, 0.9988476037979126], "dino_cosine": [0.9803124070167542, 0.9760097861289978, 0.9839345812797546, 0.9768792986869812, 0.9760797619819641, 0.972869873046875, 0.9678446650505066, 0.9767014980316162, 0.9750704765319824, 0.9720929265022278], "clip_L2": [10.524763107299805, 10.158940315246582, 11.685733795166016, 10.889060020446777, 10.61076831817627, 12.601585388183594, 11.278003692626953, 14.0620698928833, 10.701857566833496, 12.632109642028809], "dino_L2": [12.440043449401855, 13.51307201385498, 12.35409927368164, 13.03683090209961, 13.593907356262207, 13.92039966583252, 14.653223991394043, 14.452520370483398, 14.020071983337402, 13.945574760437012], "rcnn_confidence": [0.2973383963108063, 0.14222362637519836, 0.4522905647754669, 0.05267379805445671, 0.1430933177471161, 0.078559011220932, 0.2017183154821396, 0.06724090129137039, 0.16533635556697845, 0.1373739093542099], "yolo_confidence": [0.0, 0.0, 0.0, 0.0, 0.0, 0.0, 0.0, 0.0, 0.0, 0.0]}