{"pixel_L2": [31780.65234375, 32113.529296875, 31826.404296875, 31784.888671875, 31846.689453125, 31918.484375, 31763.0625, 31752.501953125, 31911.2421875, 31852.515625], "pixel_cosine": [0.7561546564102173, 0.7481720447540283, 0.7529680132865906, 0.7532179951667786, 0.7527569532394409, 0.751480758190155, 0.754410982131958, 0.7539643049240112, 0.7516369223594666, 0.7538894414901733], "low_L2": [266.56024169921875, 269.89642333984375, 267.2837219238281, 266.7037658691406, 266.6672058105469, 267.4509582519531, 266.492919921875, 266.7924499511719, 266.98223876953125, 267.1842346191406], "low_cosine": [0.2878223657608032, 0.27876201272010803, 0.2848112881183624, 0.28656721115112305, 0.2872622013092041, 0.28571999073028564, 0.2904282212257385, 0.2827085554599762, 0.2887086868286133, 0.2826438546180725], "mid_L2": [205.47430419921875, 206.87860107421875, 205.0788116455078, 204.6175994873047, 205.22479248046875, 204.8108673095703, 205.71310424804688, 204.4587860107422, 206.55316162109375, 204.6861572265625], "mid_cosine": [0.289838045835495, 0.28891071677207947, 0.2845417857170105, 0.2923164963722229, 0.292039155960083, 0.28359460830688477, 0.28762441873550415, 0.28961533308029175, 0.288943350315094, 0.28821998834609985], "high_L2": [48.024810791015625, 47.795467376708984, 47.49766159057617, 47.12886428833008, 47.62013626098633, 47.812808990478516, 46.955997467041016, 48.27390670776367, 47.46951675415039, 47.59423828125], "high_cosine": [0.31225672364234924, 0.31163254380226135, 0.32052770256996155, 0.3203165531158447, 0.3287951350212097, 0.3238193392753601, 0.33510392904281616, 0.3052995800971985, 0.31003978848457336, 0.31952542066574097], "clip_cosine": [0.9994279146194458, 0.9993082284927368, 0.9994671940803528, 0.9994569420814514, 0.9993973970413208, 0.999434232711792, 0.9994208216667175, 0.99951171875, 0.9994770288467407, 0.9994783401489258], "dino_cosine": [0.9560617804527283, 0.9506893754005432, 0.9512313604354858, 0.9556249380111694, 0.9570907354354858, 0.9574972987174988, 0.9584434628486633, 0.9514927864074707, 0.956932783126831, 0.9553637504577637], "clip_L2": [9.877602577209473, 10.71639347076416, 9.548980712890625, 9.658482551574707, 10.048405647277832, 9.844000816345215, 9.85969066619873, 9.097222328186035, 9.335988998413086, 9.324918746948242], "dino_L2": [16.2003231048584, 16.763864517211914, 16.432174682617188, 16.247997283935547, 15.910698890686035, 15.821834564208984, 16.008874893188477, 16.178037643432617, 15.949563026428223, 16.033601760864258], "rcnn_confidence": [0.0, 0.0, 0.0, 0.0, 0.0, 0.0, 0.0, 0.0, 0.0, 0.0], "yolo_confidence": [0.0, 0.0, 0.0, 0.0, 0.0, 0.0, 0.0, 0.0, 0.0, 0.0]}