{"pixel_L2": [9393.47265625, 9415.689453125, 9394.8583984375, 9401.9453125, 9415.4609375, 9397.52734375, 9424.166015625, 9423.5478515625, 9407.55859375, 9402.1396484375], "pixel_cosine": [0.17845518887043, 0.17691239714622498, 0.17953425645828247, 0.17878738045692444, 0.17807607352733612, 0.17791485786437988, 0.17734740674495697, 0.17784251272678375, 0.17760026454925537, 0.1797855943441391], "low_L2": [178.51480102539062, 178.8188018798828, 178.45962524414062, 178.31736755371094, 178.51185607910156, 178.1468505859375, 178.86892700195312, 178.5787353515625, 179.06512451171875, 178.91653442382812], "low_cosine": [0.6798696517944336, 0.6792153716087341, 0.6803058981895447, 0.6808203458786011, 0.6802434325218201, 0.6811783313751221, 0.6791951656341553, 0.6800370216369629, 0.6781743764877319, 0.6789003610610962], "mid_L2": [174.94349670410156, 174.9879150390625, 175.02517700195312, 174.89674377441406, 174.68630981445312, 174.89199829101562, 174.99725341796875, 175.02772521972656, 175.2113800048828, 174.81405639648438], "mid_cosine": [0.4673265814781189, 0.468709260225296, 0.467814564704895, 0.4683462083339691, 0.4693038761615753, 0.4681429862976074, 0.46801304817199707, 0.46743184328079224, 0.4659166932106018, 0.46882563829421997], "high_L2": [37.56873321533203, 37.720943450927734, 37.66616439819336, 37.75202178955078, 37.82044219970703, 37.69504165649414, 37.518611907958984, 37.81346130371094, 37.91086196899414, 37.76727294921875], "high_cosine": [0.5894670486450195, 0.5868254899978638, 0.5860034823417664, 0.5858680605888367, 0.5834283232688904, 0.587063729763031, 0.5926178097724915, 0.5848012566566467, 0.5780202150344849, 0.5844263434410095], "clip_cosine": [0.9990143775939941, 0.9990444183349609, 0.9990547895431519, 0.9990081787109375, 0.9990214109420776, 0.9990298748016357, 0.9990342855453491, 0.9990009665489197, 0.9989557862281799, 0.999028742313385], "dino_cosine": [0.96556156873703, 0.9656296968460083, 0.9669249653816223, 0.9647199511528015, 0.9633748531341553, 0.9631534814834595, 0.961036205291748, 0.9646144509315491, 0.9672614336013794, 0.96771639585495], "clip_L2": [12.839367866516113, 12.788458824157715, 12.78645133972168, 13.072524070739746, 12.984808921813965, 12.784867286682129, 13.055044174194336, 12.93875503540039, 13.223587989807129, 12.991143226623535], "dino_L2": [18.285503387451172, 18.26580047607422, 18.182228088378906, 18.120820999145508, 18.291851043701172, 18.19913673400879, 18.255470275878906, 18.228445053100586, 18.032123565673828, 18.256446838378906], "rcnn_confidence": [0.0, 0.0, 0.0, 0.0, 0.0, 0.0, 0.0, 0.0, 0.0, 0.0], "yolo_confidence": [0.0, 0.0, 0.0, 0.0, 0.0, 0.0, 0.0, 0.0, 0.0, 0.0]}