{"pixel_L2": [11362.517578125, 11345.7822265625, 11476.666015625, 11505.66796875, 11376.1669921875, 11305.779296875, 11375.0283203125, 11326.4716796875, 11538.9228515625, 11271.4736328125], "pixel_cosine": [0.3259464204311371, 0.31719276309013367, 0.3064045011997223, 0.31809836626052856, 0.3195536732673645, 0.32723256945610046, 0.3182755410671234, 0.3268185257911682, 0.3112585246562958, 0.3338870406150818], "low_L2": [120.900634765625, 119.59114837646484, 121.49517059326172, 133.4434814453125, 120.46683502197266, 121.24162292480469, 120.38642120361328, 120.37361145019531, 130.92884826660156, 119.99891662597656], "low_cosine": [0.7597322463989258, 0.7652322053909302, 0.7595624923706055, 0.7264406681060791, 0.7629642486572266, 0.7602931261062622, 0.7629811763763428, 0.761421799659729, 0.7315059900283813, 0.7619442939758301], "mid_L2": [159.96397399902344, 158.7010040283203, 161.2330780029297, 164.2849884033203, 159.8524932861328, 161.52952575683594, 159.1008758544922, 159.8627166748047, 165.4591064453125, 159.95091247558594], "mid_cosine": [0.349639356136322, 0.3501676321029663, 0.34209901094436646, 0.3381722569465637, 0.3507447838783264, 0.35079261660575867, 0.35125717520713806, 0.3517270088195801, 0.3356613516807556, 0.3525804877281189], "high_L2": [36.093780517578125, 38.0288200378418, 38.60263442993164, 38.35150909423828, 37.290584564208984, 35.32802200317383, 37.44247817993164, 35.75492858886719, 37.745914459228516, 36.606605529785156], "high_cosine": [0.41099950671195984, 0.380403995513916, 0.3721219301223755, 0.36038094758987427, 0.39282524585723877, 0.4278375208377838, 0.3807923495769501, 0.41254210472106934, 0.37916725873947144, 0.39291664958000183], "clip_cosine": [0.9995977282524109, 0.9996128678321838, 0.9993964433670044, 0.9996721744537354, 0.9995906352996826, 0.999656617641449, 0.9996429085731506, 0.9995209574699402, 0.9996371269226074, 0.9995861053466797], "dino_cosine": [0.9641462564468384, 0.9687198996543884, 0.9616607427597046, 0.9600567817687988, 0.96766197681427, 0.9698021411895752, 0.9621233940124512, 0.9653239250183105, 0.965446412563324, 0.9670546650886536], "clip_L2": [8.538435935974121, 8.398294448852539, 9.924301147460938, 7.768867492675781, 8.59762191772461, 8.286664962768555, 8.337292671203613, 9.284896850585938, 8.177294731140137, 8.911925315856934], "dino_L2": [15.307744979858398, 14.169816970825195, 15.634346961975098, 15.78763484954834, 14.415543556213379, 13.852869033813477, 15.635613441467285, 14.813410758972168, 15.075724601745605, 14.64888858795166], "rcnn_confidence": [0.0, 0.0, 0.0, 0.0, 0.0, 0.0, 0.0, 0.0, 0.0, 0.0], "yolo_confidence": [0.0, 0.0, 0.0, 0.0, 0.0, 0.0, 0.0, 0.0, 0.0, 0.0]}