{"pixel_L2": [9674.9873046875, 9603.3486328125, 9625.0302734375, 9594.697265625, 9677.5732421875, 9589.3720703125, 9631.919921875, 9573.31640625, 9552.025390625, 9680.77734375], "pixel_cosine": [0.7761154174804688, 0.7788698673248291, 0.7790653109550476, 0.7791469097137451, 0.7740641832351685, 0.7806553244590759, 0.7762454152107239, 0.7807499170303345, 0.7812796831130981, 0.7748613953590393], "low_L2": [140.70132446289062, 137.9123077392578, 141.99246215820312, 138.06195068359375, 141.1350555419922, 140.8705596923828, 137.65028381347656, 139.68624877929688, 140.2967987060547, 140.44931030273438], "low_cosine": [0.7942655682563782, 0.802592933177948, 0.7899530529975891, 0.8021129369735718, 0.7927013039588928, 0.793108344078064, 0.8035472631454468, 0.7969972491264343, 0.7952008247375488, 0.7946017980575562], "mid_L2": [150.51478576660156, 146.1586456298828, 147.8933563232422, 145.27517700195312, 144.25050354003906, 144.69215393066406, 145.02340698242188, 144.70816040039062, 146.89588928222656, 146.44500732421875], "mid_cosine": [0.6016525030136108, 0.6231229305267334, 0.61789470911026, 0.6295216083526611, 0.6355494260787964, 0.6319690942764282, 0.6337763071060181, 0.6338598728179932, 0.6225202083587646, 0.6222214698791504], "high_L2": [39.34452438354492, 37.5788688659668, 36.489418029785156, 38.11188888549805, 37.638607025146484, 38.454566955566406, 37.70227813720703, 38.1777229309082, 38.03792190551758, 38.47678756713867], "high_cosine": [0.6549451351165771, 0.6927663087844849, 0.6812551021575928, 0.6793586015701294, 0.6863760352134705, 0.6662810444831848, 0.6808286309242249, 0.6715739965438843, 0.66865074634552, 0.6745092272758484], "clip_cosine": [0.9986104369163513, 0.9986660480499268, 0.9986799359321594, 0.9987900853157043, 0.998671293258667, 0.9985642433166504, 0.9986200928688049, 0.9986733794212341, 0.9986311793327332, 0.9983325004577637], "dino_cosine": [0.9536711573600769, 0.9479694962501526, 0.9571092128753662, 0.9548680186271667, 0.9563702940940857, 0.9555683135986328, 0.9563124179840088, 0.9533290266990662, 0.955769419670105, 0.9515243768692017], "clip_L2": [12.726640701293945, 12.444195747375488, 12.140958786010742, 11.70163631439209, 12.227819442749023, 12.537077903747559, 12.346651077270508, 12.150628089904785, 12.1704740524292, 13.108955383300781], "dino_L2": [15.292634963989258, 16.187026977539062, 14.886354446411133, 15.175795555114746, 14.9590482711792, 15.1900634765625, 14.973525047302246, 15.451950073242188, 14.90076732635498, 15.947800636291504], "rcnn_confidence": [0.07620982825756073, 0.5561880469322205, 0.3314402103424072, 0.08411519974470139, 0.0, 0.0, 0.0, 0.2651142477989197, 0.0, 0.0], "yolo_confidence": [0.0, 0.0, 0.0, 0.0, 0.0, 0.0, 0.0, 0.0, 0.0, 0.0]}