{"pixel_L2": [24313.310546875, 22266.658203125, 24559.1171875, 23694.27734375, 24096.931640625, 23268.25, 20669.212890625, 25198.009765625, 29092.400390625, 22498.607421875], "pixel_cosine": [0.9001474380493164, 0.8886038064956665, 0.9048590660095215, 0.9019637107849121, 0.8951048851013184, 0.8903970718383789, 0.9149153828620911, 0.8934510350227356, 0.8864279985427856, 0.8959015607833862], "low_L2": [451.88134765625, 459.6408996582031, 384.5411376953125, 477.9858703613281, 448.04931640625, 471.9249267578125, 437.5210876464844, 476.46185302734375, 455.3410949707031, 502.2431945800781], "low_cosine": [0.28999564051628113, 0.3212820887565613, 0.3105848431587219, 0.2856598198413849, 0.28525835275650024, 0.2756845951080322, 0.31758612394332886, 0.2544736862182617, 0.2875176966190338, 0.2752753794193268], "mid_L2": [396.7671203613281, 412.31732177734375, 388.1180419921875, 411.2071838378906, 408.05535888671875, 420.76324462890625, 399.60833740234375, 407.08770751953125, 386.96453857421875, 438.3429870605469], "mid_cosine": [0.24187472462654114, 0.22388286888599396, 0.23439867794513702, 0.2304232120513916, 0.2291489839553833, 0.21108737587928772, 0.22540149092674255, 0.2217683494091034, 0.2645699977874756, 0.1982843279838562], "high_L2": [62.138580322265625, 63.817962646484375, 55.99432373046875, 61.21571350097656, 56.940093994140625, 60.8000373840332, 56.83816909790039, 64.6803970336914, 49.21576690673828, 61.893714904785156], "high_cosine": [0.4256082773208618, 0.3199573755264282, 0.4621140658855438, 0.37153249979019165, 0.4712560474872589, 0.33414506912231445, 0.4529271721839905, 0.3357064723968506, 0.5948106646537781, 0.29268091917037964], "clip_cosine": [0.9984010457992554, 0.9989579916000366, 0.999019205570221, 0.9987239241600037, 0.9991825819015503, 0.9989866018295288, 0.9986153244972229, 0.9985654354095459, 0.9990489482879639, 0.9991200566291809], "dino_cosine": [0.9505959749221802, 0.938038170337677, 0.9608948230743408, 0.9484115839004517, 0.9623414278030396, 0.9485165476799011, 0.9424471259117126, 0.9443319439888, 0.9686850309371948, 0.9429149031639099], "clip_L2": [14.80362606048584, 12.214752197265625, 11.721056938171387, 12.904669761657715, 10.653712272644043, 11.671886444091797, 13.775642395019531, 13.391847610473633, 11.689249038696289, 11.489426612854004], "dino_L2": [15.270123481750488, 17.106266021728516, 13.646122932434082, 15.185816764831543, 13.040599822998047, 15.604605674743652, 16.51032066345215, 16.132713317871094, 11.610579490661621, 16.36006736755371], "rcnn_confidence": [0.4990929663181305, 0.07317401468753815, 0.1285766363143921, 0.43614310026168823, 0.9750951528549194, 0.0, 0.39297643303871155, 0.05861683189868927, 0.8427670001983643, 0.19849026203155518], "yolo_confidence": [0.0, 0.0, 0.0, 0.0, 0.41454604268074036, 0.0, 0.0, 0.0, 0.0, 0.0]}