{"pixel_L2": [20267.486328125, 20252.17578125, 20306.41796875, 20254.251953125, 20256.599609375, 20267.587890625, 20223.640625, 20302.412109375, 20278.732421875, 20259.390625], "pixel_cosine": [0.8927597999572754, 0.8932806253433228, 0.892903208732605, 0.8942082524299622, 0.8933205604553223, 0.8928282260894775, 0.8934197425842285, 0.8941043615341187, 0.8930923342704773, 0.8925454020500183], "low_L2": [354.076904296875, 354.70562744140625, 354.59600830078125, 354.5550842285156, 356.2144775390625, 354.8568420410156, 357.0035705566406, 356.4458312988281, 355.76348876953125, 357.6790771484375], "low_cosine": [0.2677088975906372, 0.2669866383075714, 0.26758164167404175, 0.2697375416755676, 0.2682523727416992, 0.2680320739746094, 0.2649325132369995, 0.26537150144577026, 0.26856017112731934, 0.26879042387008667], "mid_L2": [294.22381591796875, 295.36279296875, 297.7160339355469, 296.5040283203125, 296.9593811035156, 297.5417785644531, 295.174072265625, 297.9951171875, 296.8197937011719, 299.3734436035156], "mid_cosine": [0.24274712800979614, 0.2382262945175171, 0.23902355134487152, 0.24100971221923828, 0.2370223104953766, 0.23793447017669678, 0.24334704875946045, 0.2377198040485382, 0.2400597482919693, 0.23911254107952118], "high_L2": [73.28294372558594, 74.5242691040039, 74.8330307006836, 73.77716064453125, 75.26409912109375, 73.69259643554688, 73.33636474609375, 73.99234771728516, 75.21764373779297, 75.57743835449219], "high_cosine": [0.3205602765083313, 0.3031236231327057, 0.30726251006126404, 0.32308173179626465, 0.27923160791397095, 0.31141120195388794, 0.32171326875686646, 0.3149767816066742, 0.28027334809303284, 0.2841288447380066], "clip_cosine": [0.9990531802177429, 0.9989698529243469, 0.9990523457527161, 0.999036431312561, 0.9990954399108887, 0.9992851614952087, 0.999079167842865, 0.999052107334137, 0.9990290999412537, 0.9991463422775269], "dino_cosine": [0.9572770595550537, 0.9535760283470154, 0.9547072649002075, 0.9519082307815552, 0.954874575138092, 0.9568880796432495, 0.9546805024147034, 0.9544306397438049, 0.955391526222229, 0.9576382040977478], "clip_L2": [11.384824752807617, 12.046016693115234, 11.722418785095215, 11.71454906463623, 11.337432861328125, 10.13866138458252, 11.413800239562988, 11.485895156860352, 11.609173774719238, 10.995244026184082], "dino_L2": [16.390308380126953, 16.670326232910156, 16.62499237060547, 16.7417049407959, 17.01727867126465, 16.124357223510742, 16.50475311279297, 17.077312469482422, 16.374313354492188, 16.416519165039062], "rcnn_confidence": [0.0, 0.0, 0.0, 0.0, 0.0, 0.0, 0.0, 0.0, 0.0, 0.0], "yolo_confidence": [0.0, 0.0, 0.0, 0.0, 0.0, 0.0, 0.0, 0.0, 0.0, 0.0]}