{"pixel_L2": [25111.951171875, 19252.009765625, 21530.451171875, 21946.25390625, 21123.4375, 19219.142578125, 29008.91796875, 20006.5234375, 22020.962890625, 24517.380859375], "pixel_cosine": [0.3426167964935303, 0.37589091062545776, 0.4607599079608917, 0.4022306203842163, 0.4393225610256195, 0.4337087869644165, 0.3599333167076111, 0.39246103167533875, 0.3956131637096405, 0.3533913493156433], "low_L2": [343.72430419921875, 207.98410034179688, 263.3081970214844, 234.82447814941406, 271.4232482910156, 227.05136108398438, 363.1235656738281, 255.84786987304688, 241.92324829101562, 272.81622314453125], "low_cosine": [0.38619089126586914, 0.5537242889404297, 0.48907411098480225, 0.49172472953796387, 0.45803263783454895, 0.523952066898346, 0.3879636526107788, 0.4824797511100769, 0.49376925826072693, 0.45577704906463623], "mid_L2": [246.3691864013672, 209.12130737304688, 229.43310546875, 216.97996520996094, 222.56321716308594, 202.62413024902344, 256.4206848144531, 218.8649139404297, 233.66213989257812, 229.19064331054688], "mid_cosine": [0.21774250268936157, 0.2613193392753601, 0.2582748830318451, 0.2611672282218933, 0.26179641485214233, 0.28584325313568115, 0.22997765243053436, 0.2532101273536682, 0.24729685485363007, 0.25798019766807556], "high_L2": [54.3737907409668, 51.04590606689453, 53.638893127441406, 46.59272766113281, 51.31070327758789, 49.17247009277344, 47.433799743652344, 48.26073455810547, 51.26313018798828, 50.3978271484375], "high_cosine": [0.3283463716506958, 0.24304968118667603, 0.2744271755218506, 0.44077765941619873, 0.2230960726737976, 0.26760321855545044, 0.39204731583595276, 0.3284875750541687, 0.29565778374671936, 0.36843642592430115], "clip_cosine": [0.9990911483764648, 0.9993008375167847, 0.999113142490387, 0.999051570892334, 0.9991278648376465, 0.9991267919540405, 0.999009370803833, 0.9991381764411926, 0.9991762638092041, 0.9990480542182922], "dino_cosine": [0.951920211315155, 0.9390914440155029, 0.9510193467140198, 0.9450681209564209, 0.950665295124054, 0.9471423625946045, 0.9473131895065308, 0.9530961513519287, 0.9497737288475037, 0.9433227181434631], "clip_L2": [11.96513557434082, 10.763554573059082, 11.796893119812012, 12.108333587646484, 11.892332077026367, 12.010896682739258, 12.35905933380127, 11.772671699523926, 11.55339527130127, 12.054758071899414], "dino_L2": [17.230295181274414, 18.795230865478516, 18.089433670043945, 17.889799118041992, 18.450605392456055, 18.194589614868164, 17.85689353942871, 16.81535530090332, 18.4697208404541, 18.614286422729492], "rcnn_confidence": [0.6173045635223389, 0.3962651789188385, 0.6345575451850891, 0.30228251218795776, 0.8052114248275757, 0.904230535030365, 0.13605406880378723, 0.11406434327363968, 0.2292950451374054, 0.4043958783149719], "yolo_confidence": [0.0, 0.0, 0.0, 0.0, 0.0, 0.0, 0.0, 0.0, 0.0, 0.0]}