{"pixel_L2": [15550.912109375, 15784.083984375, 15648.4072265625, 15631.5185546875, 15780.0205078125, 15491.42578125, 15692.548828125, 15565.388671875, 15740.2568359375, 15612.462890625], "pixel_cosine": [0.8518861532211304, 0.8499102592468262, 0.8517138957977295, 0.8531516194343567, 0.8500800132751465, 0.8538763523101807, 0.8510128855705261, 0.8542920351028442, 0.8501936793327332, 0.851883053779602], "low_L2": [346.21148681640625, 353.4532165527344, 353.1960754394531, 347.7702331542969, 357.77862548828125, 344.37677001953125, 346.23272705078125, 343.481689453125, 351.45361328125, 345.84539794921875], "low_cosine": [0.7093691229820251, 0.7037314176559448, 0.7027208805084229, 0.7080780267715454, 0.6997836828231812, 0.7101172804832458, 0.7083954811096191, 0.7123187780380249, 0.7060714364051819, 0.7092946767807007], "mid_L2": [229.13641357421875, 229.50502014160156, 231.1355438232422, 228.96022033691406, 233.36001586914062, 227.98362731933594, 227.70330810546875, 229.26109313964844, 229.7911376953125, 229.55380249023438], "mid_cosine": [0.5464106798171997, 0.5555733442306519, 0.54825758934021, 0.5502995848655701, 0.5456793308258057, 0.5549502968788147, 0.5514671802520752, 0.5491706728935242, 0.5535178184509277, 0.5510435104370117], "high_L2": [51.842430114746094, 51.04069900512695, 52.927181243896484, 50.246280670166016, 51.666751861572266, 50.854331970214844, 51.36209487915039, 52.28772735595703, 52.04279708862305, 51.53352355957031], "high_cosine": [0.5763900876045227, 0.5923804044723511, 0.5645248889923096, 0.5982440710067749, 0.5867443680763245, 0.5889694094657898, 0.5775250792503357, 0.5716691017150879, 0.5767732858657837, 0.5856719017028809], "clip_cosine": [0.9983683824539185, 0.9983839988708496, 0.9984679818153381, 0.9984216690063477, 0.9984505772590637, 0.9985112547874451, 0.9983599185943604, 0.9983118772506714, 0.9983877539634705, 0.9984796047210693], "dino_cosine": [0.9792554974555969, 0.9790112972259521, 0.9792806506156921, 0.9805153608322144, 0.9798192381858826, 0.9784272313117981, 0.979049801826477, 0.9794124364852905, 0.9799108505249023, 0.9788398146629333], "clip_L2": [13.800963401794434, 13.62212085723877, 13.3973388671875, 14.148484230041504, 13.716870307922363, 13.628768920898438, 13.879434585571289, 13.973798751831055, 13.838665962219238, 13.639911651611328], "dino_L2": [15.4645357131958, 15.221063613891602, 15.160365104675293, 15.456725120544434, 15.739540100097656, 15.070723533630371, 15.29791259765625, 15.17238712310791, 15.273380279541016, 15.24675178527832], "rcnn_confidence": [0.0, 0.0, 0.0, 0.0, 0.0, 0.0, 0.0, 0.0, 0.0, 0.0], "yolo_confidence": [0.0, 0.0, 0.0, 0.0, 0.0, 0.0, 0.0, 0.0, 0.0, 0.0]}