{"pixel_L2": [20777.7890625, 21635.87890625, 23245.48046875, 21680.13671875, 22175.50390625, 24292.111328125, 21967.423828125, 20749.0546875, 20777.833984375, 22321.953125], "pixel_cosine": [0.921188235282898, 0.9158149361610413, 0.8994876742362976, 0.9111175537109375, 0.9074947237968445, 0.8960644006729126, 0.9105771780014038, 0.9210919141769409, 0.9234015941619873, 0.9096316695213318], "low_L2": [349.1794738769531, 339.51458740234375, 348.744873046875, 356.8505859375, 356.88311767578125, 341.0621643066406, 339.6225280761719, 334.37969970703125, 339.2225341796875, 349.9069519042969], "low_cosine": [0.6179882287979126, 0.6238707900047302, 0.6195391416549683, 0.6183370351791382, 0.6038851141929626, 0.6066874265670776, 0.6145691275596619, 0.6257491707801819, 0.6272875070571899, 0.6115319132804871], "mid_L2": [323.67626953125, 320.91741943359375, 324.9747009277344, 338.24468994140625, 317.5787353515625, 305.5543518066406, 310.4360656738281, 311.0576477050781, 311.364501953125, 314.393798828125], "mid_cosine": [0.3939778506755829, 0.4084341824054718, 0.3934406638145447, 0.37432700395584106, 0.4093264937400818, 0.3991234302520752, 0.4271399974822998, 0.42400750517845154, 0.41606584191322327, 0.4042338728904724], "high_L2": [55.209495544433594, 55.84046173095703, 56.063602447509766, 60.351749420166016, 51.69158172607422, 51.05500411987305, 53.212406158447266, 51.98432540893555, 53.912689208984375, 55.19012451171875], "high_cosine": [0.5854018330574036, 0.5826529860496521, 0.59478759765625, 0.507239043712616, 0.6468621492385864, 0.6567620635032654, 0.6279467344284058, 0.6491069793701172, 0.6155259013175964, 0.5927749276161194], "clip_cosine": [0.9984449744224548, 0.9984958171844482, 0.9985678791999817, 0.9984081387519836, 0.9985156059265137, 0.998440146446228, 0.9982611536979675, 0.9984970092773438, 0.9985184073448181, 0.9985859394073486], "dino_cosine": [0.9354913830757141, 0.9400773048400879, 0.9433678388595581, 0.9345090985298157, 0.9488326907157898, 0.9532932043075562, 0.9508583545684814, 0.9263409972190857, 0.92730313539505, 0.9579806923866272], "clip_L2": [13.814652442932129, 13.509299278259277, 13.308472633361816, 13.75478458404541, 14.085707664489746, 13.691368103027344, 14.152528762817383, 13.716087341308594, 13.55496883392334, 13.30978775024414], "dino_L2": [20.477596282958984, 18.84444808959961, 19.711130142211914, 20.46991729736328, 18.781044006347656, 17.368270874023438, 19.11533546447754, 19.52505111694336, 19.86115837097168, 18.651506423950195], "rcnn_confidence": [0.2378206104040146, 0.41587668657302856, 0.32392576336860657, 0.8490567207336426, 0.10604286938905716, 0.5609782934188843, 0.0, 0.05899764969944954, 0.24809950590133667, 0.6172000765800476], "yolo_confidence": [0.0, 0.0, 0.0, 0.0, 0.0, 0.0, 0.0, 0.0, 0.0, 0.0]}