{"pixel_L2": [31224.38671875, 31118.962890625, 31303.7734375, 31066.28515625, 31503.19140625, 31218.853515625, 31245.89453125, 31296.748046875, 31075.5078125, 31092.724609375], "pixel_cosine": [0.49117934703826904, 0.4868607819080353, 0.49126535654067993, 0.48556870222091675, 0.48698359727859497, 0.48969143629074097, 0.49332547187805176, 0.49175843596458435, 0.49711737036705017, 0.49098584055900574], "low_L2": [332.1570129394531, 329.41802978515625, 330.9186096191406, 327.51513671875, 332.07196044921875, 328.6812438964844, 332.7220153808594, 332.78533935546875, 329.5714111328125, 331.42938232421875], "low_cosine": [0.22075869143009186, 0.26090505719184875, 0.22464126348495483, 0.25144118070602417, 0.23362070322036743, 0.2352432906627655, 0.22071802616119385, 0.22260479629039764, 0.23045265674591064, 0.22322845458984375], "mid_L2": [297.85614013671875, 300.70599365234375, 294.6541442871094, 298.02410888671875, 296.41876220703125, 294.6121826171875, 296.75201416015625, 297.199951171875, 294.5672912597656, 296.8158874511719], "mid_cosine": [0.21962934732437134, 0.23747853934764862, 0.23086878657341003, 0.2275865375995636, 0.22868040204048157, 0.2322281301021576, 0.21771103143692017, 0.22181543707847595, 0.22791698575019836, 0.21940262615680695], "high_L2": [59.34547805786133, 55.85364532470703, 57.669979095458984, 57.89564514160156, 57.58140182495117, 57.410911560058594, 58.87538146972656, 59.08981704711914, 58.45225524902344, 58.871490478515625], "high_cosine": [0.08571965992450714, 0.14062614738941193, 0.11238798499107361, 0.11328759789466858, 0.11129415780305862, 0.11144346743822098, 0.09832477569580078, 0.09978991001844406, 0.09973330795764923, 0.09732922911643982], "clip_cosine": [0.9988526701927185, 0.9990214705467224, 0.9985034465789795, 0.9987343549728394, 0.9988349676132202, 0.9988796710968018, 0.9988994002342224, 0.9987143874168396, 0.9990739822387695, 0.998936653137207], "dino_cosine": [0.9485957026481628, 0.9524839520454407, 0.9484061002731323, 0.9460241794586182, 0.9559334516525269, 0.9504951238632202, 0.9529622793197632, 0.9574307203292847, 0.949582576751709, 0.9562076330184937], "clip_L2": [13.10303783416748, 12.745871543884277, 14.953149795532227, 13.49484920501709, 13.597935676574707, 13.853414535522461, 12.965798377990723, 13.628460884094238, 12.101628303527832, 13.048479080200195], "dino_L2": [18.714954376220703, 18.2297420501709, 18.55004119873047, 19.439111709594727, 17.889711380004883, 18.441389083862305, 18.499977111816406, 17.954608917236328, 18.52056312561035, 17.436613082885742], "rcnn_confidence": [0.0, 0.0, 0.0, 0.0, 0.0, 0.0, 0.0, 0.0, 0.0, 0.0], "yolo_confidence": [0.0, 0.0, 0.0, 0.0, 0.0, 0.0, 0.0, 0.0, 0.0, 0.0]}