{"pixel_L2": [19472.419921875, 19823.990234375, 20447.916015625, 19699.443359375, 20134.46875, 19524.341796875, 20098.5625, 20035.640625, 19561.822265625, 19813.73046875], "pixel_cosine": [0.8769463300704956, 0.8789979815483093, 0.8802526593208313, 0.8785302042961121, 0.8775719404220581, 0.8838678598403931, 0.8766289949417114, 0.8750300407409668, 0.8776988983154297, 0.8769033551216125], "low_L2": [381.6278076171875, 380.15069580078125, 405.2771301269531, 381.3691711425781, 383.18426513671875, 379.9252624511719, 398.9603576660156, 387.7564392089844, 381.9082946777344, 412.083251953125], "low_cosine": [0.47528544068336487, 0.47507065534591675, 0.4326826333999634, 0.4775828719139099, 0.4692659378051758, 0.47838446497917175, 0.4407087564468384, 0.4602520167827606, 0.4738766551017761, 0.4272475242614746], "mid_L2": [336.06280517578125, 330.6702575683594, 342.578857421875, 333.96923828125, 335.804931640625, 331.1181335449219, 347.0384826660156, 335.2276916503906, 341.1746520996094, 343.9777526855469], "mid_cosine": [0.29465463757514954, 0.30410176515579224, 0.2893395721912384, 0.29876166582107544, 0.2948806583881378, 0.3060416877269745, 0.2726900279521942, 0.29863613843917847, 0.2862222194671631, 0.28013771772384644], "high_L2": [74.02162170410156, 74.28404998779297, 73.17347717285156, 73.58094024658203, 74.0123062133789, 75.55963134765625, 75.05769348144531, 74.94485473632812, 73.11222076416016, 74.77855682373047], "high_cosine": [0.1298622488975525, 0.09929723292589188, 0.1234036535024643, 0.1291610598564148, 0.12146783620119095, 0.08855557441711426, 0.0929633304476738, 0.10357284545898438, 0.1334138810634613, 0.12044526636600494], "clip_cosine": [0.9984527230262756, 0.9982089996337891, 0.9981520771980286, 0.9985463619232178, 0.9983844757080078, 0.9983208179473877, 0.998284101486206, 0.9981349110603333, 0.9985285401344299, 0.9981968402862549], "dino_cosine": [0.956394374370575, 0.9578549861907959, 0.9562026262283325, 0.9656917452812195, 0.9591097235679626, 0.9569645524024963, 0.9630005359649658, 0.9528409838676453, 0.9655963778495789, 0.9484091401100159], "clip_L2": [12.884243965148926, 14.300589561462402, 14.270928382873535, 12.504230499267578, 13.240747451782227, 13.303556442260742, 13.774271965026855, 14.064334869384766, 12.572681427001953, 14.197043418884277], "dino_L2": [14.825471878051758, 14.861462593078613, 15.272178649902344, 13.380613327026367, 14.733742713928223, 15.526021003723145, 14.262325286865234, 15.441291809082031, 14.598209381103516, 15.412869453430176], "rcnn_confidence": [0.0, 0.0, 0.0, 0.0, 0.0, 0.0, 0.0, 0.0, 0.0, 0.0], "yolo_confidence": [0.0, 0.0, 0.0, 0.0, 0.0, 0.0, 0.0, 0.0, 0.0, 0.0]}