{"pixel_L2": [23116.724609375, 23711.365234375, 31699.79296875, 31614.09765625, 24757.51171875, 24183.21875, 23344.673828125, 22728.990234375, 24118.017578125, 23847.853515625], "pixel_cosine": [0.7173094749450684, 0.6902886033058167, 0.6465442180633545, 0.6795459389686584, 0.6827483177185059, 0.7021539211273193, 0.7020695805549622, 0.7166426181793213, 0.7314816117286682, 0.6955949068069458], "low_L2": [345.03466796875, 310.9646911621094, 453.9382629394531, 351.59881591796875, 335.90533447265625, 308.1086120605469, 331.3322448730469, 376.4464111328125, 341.2875061035156, 368.95379638671875], "low_cosine": [0.4311145544052124, 0.4117794632911682, 0.37183064222335815, 0.37570300698280334, 0.42629313468933105, 0.40779128670692444, 0.417059063911438, 0.3844665586948395, 0.42064228653907776, 0.3960091471672058], "mid_L2": [301.0008239746094, 290.9898986816406, 355.2559509277344, 308.2601318359375, 306.50787353515625, 296.34625244140625, 288.8907775878906, 306.3033142089844, 320.34393310546875, 322.6297302246094], "mid_cosine": [0.2720072269439697, 0.2778090238571167, 0.24591553211212158, 0.28811395168304443, 0.2790583372116089, 0.2820975184440613, 0.2939796447753906, 0.2770942449569702, 0.25744175910949707, 0.280001163482666], "high_L2": [46.947662353515625, 47.32371520996094, 63.31201171875, 47.86501693725586, 49.02547073364258, 45.14498519897461, 43.45149230957031, 53.603214263916016, 48.27647018432617, 60.27228927612305], "high_cosine": [0.40903380513191223, 0.44082701206207275, 0.3041723668575287, 0.39140594005584717, 0.4162538945674896, 0.4482801556587219, 0.4676935076713562, 0.3440554738044739, 0.397052139043808, 0.28513211011886597], "clip_cosine": [0.999129593372345, 0.9988266825675964, 0.9989124536514282, 0.998788058757782, 0.9988247156143188, 0.9989352822303772, 0.9986993670463562, 0.9989076852798462, 0.9990180134773254, 0.9988383054733276], "dino_cosine": [0.9729615449905396, 0.9695304036140442, 0.9557008743286133, 0.9770312905311584, 0.973410964012146, 0.9703269600868225, 0.9758408665657043, 0.9739740490913391, 0.9761661291122437, 0.9752782583236694], "clip_L2": [10.232830047607422, 11.884594917297363, 11.527557373046875, 11.963483810424805, 11.997200012207031, 11.521608352661133, 11.943790435791016, 11.046850204467773, 10.78963851928711, 11.500517845153809], "dino_L2": [13.183582305908203, 14.707087516784668, 14.588181495666504, 13.032992362976074, 13.061273574829102, 14.036429405212402, 12.99777889251709, 12.974295616149902, 12.945497512817383, 13.101181983947754], "rcnn_confidence": [0.5262857675552368, 0.0, 0.7948930859565735, 0.17429298162460327, 0.0, 0.0, 0.08536192029714584, 0.8068251013755798, 0.0, 0.7551230192184448], "yolo_confidence": [0.0, 0.0, 0.0, 0.0, 0.0, 0.0, 0.0, 0.0, 0.0, 0.6044595837593079]}