{"pixel_L2": [42224.07421875, 41453.8671875, 41782.98046875, 40572.71875, 40220.19140625, 40200.17578125, 42645.87109375, 41775.96875, 41293.23828125, 38455.375], "pixel_cosine": [0.7004514932632446, 0.7290952801704407, 0.7066028118133545, 0.7363114953041077, 0.7332037091255188, 0.7387533187866211, 0.7245364785194397, 0.7182369828224182, 0.729943037033081, 0.7588919401168823], "low_L2": [868.544921875, 887.5582275390625, 893.4498291015625, 926.3751220703125, 871.7202758789062, 920.8616943359375, 904.6883544921875, 906.3602905273438, 886.6019897460938, 869.417236328125], "low_cosine": [0.5991132259368896, 0.5680555701255798, 0.5606293082237244, 0.5271527767181396, 0.6019066572189331, 0.5361520051956177, 0.5439736247062683, 0.5439438223838806, 0.5681168437004089, 0.5925449132919312], "mid_L2": [423.13104248046875, 409.8687744140625, 409.0120849609375, 414.0615539550781, 429.1706237792969, 431.31201171875, 418.4490051269531, 441.4656982421875, 410.65484619140625, 424.2510986328125], "mid_cosine": [0.3839113116264343, 0.37695443630218506, 0.3903060257434845, 0.3766325116157532, 0.3686695098876953, 0.3501928448677063, 0.3592931628227234, 0.3214516043663025, 0.3793603181838989, 0.3536998927593231], "high_L2": [58.069610595703125, 65.00691223144531, 59.50044250488281, 65.35385131835938, 59.61112976074219, 62.74394226074219, 64.37417602539062, 66.97721862792969, 60.46052551269531, 65.4908447265625], "high_cosine": [0.3952353298664093, 0.31307414174079895, 0.3511463403701782, 0.337480366230011, 0.40289872884750366, 0.3306233584880829, 0.2837051749229431, 0.2906585931777954, 0.3442220985889435, 0.23532766103744507], "clip_cosine": [0.9987926483154297, 0.9987244606018066, 0.9987421035766602, 0.9987790584564209, 0.9988080859184265, 0.9988058805465698, 0.9988116025924683, 0.9987399578094482, 0.9984994530677795, 0.9988065958023071], "dino_cosine": [0.9595305919647217, 0.9642865061759949, 0.9621050357818604, 0.9717691540718079, 0.9720520973205566, 0.9602278470993042, 0.96646648645401, 0.9754926562309265, 0.9668460488319397, 0.9676387310028076], "clip_L2": [12.025283813476562, 12.558822631835938, 11.989377975463867, 12.051011085510254, 12.104803085327148, 12.16019058227539, 12.147741317749023, 12.842747688293457, 13.833950996398926, 12.029019355773926], "dino_L2": [16.72273063659668, 17.267004013061523, 17.099590301513672, 16.216012954711914, 16.718122482299805, 17.726144790649414, 17.590045928955078, 16.45684051513672, 17.03252410888672, 17.5106143951416], "rcnn_confidence": [0.0, 0.0, 0.0, 0.0, 0.0, 0.0, 0.0, 0.0, 0.0, 0.0], "yolo_confidence": [0.0, 0.0, 0.0, 0.0, 0.0, 0.0, 0.0, 0.0, 0.0, 0.0]}