{"pixel_L2": [31318.341796875, 31579.169921875, 30993.2890625, 31469.34765625, 30907.611328125, 31783.90234375, 32130.5859375, 31459.07421875, 31549.998046875, 31599.22265625], "pixel_cosine": [0.5519579648971558, 0.552388072013855, 0.5543438792228699, 0.5552508234977722, 0.5567923784255981, 0.550355076789856, 0.5530781149864197, 0.5584573149681091, 0.5532474517822266, 0.5524353981018066], "low_L2": [256.3917236328125, 257.9397277832031, 256.97760009765625, 258.8973693847656, 257.3677978515625, 257.03076171875, 263.135009765625, 255.30088806152344, 258.2412109375, 264.1370544433594], "low_cosine": [0.42456623911857605, 0.4226117730140686, 0.4238475561141968, 0.4198758006095886, 0.42048126459121704, 0.4209519624710083, 0.41506627202033997, 0.4301229417324066, 0.4202224910259247, 0.41155296564102173], "mid_L2": [258.44873046875, 259.7652587890625, 255.37326049804688, 261.0870666503906, 256.3805236816406, 255.5604705810547, 267.76837158203125, 257.2883605957031, 255.5432586669922, 263.6560974121094], "mid_cosine": [0.2553005814552307, 0.2637662887573242, 0.2650375962257385, 0.2633638381958008, 0.2636409401893616, 0.25504231452941895, 0.24546313285827637, 0.269362211227417, 0.2528403401374817, 0.244620680809021], "high_L2": [56.580787658691406, 56.36528015136719, 56.08287811279297, 57.07950973510742, 55.761165618896484, 55.8348503112793, 57.322227478027344, 56.538055419921875, 56.01561737060547, 55.794246673583984], "high_cosine": [0.2584003806114197, 0.24792519211769104, 0.25454264879226685, 0.2643829584121704, 0.26451247930526733, 0.24669410288333893, 0.2675868272781372, 0.2504299581050873, 0.25205910205841064, 0.24113716185092926], "clip_cosine": [0.9984235763549805, 0.9985523819923401, 0.9984108209609985, 0.9983077645301819, 0.9981427788734436, 0.9984966516494751, 0.9983904361724854, 0.9983104467391968, 0.998522162437439, 0.9982585310935974], "dino_cosine": [0.9293736815452576, 0.9263688325881958, 0.9333338141441345, 0.9281306266784668, 0.9336326122283936, 0.9384114742279053, 0.9336116909980774, 0.9281776547431946, 0.9329083561897278, 0.9255743026733398], "clip_L2": [13.205368995666504, 12.984174728393555, 13.67101764678955, 13.620719909667969, 14.401055335998535, 13.250551223754883, 13.397974967956543, 13.457077980041504, 13.234682083129883, 14.20895767211914], "dino_L2": [18.821544647216797, 19.252517700195312, 19.340425491333008, 19.67376136779785, 18.946487426757812, 19.232696533203125, 18.9459285736084, 19.016809463500977, 19.11754035949707, 19.655488967895508], "rcnn_confidence": [0.06579660624265671, 0.0, 0.0, 0.0, 0.0, 0.0, 0.0, 0.0, 0.0, 0.0], "yolo_confidence": [0.0, 0.0, 0.0, 0.0, 0.0, 0.0, 0.0, 0.0, 0.0, 0.0]}