{"pixel_L2": [37000.765625, 35465.23046875, 33754.8203125, 39884.51171875, 37168.59765625, 36870.69140625, 34958.44921875, 36053.43359375, 37660.43359375, 36413.2109375], "pixel_cosine": [0.5881659388542175, 0.5704442262649536, 0.5887781381607056, 0.5461735725402832, 0.5809103846549988, 0.5807052850723267, 0.5715548992156982, 0.5720386505126953, 0.5867652893066406, 0.588420033454895], "low_L2": [993.6714477539062, 1012.4026489257812, 975.3717041015625, 1085.3818359375, 1045.768310546875, 1000.8999633789062, 1018.0612182617188, 1050.6552734375, 1087.044677734375, 998.7623291015625], "low_cosine": [0.5880450010299683, 0.593532919883728, 0.6065361499786377, 0.5562605857849121, 0.5722249150276184, 0.5832884907722473, 0.5847063064575195, 0.5918071269989014, 0.582771897315979, 0.5855734944343567], "mid_L2": [491.65557861328125, 472.69183349609375, 466.54693603515625, 517.146484375, 524.3807983398438, 472.392822265625, 466.88983154296875, 519.6669311523438, 486.7515869140625, 486.8840026855469], "mid_cosine": [0.31092146039009094, 0.33804774284362793, 0.35095372796058655, 0.2814578711986542, 0.28094786405563354, 0.31756889820098877, 0.34311264753341675, 0.30964571237564087, 0.3071577847003937, 0.31447112560272217], "high_L2": [57.587371826171875, 54.07752227783203, 58.164146423339844, 61.43904113769531, 65.59971618652344, 59.49105453491211, 55.97282409667969, 60.602298736572266, 59.170738220214844, 55.75253677368164], "high_cosine": [0.56858891248703, 0.5799731016159058, 0.5452815294265747, 0.49716702103614807, 0.4815405607223511, 0.4833570718765259, 0.5665500164031982, 0.5444774627685547, 0.5294636487960815, 0.5696641802787781], "clip_cosine": [0.998620867729187, 0.9985389113426208, 0.9988539814949036, 0.9989543557167053, 0.9987329244613647, 0.9986410140991211, 0.9986658096313477, 0.9989204406738281, 0.9984005689620972, 0.998995304107666], "dino_cosine": [0.9730106592178345, 0.9754113554954529, 0.9776995778083801, 0.9775925278663635, 0.9710013270378113, 0.9769377708435059, 0.9752299785614014, 0.9776946306228638, 0.9790395498275757, 0.9693028330802917], "clip_L2": [13.299576759338379, 13.38099479675293, 12.230866432189941, 12.044797897338867, 12.89193344116211, 13.06015396118164, 13.105476379394531, 12.076329231262207, 13.879266738891602, 11.729333877563477], "dino_L2": [15.269328117370605, 15.463398933410645, 15.158916473388672, 14.526426315307617, 14.215579986572266, 14.510053634643555, 16.604007720947266, 15.708449363708496, 15.078898429870605, 14.46476936340332], "rcnn_confidence": [0.0, 0.0, 0.0, 0.0, 0.0, 0.0, 0.0, 0.0, 0.0, 0.1273210644721985], "yolo_confidence": [0.0, 0.0, 0.0, 0.0, 0.0, 0.0, 0.0, 0.0, 0.0, 0.0]}