{"pixel_L2": [16674.951171875, 15095.01171875, 15902.79296875, 15844.2880859375, 14794.6708984375, 16010.064453125, 15353.3095703125, 16008.3583984375, 16132.29296875, 16905.93359375], "pixel_cosine": [0.9211846590042114, 0.9320614337921143, 0.9256787300109863, 0.9249267578125, 0.9320352077484131, 0.9247860312461853, 0.9283624291419983, 0.9234271049499512, 0.9221580028533936, 0.9187040328979492], "low_L2": [337.038818359375, 329.76971435546875, 333.4242248535156, 328.6461486816406, 328.6065368652344, 328.6863708496094, 323.81915283203125, 334.5023193359375, 331.88232421875, 334.5129089355469], "low_cosine": [0.758941650390625, 0.7772781252861023, 0.7672336101531982, 0.7754595279693604, 0.7857088446617126, 0.7737701535224915, 0.7814605236053467, 0.7650883197784424, 0.7717870473861694, 0.7609761953353882], "mid_L2": [248.86000061035156, 244.42140197753906, 236.59091186523438, 242.58328247070312, 251.35235595703125, 244.73748779296875, 245.8632049560547, 245.98654174804688, 244.3267364501953, 243.88824462890625], "mid_cosine": [0.6267431974411011, 0.6456832885742188, 0.6621660590171814, 0.6433768272399902, 0.6336483955383301, 0.6402747631072998, 0.6419285535812378, 0.6349897384643555, 0.6393962502479553, 0.6349896192550659], "high_L2": [45.31468963623047, 39.839698791503906, 38.048248291015625, 40.8838996887207, 40.223655700683594, 42.60531234741211, 43.12358856201172, 45.333953857421875, 39.3307991027832, 40.16944122314453], "high_cosine": [0.6602578163146973, 0.7463197708129883, 0.7678574323654175, 0.7308059930801392, 0.7417080998420715, 0.707541823387146, 0.7058796286582947, 0.667384922504425, 0.7544965744018555, 0.7354776263237], "clip_cosine": [0.9995139241218567, 0.9995373487472534, 0.9995101094245911, 0.999528169631958, 0.9995414018630981, 0.99953693151474, 0.9995110630989075, 0.9994808435440063, 0.9995296597480774, 0.9995510578155518], "dino_cosine": [0.9786773920059204, 0.9777806997299194, 0.97725909948349, 0.9789007306098938, 0.9796214699745178, 0.979056715965271, 0.9818523526191711, 0.9771518707275391, 0.9796828031539917, 0.9726976752281189], "clip_L2": [8.465203285217285, 8.53916072845459, 8.734694480895996, 8.408849716186523, 8.465790748596191, 8.433008193969727, 8.569635391235352, 8.847343444824219, 8.499551773071289, 8.305166244506836], "dino_L2": [14.883983612060547, 14.704785346984863, 14.917622566223145, 14.862067222595215, 13.458741188049316, 14.73372745513916, 14.247435569763184, 14.564111709594727, 14.566280364990234, 14.95241928100586], "rcnn_confidence": [0.0, 0.0, 0.0, 0.0, 0.0, 0.0, 0.0, 0.0, 0.0, 0.0], "yolo_confidence": [0.0, 0.0, 0.0, 0.0, 0.0, 0.0, 0.0, 0.0, 0.0, 0.0]}