{"pixel_L2": [27782.8359375, 27530.322265625, 28778.30859375, 28276.013671875, 27249.591796875, 27328.86328125, 27330.7109375, 28203.50390625, 28179.8046875, 28461.927734375], "pixel_cosine": [0.7928467988967896, 0.7482756972312927, 0.7996402978897095, 0.8028360605239868, 0.7772948145866394, 0.7707593441009521, 0.7839648127555847, 0.7897528409957886, 0.790160596370697, 0.7861946821212769], "low_L2": [380.2928161621094, 383.70098876953125, 377.9398193359375, 382.6543273925781, 380.5409240722656, 378.9252014160156, 371.31396484375, 378.6634826660156, 386.0439758300781, 428.68951416015625], "low_cosine": [0.4819984436035156, 0.47698479890823364, 0.4739188551902771, 0.4535984396934509, 0.47219496965408325, 0.47558915615081787, 0.49831557273864746, 0.4762876629829407, 0.45795416831970215, 0.45045706629753113], "mid_L2": [331.776123046875, 347.2528381347656, 332.8399353027344, 323.54754638671875, 336.17718505859375, 336.2589416503906, 333.5461730957031, 328.7718505859375, 337.5953369140625, 355.3766784667969], "mid_cosine": [0.2548258602619171, 0.24222522974014282, 0.2307143211364746, 0.24659444391727448, 0.2321169227361679, 0.23049339652061462, 0.25036507844924927, 0.25296294689178467, 0.23379892110824585, 0.23670946061611176], "high_L2": [61.22032928466797, 65.1196517944336, 60.35889434814453, 60.9820442199707, 62.4208984375, 60.38179016113281, 63.86723709106445, 58.37559127807617, 59.30498504638672, 62.554500579833984], "high_cosine": [0.2918299436569214, 0.25264227390289307, 0.30408793687820435, 0.2381144016981125, 0.3156188130378723, 0.2993323802947998, 0.27705809473991394, 0.37348055839538574, 0.2868126928806305, 0.25867560505867004], "clip_cosine": [0.9992122054100037, 0.9990730285644531, 0.9990538358688354, 0.9985325336456299, 0.9990881681442261, 0.999008297920227, 0.9988514184951782, 0.9990820288658142, 0.9990184307098389, 0.9989200830459595], "dino_cosine": [0.9682172536849976, 0.958308219909668, 0.9623331427574158, 0.9554328918457031, 0.962573766708374, 0.9489156007766724, 0.9580121040344238, 0.9610096216201782, 0.9508692026138306, 0.9569965600967407], "clip_L2": [9.933248519897461, 11.144501686096191, 10.919919967651367, 13.714704513549805, 10.58768081665039, 11.06103229522705, 11.799473762512207, 10.642553329467773, 10.908863067626953, 11.67077922821045], "dino_L2": [13.527443885803223, 16.17171859741211, 15.188316345214844, 16.421043395996094, 14.06651496887207, 16.591304779052734, 14.584015846252441, 13.705799102783203, 14.77428913116455, 15.274921417236328], "rcnn_confidence": [0.14768484234809875, 0.41310420632362366, 0.1579398214817047, 0.0, 0.7033796310424805, 0.13997133076190948, 0.0, 0.17342717945575714, 0.6285529732704163, 0.43079349398612976], "yolo_confidence": [0.0, 0.0, 0.0, 0.0, 0.2856186330318451, 0.0, 0.0, 0.0, 0.0, 0.0]}