{"pixel_L2": [20040.9921875, 19953.203125, 20020.736328125, 20032.232421875, 19885.99609375, 20030.46875, 20080.859375, 20173.091796875, 19952.125, 19835.3203125], "pixel_cosine": [0.4973374605178833, 0.4975333511829376, 0.4996824264526367, 0.4991943836212158, 0.497068852186203, 0.49555495381355286, 0.49667713046073914, 0.49570417404174805, 0.4983183741569519, 0.4991917908191681], "low_L2": [398.0105895996094, 396.4182434082031, 396.5517272949219, 398.03033447265625, 394.5284729003906, 398.1913146972656, 398.0052490234375, 400.9996643066406, 395.8273620605469, 395.4015808105469], "low_cosine": [0.5639801025390625, 0.5659675598144531, 0.5638170838356018, 0.5654406547546387, 0.5665587186813354, 0.5620702505111694, 0.5646041631698608, 0.5608145594596863, 0.5634893178939819, 0.566245973110199], "mid_L2": [284.68115234375, 283.3834228515625, 284.7954406738281, 286.2043762207031, 284.78125, 282.6716613769531, 285.917724609375, 288.2189636230469, 286.1756591796875, 284.69110107421875], "mid_cosine": [0.3783625364303589, 0.3764928877353668, 0.3743135333061218, 0.3730264902114868, 0.3752917945384979, 0.3750734329223633, 0.3758057951927185, 0.3675863444805145, 0.37305259704589844, 0.38028424978256226], "high_L2": [50.69059753417969, 51.28957748413086, 52.65285873413086, 51.08608627319336, 51.26325225830078, 51.469600677490234, 51.46394348144531, 51.13941192626953, 51.659114837646484, 50.68397521972656], "high_cosine": [0.476365327835083, 0.4618779420852661, 0.43788087368011475, 0.47066330909729004, 0.4684230387210846, 0.4551486372947693, 0.46509358286857605, 0.46698272228240967, 0.46188104152679443, 0.4783942401409149], "clip_cosine": [0.9986826777458191, 0.9987198710441589, 0.99860680103302, 0.9987190365791321, 0.9987283945083618, 0.9987247586250305, 0.9987475872039795, 0.9987649917602539, 0.9986907243728638, 0.998568058013916], "dino_cosine": [0.9562908411026001, 0.9543906450271606, 0.951808512210846, 0.9534034132957458, 0.9582940340042114, 0.957216739654541, 0.9594804048538208, 0.955900251865387, 0.9559010863304138, 0.9563152194023132], "clip_L2": [13.547457695007324, 13.466615676879883, 13.83173942565918, 13.37705135345459, 13.239148139953613, 13.38819694519043, 13.399950981140137, 13.256880760192871, 13.484579086303711, 13.921881675720215], "dino_L2": [17.539316177368164, 17.388526916503906, 17.803119659423828, 17.385408401489258, 17.3804874420166, 17.277584075927734, 17.40800666809082, 17.584012985229492, 17.493804931640625, 17.418718338012695], "rcnn_confidence": [0.11740279942750931, 0.0892348363995552, 0.17405270040035248, 0.1549975425004959, 0.11698044836521149, 0.07529248297214508, 0.1672692745923996, 0.09194611757993698, 0.08323706686496735, 0.09811218827962875], "yolo_confidence": [0.0, 0.0, 0.0, 0.0, 0.0, 0.0, 0.0, 0.0, 0.0, 0.0]}