{"pixel_L2": [38232.66796875, 35138.0546875, 35990.34375, 37885.078125, 36170.19140625, 35885.671875, 38527.53515625, 39285.16796875, 37362.72265625, 37082.96484375], "pixel_cosine": [0.7100452184677124, 0.7269234657287598, 0.7295217514038086, 0.7095922231674194, 0.7183151841163635, 0.7194346189498901, 0.7139484286308289, 0.7002838850021362, 0.7100986242294312, 0.7073900103569031], "low_L2": [619.2141723632812, 622.2249145507812, 583.6502075195312, 659.0514526367188, 637.5119018554688, 595.2815551757812, 624.9922485351562, 689.1483154296875, 616.8845825195312, 690.4733276367188], "low_cosine": [0.40652239322662354, 0.4099605679512024, 0.38639914989471436, 0.39444851875305176, 0.3979020118713379, 0.3799709975719452, 0.38906747102737427, 0.3691871166229248, 0.4071783125400543, 0.4088161587715149], "mid_L2": [460.44256591796875, 455.232177734375, 438.83990478515625, 472.1291809082031, 480.97943115234375, 464.6104736328125, 469.2768249511719, 466.7663269042969, 488.06280517578125, 469.5473327636719], "mid_cosine": [0.25315698981285095, 0.2491762936115265, 0.24677994847297668, 0.25158482789993286, 0.2360961139202118, 0.22705605626106262, 0.2505417466163635, 0.23763293027877808, 0.23828329145908356, 0.23254846036434174], "high_L2": [63.06813430786133, 67.29795837402344, 68.17243957519531, 62.860530853271484, 62.11061096191406, 65.91059112548828, 65.7514419555664, 73.73699188232422, 63.74482345581055, 60.56113052368164], "high_cosine": [0.3035993278026581, 0.31941962242126465, 0.3181074261665344, 0.34196770191192627, 0.3474905788898468, 0.30749207735061646, 0.28731638193130493, 0.24238528311252594, 0.38507047295570374, 0.3109978139400482], "clip_cosine": [0.9987561106681824, 0.9992319941520691, 0.9990184307098389, 0.9990648031234741, 0.9984948635101318, 0.9988633394241333, 0.9985895156860352, 0.998882532119751, 0.9987488389015198, 0.9988207221031189], "dino_cosine": [0.9731414914131165, 0.9833527207374573, 0.9799944758415222, 0.9734826683998108, 0.9714887142181396, 0.9774569869041443, 0.9782432913780212, 0.9705193042755127, 0.968693733215332, 0.9768877029418945], "clip_L2": [12.959776878356934, 10.496349334716797, 11.63424301147461, 11.192066192626953, 14.03135871887207, 12.14365005493164, 13.596782684326172, 11.85650634765625, 12.965349197387695, 12.395068168640137], "dino_L2": [13.373595237731934, 10.714906692504883, 11.913607597351074, 13.678226470947266, 14.49860668182373, 12.346260070800781, 12.343557357788086, 14.194389343261719, 13.93326187133789, 12.845542907714844], "rcnn_confidence": [0.49703601002693176, 0.3254089057445526, 0.23599542677402496, 0.7774336934089661, 0.093117356300354, 0.4482083320617676, 0.5437499284744263, 0.6616551280021667, 0.5646153092384338, 0.43109607696533203], "yolo_confidence": [0.0, 0.0, 0.0, 0.0, 0.0, 0.0, 0.0, 0.0, 0.0, 0.0]}