{"pixel_L2": [56769.171875, 56769.171875, 56769.171875, 56769.171875, 56769.171875, 56769.171875, 56769.171875, 56769.171875, 56769.171875, 56769.171875], "pixel_cosine": [0.0, 0.0, 0.0, 0.0, 0.0, 0.0, 0.0, 0.0, 0.0, 0.0], "low_L2": [516.1369018554688, 516.1369018554688, 516.1369018554688, 516.1369018554688, 516.1369018554688, 516.1369018554688, 516.1369018554688, 516.1369018554688, 516.1369018554688, 516.1369018554688], "low_cosine": [0.23297172784805298, 0.23297172784805298, 0.23297172784805298, 0.23297172784805298, 0.23297172784805298, 0.23297172784805298, 0.23297172784805298, 0.23297172784805298, 0.23297172784805298, 0.23297172784805298], "mid_L2": [321.0743713378906, 321.0743713378906, 321.0743713378906, 321.0743713378906, 321.0743713378906, 321.0743713378906, 321.0743713378906, 321.0743713378906, 321.0743713378906, 321.0743713378906], "mid_cosine": [0.21029096841812134, 0.21029096841812134, 0.21029096841812134, 0.21029096841812134, 0.21029096841812134, 0.21029096841812134, 0.21029096841812134, 0.21029096841812134, 0.21029096841812134, 0.21029096841812134], "high_L2": [58.1828727722168, 58.1828727722168, 58.1828727722168, 58.1828727722168, 58.1828727722168, 58.1828727722168, 58.1828727722168, 58.1828727722168, 58.1828727722168, 58.1828727722168], "high_cosine": [0.1287386417388916, 0.1287386417388916, 0.1287386417388916, 0.1287386417388916, 0.1287386417388916, 0.1287386417388916, 0.1287386417388916, 0.1287386417388916, 0.1287386417388916, 0.1287386417388916], "clip_cosine": [0.9981578588485718, 0.9981578588485718, 0.9981578588485718, 0.9981578588485718, 0.9981578588485718, 0.9981578588485718, 0.9981578588485718, 0.9981578588485718, 0.9981578588485718, 0.9981578588485718], "dino_cosine": [0.9464403390884399, 0.9464403390884399, 0.9464403390884399, 0.9464403390884399, 0.9464403390884399, 0.9464403390884399, 0.9464403390884399, 0.9464403390884399, 0.9464403390884399, 0.9464403390884399], "clip_L2": [16.833044052124023, 16.833044052124023, 16.833044052124023, 16.833044052124023, 16.833044052124023, 16.833044052124023, 16.833044052124023, 16.833044052124023, 16.833044052124023, 16.833044052124023], "dino_L2": [22.85563850402832, 22.85563850402832, 22.85563850402832, 22.85563850402832, 22.85563850402832, 22.85563850402832, 22.85563850402832, 22.85563850402832, 22.85563850402832, 22.85563850402832], "rcnn_confidence": [0.0, 0.0, 0.0, 0.0, 0.0, 0.0, 0.0, 0.0, 0.0, 0.0], "yolo_confidence": [0.0, 0.0, 0.0, 0.0, 0.0, 0.0, 0.0, 0.0, 0.0, 0.0]}