{"pixel_L2": [43752.87890625, 42970.48828125, 41929.546875, 42142.546875, 42632.8359375, 42116.80078125, 43720.57421875, 40822.2734375, 43498.03125, 42222.16796875], "pixel_cosine": [0.7690334320068359, 0.7790929675102234, 0.7909188270568848, 0.7909398078918457, 0.7833176255226135, 0.7885262966156006, 0.7707309722900391, 0.8047862648963928, 0.7722018361091614, 0.7878047227859497], "low_L2": [795.0023193359375, 798.325439453125, 782.0142211914062, 772.1953125, 799.983154296875, 793.1771850585938, 813.2516479492188, 773.7058715820312, 828.7815551757812, 788.45361328125], "low_cosine": [0.4273965656757355, 0.3890167474746704, 0.405840128660202, 0.4153665602207184, 0.39742252230644226, 0.39754125475883484, 0.3831581771373749, 0.37241479754447937, 0.39081472158432007, 0.39137351512908936], "mid_L2": [495.0277099609375, 490.3307189941406, 495.94073486328125, 504.1112060546875, 514.2135009765625, 503.3114929199219, 513.8562622070312, 490.6891784667969, 504.4106750488281, 495.1124572753906], "mid_cosine": [0.26161623001098633, 0.23097993433475494, 0.230870321393013, 0.2217048704624176, 0.21566900610923767, 0.2329631745815277, 0.22230258584022522, 0.22131133079528809, 0.2446707934141159, 0.23897266387939453], "high_L2": [86.9659194946289, 93.14163208007812, 94.14557647705078, 92.88648986816406, 91.73377227783203, 87.18350219726562, 86.59091186523438, 92.40567779541016, 89.72090148925781, 84.86207580566406], "high_cosine": [0.36114439368247986, 0.27898740768432617, 0.23142555356025696, 0.3040228486061096, 0.35227683186531067, 0.3833785057067871, 0.38020917773246765, 0.2514357566833496, 0.33655858039855957, 0.416090190410614], "clip_cosine": [0.9990612268447876, 0.9985083341598511, 0.998306393623352, 0.9974994659423828, 0.9987287521362305, 0.9983775615692139, 0.9992033243179321, 0.9984580278396606, 0.9984020590782166, 0.9980684518814087], "dino_cosine": [0.9676166772842407, 0.9690574407577515, 0.9492306709289551, 0.9400545358657837, 0.9491375684738159, 0.9436790943145752, 0.967731773853302, 0.9386745691299438, 0.946704626083374, 0.9525933265686035], "clip_L2": [12.165928840637207, 14.597750663757324, 14.742146492004395, 17.00795555114746, 14.448188781738281, 15.447000503540039, 11.534649848937988, 14.900001525878906, 15.02751350402832, 16.306007385253906], "dino_L2": [13.392574310302734, 13.738142013549805, 17.382789611816406, 18.441381454467773, 16.561038970947266, 17.267362594604492, 13.653314590454102, 19.47707176208496, 17.576932907104492, 17.75126838684082], "rcnn_confidence": [0.32108014822006226, 0.09145671874284744, 0.0, 0.14968186616897583, 0.08195988088846207, 0.0, 0.09991225600242615, 0.0, 0.0, 0.10304825752973557], "yolo_confidence": [0.0, 0.0, 0.0, 0.0, 0.0, 0.0, 0.0, 0.0, 0.0, 0.0]}