{"pixel_L2": [42228.09375, 46991.5078125, 45938.55078125, 40485.23046875, 34531.078125, 41684.57421875, 50366.40234375, 44851.93359375, 43191.1328125, 43379.7890625], "pixel_cosine": [0.8541870713233948, 0.7357921600341797, 0.7671260237693787, 0.8327218890190125, 0.8122826218605042, 0.8260577917098999, 0.6817935109138489, 0.7144068479537964, 0.6867384314537048, 0.810827910900116], "low_L2": [337.0326843261719, 290.1690368652344, 288.57086181640625, 283.9164123535156, 393.7963562011719, 290.5668640136719, 353.3244934082031, 334.2963562011719, 473.9997253417969, 284.40008544921875], "low_cosine": [0.3744189739227295, 0.2970874011516571, 0.306384801864624, 0.32768315076828003, 0.30109792947769165, 0.30959540605545044, 0.2723357379436493, 0.33642545342445374, 0.2695085406303406, 0.3228059411048889], "mid_L2": [258.23089599609375, 239.80142211914062, 239.505126953125, 239.78314208984375, 254.6578826904297, 243.40342712402344, 264.8601379394531, 262.1854248046875, 284.66571044921875, 241.93202209472656], "mid_cosine": [0.30977100133895874, 0.3055257499217987, 0.319612979888916, 0.3163910508155823, 0.3105114698410034, 0.29291340708732605, 0.23021623492240906, 0.28820371627807617, 0.2625811696052551, 0.2983666658401489], "high_L2": [58.796207427978516, 56.480873107910156, 59.153072357177734, 58.132564544677734, 58.49089431762695, 59.79840087890625, 60.469276428222656, 54.75074768066406, 62.93642807006836, 57.2192268371582], "high_cosine": [0.35840314626693726, 0.4583252966403961, 0.39735835790634155, 0.4074041545391083, 0.43222224712371826, 0.3698350489139557, 0.33233755826950073, 0.5013013482093811, 0.33259835839271545, 0.43821215629577637], "clip_cosine": [0.9988797903060913, 0.9988963007926941, 0.9987161159515381, 0.9988561868667603, 0.998859703540802, 0.9989233016967773, 0.9986400604248047, 0.9986236095428467, 0.9988390207290649, 0.9988534450531006], "dino_cosine": [0.9477136731147766, 0.9429532885551453, 0.950924813747406, 0.9563763737678528, 0.9448708295822144, 0.9497890472412109, 0.9574758410453796, 0.9487184882164001, 0.9287604689598083, 0.9381014108657837], "clip_L2": [12.381030082702637, 12.063375473022461, 13.256848335266113, 12.515811920166016, 11.594124794006348, 12.345661163330078, 13.477410316467285, 13.545799255371094, 11.879583358764648, 12.47600269317627], "dino_L2": [18.71693992614746, 19.379314422607422, 18.051549911499023, 18.413043975830078, 19.492616653442383, 18.525407791137695, 19.049341201782227, 18.696489334106445, 19.977197647094727, 19.3616943359375], "rcnn_confidence": [0.0, 0.0, 0.0, 0.0, 0.0, 0.0, 0.0, 0.0, 0.0, 0.0], "yolo_confidence": [0.0, 0.0, 0.0, 0.0, 0.0, 0.0, 0.0, 0.0, 0.0, 0.0]}