{"pixel_L2": [36264.8125, 35978.86328125, 35480.21484375, 36664.36328125, 37050.61328125, 36796.80859375, 36000.42578125, 36935.1015625, 37481.390625, 34737.5703125], "pixel_cosine": [0.7533122301101685, 0.7583692073822021, 0.76258784532547, 0.7473963499069214, 0.7355576157569885, 0.7449265718460083, 0.7584860324859619, 0.7527905702590942, 0.7404205203056335, 0.769597053527832], "low_L2": [770.31201171875, 808.4600219726562, 793.0449829101562, 783.6656494140625, 802.6389770507812, 781.3006591796875, 805.3573608398438, 794.970458984375, 776.2159423828125, 782.6710815429688], "low_cosine": [0.4975147247314453, 0.4583168625831604, 0.4789145588874817, 0.47533607482910156, 0.43963342905044556, 0.4804677963256836, 0.4639495313167572, 0.46549534797668457, 0.48858267068862915, 0.49195146560668945], "mid_L2": [495.01171875, 505.22119140625, 507.0754089355469, 502.2159423828125, 500.68731689453125, 503.6935119628906, 535.0797119140625, 526.6514282226562, 505.4552307128906, 509.321533203125], "mid_cosine": [0.2571471929550171, 0.24071502685546875, 0.23596951365470886, 0.24268272519111633, 0.2411707639694214, 0.23998697102069855, 0.221739262342453, 0.22499790787696838, 0.2472510039806366, 0.24157190322875977], "high_L2": [87.67545318603516, 92.37272644042969, 86.1866683959961, 89.6871109008789, 91.90045166015625, 85.20291137695312, 90.58049774169922, 98.65933990478516, 87.62577819824219, 88.6046371459961], "high_cosine": [0.33001378178596497, 0.2702805697917938, 0.32608774304389954, 0.2881162166595459, 0.2594464421272278, 0.36065253615379333, 0.29423946142196655, 0.2532145380973816, 0.3663695156574249, 0.3201773166656494], "clip_cosine": [0.999130368232727, 0.9993868470191956, 0.999234139919281, 0.9993048906326294, 0.9989204406738281, 0.999136745929718, 0.9993114471435547, 0.9991560578346252, 0.9994243383407593, 0.9991875290870667], "dino_cosine": [0.9622129797935486, 0.963761568069458, 0.9496457576751709, 0.9667456150054932, 0.9425441026687622, 0.9678401947021484, 0.964137077331543, 0.9638750553131104, 0.9654726386070251, 0.9686641693115234], "clip_L2": [11.199040412902832, 9.618361473083496, 10.555937767028809, 9.999987602233887, 12.822232246398926, 11.359855651855469, 10.075413703918457, 11.336620330810547, 9.517464637756348, 10.764802932739258], "dino_L2": [14.603655815124512, 14.845380783081055, 17.429054260253906, 13.533520698547363, 20.37941551208496, 13.827852249145508, 14.813806533813477, 15.13329792022705, 14.159943580627441, 13.491846084594727], "rcnn_confidence": [0.08984020352363586, 0.19882309436798096, 0.0, 0.0, 0.0, 0.23343290388584137, 0.08535651117563248, 0.0, 0.9078269600868225, 0.7745079398155212], "yolo_confidence": [0.0, 0.0, 0.0, 0.0, 0.0, 0.0, 0.0, 0.0, 0.0, 0.0]}