{"pixel_L2": [50988.07421875, 50924.47265625, 51134.20703125, 50666.7890625, 51012.80859375, 50725.37109375, 50595.65234375, 50452.19921875, 50546.56640625, 51222.3359375], "pixel_cosine": [0.9660742282867432, 0.9652290344238281, 0.9652765989303589, 0.9661753177642822, 0.9657250642776489, 0.9652955532073975, 0.9656146764755249, 0.9652751684188843, 0.9654973745346069, 0.9654486179351807], "low_L2": [574.7886962890625, 574.6792602539062, 575.339599609375, 574.0116577148438, 575.3161010742188, 574.3112182617188, 574.0816040039062, 573.8684692382812, 573.6961669921875, 575.3793334960938], "low_cosine": [0.500328779220581, 0.49986928701400757, 0.4981120228767395, 0.5038844347000122, 0.49848395586013794, 0.5004106760025024, 0.5020095109939575, 0.5028808116912842, 0.5037503838539124, 0.4977191090583801], "mid_L2": [418.99188232421875, 418.2291564941406, 418.14410400390625, 418.1595458984375, 416.44281005859375, 416.7464294433594, 418.13360595703125, 417.8785400390625, 418.5973205566406, 418.7647399902344], "mid_cosine": [0.3407594561576843, 0.344577431678772, 0.34475600719451904, 0.3452182412147522, 0.35360074043273926, 0.35211777687072754, 0.3455917239189148, 0.3473869562149048, 0.3433679938316345, 0.34139484167099], "high_L2": [106.3283462524414, 106.27780151367188, 106.10865783691406, 106.50439453125, 106.58023834228516, 106.13155364990234, 106.40177917480469, 106.53485870361328, 106.7596206665039, 106.51070404052734], "high_cosine": [0.13036766648292542, 0.13179130852222443, 0.13134078681468964, 0.1300230771303177, 0.13365700840950012, 0.13736170530319214, 0.13696520030498505, 0.13285759091377258, 0.13366840779781342, 0.12792539596557617], "clip_cosine": [0.9988545179367065, 0.9988017678260803, 0.9988865852355957, 0.9989272952079773, 0.9989283680915833, 0.9989033937454224, 0.9988961815834045, 0.998875617980957, 0.998846709728241, 0.9988550543785095], "dino_cosine": [0.9433907270431519, 0.9449977874755859, 0.9437631368637085, 0.9445143938064575, 0.9459757804870605, 0.9431354403495789, 0.9403789639472961, 0.9427763223648071, 0.9440444707870483, 0.9380055665969849], "clip_L2": [13.42403793334961, 13.755182266235352, 13.314767837524414, 13.362476348876953, 13.082962989807129, 13.372432708740234, 13.1762056350708, 13.415502548217773, 13.398061752319336, 13.482666015625], "dino_L2": [19.960317611694336, 19.754865646362305, 19.84735679626465, 19.770326614379883, 19.704038619995117, 19.827844619750977, 20.106983184814453, 19.946063995361328, 19.80122947692871, 20.01785659790039], "rcnn_confidence": [0.0, 0.0, 0.0, 0.0, 0.0, 0.0, 0.0, 0.0, 0.0, 0.0], "yolo_confidence": [0.0, 0.0, 0.0, 0.0, 0.0, 0.0, 0.0, 0.0, 0.0, 0.0]}