{"pixel_L2": [25826.59765625, 25926.146484375, 25913.634765625, 25964.01171875, 25914.21875, 25845.505859375, 25998.755859375, 26193.484375, 25930.9609375, 25718.896484375], "pixel_cosine": [0.6570239663124084, 0.655276894569397, 0.6533526182174683, 0.6566399335861206, 0.6541378498077393, 0.6538909077644348, 0.6548826694488525, 0.6555574536323547, 0.6568310260772705, 0.6574409604072571], "low_L2": [460.2502136230469, 456.02227783203125, 458.8631591796875, 457.9496765136719, 457.4522705078125, 456.8295593261719, 459.31939697265625, 462.35693359375, 453.95849609375, 454.7024841308594], "low_cosine": [0.5187451839447021, 0.5226744413375854, 0.5136011838912964, 0.5201324224472046, 0.5163662433624268, 0.5173993110656738, 0.5186712145805359, 0.5149930119514465, 0.5271753668785095, 0.523369312286377], "mid_L2": [387.1052551269531, 389.35467529296875, 388.0624694824219, 389.3759765625, 383.45904541015625, 384.6678466796875, 392.33795166015625, 392.23162841796875, 388.37872314453125, 384.2336120605469], "mid_cosine": [0.3265196979045868, 0.3273719847202301, 0.3303184509277344, 0.3277358412742615, 0.33467039465904236, 0.33249443769454956, 0.32198917865753174, 0.3164450228214264, 0.32255619764328003, 0.3342035710811615], "high_L2": [92.29151153564453, 90.65723419189453, 91.23450469970703, 91.90382385253906, 92.68696594238281, 93.64598846435547, 90.23300170898438, 91.4594955444336, 92.7627182006836, 92.50531005859375], "high_cosine": [0.24762602150440216, 0.25635582208633423, 0.26766014099121094, 0.25612252950668335, 0.2416699230670929, 0.22649899125099182, 0.2681167423725128, 0.25336533784866333, 0.23244789242744446, 0.24594584107398987], "clip_cosine": [0.9986242055892944, 0.9985675811767578, 0.9985345005989075, 0.9986169934272766, 0.9986006617546082, 0.9986410737037659, 0.9986365437507629, 0.998657763004303, 0.9985384345054626, 0.9985799193382263], "dino_cosine": [0.948277473449707, 0.9460370540618896, 0.9449577927589417, 0.947716236114502, 0.9505895376205444, 0.9510706067085266, 0.943589985370636, 0.9482382535934448, 0.9461261034011841, 0.9513674974441528], "clip_L2": [14.503769874572754, 14.662383079528809, 14.694000244140625, 14.264687538146973, 14.528715133666992, 14.32838249206543, 14.387296676635742, 14.219062805175781, 14.670126914978027, 14.633085250854492], "dino_L2": [19.775354385375977, 20.02705955505371, 20.317136764526367, 20.235502243041992, 20.26174545288086, 20.125099182128906, 20.12173843383789, 20.21286964416504, 20.070932388305664, 20.031591415405273], "rcnn_confidence": [0.0, 0.0, 0.0, 0.0, 0.0, 0.0, 0.0, 0.0, 0.0, 0.0], "yolo_confidence": [0.0, 0.0, 0.0, 0.0, 0.0, 0.0, 0.0, 0.0, 0.0, 0.0]}