{"pixel_L2": [41970.0, 41454.66796875, 41508.078125, 41997.7734375, 41339.0, 41640.42578125, 41891.6328125, 44507.046875, 41747.69921875, 41208.48046875], "pixel_cosine": [0.6225664019584656, 0.634745180606842, 0.6381480097770691, 0.6575266122817993, 0.624300479888916, 0.6265186667442322, 0.6520483493804932, 0.6624101400375366, 0.6487001776695251, 0.6373605132102966], "low_L2": [666.9646606445312, 666.24462890625, 666.3020629882812, 668.9183959960938, 659.1126098632812, 662.1116333007812, 662.0012817382812, 686.9579467773438, 670.387451171875, 663.4978637695312], "low_cosine": [0.4300853908061981, 0.40176302194595337, 0.407909095287323, 0.41702359914779663, 0.4109029173851013, 0.4186915159225464, 0.4429026246070862, 0.4409817159175873, 0.40376484394073486, 0.4090230464935303], "mid_L2": [391.8113098144531, 391.37127685546875, 392.96563720703125, 388.1767578125, 384.8731994628906, 393.31524658203125, 395.9018859863281, 427.0069885253906, 393.8634338378906, 390.4512939453125], "mid_cosine": [0.18288615345954895, 0.1812991499900818, 0.18849602341651917, 0.19729873538017273, 0.1902294158935547, 0.19888782501220703, 0.19256696105003357, 0.19249120354652405, 0.18164172768592834, 0.19419889152050018], "high_L2": [68.694580078125, 70.54257202148438, 69.00572204589844, 71.50006103515625, 71.16654205322266, 66.36771392822266, 68.96631622314453, 66.91036224365234, 70.57144927978516, 70.67225646972656], "high_cosine": [0.2662939727306366, 0.2264859676361084, 0.2596783936023712, 0.21935316920280457, 0.21471555531024933, 0.31953877210617065, 0.2846796214580536, 0.3506542444229126, 0.1875109225511551, 0.22043117880821228], "clip_cosine": [0.9988195896148682, 0.998241126537323, 0.9987893104553223, 0.99836266040802, 0.9982956647872925, 0.9988043308258057, 0.9987261295318604, 0.9988381266593933, 0.9984747767448425, 0.9984233379364014], "dino_cosine": [0.9751744270324707, 0.9760276675224304, 0.9715500473976135, 0.9745600819587708, 0.9735785126686096, 0.9782480597496033, 0.9705929756164551, 0.9689280390739441, 0.962617814540863, 0.9728561639785767], "clip_L2": [11.481378555297852, 14.19662094116211, 11.602073669433594, 13.567458152770996, 13.459748268127441, 11.563888549804688, 11.966119766235352, 11.31112289428711, 13.157297134399414, 13.529723167419434], "dino_L2": [14.994260787963867, 14.397701263427734, 16.066696166992188, 15.235213279724121, 15.033674240112305, 14.248729705810547, 15.27795696258545, 15.259262084960938, 16.948781967163086, 16.132539749145508], "rcnn_confidence": [0.0, 0.0, 0.0, 0.0, 0.0, 0.0, 0.0, 0.0, 0.0, 0.0], "yolo_confidence": [0.0, 0.0, 0.0, 0.0, 0.0, 0.0, 0.0, 0.0, 0.0, 0.0]}