{"pixel_L2": [42139.5, 35924.3515625, 35538.48046875, 41292.5078125, 38456.046875, 33721.3203125, 44754.875, 45037.0078125, 37928.52734375, 33197.265625], "pixel_cosine": [0.7359493970870972, 0.689403772354126, 0.7127872705459595, 0.7191022634506226, 0.6938368082046509, 0.7022615075111389, 0.749256432056427, 0.7635266780853271, 0.7500269412994385, 0.7061449289321899], "low_L2": [844.5155029296875, 880.9827270507812, 908.7234497070312, 879.6324462890625, 1112.5206298828125, 803.309814453125, 904.8065185546875, 844.1033935546875, 852.1551513671875, 869.6847534179688], "low_cosine": [0.4443618059158325, 0.4367355704307556, 0.4429062604904175, 0.4423840045928955, 0.46977633237838745, 0.4536638855934143, 0.45610713958740234, 0.4397512674331665, 0.45502620935440063, 0.4398542642593384], "mid_L2": [560.45751953125, 520.8426513671875, 490.8627624511719, 537.7442626953125, 571.681640625, 524.2838134765625, 554.2845458984375, 492.4107971191406, 540.1743774414062, 555.3901977539062], "mid_cosine": [0.29265642166137695, 0.2769964337348938, 0.27923765778541565, 0.26506584882736206, 0.27141427993774414, 0.2973021864891052, 0.29173967242240906, 0.3347577452659607, 0.27147239446640015, 0.2805929183959961], "high_L2": [68.00402069091797, 71.88040161132812, 65.37924194335938, 66.1098861694336, 75.20316314697266, 70.7562255859375, 66.28935241699219, 70.83500671386719, 69.8833236694336, 71.55839538574219], "high_cosine": [0.6001625657081604, 0.48217490315437317, 0.6056779623031616, 0.5364365577697754, 0.4872198700904846, 0.444820374250412, 0.6182102560997009, 0.5369694232940674, 0.5752010941505432, 0.5261561274528503], "clip_cosine": [0.9991756081581116, 0.9992491602897644, 0.9992373585700989, 0.9993665814399719, 0.9992110133171082, 0.9992085099220276, 0.9994007349014282, 0.9994453191757202, 0.999443531036377, 0.9990225434303284], "dino_cosine": [0.9745334386825562, 0.959951639175415, 0.9658555388450623, 0.966480016708374, 0.9540102481842041, 0.9748008847236633, 0.9695243835449219, 0.9724761247634888, 0.9771584868431091, 0.9581830501556396], "clip_L2": [9.95810317993164, 9.789839744567871, 10.003422737121582, 9.23210620880127, 10.43918228149414, 10.171738624572754, 9.082952499389648, 9.017334938049316, 8.801155090332031, 10.752629280090332], "dino_L2": [13.423714637756348, 16.844390869140625, 15.814168930053711, 14.318096160888672, 16.572490692138672, 14.165892601013184, 13.517465591430664, 13.131322860717773, 12.586210250854492, 17.817522048950195], "rcnn_confidence": [0.9886886477470398, 0.0716177448630333, 0.10928972065448761, 0.7803524732589722, 0.0, 0.05920689180493355, 0.504615843296051, 0.06198173388838768, 0.3233051598072052, 0.0], "yolo_confidence": [0.0, 0.0, 0.0, 0.32667258381843567, 0.43947741389274597, 0.0, 0.2948853671550751, 0.0, 0.0, 0.0]}