{"pixel_L2": [29850.146484375, 33934.1640625, 25647.7109375, 25994.89453125, 37173.546875, 33849.7890625, 34577.87109375, 24042.0, 32032.73046875, 38838.9921875], "pixel_cosine": [0.8628202676773071, 0.8099786639213562, 0.9079070687294006, 0.911283552646637, 0.7550254464149475, 0.8051490187644958, 0.7941349744796753, 0.9138794541358948, 0.8250666856765747, 0.7287529110908508], "low_L2": [628.5894165039062, 592.5162963867188, 532.2176513671875, 543.4583129882812, 540.7208862304688, 496.82843017578125, 554.9669189453125, 553.4155883789062, 523.3357543945312, 561.7431030273438], "low_cosine": [0.5412449240684509, 0.5390622615814209, 0.5839314460754395, 0.5549968481063843, 0.5270019769668579, 0.5617591142654419, 0.5493156909942627, 0.5693426728248596, 0.589250385761261, 0.5064706802368164], "mid_L2": [418.9080810546875, 425.4566955566406, 406.8064880371094, 418.6517028808594, 411.5086669921875, 387.5263366699219, 401.42034912109375, 400.12933349609375, 406.7460021972656, 411.617919921875], "mid_cosine": [0.3297010064125061, 0.32122164964675903, 0.3484647870063782, 0.3440478444099426, 0.3010050654411316, 0.3427688479423523, 0.3280402719974518, 0.3622164726257324, 0.3468848466873169, 0.3021005094051361], "high_L2": [79.48202514648438, 85.04041290283203, 75.18562316894531, 80.0071029663086, 82.72468566894531, 80.2179183959961, 80.3917236328125, 75.72248077392578, 82.15918731689453, 86.08344268798828], "high_cosine": [0.5181906819343567, 0.46739280223846436, 0.5873351693153381, 0.5456735491752625, 0.4502910077571869, 0.4962213635444641, 0.4944477081298828, 0.5809836387634277, 0.4935312867164612, 0.40965086221694946], "clip_cosine": [0.99942547082901, 0.9988654851913452, 0.9995102882385254, 0.999029815196991, 0.9993323683738708, 0.9987184405326843, 0.999187707901001, 0.9995790719985962, 0.9991896152496338, 0.9988255500793457], "dino_cosine": [0.9476081132888794, 0.9387280941009521, 0.957874596118927, 0.9607381820678711, 0.9508088231086731, 0.9394672513008118, 0.9555507898330688, 0.9658727049827576, 0.9359347224235535, 0.9512790441513062], "clip_L2": [9.500210762023926, 13.041426658630371, 9.03532600402832, 11.401280403137207, 10.246058464050293, 12.92082405090332, 11.09349250793457, 8.407431602478027, 10.858787536621094, 12.286794662475586], "dino_L2": [16.819318771362305, 18.809064865112305, 15.67946720123291, 14.322159767150879, 17.039167404174805, 18.14515495300293, 15.76154899597168, 13.764681816101074, 19.031246185302734, 16.80729866027832], "rcnn_confidence": [0.0, 0.0, 0.05506599321961403, 0.0, 0.051231276243925095, 0.0, 0.0, 0.05615430325269699, 0.0, 0.0], "yolo_confidence": [0.0, 0.0, 0.0, 0.0, 0.0, 0.0, 0.0, 0.0, 0.0, 0.0]}