{"pixel_L2": [32883.109375, 35990.171875, 32797.21484375, 32536.599609375, 32639.5390625, 33124.35546875, 32539.5390625, 32285.76953125, 33004.05859375, 32996.2578125], "pixel_cosine": [0.6934200525283813, 0.0, 0.6998834609985352, 0.712009847164154, 0.7103731036186218, 0.6799070239067078, 0.7196947932243347, 0.7212095856666565, 0.6855444312095642, 0.7005148530006409], "low_L2": [600.8983764648438, 617.8739013671875, 601.1142578125, 599.380615234375, 600.4034423828125, 601.854248046875, 600.6000366210938, 599.5364990234375, 600.9896240234375, 602.0248413085938], "low_cosine": [0.3391094207763672, 0.24766305088996887, 0.3376474976539612, 0.3467344045639038, 0.3420165777206421, 0.3337057828903198, 0.34152233600616455, 0.3465219736099243, 0.3378368020057678, 0.3332274258136749], "mid_L2": [332.7161560058594, 340.146728515625, 332.50885009765625, 332.69903564453125, 332.1206970214844, 333.0799865722656, 331.6781921386719, 331.3634338378906, 332.9570617675781, 333.25579833984375], "mid_cosine": [0.3085733950138092, 0.23961317539215088, 0.31048834323883057, 0.3099282383918762, 0.31363576650619507, 0.30582332611083984, 0.3167707920074463, 0.31970274448394775, 0.306995689868927, 0.30423620343208313], "high_L2": [73.69783782958984, 78.54979705810547, 73.56156158447266, 74.05082702636719, 74.3234634399414, 74.38170623779297, 74.52080535888672, 73.30892944335938, 73.84442901611328, 73.93887329101562], "high_cosine": [0.31264230608940125, 0.16717486083507538, 0.3195558190345764, 0.3109937906265259, 0.30258527398109436, 0.29908838868141174, 0.3010425269603729, 0.3357582688331604, 0.3104391098022461, 0.31067371368408203], "clip_cosine": [0.9981063604354858, 0.9977326989173889, 0.9980971813201904, 0.9980597496032715, 0.9981378316879272, 0.9981706142425537, 0.9981500506401062, 0.9981287121772766, 0.9981933832168579, 0.9981033802032471], "dino_cosine": [0.9585379958152771, 0.9506575465202332, 0.9549631476402283, 0.9576049447059631, 0.9574492573738098, 0.9583417177200317, 0.9601264595985413, 0.9557923674583435, 0.9587131142616272, 0.9532076120376587], "clip_L2": [14.73103141784668, 17.011695861816406, 14.596179008483887, 15.121265411376953, 14.601041793823242, 14.286184310913086, 14.64466667175293, 14.229856491088867, 14.19677734375, 14.605056762695312], "dino_L2": [17.783527374267578, 22.083009719848633, 18.019479751586914, 17.463571548461914, 17.61199951171875, 17.297243118286133, 17.67621421813965, 17.599720001220703, 17.538196563720703, 17.74118423461914], "rcnn_confidence": [0.0, 0.0, 0.0, 0.0, 0.0, 0.0, 0.0, 0.0, 0.0, 0.0], "yolo_confidence": [0.0, 0.0, 0.0, 0.0, 0.0, 0.0, 0.0, 0.0, 0.0, 0.0]}