{"pixel_L2": [39006.51953125, 38850.4140625, 38799.12109375, 38793.0625, 38796.34765625, 38781.29296875, 38739.0859375, 38472.4140625, 38561.2578125, 38984.83984375], "pixel_cosine": [0.7637091875076294, 0.7661311626434326, 0.7666544914245605, 0.7661316394805908, 0.7664191722869873, 0.7683669328689575, 0.7673529386520386, 0.7721058130264282, 0.772571325302124, 0.7643846273422241], "low_L2": [590.3323364257812, 590.5199584960938, 591.2111206054688, 591.1234741210938, 595.8063354492188, 592.4142456054688, 590.1012573242188, 594.381103515625, 591.8345336914062, 590.5255126953125], "low_cosine": [0.5579771995544434, 0.5535705089569092, 0.5540156364440918, 0.5520586371421814, 0.5459488034248352, 0.5474423170089722, 0.5564990043640137, 0.5441811680793762, 0.5471923351287842, 0.5547803640365601], "mid_L2": [421.7192077636719, 425.6304626464844, 427.7490234375, 427.5086669921875, 428.156494140625, 428.7619934082031, 422.92578125, 428.5904846191406, 426.0420837402344, 424.702392578125], "mid_cosine": [0.30291223526000977, 0.2801295816898346, 0.28251075744628906, 0.2808581590652466, 0.2802862524986267, 0.283394455909729, 0.2987985610961914, 0.28444427251815796, 0.2866978049278259, 0.28891584277153015], "high_L2": [92.89801788330078, 91.2699203491211, 93.87260437011719, 93.57313537597656, 93.33844757080078, 93.98915100097656, 91.86067962646484, 94.88304901123047, 92.74729919433594, 92.72110748291016], "high_cosine": [0.19549700617790222, 0.19143500924110413, 0.1523268222808838, 0.17697712779045105, 0.16878141462802887, 0.165147602558136, 0.19415798783302307, 0.15877069532871246, 0.17620985209941864, 0.1894160956144333], "clip_cosine": [0.9988686442375183, 0.9988879561424255, 0.9988085627555847, 0.9987865686416626, 0.9988271594047546, 0.9989325404167175, 0.9989100694656372, 0.9988523125648499, 0.9989246129989624, 0.9987733960151672], "dino_cosine": [0.9392266273498535, 0.9421528577804565, 0.9446154832839966, 0.9414004683494568, 0.9431563019752502, 0.9415199756622314, 0.9432962536811829, 0.9438241124153137, 0.9462602734565735, 0.9459646940231323], "clip_L2": [13.297578811645508, 13.205089569091797, 13.518853187561035, 13.69635009765625, 13.486370086669922, 13.128599166870117, 13.232099533081055, 13.519454002380371, 13.170520782470703, 13.85110855102539], "dino_L2": [20.984859466552734, 20.74659538269043, 20.519132614135742, 20.627527236938477, 20.846410751342773, 20.69153594970703, 20.830663681030273, 20.779905319213867, 20.76944351196289, 20.645174026489258], "rcnn_confidence": [0.0, 0.0, 0.0, 0.0, 0.0, 0.0, 0.0, 0.0, 0.0, 0.0], "yolo_confidence": [0.0, 0.0, 0.0, 0.0, 0.0, 0.0, 0.0, 0.0, 0.0, 0.0]}