{"pixel_L2": [20488.46484375, 18647.365234375, 25882.13671875, 19970.314453125, 18728.419921875, 18656.65625, 18956.0859375, 21031.64453125, 20817.84765625, 20667.94921875], "pixel_cosine": [0.8628593683242798, 0.8967375755310059, 0.8259612917900085, 0.8691236972808838, 0.8902058601379395, 0.8949815034866333, 0.8848764896392822, 0.8648205995559692, 0.8592689633369446, 0.8616524338722229], "low_L2": [392.8153076171875, 366.58612060546875, 452.9144592285156, 380.5826416015625, 370.87994384765625, 365.3949890136719, 378.6092834472656, 394.2564697265625, 393.44451904296875, 398.62786865234375], "low_cosine": [0.5454123616218567, 0.5629019737243652, 0.5078669786453247, 0.5502904653549194, 0.5511165857315063, 0.5685813426971436, 0.5340348482131958, 0.5111569166183472, 0.5413537621498108, 0.5143892168998718], "mid_L2": [302.6208801269531, 297.9037780761719, 310.5225830078125, 297.8497314453125, 297.7586669921875, 296.3778991699219, 301.02362060546875, 302.8234558105469, 305.97064208984375, 312.3713073730469], "mid_cosine": [0.375703901052475, 0.37195631861686707, 0.36008018255233765, 0.3687238097190857, 0.3792988061904907, 0.3760789632797241, 0.35936450958251953, 0.37877196073532104, 0.37634599208831787, 0.3464900851249695], "high_L2": [88.00891876220703, 91.6737060546875, 86.59632110595703, 92.02354431152344, 84.18130493164062, 89.88536834716797, 89.60237884521484, 89.44944763183594, 90.5181884765625, 89.10040283203125], "high_cosine": [0.3922020196914673, 0.3280636668205261, 0.38673123717308044, 0.3199898898601532, 0.42712336778640747, 0.3592681586742401, 0.3458605408668518, 0.3715425133705139, 0.3359181880950928, 0.34624508023262024], "clip_cosine": [0.9987724423408508, 0.9985401034355164, 0.9986730813980103, 0.9986753463745117, 0.9986011385917664, 0.9985830783843994, 0.9986811876296997, 0.9985900521278381, 0.998649537563324, 0.9988877773284912], "dino_cosine": [0.9654356241226196, 0.9427182078361511, 0.9476824998855591, 0.9467530846595764, 0.9618096351623535, 0.953216552734375, 0.9490751028060913, 0.9597529172897339, 0.9454720616340637, 0.9607375264167786], "clip_L2": [13.218432426452637, 14.329092025756836, 13.771044731140137, 14.083300590515137, 14.514063835144043, 14.469730377197266, 14.569665908813477, 14.53171443939209, 14.766117095947266, 12.175243377685547], "dino_L2": [14.09190845489502, 18.61875343322754, 16.831003189086914, 18.019914627075195, 15.08667278289795, 16.93619728088379, 17.162588119506836, 15.774772644042969, 18.11809539794922, 15.8799467086792], "rcnn_confidence": [0.0, 0.0, 0.0, 0.0, 0.0, 0.0, 0.0, 0.0, 0.0, 0.0], "yolo_confidence": [0.0, 0.0, 0.0, 0.0, 0.0, 0.0, 0.0, 0.0, 0.0, 0.0]}