{"pixel_L2": [32704.06640625, 32763.80078125, 32773.72265625, 31663.0234375, 31778.205078125, 31966.169921875, 31335.662109375, 33247.1953125, 31642.15625, 32244.451171875], "pixel_cosine": [0.5939613580703735, 0.5919158458709717, 0.5918354392051697, 0.6275349855422974, 0.6235452890396118, 0.618079662322998, 0.6406514644622803, 0.5753629803657532, 0.6279038786888123, 0.609511137008667], "low_L2": [574.4527587890625, 571.322998046875, 596.0980224609375, 569.1697998046875, 571.5664672851562, 570.7415161132812, 595.180908203125, 580.18212890625, 577.9215698242188, 572.8777465820312], "low_cosine": [0.43844693899154663, 0.41361480951309204, 0.3954627513885498, 0.4371728301048279, 0.4572441577911377, 0.43314504623413086, 0.451140820980072, 0.4446139335632324, 0.44094210863113403, 0.4229111075401306], "mid_L2": [481.6197814941406, 478.0498352050781, 472.77606201171875, 482.01055908203125, 463.468505859375, 485.6644592285156, 494.32611083984375, 474.2027282714844, 484.11865234375, 482.7126770019531], "mid_cosine": [0.2035117894411087, 0.21582096815109253, 0.22743070125579834, 0.21464845538139343, 0.2318451702594757, 0.21239010989665985, 0.2184372842311859, 0.2118816077709198, 0.2134338766336441, 0.21813534200191498], "high_L2": [112.97432708740234, 127.6222152709961, 109.01240539550781, 122.73353576660156, 102.91299438476562, 119.81897735595703, 116.57988739013672, 105.87232971191406, 122.93309020996094, 129.0672149658203], "high_cosine": [0.05482806637883186, 0.04773978516459465, 0.04017576202750206, 0.04345867410302162, 0.06044631078839302, 0.051747195422649384, 0.07045069336891174, 0.06299597024917603, 0.04209257662296295, 0.035742100328207016], "clip_cosine": [0.9977302551269531, 0.9977439641952515, 0.9978923797607422, 0.9977779388427734, 0.9977914690971375, 0.9978497624397278, 0.9978787899017334, 0.9978293776512146, 0.9978911876678467, 0.9978241324424744], "dino_cosine": [0.9306994676589966, 0.9327805638313293, 0.9358644485473633, 0.9323585629463196, 0.9448752403259277, 0.9377260804176331, 0.9372861385345459, 0.9307978749275208, 0.9247748851776123, 0.9352790713310242], "clip_L2": [15.797882080078125, 15.393507957458496, 14.872164726257324, 15.30814266204834, 14.623598098754883, 15.087080955505371, 14.810062408447266, 15.31332778930664, 14.816312789916992, 14.941286087036133], "dino_L2": [22.01266098022461, 22.372220993041992, 22.17901611328125, 21.953853607177734, 21.381614685058594, 21.93113899230957, 21.635377883911133, 22.008726119995117, 22.22332000732422, 22.17804527282715], "rcnn_confidence": [0.0, 0.0, 0.0, 0.0, 0.0, 0.0, 0.0, 0.0, 0.0, 0.0], "yolo_confidence": [0.0, 0.0, 0.0, 0.0, 0.0, 0.0, 0.0, 0.0, 0.0, 0.0]}