{"pixel_L2": [38672.09765625, 38973.37890625, 38387.140625, 38723.70703125, 38846.9921875, 38924.83984375, 38719.34375, 38604.47265625, 38766.81640625, 38582.35546875], "pixel_cosine": [0.6214624047279358, 0.608562171459198, 0.6305477023124695, 0.6184295415878296, 0.6110079288482666, 0.6114983558654785, 0.6193439960479736, 0.6218151450157166, 0.6152405142784119, 0.6315838098526001], "low_L2": [614.552490234375, 615.8096313476562, 615.0252075195312, 615.458984375, 616.01318359375, 615.2601318359375, 615.4454956054688, 615.7022705078125, 615.1495971679688, 614.9700927734375], "low_cosine": [0.27315250039100647, 0.2694523334503174, 0.2704007029533386, 0.2695932984352112, 0.267622709274292, 0.2710050344467163, 0.2712024450302124, 0.269238144159317, 0.2718908488750458, 0.26917845010757446], "mid_L2": [346.8862609863281, 345.92486572265625, 346.95697021484375, 345.0306091308594, 343.1232604980469, 344.3827819824219, 343.46136474609375, 345.48724365234375, 345.8619079589844, 344.2838439941406], "mid_cosine": [0.19263476133346558, 0.19192835688591003, 0.19050070643424988, 0.19389674067497253, 0.19623667001724243, 0.19333675503730774, 0.20207315683364868, 0.19576828181743622, 0.19454018771648407, 0.19611430168151855], "high_L2": [81.81952667236328, 81.32642364501953, 81.77772521972656, 81.6204605102539, 81.48410034179688, 81.72257232666016, 81.93482971191406, 81.5687255859375, 81.53658294677734, 82.07035827636719], "high_cosine": [0.0752476379275322, 0.07837064564228058, 0.07451903820037842, 0.08191709220409393, 0.08017930388450623, 0.07703695446252823, 0.0768028199672699, 0.07789233326911926, 0.07923281937837601, 0.07445210218429565], "clip_cosine": [0.9984998106956482, 0.998428463935852, 0.9984484910964966, 0.9985257983207703, 0.9984258413314819, 0.9983677864074707, 0.9983938336372375, 0.9983932971954346, 0.9984190464019775, 0.9984098076820374], "dino_cosine": [0.9350718259811401, 0.931922197341919, 0.9340192079544067, 0.9339096546173096, 0.9352570176124573, 0.9354307651519775, 0.9354121088981628, 0.9374555349349976, 0.9369993209838867, 0.9341859817504883], "clip_L2": [14.959716796875, 15.314471244812012, 15.151507377624512, 15.320911407470703, 15.960626602172852, 15.583425521850586, 15.548623085021973, 15.55164623260498, 15.420944213867188, 15.607348442077637], "dino_L2": [21.675811767578125, 21.78201675415039, 21.798988342285156, 22.011552810668945, 21.958927154541016, 21.945423126220703, 21.765743255615234, 21.710407257080078, 21.562461853027344, 21.867834091186523], "rcnn_confidence": [0.0, 0.0, 0.0, 0.0, 0.0, 0.0, 0.0, 0.0, 0.0, 0.0], "yolo_confidence": [0.0, 0.0, 0.0, 0.0, 0.0, 0.0, 0.0, 0.0, 0.0, 0.0]}