{"pixel_L2": [45374.30078125, 44850.91796875, 44652.01171875, 45380.0078125, 46832.90234375, 44385.92578125, 47343.93359375, 44676.1640625, 45183.8046875, 43452.2890625], "pixel_cosine": [0.6170946359634399, 0.6093019843101501, 0.616244912147522, 0.5967526435852051, 0.5595099925994873, 0.6208932995796204, 0.5441590547561646, 0.6071053743362427, 0.5930965542793274, 0.6470897793769836], "low_L2": [782.3612670898438, 784.7493896484375, 777.5599975585938, 765.8583374023438, 776.1174926757812, 767.60546875, 780.4290771484375, 768.6229858398438, 761.6369018554688, 773.2904052734375], "low_cosine": [0.3699079751968384, 0.36101245880126953, 0.395042359828949, 0.40528011322021484, 0.3853275179862976, 0.41855061054229736, 0.36402249336242676, 0.4010257124900818, 0.41619017720222473, 0.4026152491569519], "mid_L2": [473.5744934082031, 417.77655029296875, 421.2398681640625, 437.5948181152344, 419.3013000488281, 416.9105529785156, 437.1829528808594, 442.2387390136719, 434.2748718261719, 419.07928466796875], "mid_cosine": [0.1369762420654297, 0.1742386817932129, 0.17341457307338715, 0.1687742918729782, 0.1661677211523056, 0.17500412464141846, 0.1495472490787506, 0.15550869703292847, 0.1672007441520691, 0.17213234305381775], "high_L2": [86.65119934082031, 85.24292755126953, 86.26001739501953, 85.39413452148438, 83.9058837890625, 81.84514617919922, 82.70455932617188, 79.71501159667969, 82.87237548828125, 83.00952911376953], "high_cosine": [0.22983765602111816, 0.21020272374153137, 0.20489057898521423, 0.20105211436748505, 0.23845548927783966, 0.2934790551662445, 0.2739681303501129, 0.32935404777526855, 0.24563772976398468, 0.2471754401922226], "clip_cosine": [0.9987865090370178, 0.9989150166511536, 0.998937726020813, 0.999294638633728, 0.9984486699104309, 0.9990841150283813, 0.9991055130958557, 0.9987221956253052, 0.9988499879837036, 0.9989463686943054], "dino_cosine": [0.9315328598022461, 0.9634915590286255, 0.9616272449493408, 0.9614716172218323, 0.9532507658004761, 0.9671477675437927, 0.9558009505271912, 0.9681116342544556, 0.935497522354126, 0.9710500240325928], "clip_L2": [13.556567192077637, 12.664141654968262, 12.75937271118164, 10.337932586669922, 15.163225173950195, 11.96179485321045, 11.773188591003418, 13.773232460021973, 13.005614280700684, 12.535290718078613], "dino_L2": [20.20240020751953, 14.60944938659668, 14.731603622436523, 15.042271614074707, 17.47187614440918, 14.588147163391113, 16.67979621887207, 14.280413627624512, 19.227689743041992, 13.39405345916748], "rcnn_confidence": [0.0, 0.0, 0.0, 0.0, 0.0, 0.0, 0.0, 0.0, 0.0, 0.0], "yolo_confidence": [0.0, 0.0, 0.0, 0.0, 0.0, 0.0, 0.0, 0.0, 0.0, 0.0]}