{"pixel_L2": [42110.4140625, 42094.62890625, 42089.08984375, 41995.375, 42132.33203125, 42075.40234375, 42050.4609375, 42054.78125, 42116.87890625, 42147.62109375], "pixel_cosine": [0.5050126314163208, 0.4999069571495056, 0.5029314160346985, 0.5105249881744385, 0.5000893473625183, 0.5037178993225098, 0.5067946314811707, 0.504610538482666, 0.503411054611206, 0.5024600028991699], "low_L2": [239.21522521972656, 238.9822540283203, 238.96141052246094, 238.3719482421875, 239.22525024414062, 239.2481689453125, 239.06187438964844, 238.53695678710938, 239.2668914794922, 239.84982299804688], "low_cosine": [0.4615286588668823, 0.4647113084793091, 0.464419424533844, 0.4671252369880676, 0.4624118506908417, 0.4623720943927765, 0.4629516899585724, 0.4668676257133484, 0.4621410071849823, 0.4591582715511322], "mid_L2": [203.4363250732422, 203.75755310058594, 204.01028442382812, 203.9988555908203, 203.90756225585938, 203.61119079589844, 204.07415771484375, 203.63748168945312, 203.5220489501953, 204.0985107421875], "mid_cosine": [0.38327062129974365, 0.3827950358390808, 0.38130873441696167, 0.38200515508651733, 0.38055938482284546, 0.38374489545822144, 0.37984710931777954, 0.384589821100235, 0.3841713070869446, 0.38008004426956177], "high_L2": [56.10171890258789, 56.11796188354492, 56.437068939208984, 56.15364074707031, 56.179176330566406, 56.12481689453125, 56.169456481933594, 56.09587097167969, 56.19858169555664, 56.294437408447266], "high_cosine": [0.3100765347480774, 0.3100290596485138, 0.30410417914390564, 0.31079161167144775, 0.306285560131073, 0.3109303116798401, 0.30702921748161316, 0.31193339824676514, 0.30965253710746765, 0.30577003955841064], "clip_cosine": [0.999253511428833, 0.9992085099220276, 0.9992167949676514, 0.9992138147354126, 0.9992179274559021, 0.9992425441741943, 0.9992225170135498, 0.9991796016693115, 0.9991916418075562, 0.9992170333862305], "dino_cosine": [0.9657341241836548, 0.9670083522796631, 0.969330906867981, 0.9695930480957031, 0.9706600904464722, 0.9693328738212585, 0.9663329124450684, 0.9696091413497925, 0.9673845767974854, 0.9652139544487], "clip_L2": [11.882956504821777, 12.283610343933105, 12.164999961853027, 12.018630981445312, 11.969013214111328, 11.964513778686523, 12.071403503417969, 12.234180450439453, 12.302956581115723, 12.10826587677002], "dino_L2": [16.781341552734375, 17.108909606933594, 16.680721282958984, 16.922727584838867, 16.558361053466797, 17.039297103881836, 16.968236923217773, 16.699548721313477, 17.17877960205078, 17.28601837158203], "rcnn_confidence": [0.0, 0.0, 0.0, 0.0, 0.0, 0.0, 0.0, 0.0, 0.0, 0.0], "yolo_confidence": [0.0, 0.0, 0.0, 0.0, 0.0, 0.0, 0.0, 0.0, 0.0, 0.0]}