{"pixel_L2": [33646.265625, 34903.90625, 37023.38671875, 35634.2109375, 35082.265625, 32237.6015625, 36286.82421875, 36199.5390625, 35638.34765625, 33604.484375], "pixel_cosine": [0.694602906703949, 0.7164523005485535, 0.6146910786628723, 0.6664407253265381, 0.6666434407234192, 0.7439796924591064, 0.6437381505966187, 0.6405589580535889, 0.6620755791664124, 0.7093176245689392], "low_L2": [403.2994689941406, 396.0757751464844, 417.9051513671875, 411.95465087890625, 403.61712646484375, 414.576171875, 411.7184753417969, 394.0611267089844, 394.56060791015625, 385.2051086425781], "low_cosine": [0.43200814723968506, 0.5545955896377563, 0.35366249084472656, 0.45099517703056335, 0.47231292724609375, 0.5087616443634033, 0.436972975730896, 0.47823572158813477, 0.44312751293182373, 0.45542019605636597], "mid_L2": [348.7895202636719, 368.2281799316406, 353.9972229003906, 357.5842590332031, 358.7712097167969, 374.73046875, 356.6580810546875, 345.3082275390625, 351.88623046875, 349.5028076171875], "mid_cosine": [0.34038108587265015, 0.35109710693359375, 0.28144317865371704, 0.31777483224868774, 0.3573627471923828, 0.31146782636642456, 0.336459219455719, 0.3596677780151367, 0.32280054688453674, 0.3285829424858093], "high_L2": [72.64038848876953, 76.14610290527344, 79.15548706054688, 73.57640838623047, 72.80654907226562, 77.47014617919922, 72.72917175292969, 76.46664428710938, 74.22383880615234, 79.9947738647461], "high_cosine": [0.3178732693195343, 0.32214096188545227, 0.20622669160366058, 0.3318512737751007, 0.36242058873176575, 0.18978393077850342, 0.34085798263549805, 0.265408992767334, 0.2826325297355652, 0.25806355476379395], "clip_cosine": [0.998702883720398, 0.9985595941543579, 0.9983876943588257, 0.9984878301620483, 0.9985417723655701, 0.998266339302063, 0.998484194278717, 0.9982004165649414, 0.9984012246131897, 0.998579740524292], "dino_cosine": [0.9516441226005554, 0.949630856513977, 0.9458274245262146, 0.9537553787231445, 0.9462122917175293, 0.9398637413978577, 0.9456226825714111, 0.9500222206115723, 0.9405495524406433, 0.9513182640075684], "clip_L2": [13.361291885375977, 13.872735023498535, 14.705761909484863, 14.182336807250977, 13.775508880615234, 14.65864086151123, 14.05567741394043, 15.283708572387695, 14.319012641906738, 14.426026344299316], "dino_L2": [19.041200637817383, 18.85222625732422, 19.95656394958496, 18.84670639038086, 19.283241271972656, 19.745410919189453, 19.216440200805664, 19.44727325439453, 18.781423568725586, 19.039709091186523], "rcnn_confidence": [0.22863857448101044, 0.4022141396999359, 0.07645374536514282, 0.6376398205757141, 0.7133577466011047, 0.0, 0.887528121471405, 0.0838669016957283, 0.8644843697547913, 0.051422424614429474], "yolo_confidence": [0.0, 0.0, 0.0, 0.0, 0.5970718264579773, 0.0, 0.0, 0.0, 0.0, 0.0]}