{"pixel_L2": [19777.220703125, 19807.44921875, 20621.396484375, 20176.484375, 19191.935546875, 20676.44921875, 20627.3046875, 20572.525390625, 20312.041015625, 20282.244140625], "pixel_cosine": [0.8536874055862427, 0.8474214673042297, 0.8497546911239624, 0.8542383313179016, 0.8504798412322998, 0.8507540225982666, 0.8576314449310303, 0.8498926162719727, 0.8487291932106018, 0.855250358581543], "low_L2": [400.769775390625, 400.789794921875, 411.89508056640625, 398.1487121582031, 394.8816223144531, 402.5291442871094, 397.43328857421875, 397.55487060546875, 404.1393737792969, 399.1498107910156], "low_cosine": [0.4339545667171478, 0.4294569790363312, 0.41639721393585205, 0.42740148305892944, 0.4413898289203644, 0.42954814434051514, 0.4351039528846741, 0.43585634231567383, 0.4215441644191742, 0.4353998303413391], "mid_L2": [282.4541015625, 284.3375549316406, 283.61029052734375, 284.3752746582031, 278.1134033203125, 287.1546630859375, 280.7663269042969, 282.7414245605469, 285.8847961425781, 287.8557434082031], "mid_cosine": [0.3341786563396454, 0.32926154136657715, 0.3381754159927368, 0.3340855836868286, 0.3407330811023712, 0.3292301893234253, 0.33520400524139404, 0.34372156858444214, 0.32593613862991333, 0.31566017866134644], "high_L2": [68.47045135498047, 69.59583282470703, 65.5972900390625, 70.28851318359375, 69.27071380615234, 69.27877807617188, 67.8725814819336, 68.7735595703125, 68.75350952148438, 68.41447448730469], "high_cosine": [0.20997671782970428, 0.20660553872585297, 0.28848743438720703, 0.18512257933616638, 0.21797789633274078, 0.22957508265972137, 0.2346145212650299, 0.24029918015003204, 0.20481213927268982, 0.2128337323665619], "clip_cosine": [0.9980283975601196, 0.9980126023292542, 0.9979769587516785, 0.9980623722076416, 0.9981006383895874, 0.9981352090835571, 0.9979225397109985, 0.9980610609054565, 0.9980650544166565, 0.9979492425918579], "dino_cosine": [0.9362646341323853, 0.9336925745010376, 0.9307144284248352, 0.9372830390930176, 0.9359546899795532, 0.9347684979438782, 0.9395948648452759, 0.9358969330787659, 0.9380137324333191, 0.9381399750709534], "clip_L2": [16.231063842773438, 16.489648818969727, 16.334306716918945, 15.790210723876953, 16.008026123046875, 15.905651092529297, 16.483074188232422, 15.877734184265137, 15.753752708435059, 16.645557403564453], "dino_L2": [18.1496639251709, 17.777381896972656, 18.369524002075195, 18.219078063964844, 18.074548721313477, 17.91283416748047, 18.024444580078125, 17.858999252319336, 18.2148380279541, 17.86678695678711], "rcnn_confidence": [0.052077628672122955, 0.15226858854293823, 0.057736292481422424, 0.1477736532688141, 0.08777682483196259, 0.0779552161693573, 0.0869399756193161, 0.4067840576171875, 0.0896768569946289, 0.08065345138311386], "yolo_confidence": [0.0, 0.0, 0.0, 0.0, 0.0, 0.0, 0.0, 0.0, 0.0, 0.0]}