{"pixel_L2": [35819.83984375, 33856.6015625, 32886.83203125, 33311.875, 33338.4140625, 35537.8203125, 35986.046875, 34617.2578125, 32728.28515625, 37224.51171875], "pixel_cosine": [0.794001579284668, 0.786857008934021, 0.8039500713348389, 0.8000507354736328, 0.8098717331886292, 0.7711554169654846, 0.7811522483825684, 0.7856286764144897, 0.8018026351928711, 0.7469587922096252], "low_L2": [651.5597534179688, 633.5003051757812, 615.4042358398438, 617.6181640625, 631.8746948242188, 683.715087890625, 650.6970825195312, 640.3804931640625, 587.9116821289062, 704.996337890625], "low_cosine": [0.4922686219215393, 0.4992291033267975, 0.546332836151123, 0.5352948307991028, 0.5429786443710327, 0.44051700830459595, 0.4838709235191345, 0.4990374743938446, 0.5719718933105469, 0.41512826085090637], "mid_L2": [365.13067626953125, 361.8605041503906, 370.0818176269531, 357.6754150390625, 369.0177917480469, 369.4325866699219, 368.6078186035156, 375.3741760253906, 351.5615234375, 384.6479797363281], "mid_cosine": [0.40695321559906006, 0.4042118191719055, 0.3936535716056824, 0.4156467318534851, 0.40013545751571655, 0.38661330938339233, 0.39425942301750183, 0.3903951346874237, 0.44207924604415894, 0.3518312871456146], "high_L2": [61.558021545410156, 58.118194580078125, 55.41794967651367, 60.42559051513672, 57.966453552246094, 59.73532485961914, 54.74850845336914, 56.56452560424805, 59.30714797973633, 63.154296875], "high_cosine": [0.35133570432662964, 0.4316118359565735, 0.46918320655822754, 0.3965791165828705, 0.3998221755027771, 0.4140253961086273, 0.5118587613105774, 0.4520856738090515, 0.41113871335983276, 0.29208800196647644], "clip_cosine": [0.9984749555587769, 0.9985777735710144, 0.9986351728439331, 0.9983971118927002, 0.9986402988433838, 0.998537540435791, 0.9985858798027039, 0.9986695051193237, 0.9984395503997803, 0.9985153079032898], "dino_cosine": [0.9470574855804443, 0.9554588198661804, 0.9667561054229736, 0.9501840472221375, 0.9484919309616089, 0.9632002115249634, 0.9650909900665283, 0.9567301273345947, 0.9525148272514343, 0.9559062719345093], "clip_L2": [13.58141803741455, 13.252847671508789, 12.772124290466309, 14.066716194152832, 12.816277503967285, 13.595060348510742, 13.293661117553711, 12.625560760498047, 13.497660636901855, 13.380852699279785], "dino_L2": [18.20478057861328, 16.36310386657715, 15.893660545349121, 15.560904502868652, 18.533361434936523, 18.225461959838867, 16.385360717773438, 15.907784461975098, 18.891450881958008, 17.566532135009766], "rcnn_confidence": [0.0, 0.0, 0.0, 0.0, 0.0, 0.0, 0.0, 0.0, 0.12668652832508087, 0.0], "yolo_confidence": [0.0, 0.0, 0.0, 0.0, 0.0, 0.0, 0.0, 0.0, 0.0, 0.0]}