{"pixel_L2": [24677.138671875, 24899.53515625, 24832.525390625, 24869.546875, 24864.408203125, 24870.86328125, 24955.126953125, 24823.828125, 24900.3828125, 24944.103515625], "pixel_cosine": [0.7405989766120911, 0.7379503846168518, 0.7379304766654968, 0.7384621500968933, 0.7378374934196472, 0.7376952767372131, 0.7375665903091431, 0.7454456686973572, 0.737002432346344, 0.7367464303970337], "low_L2": [583.0908813476562, 581.8285522460938, 584.3580322265625, 581.68408203125, 581.8282470703125, 581.3175048828125, 581.644287109375, 584.0885009765625, 584.8025512695312, 581.0040893554688], "low_cosine": [0.2674597501754761, 0.2709691524505615, 0.26413172483444214, 0.27172696590423584, 0.2711498737335205, 0.2736951410770416, 0.272319495677948, 0.27261948585510254, 0.266838014125824, 0.27591001987457275], "mid_L2": [424.3536682128906, 416.25030517578125, 423.3426208496094, 416.2015075683594, 414.62969970703125, 415.37445068359375, 415.4578552246094, 426.07373046875, 423.7551574707031, 415.1673889160156], "mid_cosine": [0.21080373227596283, 0.23145322501659393, 0.22620750963687897, 0.23672565817832947, 0.24315145611763, 0.24259193241596222, 0.2386743128299713, 0.2095332145690918, 0.22786831855773926, 0.23979222774505615], "high_L2": [72.80989074707031, 73.03524780273438, 71.64186096191406, 72.93093872070312, 72.76787567138672, 72.09161376953125, 72.7868881225586, 72.43138885498047, 71.97357177734375, 72.69608306884766], "high_cosine": [0.13796491920948029, 0.11583694815635681, 0.16739758849143982, 0.12373942881822586, 0.11983472108840942, 0.13313350081443787, 0.1216229572892189, 0.1280454844236374, 0.1530752032995224, 0.12750717997550964], "clip_cosine": [0.9967495799064636, 0.9967029094696045, 0.9968276023864746, 0.9966166019439697, 0.9968757629394531, 0.9967299699783325, 0.9968367218971252, 0.9970327615737915, 0.9965601563453674, 0.9967910051345825], "dino_cosine": [0.9465169310569763, 0.9397348761558533, 0.9465715289115906, 0.9418125152587891, 0.9492782950401306, 0.9496082067489624, 0.9459820985794067, 0.9284250736236572, 0.9477000832557678, 0.9409995675086975], "clip_L2": [17.099885940551758, 17.241544723510742, 16.936859130859375, 17.11077117919922, 16.61898422241211, 16.689685821533203, 16.650129318237305, 16.338823318481445, 17.333559036254883, 16.384305953979492], "dino_L2": [18.14040756225586, 18.398611068725586, 17.85832977294922, 18.45586395263672, 17.89589500427246, 17.80132293701172, 18.199485778808594, 18.8796329498291, 19.20792579650879, 18.369524002075195], "rcnn_confidence": [0.0, 0.0, 0.0, 0.0, 0.0, 0.0, 0.0, 0.20412993431091309, 0.0, 0.0], "yolo_confidence": [0.0, 0.0, 0.0, 0.0, 0.0, 0.0, 0.0, 0.0, 0.0, 0.0]}