{"pixel_L2": [26137.56640625, 28441.59375, 27016.615234375, 26940.205078125, 27842.1640625, 27118.3046875, 26339.1875, 27345.08203125, 26343.982421875, 27533.68359375], "pixel_cosine": [0.8611915111541748, 0.7748976349830627, 0.8622974157333374, 0.8725362420082092, 0.7952181100845337, 0.8384140729904175, 0.8499752283096313, 0.8856720328330994, 0.8349960446357727, 0.863182544708252], "low_L2": [561.78857421875, 596.1790771484375, 525.7199096679688, 536.2894287109375, 621.5878295898438, 597.9267578125, 540.747802734375, 512.1167602539062, 555.1782836914062, 538.6643676757812], "low_cosine": [0.6064316630363464, 0.5505598783493042, 0.6166786551475525, 0.6243107318878174, 0.5552386045455933, 0.5848242044448853, 0.6256766319274902, 0.6495959758758545, 0.6100878715515137, 0.6078166961669922], "mid_L2": [483.9532470703125, 476.8033447265625, 446.5087585449219, 469.995849609375, 500.1311340332031, 512.7349853515625, 477.5584411621094, 452.376708984375, 462.8465881347656, 457.13470458984375], "mid_cosine": [0.40163540840148926, 0.45212918519973755, 0.46529603004455566, 0.42331743240356445, 0.43836885690689087, 0.3934037983417511, 0.4364742636680603, 0.46740639209747314, 0.4305519461631775, 0.4576297402381897], "high_L2": [63.867225646972656, 51.26075744628906, 62.927635192871094, 60.68372344970703, 54.263832092285156, 62.71076202392578, 57.955745697021484, 63.57500457763672, 68.28020477294922, 64.0171127319336], "high_cosine": [0.46948179602622986, 0.6308579444885254, 0.5501229763031006, 0.5797128081321716, 0.6189345717430115, 0.4660908281803131, 0.5952835083007812, 0.5468945503234863, 0.3565405011177063, 0.5265712738037109], "clip_cosine": [0.9986395835876465, 0.9989707469940186, 0.9985045194625854, 0.9990707635879517, 0.9989944696426392, 0.9990200996398926, 0.9989778995513916, 0.9985547065734863, 0.9986693859100342, 0.9988452792167664], "dino_cosine": [0.9487208127975464, 0.9603511095046997, 0.9540967345237732, 0.9539390802383423, 0.9573546648025513, 0.9573702812194824, 0.9591840505599976, 0.9403136372566223, 0.9401025176048279, 0.9481133222579956], "clip_L2": [13.423001289367676, 12.13833236694336, 13.9808931350708, 11.560755729675293, 12.308618545532227, 11.615006446838379, 12.239858627319336, 13.423548698425293, 12.965998649597168, 12.588958740234375], "dino_L2": [16.958450317382812, 14.062195777893066, 15.747132301330566, 14.834568977355957, 15.238698959350586, 15.320737838745117, 15.120712280273438, 17.660633087158203, 17.201051712036133, 16.144880294799805], "rcnn_confidence": [0.8293854594230652, 0.9592095613479614, 0.8737335801124573, 0.9518842101097107, 0.9205898642539978, 0.6810961365699768, 0.9553719162940979, 0.9827553629875183, 0.6247526407241821, 0.933725118637085], "yolo_confidence": [0.0, 0.0, 0.0, 0.0, 0.0, 0.0, 0.0, 0.45651692152023315, 0.0, 0.0]}