{"pixel_L2": [49153.07421875, 49110.0078125, 49143.48828125, 49099.2734375, 49100.015625, 49194.69140625, 49079.7265625, 49024.453125, 49145.30078125, 49154.89453125], "pixel_cosine": [0.6631414294242859, 0.6631901264190674, 0.6623407602310181, 0.6627123355865479, 0.6634710431098938, 0.6615287661552429, 0.6635434627532959, 0.6632282137870789, 0.66213059425354, 0.66275954246521], "low_L2": [452.3058166503906, 460.35552978515625, 459.7210388183594, 456.9683837890625, 456.017333984375, 457.286376953125, 456.379150390625, 461.8575744628906, 462.8303527832031, 462.1578369140625], "low_cosine": [0.23581811785697937, 0.23071160912513733, 0.23307573795318604, 0.2332242876291275, 0.2320629507303238, 0.2316603809595108, 0.23485323786735535, 0.22938765585422516, 0.2318277359008789, 0.22896918654441833], "mid_L2": [326.3912048339844, 330.4483947753906, 329.2605285644531, 328.72039794921875, 325.352294921875, 326.2651672363281, 326.9375, 327.4453430175781, 331.4254150390625, 326.9458923339844], "mid_cosine": [0.18299254775047302, 0.1777902990579605, 0.18089668452739716, 0.18318530917167664, 0.18198710680007935, 0.18491584062576294, 0.1834961324930191, 0.1781262308359146, 0.1748204529285431, 0.18534782528877258], "high_L2": [61.11492919921875, 61.8718376159668, 62.50608825683594, 61.712520599365234, 62.34210968017578, 61.89191436767578, 61.650760650634766, 62.58332061767578, 62.741546630859375, 61.232364654541016], "high_cosine": [0.19818684458732605, 0.18483465909957886, 0.1691422164440155, 0.18302294611930847, 0.1780942976474762, 0.17689110338687897, 0.16275791823863983, 0.17296333611011505, 0.17905229330062866, 0.20050932466983795], "clip_cosine": [0.9982209205627441, 0.9984361529350281, 0.9982081651687622, 0.9982405304908752, 0.9982064962387085, 0.9981276392936707, 0.9981803297996521, 0.9983006715774536, 0.9982172250747681, 0.9981802105903625], "dino_cosine": [0.9455891847610474, 0.9423825740814209, 0.9431730508804321, 0.9459457993507385, 0.9427278637886047, 0.9486926198005676, 0.9453728199005127, 0.9425995945930481, 0.9422069787979126, 0.9470632076263428], "clip_L2": [15.565787315368652, 14.36013126373291, 15.300248146057129, 15.158430099487305, 15.330785751342773, 15.770500183105469, 15.593509674072266, 15.082338333129883, 15.485739707946777, 15.691664695739746], "dino_L2": [15.158563613891602, 15.733697891235352, 15.557564735412598, 15.238113403320312, 15.575416564941406, 15.301889419555664, 15.427084922790527, 15.380690574645996, 15.528610229492188, 15.338021278381348], "rcnn_confidence": [0.0, 0.0, 0.0, 0.0, 0.0, 0.0, 0.0, 0.0, 0.0, 0.0], "yolo_confidence": [0.0, 0.0, 0.0, 0.0, 0.0, 0.0, 0.0, 0.0, 0.0, 0.0]}