{"pixel_L2": [19738.044921875, 22699.302734375, 19859.81640625, 18593.125, 21120.662109375, 18836.228515625, 18057.662109375, 17887.373046875, 24044.2890625, 14207.244140625], "pixel_cosine": [0.8167868852615356, 0.7380150556564331, 0.8057199716567993, 0.832176923751831, 0.7862398028373718, 0.8340353965759277, 0.8428242802619934, 0.8787124752998352, 0.6977894902229309, 0.9058061242103577], "low_L2": [368.8220520019531, 442.38421630859375, 420.2398986816406, 383.898193359375, 398.32354736328125, 410.9983215332031, 391.3847961425781, 524.191650390625, 505.7654724121094, 375.2508850097656], "low_cosine": [0.6465016603469849, 0.5787262916564941, 0.5750613212585449, 0.6576828956604004, 0.602228581905365, 0.5894717574119568, 0.6595620512962341, 0.5383477807044983, 0.5294184684753418, 0.6373729705810547], "mid_L2": [304.588134765625, 353.5678405761719, 328.46240234375, 319.8947448730469, 324.39776611328125, 324.5489807128906, 314.01043701171875, 330.9868469238281, 381.3778991699219, 300.4168701171875], "mid_cosine": [0.46982541680336, 0.35019800066947937, 0.44172239303588867, 0.4600815176963806, 0.4417979121208191, 0.45194482803344727, 0.5216176509857178, 0.4754953384399414, 0.30823469161987305, 0.49455752968788147], "high_L2": [58.084049224853516, 69.34772491455078, 65.69303894042969, 64.45205688476562, 62.516971588134766, 61.36416244506836, 60.35433578491211, 56.55381774902344, 72.069091796875, 55.17928695678711], "high_cosine": [0.42375391721725464, 0.18590256571769714, 0.34822309017181396, 0.417664110660553, 0.433049738407135, 0.38109269738197327, 0.5421521067619324, 0.5081945061683655, 0.16240368783473969, 0.5322831869125366], "clip_cosine": [0.9988769292831421, 0.9978700876235962, 0.9985906481742859, 0.998996376991272, 0.9987524747848511, 0.9985119104385376, 0.9988105297088623, 0.9992278814315796, 0.9983224868774414, 0.999435305595398], "dino_cosine": [0.9605550765991211, 0.9493153691291809, 0.9461315870285034, 0.9632163047790527, 0.9606085419654846, 0.9481601119041443, 0.9633362293243408, 0.9645156264305115, 0.9422420859336853, 0.9763991236686707], "clip_L2": [12.407954216003418, 15.475730895996094, 13.56224250793457, 11.379819869995117, 12.860288619995117, 13.728495597839355, 12.515399932861328, 10.180310249328613, 14.901947975158691, 8.679255485534668], "dino_L2": [17.217647552490234, 17.530406951904297, 17.315744400024414, 13.695594787597656, 15.604022026062012, 16.690113067626953, 14.493178367614746, 14.54150390625, 17.558094024658203, 12.067371368408203], "rcnn_confidence": [0.3962165415287018, 0.0, 0.0, 0.0, 0.5238022804260254, 0.21949708461761475, 0.07524833083152771, 0.40351608395576477, 0.0, 0.21972548961639404], "yolo_confidence": [0.0, 0.0, 0.0, 0.0, 0.0, 0.0, 0.0, 0.0, 0.0, 0.0]}