{"pixel_L2": [25145.685546875, 23407.90625, 29031.3515625, 25193.666015625, 23894.494140625, 25311.623046875, 24336.529296875, 25259.841796875, 24683.576171875, 24510.337890625], "pixel_cosine": [0.9360468983650208, 0.9329531788825989, 0.9030520915985107, 0.9210814237594604, 0.9351215958595276, 0.9273102283477783, 0.9329248070716858, 0.914947509765625, 0.927098274230957, 0.9283668994903564], "low_L2": [231.7135772705078, 189.38796997070312, 248.6604461669922, 224.25808715820312, 188.75350952148438, 208.9184112548828, 194.48080444335938, 215.9785919189453, 193.18402099609375, 199.4312744140625], "low_cosine": [0.4071632921695709, 0.4259241819381714, 0.3861429691314697, 0.4155643880367279, 0.3892515003681183, 0.42878079414367676, 0.3967641592025757, 0.43926772475242615, 0.39174050092697144, 0.38761451840400696], "mid_L2": [223.2598114013672, 191.73883056640625, 225.0701904296875, 229.46717834472656, 192.7487335205078, 200.5688018798828, 200.9144744873047, 222.9122772216797, 197.80642700195312, 198.2900390625], "mid_cosine": [0.2875717878341675, 0.3125390410423279, 0.2731107473373413, 0.2861095368862152, 0.31391724944114685, 0.3108704686164856, 0.300850510597229, 0.29895758628845215, 0.3150484263896942, 0.31599342823028564], "high_L2": [50.1737174987793, 44.31938171386719, 49.96363830566406, 51.47801208496094, 44.22511672973633, 43.938045501708984, 44.62364196777344, 49.89474105834961, 45.50009536743164, 45.7512092590332], "high_cosine": [0.2843592166900635, 0.42718541622161865, 0.31095248460769653, 0.3261762857437134, 0.43214505910873413, 0.43226203322410583, 0.4042961895465851, 0.3782482445240021, 0.4104228913784027, 0.4200417697429657], "clip_cosine": [0.9990909695625305, 0.9991894960403442, 0.9990665912628174, 0.999077320098877, 0.9993054866790771, 0.999243438243866, 0.999019980430603, 0.9990737438201904, 0.9994000196456909, 0.9991135597229004], "dino_cosine": [0.954974889755249, 0.9690136909484863, 0.9541548490524292, 0.9562159180641174, 0.9644590020179749, 0.9507242441177368, 0.969375491142273, 0.9583039879798889, 0.9633451700210571, 0.9712777137756348], "clip_L2": [10.433762550354004, 10.71838092803955, 11.498247146606445, 11.441903114318848, 9.983762741088867, 10.708699226379395, 11.669149398803711, 11.347704887390137, 9.749192237854004, 10.961603164672852], "dino_L2": [17.377994537353516, 16.716876983642578, 18.735197067260742, 18.767375946044922, 16.257858276367188, 17.267282485961914, 16.1566219329834, 18.17893409729004, 18.11890983581543, 15.889588356018066], "rcnn_confidence": [0.0, 0.11791451275348663, 0.26243317127227783, 0.7410390973091125, 0.5894063711166382, 0.0, 0.3255940079689026, 0.39874526858329773, 0.4605403244495392, 0.5991005897521973], "yolo_confidence": [0.0, 0.0, 0.0, 0.0, 0.0, 0.0, 0.0, 0.0, 0.0, 0.0]}