{"pixel_L2": [24598.755859375, 31303.583984375, 26112.134765625, 22842.3125, 27723.6171875, 25483.69140625, 21967.162109375, 18715.75390625, 30350.962890625, 20828.060546875], "pixel_cosine": [0.9329571723937988, 0.8543153405189514, 0.8388717174530029, 0.8809601068496704, 0.8991231322288513, 0.919366180896759, 0.8832837343215942, 0.9481192231178284, 0.8361152410507202, 0.8989059329032898], "low_L2": [218.71563720703125, 245.77122497558594, 345.1199645996094, 435.5412902832031, 249.44610595703125, 239.6588897705078, 472.6846923828125, 405.8731384277344, 334.6795959472656, 263.5560302734375], "low_cosine": [0.36789995431900024, 0.30556026101112366, 0.22166508436203003, 0.21322816610336304, 0.3379577398300171, 0.339674174785614, 0.26788198947906494, 0.2227078080177307, 0.2684788107872009, 0.26009416580200195], "mid_L2": [204.40530395507812, 224.20477294921875, 248.3045196533203, 292.09625244140625, 213.7485809326172, 214.08157348632812, 314.44775390625, 239.573974609375, 264.7911376953125, 223.5146026611328], "mid_cosine": [0.38563036918640137, 0.3223506212234497, 0.34953057765960693, 0.2161198854446411, 0.4195261001586914, 0.4295045733451843, 0.2995874285697937, 0.4470442533493042, 0.29926449060440063, 0.3547787070274353], "high_L2": [45.51191329956055, 48.808570861816406, 42.286102294921875, 57.633541107177734, 37.80244445800781, 44.081390380859375, 72.16370391845703, 46.40005874633789, 47.22208023071289, 43.77741241455078], "high_cosine": [0.6065647602081299, 0.563452422618866, 0.630135715007782, 0.3864344656467438, 0.7359468936920166, 0.669098973274231, 0.4136020541191101, 0.7023484706878662, 0.6196022033691406, 0.624954342842102], "clip_cosine": [0.9992742538452148, 0.9990788698196411, 0.9987837672233582, 0.998344898223877, 0.9988300204277039, 0.9987849593162537, 0.9979604482650757, 0.9988903999328613, 0.9990119338035583, 0.998825192451477], "dino_cosine": [0.9732705354690552, 0.9540517926216125, 0.9697561860084534, 0.9619115591049194, 0.9698447585105896, 0.9611864686012268, 0.9569410681724548, 0.973626971244812, 0.9584914445877075, 0.9749705195426941], "clip_L2": [10.568830490112305, 11.617645263671875, 12.770689964294434, 13.641578674316406, 12.559723854064941, 12.540882110595703, 13.901611328125, 12.662454605102539, 11.607105255126953, 12.872122764587402], "dino_L2": [15.838011741638184, 16.673263549804688, 17.482463836669922, 18.69005012512207, 16.86040496826172, 17.020904541015625, 17.917930603027344, 15.488750457763672, 17.76463508605957, 16.0916805267334], "rcnn_confidence": [0.06290953606367111, 0.0, 0.0, 0.0, 0.0, 0.0, 0.0, 0.2959079146385193, 0.0, 0.14548535645008087], "yolo_confidence": [0.0, 0.0, 0.0, 0.0, 0.0, 0.0, 0.0, 0.0, 0.0, 0.0]}