{"pixel_L2": [29782.79296875, 26013.5, 28037.38671875, 26636.66015625, 26587.33203125, 25506.74609375, 25878.498046875, 27290.1171875, 28757.1640625, 26844.294921875], "pixel_cosine": [0.838428258895874, 0.8788331747055054, 0.8540636301040649, 0.8705474734306335, 0.869878888130188, 0.8809496164321899, 0.8802881836891174, 0.8623833060264587, 0.8473938703536987, 0.8673191666603088], "low_L2": [465.2832336425781, 433.97430419921875, 516.251708984375, 433.3485107421875, 410.9105224609375, 426.0765686035156, 449.2569580078125, 453.0065612792969, 447.36114501953125, 447.79364013671875], "low_cosine": [0.3164498209953308, 0.30432167649269104, 0.25251591205596924, 0.3313288986682892, 0.3573460876941681, 0.34275227785110474, 0.29643839597702026, 0.3290940523147583, 0.31615138053894043, 0.30434781312942505], "mid_L2": [496.23406982421875, 467.7680969238281, 502.2555847167969, 457.0277404785156, 434.19879150390625, 454.07415771484375, 480.34423828125, 467.02801513671875, 468.8426513671875, 466.9356994628906], "mid_cosine": [0.19889356195926666, 0.16941452026367188, 0.15460459887981415, 0.22724270820617676, 0.28657013177871704, 0.259968638420105, 0.17622902989387512, 0.26246607303619385, 0.2290787696838379, 0.18854519724845886], "high_L2": [78.27998352050781, 77.06796264648438, 77.42135620117188, 66.51043701171875, 66.26350402832031, 66.03495788574219, 74.43560028076172, 62.602294921875, 79.22352600097656, 76.20162963867188], "high_cosine": [0.2478851079940796, 0.27744540572166443, 0.23869973421096802, 0.40925973653793335, 0.4406588673591614, 0.4399539828300476, 0.30876442790031433, 0.4646747410297394, 0.30423712730407715, 0.27202317118644714], "clip_cosine": [0.9991350769996643, 0.999255895614624, 0.9992778301239014, 0.999262809753418, 0.9984712600708008, 0.9991024732589722, 0.9992163181304932, 0.9991779923439026, 0.9989452362060547, 0.9993481040000916], "dino_cosine": [0.9627267122268677, 0.9654896259307861, 0.96562659740448, 0.9577584266662598, 0.9596649408340454, 0.9662854671478271, 0.9528235197067261, 0.9605392813682556, 0.9515962600708008, 0.9653729200363159], "clip_L2": [11.807012557983398, 11.114466667175293, 11.19518756866455, 11.148524284362793, 14.0994234085083, 11.940757751464844, 11.355042457580566, 11.525460243225098, 12.654939651489258, 10.53761100769043], "dino_L2": [15.242303848266602, 16.139041900634766, 16.209980010986328, 16.609514236450195, 15.612204551696777, 15.799532890319824, 16.866931915283203, 15.805510520935059, 16.760221481323242, 15.741334915161133], "rcnn_confidence": [0.9026497006416321, 0.9765149354934692, 0.9366041421890259, 0.897041380405426, 0.5273228883743286, 0.941187858581543, 0.8187631368637085, 0.9913797378540039, 0.21166570484638214, 0.9278666973114014], "yolo_confidence": [0.0, 0.0, 0.0, 0.0, 0.0, 0.0, 0.0, 0.0, 0.0, 0.3828829824924469]}