{"pixel_L2": [17183.154296875, 17299.677734375, 17259.447265625, 17191.369140625, 17296.501953125, 17214.443359375, 17314.09375, 17280.625, 17378.462890625, 17262.34375], "pixel_cosine": [0.7615141868591309, 0.7623937726020813, 0.76095050573349, 0.7643530368804932, 0.7612205147743225, 0.762361466884613, 0.7625263333320618, 0.7642180323600769, 0.7608770132064819, 0.7619109749794006], "low_L2": [522.6539306640625, 522.6141357421875, 523.7484130859375, 521.9993896484375, 524.1343383789062, 522.9133911132812, 522.997802734375, 522.022705078125, 523.2434692382812, 522.5745239257812], "low_cosine": [0.5027146339416504, 0.5031100511550903, 0.5004321336746216, 0.5048190951347351, 0.4992663264274597, 0.5024679899215698, 0.50257408618927, 0.505059540271759, 0.5017499923706055, 0.5034260749816895], "mid_L2": [380.8520812988281, 380.0954895019531, 379.9706726074219, 380.4429931640625, 379.84344482421875, 380.70574951171875, 379.87738037109375, 380.83636474609375, 380.44000244140625, 380.2123718261719], "mid_cosine": [0.374518483877182, 0.37731605768203735, 0.376299113035202, 0.37565189599990845, 0.37643498182296753, 0.3753243088722229, 0.3772127330303192, 0.37699323892593384, 0.3760274052619934, 0.37710821628570557], "high_L2": [86.23458099365234, 86.4984359741211, 86.48558807373047, 86.43840789794922, 85.87187957763672, 86.62492370605469, 86.49360656738281, 86.85821533203125, 86.40621948242188, 86.29670715332031], "high_cosine": [0.08581919968128204, 0.08354412764310837, 0.08720560371875763, 0.08426711708307266, 0.0856202244758606, 0.08620767295360565, 0.0850982591509819, 0.08663555979728699, 0.08522145450115204, 0.08543475717306137], "clip_cosine": [0.9958198666572571, 0.9957917928695679, 0.9958758354187012, 0.9958851337432861, 0.9958616495132446, 0.9958128929138184, 0.9958359003067017, 0.9958723783493042, 0.9959301948547363, 0.9957923293113708], "dino_cosine": [0.9360835552215576, 0.935957133769989, 0.9366715550422668, 0.9312361478805542, 0.9366491436958313, 0.9351677298545837, 0.933641791343689, 0.939863920211792, 0.9381504654884338, 0.9375430345535278], "clip_L2": [17.793670654296875, 18.07469367980957, 18.07895278930664, 17.718515396118164, 17.875560760498047, 17.705791473388672, 17.669448852539062, 17.780189514160156, 17.838890075683594, 18.088939666748047], "dino_L2": [19.144357681274414, 19.097732543945312, 19.12775421142578, 19.29034996032715, 19.23732566833496, 19.180456161499023, 19.155670166015625, 18.837841033935547, 18.96876335144043, 19.15324592590332], "rcnn_confidence": [0.0, 0.0, 0.0, 0.0, 0.0, 0.0, 0.0, 0.0, 0.0, 0.0], "yolo_confidence": [0.0, 0.0, 0.0, 0.0, 0.0, 0.0, 0.0, 0.0, 0.0, 0.0]}