{"pixel_L2": [25207.744140625, 34520.33203125, 28758.609375, 30705.658203125, 29712.236328125, 35404.453125, 32695.814453125, 32546.568359375, 32574.71875, 32648.91796875], "pixel_cosine": [0.8501401543617249, 0.7927404046058655, 0.8267114162445068, 0.8123462200164795, 0.8299342393875122, 0.7970896363258362, 0.8285418152809143, 0.8052973747253418, 0.8166054487228394, 0.8101921677589417], "low_L2": [495.0170593261719, 500.1278381347656, 463.837158203125, 542.8252563476562, 476.41595458984375, 493.50433349609375, 461.9086608886719, 504.7832336425781, 468.350341796875, 468.6301574707031], "low_cosine": [0.6044215559959412, 0.5815795660018921, 0.6143816709518433, 0.5492544174194336, 0.6036862134933472, 0.5801111459732056, 0.6266120076179504, 0.5842011570930481, 0.6153016090393066, 0.6062297224998474], "mid_L2": [307.1042785644531, 318.7218933105469, 291.6268005371094, 326.3890686035156, 311.55718994140625, 329.8218994140625, 300.08648681640625, 319.7165832519531, 303.32464599609375, 305.3724060058594], "mid_cosine": [0.4221678376197815, 0.40222740173339844, 0.44655537605285645, 0.38870933651924133, 0.42634984850883484, 0.3880173861980438, 0.44447505474090576, 0.40127304196357727, 0.42698174715042114, 0.41849297285079956], "high_L2": [62.40303039550781, 63.55261993408203, 62.41835021972656, 58.591705322265625, 63.578155517578125, 66.65667724609375, 65.76872253417969, 59.67308807373047, 67.96147918701172, 66.34952545166016], "high_cosine": [0.39950889348983765, 0.40887200832366943, 0.3938913941383362, 0.4962443709373474, 0.39049315452575684, 0.3509337604045868, 0.36240652203559875, 0.40991705656051636, 0.33679378032684326, 0.30434224009513855], "clip_cosine": [0.9987132549285889, 0.9987199306488037, 0.9987869262695312, 0.9986295700073242, 0.9987820386886597, 0.9987398386001587, 0.9988195896148682, 0.998568058013916, 0.9989632368087769, 0.9987398386001587], "dino_cosine": [0.9648565649986267, 0.9732769131660461, 0.96269690990448, 0.9582006931304932, 0.9561141133308411, 0.9672860503196716, 0.9601062536239624, 0.9658054113388062, 0.9618707895278931, 0.9662566781044006], "clip_L2": [13.481364250183105, 13.941300392150879, 12.49347972869873, 13.48836898803711, 13.382059097290039, 13.407740592956543, 12.611510276794434, 14.545342445373535, 11.797666549682617, 13.225117683410645], "dino_L2": [17.625139236450195, 17.079309463500977, 17.844120025634766, 18.386266708374023, 18.51760482788086, 17.44445037841797, 17.36845588684082, 18.077381134033203, 17.21057891845703, 17.851882934570312], "rcnn_confidence": [0.23587793111801147, 0.4892616868019104, 0.40172359347343445, 0.07002667337656021, 0.3943616449832916, 0.2814861536026001, 0.1050490066409111, 0.11655055731534958, 0.20642021298408508, 0.1813189834356308], "yolo_confidence": [0.0, 0.0, 0.0, 0.0, 0.0, 0.0, 0.0, 0.0, 0.0, 0.0]}