{"pixel_L2": [17589.40234375, 18036.98828125, 18085.923828125, 18265.9296875, 20909.310546875, 18155.314453125, 17462.8984375, 18568.689453125, 18570.658203125, 18203.748046875], "pixel_cosine": [0.9011143445968628, 0.8985134959220886, 0.895784854888916, 0.8970714807510376, 0.8669372200965881, 0.8957375884056091, 0.9072855114936829, 0.8897949457168579, 0.8936799764633179, 0.8994165658950806], "low_L2": [211.14109802246094, 212.1925811767578, 213.93499755859375, 217.74412536621094, 236.13186645507812, 219.7349853515625, 212.7527313232422, 212.13172912597656, 237.79440307617188, 216.73170471191406], "low_cosine": [0.7345481514930725, 0.7332272529602051, 0.725098729133606, 0.7228161096572876, 0.676013708114624, 0.7189747095108032, 0.7357495427131653, 0.7339183688163757, 0.6928294897079468, 0.725538969039917], "mid_L2": [236.02699279785156, 234.48500061035156, 240.5273895263672, 239.5659942626953, 246.56317138671875, 244.21302795410156, 236.34034729003906, 239.0972442626953, 249.78912353515625, 242.3765106201172], "mid_cosine": [0.5279102325439453, 0.5355408191680908, 0.5113586187362671, 0.5190690755844116, 0.4894787073135376, 0.5085798501968384, 0.5355002880096436, 0.5197109580039978, 0.5055294036865234, 0.5066483616828918], "high_L2": [57.20975875854492, 56.98530197143555, 56.85139465332031, 56.593650817871094, 55.16340255737305, 57.53203582763672, 55.32883834838867, 54.8661994934082, 55.68677520751953, 59.30133056640625], "high_cosine": [0.4643712043762207, 0.468089759349823, 0.44525110721588135, 0.4443819522857666, 0.47075793147087097, 0.4314805269241333, 0.48600006103515625, 0.47544771432876587, 0.46630364656448364, 0.3993651866912842], "clip_cosine": [0.999099850654602, 0.9990695714950562, 0.9990987181663513, 0.9991087913513184, 0.9990941882133484, 0.9991257190704346, 0.9990226030349731, 0.9990408420562744, 0.9991536736488342, 0.9990698099136353], "dino_cosine": [0.9499448537826538, 0.9420481324195862, 0.945868194103241, 0.9488416910171509, 0.9495009183883667, 0.9445523619651794, 0.9557216167449951, 0.9411160349845886, 0.9498743414878845, 0.9484380483627319], "clip_L2": [12.491286277770996, 12.426260948181152, 12.42320442199707, 12.303746223449707, 12.247769355773926, 12.321259498596191, 12.790599822998047, 12.524873733520508, 11.905531883239746, 12.778316497802734], "dino_L2": [16.783151626586914, 17.641937255859375, 17.050527572631836, 17.029563903808594, 15.900086402893066, 17.052749633789062, 15.701756477355957, 17.90975570678711, 16.89906883239746, 16.89398956298828], "rcnn_confidence": [0.0, 0.0, 0.0, 0.0, 0.0, 0.0, 0.0, 0.0, 0.0, 0.0], "yolo_confidence": [0.0, 0.0, 0.0, 0.0, 0.0, 0.0, 0.0, 0.0, 0.0, 0.0]}