{"pixel_L2": [74620.703125, 74635.6015625, 74629.359375, 74627.8046875, 74630.28125, 74627.5625, 74624.7578125, 74618.3671875, 74633.5859375, 74620.9921875], "pixel_cosine": [0.3043266534805298, 0.3038569986820221, 0.3041292726993561, 0.30428212881088257, 0.3040056526660919, 0.30417048931121826, 0.30427712202072144, 0.30452078580856323, 0.30399835109710693, 0.3043608069419861], "low_L2": [366.3266906738281, 366.4891662597656, 366.7362060546875, 367.5005187988281, 366.69775390625, 366.8824462890625, 366.71661376953125, 366.7962951660156, 367.21722412109375, 367.02777099609375], "low_cosine": [0.1392756551504135, 0.13976316154003143, 0.1395464688539505, 0.13998275995254517, 0.13880595564842224, 0.13947290182113647, 0.1398211121559143, 0.1395879089832306, 0.13931682705879211, 0.13885700702667236], "mid_L2": [249.19488525390625, 249.8410186767578, 250.0887451171875, 249.25465393066406, 249.20469665527344, 249.31362915039062, 249.95016479492188, 249.2893524169922, 249.96847534179688, 249.59837341308594], "mid_cosine": [0.1502087116241455, 0.14899718761444092, 0.1489199548959732, 0.14976203441619873, 0.15024110674858093, 0.14945274591445923, 0.14991039037704468, 0.15020835399627686, 0.1494220793247223, 0.149187371134758], "high_L2": [58.9951171875, 58.913753509521484, 58.941810607910156, 58.90816116333008, 58.99850845336914, 58.99800491333008, 59.130645751953125, 58.9786262512207, 59.02601623535156, 59.028499603271484], "high_cosine": [0.06833390146493912, 0.06930488348007202, 0.06921848654747009, 0.06681878864765167, 0.0678691640496254, 0.06488741189241409, 0.06931522488594055, 0.06720829010009766, 0.06887682527303696, 0.0680321753025055], "clip_cosine": [0.9986357688903809, 0.9985696077346802, 0.9985628724098206, 0.9985818862915039, 0.998539924621582, 0.9986100792884827, 0.9985306262969971, 0.9986178874969482, 0.9985763430595398, 0.9985730648040771], "dino_cosine": [0.9430086016654968, 0.946627140045166, 0.9449734687805176, 0.9448021650314331, 0.9467436671257019, 0.9455472230911255, 0.94327712059021, 0.9446179866790771, 0.9465607404708862, 0.9434263706207275], "clip_L2": [15.053252220153809, 15.492568969726562, 15.514854431152344, 14.984749794006348, 15.618053436279297, 15.193495750427246, 15.710104942321777, 15.299809455871582, 15.304438591003418, 15.262085914611816], "dino_L2": [18.8015193939209, 18.852458953857422, 19.173704147338867, 18.65562629699707, 18.907794952392578, 18.9281005859375, 19.019071578979492, 18.572072982788086, 18.459014892578125, 19.270572662353516], "rcnn_confidence": [0.0, 0.0, 0.0, 0.0, 0.0, 0.0, 0.0, 0.0, 0.0, 0.0], "yolo_confidence": [0.0, 0.0, 0.0, 0.0, 0.0, 0.0, 0.0, 0.0, 0.0, 0.0]}