{"pixel_L2": [30301.87890625, 30847.19140625, 30540.015625, 30438.513671875, 30602.126953125, 30108.896484375, 30469.16015625, 30124.330078125, 30187.568359375, 30655.423828125], "pixel_cosine": [0.9369935989379883, 0.9331451654434204, 0.9366178512573242, 0.9377767443656921, 0.9346083998680115, 0.9362559914588928, 0.9346010088920593, 0.9326564073562622, 0.9412965178489685, 0.9346586465835571], "low_L2": [237.79405212402344, 239.5285186767578, 238.54888916015625, 238.00302124023438, 239.8296356201172, 237.26995849609375, 239.98117065429688, 237.66885375976562, 237.2004852294922, 240.55950927734375], "low_cosine": [0.6681307554244995, 0.6611623764038086, 0.6659996509552002, 0.6683112382888794, 0.659652829170227, 0.6709691882133484, 0.6591510772705078, 0.6671359539031982, 0.6721688508987427, 0.6578681468963623], "mid_L2": [182.2435760498047, 184.7060089111328, 182.68069458007812, 182.2605438232422, 181.96705627441406, 182.8560028076172, 184.47555541992188, 184.1409454345703, 182.30911254882812, 183.09298706054688], "mid_cosine": [0.529425859451294, 0.5169308185577393, 0.5261509418487549, 0.5275338292121887, 0.5310910940170288, 0.5265260338783264, 0.5162362456321716, 0.5206326246261597, 0.5291221737861633, 0.5213513970375061], "high_L2": [46.38813781738281, 46.12278747558594, 44.5803337097168, 45.85166931152344, 45.63434600830078, 45.19014358520508, 45.009525299072266, 45.93845748901367, 44.85015869140625, 45.73519515991211], "high_cosine": [0.5615218877792358, 0.5632713437080383, 0.5792902112007141, 0.565015971660614, 0.5638778209686279, 0.5740498304367065, 0.5736508369445801, 0.5579144358634949, 0.5800527930259705, 0.5674936771392822], "clip_cosine": [0.9986851215362549, 0.9986357688903809, 0.9983957409858704, 0.9986002445220947, 0.9987359046936035, 0.9987218379974365, 0.9981821775436401, 0.9985220432281494, 0.9986550807952881, 0.9986903667449951], "dino_cosine": [0.9548395872116089, 0.9544715285301208, 0.95710688829422, 0.9576243162155151, 0.955355167388916, 0.9556976556777954, 0.9526017904281616, 0.9552900791168213, 0.956057071685791, 0.9588496685028076], "clip_L2": [11.720860481262207, 11.813098907470703, 12.249526023864746, 11.807601928710938, 11.474477767944336, 11.40591812133789, 12.667637825012207, 11.973018646240234, 11.689749717712402, 11.545165061950684], "dino_L2": [16.186559677124023, 16.510692596435547, 16.204641342163086, 16.130054473876953, 16.33580207824707, 15.955367088317871, 16.357505798339844, 16.749744415283203, 16.062030792236328, 15.973258972167969], "rcnn_confidence": [0.0, 0.0, 0.0, 0.0, 0.0, 0.0, 0.0, 0.0, 0.0, 0.0], "yolo_confidence": [0.0, 0.0, 0.0, 0.0, 0.0, 0.0, 0.0, 0.0, 0.0, 0.0]}