{"pixel_L2": [37770.171875, 37881.828125, 37923.86328125, 38040.69140625, 38003.08984375, 37794.62109375, 38033.05078125, 38137.5546875, 37928.9375, 37563.78515625], "pixel_cosine": [0.8616962432861328, 0.863972544670105, 0.8633527755737305, 0.8650541305541992, 0.8632280826568604, 0.8632688522338867, 0.8615732192993164, 0.8642925024032593, 0.8626591563224792, 0.8635895252227783], "low_L2": [268.4613952636719, 267.24334716796875, 268.8610534667969, 267.8782958984375, 268.887451171875, 268.2010803222656, 269.0932922363281, 268.5328369140625, 269.2038879394531, 268.2875671386719], "low_cosine": [0.7104042768478394, 0.7134604454040527, 0.7093933820724487, 0.7117987871170044, 0.7099162936210632, 0.7106974124908447, 0.7088326811790466, 0.7106159925460815, 0.7090476751327515, 0.7099868059158325], "mid_L2": [268.19842529296875, 267.99627685546875, 268.0325927734375, 266.5985107421875, 267.55731201171875, 268.5392761230469, 270.20654296875, 268.2359924316406, 268.5323181152344, 267.7982177734375], "mid_cosine": [0.45419472455978394, 0.45709025859832764, 0.4590532183647156, 0.4616655111312866, 0.4613322615623474, 0.45590507984161377, 0.44763630628585815, 0.4575916826725006, 0.45705467462539673, 0.4598582983016968], "high_L2": [64.17937469482422, 65.21142578125, 65.25344848632812, 64.91239166259766, 65.38081359863281, 64.65782165527344, 65.25306701660156, 65.51478576660156, 65.63011169433594, 64.51558685302734], "high_cosine": [0.35389965772628784, 0.3521442711353302, 0.3556455969810486, 0.3582673966884613, 0.35286563634872437, 0.3550932705402374, 0.3473038375377655, 0.3454774022102356, 0.3366248905658722, 0.36373791098594666], "clip_cosine": [0.9981234073638916, 0.998259425163269, 0.9982073307037354, 0.9981397986412048, 0.9981763362884521, 0.9982086420059204, 0.9981874823570251, 0.9981977939605713, 0.9982632398605347, 0.9981117844581604], "dino_cosine": [0.9534297585487366, 0.9541343450546265, 0.9529905915260315, 0.9514515995979309, 0.9501668810844421, 0.9496411681175232, 0.9509706497192383, 0.9501165151596069, 0.9510940313339233, 0.9516891837120056], "clip_L2": [14.312447547912598, 14.336297035217285, 14.168025016784668, 14.371970176696777, 14.39466381072998, 14.11215877532959, 14.286818504333496, 13.844216346740723, 13.80594253540039, 14.587532997131348], "dino_L2": [17.778648376464844, 17.08266258239746, 17.552330017089844, 17.568342208862305, 17.554264068603516, 17.538997650146484, 18.068737030029297, 17.877866744995117, 17.0855770111084, 17.670745849609375], "rcnn_confidence": [0.0, 0.0, 0.0, 0.0, 0.0, 0.0, 0.0, 0.0, 0.0, 0.0], "yolo_confidence": [0.0, 0.0, 0.0, 0.0, 0.0, 0.0, 0.0, 0.0, 0.0, 0.0]}