{"pixel_L2": [31305.447265625, 32871.03515625, 29230.421875, 31414.943359375, 31963.302734375, 29238.177734375, 31300.255859375, 30670.30859375, 30454.37890625, 31577.9296875], "pixel_cosine": [0.6903692483901978, 0.6525837182998657, 0.7647802829742432, 0.6871417164802551, 0.6735963225364685, 0.7396520376205444, 0.6915621757507324, 0.7056238651275635, 0.7554947137832642, 0.6853875517845154], "low_L2": [401.59942626953125, 422.13818359375, 377.6653747558594, 381.767333984375, 412.97802734375, 392.3687744140625, 378.7266540527344, 406.6445617675781, 416.6306457519531, 414.7032470703125], "low_cosine": [0.402359277009964, 0.37065771222114563, 0.46165505051612854, 0.45941323041915894, 0.3694731593132019, 0.40239953994750977, 0.4417645335197449, 0.412764310836792, 0.42067182064056396, 0.4065021574497223], "mid_L2": [313.48931884765625, 313.0821533203125, 303.36798095703125, 326.3962097167969, 302.806640625, 305.42486572265625, 298.90313720703125, 319.0840148925781, 309.409912109375, 323.6286315917969], "mid_cosine": [0.23385831713676453, 0.23330532014369965, 0.24183303117752075, 0.22654858231544495, 0.24347573518753052, 0.246687650680542, 0.2487391233444214, 0.22187793254852295, 0.26612362265586853, 0.21807315945625305], "high_L2": [56.254390716552734, 64.00432586669922, 58.07301330566406, 61.004051208496094, 60.988285064697266, 59.50506591796875, 58.656654357910156, 57.841251373291016, 58.7396354675293, 61.23812484741211], "high_cosine": [0.3450446128845215, 0.25899404287338257, 0.301421582698822, 0.26586824655532837, 0.30434563755989075, 0.27893394231796265, 0.33082228899002075, 0.3328372836112976, 0.3484939634799957, 0.23810873925685883], "clip_cosine": [0.9986422061920166, 0.9984036087989807, 0.9989004135131836, 0.9984696507453918, 0.9984505772590637, 0.9985026717185974, 0.9986339807510376, 0.9982993602752686, 0.9984263181686401, 0.9982613325119019], "dino_cosine": [0.9613683223724365, 0.9603172540664673, 0.9583094716072083, 0.9533862471580505, 0.9606465101242065, 0.9618876576423645, 0.9646322131156921, 0.9438923597335815, 0.9571548700332642, 0.9593310356140137], "clip_L2": [13.819584846496582, 14.985520362854004, 12.995072364807129, 14.758755683898926, 15.083687782287598, 14.498559951782227, 14.390670776367188, 15.081835746765137, 15.104362487792969, 15.592385292053223], "dino_L2": [17.297168731689453, 17.42706871032715, 19.114042282104492, 18.156463623046875, 19.56412124633789, 18.564048767089844, 17.473834991455078, 18.867774963378906, 17.83857536315918, 19.293611526489258], "rcnn_confidence": [0.1983729898929596, 0.050906386226415634, 0.14697639644145966, 0.0, 0.07088406383991241, 0.3670463263988495, 0.20517443120479584, 0.0, 0.0, 0.22598272562026978], "yolo_confidence": [0.0, 0.0, 0.0, 0.0, 0.0, 0.0, 0.0, 0.0, 0.0, 0.0]}