{"pixel_L2": [60506.78515625, 60506.78515625, 60506.78515625, 60506.78515625, 60506.78515625, 60506.78515625, 60506.78515625, 60506.78515625, 60506.78515625, 60506.78515625], "pixel_cosine": [0.0, 0.0, 0.0, 0.0, 0.0, 0.0, 0.0, 0.0, 0.0, 0.0], "low_L2": [674.13037109375, 674.13037109375, 674.13037109375, 674.13037109375, 674.13037109375, 674.13037109375, 674.13037109375, 674.13037109375, 674.13037109375, 674.13037109375], "low_cosine": [0.16956394910812378, 0.16956394910812378, 0.16956394910812378, 0.16956394910812378, 0.16956394910812378, 0.16956394910812378, 0.16956394910812378, 0.16956394910812378, 0.16956394910812378, 0.16956394910812378], "mid_L2": [356.1504211425781, 356.1504211425781, 356.1504211425781, 356.1504211425781, 356.1504211425781, 356.1504211425781, 356.1504211425781, 356.1504211425781, 356.1504211425781, 356.1504211425781], "mid_cosine": [0.20472508668899536, 0.20472508668899536, 0.20472508668899536, 0.20472508668899536, 0.20472508668899536, 0.20472508668899536, 0.20472508668899536, 0.20472508668899536, 0.20472508668899536, 0.20472508668899536], "high_L2": [82.13832092285156, 82.13832092285156, 82.13832092285156, 82.13832092285156, 82.13832092285156, 82.13832092285156, 82.13832092285156, 82.13832092285156, 82.13832092285156, 82.13832092285156], "high_cosine": [0.15012213587760925, 0.15012213587760925, 0.15012213587760925, 0.15012213587760925, 0.15012213587760925, 0.15012213587760925, 0.15012213587760925, 0.15012213587760925, 0.15012213587760925, 0.15012213587760925], "clip_cosine": [0.997314453125, 0.997314453125, 0.997314453125, 0.997314453125, 0.997314453125, 0.997314453125, 0.997314453125, 0.997314453125, 0.997314453125, 0.997314453125], "dino_cosine": [0.9451625347137451, 0.9451625347137451, 0.9451625347137451, 0.9451625347137451, 0.9451625347137451, 0.9451625347137451, 0.9451625347137451, 0.9451625347137451, 0.9451625347137451, 0.9451625347137451], "clip_L2": [19.184425354003906, 19.184425354003906, 19.184425354003906, 19.184425354003906, 19.184425354003906, 19.184425354003906, 19.184425354003906, 19.184425354003906, 19.184425354003906, 19.184425354003906], "dino_L2": [23.007566452026367, 23.007566452026367, 23.007566452026367, 23.007566452026367, 23.007566452026367, 23.007566452026367, 23.007566452026367, 23.007566452026367, 23.007566452026367, 23.007566452026367], "rcnn_confidence": [0.0, 0.0, 0.0, 0.0, 0.0, 0.0, 0.0, 0.0, 0.0, 0.0], "yolo_confidence": [0.0, 0.0, 0.0, 0.0, 0.0, 0.0, 0.0, 0.0, 0.0, 0.0]}