{"pixel_L2": [31172.8515625, 31826.427734375, 36044.5, 29355.875, 30354.826171875, 31129.75390625, 32502.4609375, 32910.56640625, 30440.177734375, 31708.439453125], "pixel_cosine": [0.8308645486831665, 0.8083484172821045, 0.7535117864608765, 0.8614984750747681, 0.8362957835197449, 0.8372421264648438, 0.7985391020774841, 0.7939258813858032, 0.8567557334899902, 0.8159933090209961], "low_L2": [318.8582763671875, 309.9991455078125, 345.1446838378906, 304.63909912109375, 307.3228759765625, 318.5021057128906, 322.2427978515625, 324.1845397949219, 304.0705261230469, 332.6744079589844], "low_cosine": [0.3291918933391571, 0.2999551296234131, 0.277854323387146, 0.33131879568099976, 0.3191053867340088, 0.3072046935558319, 0.320132851600647, 0.3363320231437683, 0.3252944350242615, 0.28179931640625], "mid_L2": [275.2046813964844, 273.02484130859375, 280.41259765625, 281.2533264160156, 270.0060119628906, 298.961181640625, 279.3817138671875, 281.12188720703125, 270.4433898925781, 302.0438537597656], "mid_cosine": [0.2501729130744934, 0.2401321828365326, 0.24644462764263153, 0.22862567007541656, 0.25319212675094604, 0.23180580139160156, 0.23619869351387024, 0.23290935158729553, 0.2434033900499344, 0.2272857129573822], "high_L2": [60.17781448364258, 50.28367233276367, 53.96242904663086, 61.100276947021484, 57.434791564941406, 59.644386291503906, 58.93879318237305, 56.28657150268555, 56.73609924316406, 60.46562576293945], "high_cosine": [0.33082225918769836, 0.4273120164871216, 0.3357784152030945, 0.24060161411762238, 0.2810073494911194, 0.3971373736858368, 0.3249555826187134, 0.3524346649646759, 0.32941827178001404, 0.32464298605918884], "clip_cosine": [0.9991134405136108, 0.9992243647575378, 0.9991772174835205, 0.9985136985778809, 0.9988874197006226, 0.998929500579834, 0.9991521835327148, 0.9993212223052979, 0.9991697072982788, 0.9989789724349976], "dino_cosine": [0.9428895115852356, 0.9674429893493652, 0.9703873991966248, 0.942721962928772, 0.9487085342407227, 0.9360610246658325, 0.9572802782058716, 0.9719829559326172, 0.9400103092193604, 0.9476886987686157], "clip_L2": [11.995806694030762, 11.038233757019043, 11.52274227142334, 14.1253080368042, 12.79155445098877, 12.627601623535156, 11.587648391723633, 10.296034812927246, 11.515361785888672, 12.590213775634766], "dino_L2": [18.630876541137695, 16.060556411743164, 15.095656394958496, 18.16523551940918, 17.855302810668945, 18.656579971313477, 17.818681716918945, 14.043342590332031, 17.7938289642334, 19.150928497314453], "rcnn_confidence": [0.0, 0.23078520596027374, 0.08082184940576553, 0.22475659847259521, 0.16132210195064545, 0.8208572864532471, 0.13164421916007996, 0.4677006006240845, 0.0, 0.0], "yolo_confidence": [0.0, 0.0, 0.0, 0.0, 0.0, 0.0, 0.0, 0.0, 0.0, 0.0]}