{"pixel_L2": [24881.72265625, 18107.28125, 30997.181640625, 25344.0234375, 47452.421875, 21576.556640625, 30445.564453125, 31069.689453125, 20783.865234375, 24138.3984375], "pixel_cosine": [0.7038030028343201, 0.7400386929512024, 0.6414229273796082, 0.7159627676010132, 0.6382609605789185, 0.6828845739364624, 0.6340272426605225, 0.7051306962966919, 0.6910988688468933, 0.6748600006103516], "low_L2": [371.023193359375, 361.1375427246094, 465.5121765136719, 433.1119079589844, 631.9459838867188, 430.3762512207031, 544.6395874023438, 475.476806640625, 391.3467712402344, 399.2551574707031], "low_cosine": [0.4712396264076233, 0.5076593160629272, 0.4017462134361267, 0.4091634750366211, 0.3724503517150879, 0.41985708475112915, 0.3480131924152374, 0.44915515184402466, 0.44240206480026245, 0.42818453907966614], "mid_L2": [353.82806396484375, 358.2109375, 390.5369567871094, 385.1150207519531, 434.4553527832031, 410.2073669433594, 406.2685852050781, 412.9554443359375, 379.37811279296875, 375.531005859375], "mid_cosine": [0.2887764871120453, 0.2797694206237793, 0.2527633309364319, 0.25114041566848755, 0.3260059654712677, 0.24622666835784912, 0.24601951241493225, 0.29403921961784363, 0.28429508209228516, 0.24538351595401764], "high_L2": [58.030296325683594, 63.82197189331055, 61.78483581542969, 62.66087341308594, 86.57594299316406, 58.293521881103516, 71.45991516113281, 60.2703857421875, 54.7890510559082, 60.58944320678711], "high_cosine": [0.4633467197418213, 0.34997186064720154, 0.46704939007759094, 0.2646310031414032, 0.11776118725538254, 0.5643718838691711, 0.35808998346328735, 0.45343735814094543, 0.5310059785842896, 0.3927649259567261], "clip_cosine": [0.9960289001464844, 0.9959011077880859, 0.9959318041801453, 0.9962623119354248, 0.996147632598877, 0.9958534240722656, 0.9957752823829651, 0.9962520003318787, 0.9965494275093079, 0.9963794946670532], "dino_cosine": [0.9551991820335388, 0.9348183870315552, 0.9278380274772644, 0.9309190511703491, 0.9402554631233215, 0.9382766485214233, 0.9347472786903381, 0.9383360147476196, 0.93865567445755, 0.9504143595695496], "clip_L2": [16.050228118896484, 17.171602249145508, 17.029268264770508, 15.6175537109375, 15.183382034301758, 17.36981201171875, 16.692304611206055, 14.958455085754395, 15.101059913635254, 16.13715934753418], "dino_L2": [16.296463012695312, 19.181020736694336, 19.998645782470703, 17.658599853515625, 17.855445861816406, 18.525360107421875, 17.968276977539062, 17.033308029174805, 18.358497619628906, 16.584827423095703], "rcnn_confidence": [0.0, 0.0, 0.30583956837654114, 0.0, 0.0, 0.12971998751163483, 0.0, 0.0864499881863594, 0.0, 0.09789655357599258], "yolo_confidence": [0.0, 0.0, 0.0, 0.0, 0.0, 0.0, 0.0, 0.0, 0.0, 0.0]}