{"pixel_L2": [13917.865234375, 13917.865234375, 13917.865234375, 13917.865234375, 13917.865234375, 13917.865234375, 13917.865234375, 13917.865234375, 13917.865234375, 13917.865234375], "pixel_cosine": [0.0, 0.0, 0.0, 0.0, 0.0, 0.0, 0.0, 0.0, 0.0, 0.0], "low_L2": [192.62583923339844, 192.62583923339844, 192.62583923339844, 192.62583923339844, 192.62583923339844, 192.62583923339844, 192.62583923339844, 192.62583923339844, 192.62583923339844, 192.62583923339844], "low_cosine": [0.6120721101760864, 0.6120721101760864, 0.6120721101760864, 0.6120721101760864, 0.6120721101760864, 0.6120721101760864, 0.6120721101760864, 0.6120721101760864, 0.6120721101760864, 0.6120721101760864], "mid_L2": [190.57586669921875, 190.57586669921875, 190.57586669921875, 190.57586669921875, 190.57586669921875, 190.57586669921875, 190.57586669921875, 190.57586669921875, 190.57586669921875, 190.57586669921875], "mid_cosine": [0.3375508487224579, 0.3375508487224579, 0.3375508487224579, 0.3375508487224579, 0.3375508487224579, 0.3375508487224579, 0.3375508487224579, 0.3375508487224579, 0.3375508487224579, 0.3375508487224579], "high_L2": [56.83464431762695, 56.83464431762695, 56.83464431762695, 56.83464431762695, 56.83464431762695, 56.83464431762695, 56.83464431762695, 56.83464431762695, 56.83464431762695, 56.83464431762695], "high_cosine": [0.24294811487197876, 0.24294811487197876, 0.24294811487197876, 0.24294811487197876, 0.24294811487197876, 0.24294811487197876, 0.24294811487197876, 0.24294811487197876, 0.24294811487197876, 0.24294811487197876], "clip_cosine": [0.9973698854446411, 0.9973698854446411, 0.9973698854446411, 0.9973698854446411, 0.9973698854446411, 0.9973698854446411, 0.9973698854446411, 0.9973698854446411, 0.9973698854446411, 0.9973698854446411], "dino_cosine": [0.9365450739860535, 0.9365450739860535, 0.9365450739860535, 0.9365450739860535, 0.9365450739860535, 0.9365450739860535, 0.9365450739860535, 0.9365450739860535, 0.9365450739860535, 0.9365450739860535], "clip_L2": [18.627609252929688, 18.627609252929688, 18.627609252929688, 18.627609252929688, 18.627609252929688, 18.627609252929688, 18.627609252929688, 18.627609252929688, 18.627609252929688, 18.627609252929688], "dino_L2": [21.572114944458008, 21.572114944458008, 21.572114944458008, 21.572114944458008, 21.572114944458008, 21.572114944458008, 21.572114944458008, 21.572114944458008, 21.572114944458008, 21.572114944458008], "rcnn_confidence": [0.0, 0.0, 0.0, 0.0, 0.0, 0.0, 0.0, 0.0, 0.0, 0.0], "yolo_confidence": [0.0, 0.0, 0.0, 0.0, 0.0, 0.0, 0.0, 0.0, 0.0, 0.0]}