{"pixel_L2": [26876.248046875, 26845.142578125, 26876.958984375, 26878.701171875, 26740.015625, 26824.71484375, 26882.2109375, 27043.189453125, 26979.79296875, 26775.654296875], "pixel_cosine": [0.861907422542572, 0.8628708720207214, 0.86320561170578, 0.8618255853652954, 0.8628028631210327, 0.8622913360595703, 0.863315224647522, 0.8626406788825989, 0.8633116483688354, 0.8623560667037964], "low_L2": [334.6082458496094, 334.1460266113281, 334.0863952636719, 334.713134765625, 333.7372131347656, 334.0914001464844, 333.823974609375, 335.22216796875, 334.0645751953125, 333.5869140625], "low_cosine": [0.6139423847198486, 0.6153408288955688, 0.6156448125839233, 0.6138507127761841, 0.615458607673645, 0.6141471862792969, 0.6163874864578247, 0.6146606206893921, 0.6153180599212646, 0.6145341396331787], "mid_L2": [213.9141387939453, 214.3221893310547, 214.70050048828125, 213.25782775878906, 213.749267578125, 214.3381805419922, 213.58958435058594, 213.8944549560547, 214.21875, 213.3871612548828], "mid_cosine": [0.6993008852005005, 0.6978765726089478, 0.6974022388458252, 0.7001398205757141, 0.6992230415344238, 0.6975936889648438, 0.6999090909957886, 0.6991857886314392, 0.6981617212295532, 0.6997830271720886], "high_L2": [69.18165588378906, 68.8293685913086, 69.45359802246094, 69.37908172607422, 68.7295150756836, 69.68458557128906, 69.45710754394531, 69.101318359375, 69.07730865478516, 69.3483657836914], "high_cosine": [0.47842836380004883, 0.48240721225738525, 0.4758531153202057, 0.4790337383747101, 0.48633837699890137, 0.4734134078025818, 0.4751211106777191, 0.48196539282798767, 0.48222610354423523, 0.47626566886901855], "clip_cosine": [0.9975359439849854, 0.9968353509902954, 0.996772289276123, 0.9976063966751099, 0.9976670742034912, 0.996524453163147, 0.9972373247146606, 0.9970491528511047, 0.9966695308685303, 0.9971502423286438], "dino_cosine": [0.960985004901886, 0.9616575241088867, 0.9610480070114136, 0.9610459208488464, 0.9596917629241943, 0.9591115713119507, 0.9605826735496521, 0.9595566391944885, 0.9589172005653381, 0.9574081301689148], "clip_L2": [14.316488265991211, 15.123270034790039, 15.21827220916748, 14.059661865234375, 14.058486938476562, 15.088059425354004, 14.708584785461426, 14.92949390411377, 15.134014129638672, 14.842402458190918], "dino_L2": [14.985799789428711, 14.812606811523438, 15.01468276977539, 15.01059627532959, 15.270731925964355, 15.429128646850586, 15.0989351272583, 15.340015411376953, 15.567007064819336, 15.86613941192627], "rcnn_confidence": [0.0, 0.0, 0.0, 0.0, 0.0, 0.0, 0.0, 0.0, 0.0, 0.0], "yolo_confidence": [0.0, 0.0, 0.0, 0.0, 0.0, 0.0, 0.0, 0.0, 0.0, 0.0]}