{"pixel_L2": [43559.53515625, 43976.1171875, 43885.56640625, 44049.109375, 44092.7421875, 44038.83203125, 44486.3125, 44264.1875, 44388.21484375, 43808.21484375], "pixel_cosine": [0.6364641189575195, 0.6332212686538696, 0.6302253603935242, 0.6327081322669983, 0.6294708251953125, 0.6307942867279053, 0.6285259127616882, 0.6312901973724365, 0.6264115571975708, 0.6331163048744202], "low_L2": [361.7887878417969, 368.974853515625, 366.7643127441406, 367.5673828125, 364.3864440917969, 364.83880615234375, 366.17913818359375, 367.964111328125, 368.6662902832031, 364.6336669921875], "low_cosine": [0.324556827545166, 0.32103675603866577, 0.31908926367759705, 0.32592061161994934, 0.317596971988678, 0.3178890347480774, 0.31833842396736145, 0.32062312960624695, 0.31002524495124817, 0.3300033211708069], "mid_L2": [278.04510498046875, 285.5170593261719, 284.6210021972656, 285.3558349609375, 281.17449951171875, 281.98846435546875, 280.5733642578125, 280.8666687011719, 282.8096008300781, 283.278564453125], "mid_cosine": [0.22111110389232635, 0.2137954831123352, 0.21876874566078186, 0.21129228174686432, 0.2211267203092575, 0.21467509865760803, 0.21955780684947968, 0.22622323036193848, 0.22005826234817505, 0.21584442257881165], "high_L2": [60.82164001464844, 61.052391052246094, 62.33161926269531, 62.81708526611328, 61.8058967590332, 61.5041389465332, 61.21860122680664, 63.45578384399414, 62.69689178466797, 63.67555618286133], "high_cosine": [0.3552085757255554, 0.3436218798160553, 0.33765608072280884, 0.30732497572898865, 0.33584246039390564, 0.33879733085632324, 0.3293365240097046, 0.2972796559333801, 0.3413734436035156, 0.3200068473815918], "clip_cosine": [0.9988301992416382, 0.9986995458602905, 0.9989356994628906, 0.9990236759185791, 0.9984182715415955, 0.9983515739440918, 0.9986453056335449, 0.9985265731811523, 0.998746395111084, 0.9980783462524414], "dino_cosine": [0.9342758059501648, 0.9415090680122375, 0.9370566010475159, 0.937037467956543, 0.9332170486450195, 0.9276975393295288, 0.9351076483726501, 0.925166666507721, 0.9356238842010498, 0.9303157925605774], "clip_L2": [12.842728614807129, 13.441571235656738, 12.454222679138184, 12.401524543762207, 14.350191116333008, 14.397764205932617, 13.454473495483398, 13.884902000427246, 13.173123359680176, 14.974676132202148], "dino_L2": [16.98711585998535, 17.38657569885254, 17.246009826660156, 17.61484718322754, 16.77687644958496, 17.27869415283203, 18.06148338317871, 17.49530029296875, 17.16437530517578, 17.56296157836914], "rcnn_confidence": [0.0, 0.0, 0.0, 0.0, 0.0, 0.0, 0.0, 0.0, 0.0, 0.0], "yolo_confidence": [0.0, 0.0, 0.0, 0.0, 0.0, 0.0, 0.0, 0.0, 0.0, 0.0]}