{"pixel_L2": [11147.90234375, 11147.90234375, 11147.90234375, 11147.90234375, 11147.90234375, 11147.90234375, 11147.90234375, 11147.90234375, 11147.90234375, 11147.90234375], "pixel_cosine": [0.0, 0.0, 0.0, 0.0, 0.0, 0.0, 0.0, 0.0, 0.0, 0.0], "low_L2": [181.58824157714844, 181.58824157714844, 181.58824157714844, 181.58824157714844, 181.58824157714844, 181.58824157714844, 181.58824157714844, 181.58824157714844, 181.58824157714844, 181.58824157714844], "low_cosine": [0.6236986517906189, 0.6236986517906189, 0.6236986517906189, 0.6236986517906189, 0.6236986517906189, 0.6236986517906189, 0.6236986517906189, 0.6236986517906189, 0.6236986517906189, 0.6236986517906189], "mid_L2": [229.9705047607422, 229.9705047607422, 229.9705047607422, 229.9705047607422, 229.9705047607422, 229.9705047607422, 229.9705047607422, 229.9705047607422, 229.9705047607422, 229.9705047607422], "mid_cosine": [0.2985503673553467, 0.2985503673553467, 0.2985503673553467, 0.2985503673553467, 0.2985503673553467, 0.2985503673553467, 0.2985503673553467, 0.2985503673553467, 0.2985503673553467, 0.2985503673553467], "high_L2": [66.10400390625, 66.10400390625, 66.10400390625, 66.10400390625, 66.10400390625, 66.10400390625, 66.10400390625, 66.10400390625, 66.10400390625, 66.10400390625], "high_cosine": [0.13109198212623596, 0.13109198212623596, 0.13109198212623596, 0.13109198212623596, 0.13109198212623596, 0.13109198212623596, 0.13109198212623596, 0.13109198212623596, 0.13109198212623596, 0.13109198212623596], "clip_cosine": [0.9985409379005432, 0.9985409379005432, 0.9985409379005432, 0.9985409379005432, 0.9985409379005432, 0.9985409379005432, 0.9985409379005432, 0.9985409379005432, 0.9985409379005432, 0.9985409379005432], "dino_cosine": [0.9464888572692871, 0.9464888572692871, 0.9464888572692871, 0.9464888572692871, 0.9464888572692871, 0.9464888572692871, 0.9464888572692871, 0.9464888572692871, 0.9464888572692871, 0.9464888572692871], "clip_L2": [15.387691497802734, 15.387691497802734, 15.387691497802734, 15.387691497802734, 15.387691497802734, 15.387691497802734, 15.387691497802734, 15.387691497802734, 15.387691497802734, 15.387691497802734], "dino_L2": [22.640480041503906, 22.640480041503906, 22.640480041503906, 22.640480041503906, 22.640480041503906, 22.640480041503906, 22.640480041503906, 22.640480041503906, 22.640480041503906, 22.640480041503906], "rcnn_confidence": [0.0, 0.0, 0.0, 0.0, 0.0, 0.0, 0.0, 0.0, 0.0, 0.0], "yolo_confidence": [0.0, 0.0, 0.0, 0.0, 0.0, 0.0, 0.0, 0.0, 0.0, 0.0]}