{"pixel_L2": [29001.703125, 28321.873046875, 28340.5859375, 29691.5625, 30510.51953125, 36222.53515625, 30047.69921875, 34376.76953125, 36079.8828125, 35165.61328125], "pixel_cosine": [0.8300067782402039, 0.8260805606842041, 0.8303381204605103, 0.9109286069869995, 0.8436843752861023, 0.8469191193580627, 0.8747502565383911, 0.8324032425880432, 0.8224219679832458, 0.7393048405647278], "low_L2": [345.42596435546875, 365.6714172363281, 381.6951904296875, 387.3768615722656, 316.48333740234375, 375.04736328125, 387.96728515625, 325.991943359375, 363.2183532714844, 350.2109680175781], "low_cosine": [0.39499881863594055, 0.4014897346496582, 0.3899613618850708, 0.3993327021598816, 0.44549959897994995, 0.3610900640487671, 0.4281945824623108, 0.43140947818756104, 0.3736914396286011, 0.34440314769744873], "mid_L2": [250.7177276611328, 285.1061096191406, 310.2254638671875, 296.3441467285156, 252.18096923828125, 300.4851379394531, 328.7373046875, 260.6945495605469, 292.1924743652344, 253.02305603027344], "mid_cosine": [0.3519822955131531, 0.3267419934272766, 0.3267207741737366, 0.3311249017715454, 0.3648298978805542, 0.2975758910179138, 0.2824666500091553, 0.31701475381851196, 0.3006252646446228, 0.34573590755462646], "high_L2": [65.16421508789062, 69.3331298828125, 75.46078491210938, 71.11038970947266, 59.577693939208984, 76.30907440185547, 78.51512908935547, 69.17527770996094, 76.01795959472656, 63.022056579589844], "high_cosine": [0.3490973711013794, 0.4074452519416809, 0.25468844175338745, 0.3129052519798279, 0.537407636642456, 0.2262486070394516, 0.25403347611427307, 0.31663742661476135, 0.2459016740322113, 0.40724167227745056], "clip_cosine": [0.9990190267562866, 0.9986317157745361, 0.9973349571228027, 0.9985430836677551, 0.9990516304969788, 0.9981881380081177, 0.9989688396453857, 0.9979327917098999, 0.9987655282020569, 0.9990727305412292], "dino_cosine": [0.946174144744873, 0.94817054271698, 0.9327736496925354, 0.9351487755775452, 0.9543565511703491, 0.9321779012680054, 0.9256592392921448, 0.9389607906341553, 0.946516752243042, 0.9411165714263916], "clip_L2": [12.460372924804688, 12.94123363494873, 15.691181182861328, 13.37386417388916, 11.031005859375, 13.73061466217041, 11.674699783325195, 14.608458518981934, 12.401805877685547, 11.305154800415039], "dino_L2": [17.374874114990234, 18.33126449584961, 18.651723861694336, 18.462432861328125, 18.220226287841797, 19.258180618286133, 19.832942962646484, 19.256837844848633, 19.12188148498535, 18.504945755004883], "rcnn_confidence": [0.0, 0.0, 0.0, 0.20151521265506744, 0.0, 0.0, 0.0, 0.0, 0.0, 0.0], "yolo_confidence": [0.0, 0.0, 0.0, 0.0, 0.0, 0.0, 0.0, 0.0, 0.0, 0.0]}