{"pixel_L2": [18073.857421875, 18548.904296875, 17979.734375, 18952.693359375, 18651.30859375, 18854.734375, 17908.400390625, 18464.19921875, 18584.697265625, 18883.33203125], "pixel_cosine": [0.8077378869056702, 0.7989326119422913, 0.8187573552131653, 0.7866383790969849, 0.7900605201721191, 0.7976184487342834, 0.8189806342124939, 0.8180209994316101, 0.8063897490501404, 0.7830207347869873], "low_L2": [249.73622131347656, 256.2348327636719, 248.5428466796875, 272.1136779785156, 245.95455932617188, 261.8231201171875, 252.68284606933594, 261.9988098144531, 258.3516540527344, 250.3306884765625], "low_cosine": [0.4596714377403259, 0.44023990631103516, 0.4987800717353821, 0.4231683015823364, 0.4593435525894165, 0.43420588970184326, 0.46486884355545044, 0.46283942461013794, 0.46057701110839844, 0.44537100195884705], "mid_L2": [240.54617309570312, 238.759033203125, 231.84239196777344, 230.63217163085938, 238.46517944335938, 240.3183135986328, 243.0942840576172, 240.3220672607422, 236.52838134765625, 231.8275604248047], "mid_cosine": [0.26061567664146423, 0.2837833762168884, 0.3008260726928711, 0.27538496255874634, 0.2616145610809326, 0.25690603256225586, 0.27080145478248596, 0.27299147844314575, 0.2878405451774597, 0.27269095182418823], "high_L2": [54.379154205322266, 51.16948318481445, 52.369651794433594, 52.77622985839844, 60.498756408691406, 58.26200485229492, 54.621761322021484, 54.72321319580078, 54.8926887512207, 55.04005813598633], "high_cosine": [0.36539265513420105, 0.3848794400691986, 0.38799941539764404, 0.3869907557964325, 0.2966846227645874, 0.3470792770385742, 0.3323136568069458, 0.38595157861709595, 0.34880363941192627, 0.33161860704421997], "clip_cosine": [0.9976993799209595, 0.9976809024810791, 0.9975887537002563, 0.9981663823127747, 0.9970938563346863, 0.9975047707557678, 0.9975336194038391, 0.9974055290222168, 0.9971404075622559, 0.9978138208389282], "dino_cosine": [0.9392210841178894, 0.9439546465873718, 0.932796061038971, 0.9434027075767517, 0.9432018995285034, 0.9420978426933289, 0.9336739778518677, 0.9413837194442749, 0.9410777688026428, 0.9437901973724365], "clip_L2": [15.401432991027832, 15.103828430175781, 15.469974517822266, 13.59694766998291, 17.175350189208984, 15.828482627868652, 16.045787811279297, 16.433252334594727, 17.311105728149414, 15.064881324768066], "dino_L2": [19.19835662841797, 17.08591651916504, 18.866289138793945, 18.26369857788086, 17.835506439208984, 18.276662826538086, 18.648155212402344, 18.429122924804688, 18.646936416625977, 17.143268585205078], "rcnn_confidence": [0.37142759561538696, 0.10456293076276779, 0.12845177948474884, 0.0, 0.24123136699199677, 0.2715209722518921, 0.0, 0.0, 0.0, 0.0], "yolo_confidence": [0.0, 0.0, 0.0, 0.0, 0.0, 0.0, 0.0, 0.0, 0.0, 0.0]}