{"pixel_L2": [31807.66015625, 31791.537109375, 31789.111328125, 31620.435546875, 31765.984375, 31758.53125, 31683.92578125, 31442.724609375, 31729.912109375, 31773.677734375], "pixel_cosine": [0.837205708026886, 0.8385928869247437, 0.8387042284011841, 0.8397909998893738, 0.8391587138175964, 0.841776967048645, 0.8395159840583801, 0.8414761424064636, 0.8396231532096863, 0.8378889560699463], "low_L2": [325.7869873046875, 325.7414855957031, 325.9075927734375, 325.79864501953125, 325.7709655761719, 325.8397521972656, 325.6595458984375, 325.2596130371094, 325.6446838378906, 325.9559631347656], "low_cosine": [0.30818185210227966, 0.3084712028503418, 0.3071770668029785, 0.307120680809021, 0.30795353651046753, 0.3076118230819702, 0.3082318902015686, 0.30991172790527344, 0.308596670627594, 0.3066892623901367], "mid_L2": [328.741943359375, 328.9356384277344, 329.3738708496094, 328.88055419921875, 329.10968017578125, 328.8424377441406, 329.1077880859375, 328.8385009765625, 328.9349365234375, 328.981689453125], "mid_cosine": [0.23168957233428955, 0.23003169894218445, 0.22530341148376465, 0.23013058304786682, 0.2282785177230835, 0.2306891679763794, 0.22774000465869904, 0.2308424562215805, 0.2292686402797699, 0.22933688759803772], "high_L2": [65.96707916259766, 65.93974304199219, 66.23855590820312, 65.9952392578125, 66.06262969970703, 66.24789428710938, 66.0995864868164, 65.92768859863281, 66.10419464111328, 66.22254943847656], "high_cosine": [0.09846232831478119, 0.09981950372457504, 0.0879226103425026, 0.10450579226016998, 0.10163724422454834, 0.09290558099746704, 0.09737204760313034, 0.10314273089170456, 0.09711217880249023, 0.09774481505155563], "clip_cosine": [0.9986284375190735, 0.9986803531646729, 0.9987221956253052, 0.998685359954834, 0.9986789226531982, 0.9987049102783203, 0.9986567497253418, 0.998623251914978, 0.9987086653709412, 0.9986732006072998], "dino_cosine": [0.9577924609184265, 0.9593557119369507, 0.9580211639404297, 0.9561010599136353, 0.9588340520858765, 0.9576574563980103, 0.9578701257705688, 0.9586081504821777, 0.958785355091095, 0.9590653777122498], "clip_L2": [14.97123908996582, 14.645890235900879, 14.390607833862305, 14.597966194152832, 14.889638900756836, 14.368192672729492, 14.630488395690918, 14.81184196472168, 14.41838550567627, 14.521254539489746], "dino_L2": [17.408401489257812, 17.222396850585938, 17.519390106201172, 17.421810150146484, 17.149503707885742, 17.620437622070312, 17.40703773498535, 17.289310455322266, 17.32616424560547, 17.139568328857422], "rcnn_confidence": [0.0, 0.0, 0.0, 0.0, 0.0, 0.0, 0.0, 0.0, 0.0, 0.0], "yolo_confidence": [0.0, 0.0, 0.0, 0.0, 0.0, 0.0, 0.0, 0.0, 0.0, 0.0]}