{"pixel_L2": [26872.693359375, 25130.109375, 26336.77734375, 25328.31640625, 24089.30078125, 24464.302734375, 23962.23046875, 34612.46875, 24503.294921875, 27536.7734375], "pixel_cosine": [0.7116006016731262, 0.7120160460472107, 0.67125004529953, 0.7045614123344421, 0.7515026926994324, 0.7300938367843628, 0.7371739745140076, 0.6793497800827026, 0.7223302721977234, 0.6610022783279419], "low_L2": [345.263916015625, 427.3558349609375, 367.6582946777344, 391.6866760253906, 352.78143310546875, 394.75360107421875, 386.6881103515625, 406.186279296875, 404.517578125, 366.5475769042969], "low_cosine": [0.32648247480392456, 0.3629847764968872, 0.29182887077331543, 0.3145238757133484, 0.321144700050354, 0.32191377878189087, 0.3169165849685669, 0.28074395656585693, 0.34017351269721985, 0.30388137698173523], "mid_L2": [289.84686279296875, 332.4644470214844, 305.0779724121094, 327.88629150390625, 336.1393127441406, 350.4842834472656, 337.4068298339844, 344.0892333984375, 346.2483215332031, 310.6285705566406], "mid_cosine": [0.23048895597457886, 0.19984498620033264, 0.21729038655757904, 0.19262062013149261, 0.165735125541687, 0.1801455020904541, 0.19188815355300903, 0.19162163138389587, 0.16700604557991028, 0.20957526564598083], "high_L2": [52.442230224609375, 47.43146896362305, 44.91893768310547, 52.35509490966797, 63.19926834106445, 55.13861083984375, 53.296165466308594, 56.04957962036133, 51.11137008666992, 53.939754486083984], "high_cosine": [0.317940890789032, 0.44092461466789246, 0.4893091320991516, 0.285929799079895, 0.15872883796691895, 0.27495077252388, 0.27270951867103577, 0.3020818531513214, 0.25402069091796875, 0.3051452338695526], "clip_cosine": [0.9978106617927551, 0.9980918169021606, 0.9988061189651489, 0.9981590509414673, 0.9982823133468628, 0.9982647895812988, 0.9982831478118896, 0.9977307319641113, 0.9984702467918396, 0.9985483884811401], "dino_cosine": [0.9356569647789001, 0.9548722505569458, 0.9581646919250488, 0.9460553526878357, 0.9532084465026855, 0.9576109051704407, 0.9463642239570618, 0.9459730982780457, 0.9614704251289368, 0.9389865398406982], "clip_L2": [15.762266159057617, 14.79562759399414, 12.696466445922852, 15.163985252380371, 14.017838478088379, 14.248306274414062, 15.018905639648438, 15.730982780456543, 13.884490966796875, 13.820456504821777], "dino_L2": [17.55439567565918, 15.839556694030762, 14.224006652832031, 16.677322387695312, 15.88166618347168, 14.968520164489746, 16.216899871826172, 16.48644256591797, 13.867039680480957, 16.746227264404297], "rcnn_confidence": [0.5864291191101074, 0.26868146657943726, 0.15987572073936462, 0.2914986312389374, 0.26243218779563904, 0.05063891410827637, 0.38940998911857605, 0.7371916770935059, 0.0, 0.15006591379642487], "yolo_confidence": [0.0, 0.0, 0.0, 0.0, 0.5957445502281189, 0.0, 0.594406008720398, 0.2884747385978699, 0.0, 0.0]}