{"pixel_L2": [41770.1875, 41552.4140625, 41682.85546875, 41582.5390625, 41618.109375, 41624.27734375, 41571.91796875, 41364.69921875, 41566.109375, 41658.08984375], "pixel_cosine": [0.7729315757751465, 0.7796533107757568, 0.7763480544090271, 0.777843713760376, 0.7746524810791016, 0.7775724530220032, 0.7747515439987183, 0.7829134464263916, 0.7749863862991333, 0.7744507193565369], "low_L2": [383.1868591308594, 384.08135986328125, 383.38580322265625, 381.16015625, 384.19500732421875, 384.1094665527344, 383.3695068359375, 381.8255615234375, 383.55950927734375, 383.4935302734375], "low_cosine": [0.5350282788276672, 0.5331124067306519, 0.5346656441688538, 0.5418206453323364, 0.5323503017425537, 0.5329841375350952, 0.5361766219139099, 0.5407522916793823, 0.534870982170105, 0.534521222114563], "mid_L2": [310.7541198730469, 311.23236083984375, 311.3761291503906, 310.6901550292969, 312.45025634765625, 311.0502624511719, 310.1145935058594, 310.0613098144531, 308.5513610839844, 309.9068298339844], "mid_cosine": [0.42081189155578613, 0.4231163263320923, 0.42132821679115295, 0.4257766008377075, 0.41620761156082153, 0.42390283942222595, 0.4289698898792267, 0.4265046715736389, 0.43280017375946045, 0.4260711073875427], "high_L2": [74.5111312866211, 74.92119598388672, 74.80655670166016, 75.10177612304688, 74.1977310180664, 75.0556869506836, 74.75659942626953, 75.26736450195312, 74.16580200195312, 73.88682556152344], "high_cosine": [0.2668064534664154, 0.2592812478542328, 0.26598119735717773, 0.2591368854045868, 0.2710428535938263, 0.2644045352935791, 0.2652762830257416, 0.25422775745391846, 0.27863621711730957, 0.26795607805252075], "clip_cosine": [0.9983952045440674, 0.9983687996864319, 0.9984028339385986, 0.9983667731285095, 0.9983518123626709, 0.9983228445053101, 0.9984394311904907, 0.9983772039413452, 0.9983182549476624, 0.9983412027359009], "dino_cosine": [0.9544272422790527, 0.9550662636756897, 0.9542495608329773, 0.9500041604042053, 0.9546579718589783, 0.9534944891929626, 0.9523781538009644, 0.9541364312171936, 0.9540882706642151, 0.9543230533599854], "clip_L2": [14.853562355041504, 14.84398365020752, 14.780339241027832, 14.90277099609375, 15.02302074432373, 15.035722732543945, 14.863554000854492, 14.945441246032715, 14.917025566101074, 15.05484390258789], "dino_L2": [17.5025691986084, 17.425500869750977, 17.534622192382812, 17.81087875366211, 17.527803421020508, 17.545761108398438, 17.744964599609375, 17.445505142211914, 17.559547424316406, 17.40230369567871], "rcnn_confidence": [0.0, 0.0, 0.0, 0.0, 0.0, 0.0, 0.0, 0.0, 0.0, 0.0], "yolo_confidence": [0.0, 0.0, 0.0, 0.0, 0.0, 0.0, 0.0, 0.0, 0.0, 0.0]}