{"pixel_L2": [25792.966796875, 23723.1640625, 24056.12109375, 21175.87109375, 29222.6484375, 16542.4765625, 17431.310546875, 23391.595703125, 23468.921875, 27181.681640625], "pixel_cosine": [0.8918686509132385, 0.9080145955085754, 0.9049197435379028, 0.9270042181015015, 0.855648934841156, 0.9560630321502686, 0.9510737061500549, 0.910240113735199, 0.9112405776977539, 0.879555344581604], "low_L2": [310.59320068359375, 375.9739990234375, 367.6303405761719, 334.4352111816406, 372.9366760253906, 306.81695556640625, 308.91339111328125, 311.9513854980469, 390.0956726074219, 359.69659423828125], "low_cosine": [0.3950134515762329, 0.3388937711715698, 0.37059271335601807, 0.38498303294181824, 0.3493565320968628, 0.4031238555908203, 0.401946097612381, 0.39365720748901367, 0.3845190703868866, 0.3526027798652649], "mid_L2": [313.5942077636719, 402.44427490234375, 357.09332275390625, 327.8487854003906, 352.454833984375, 310.7047424316406, 314.7224426269531, 318.34381103515625, 362.2895812988281, 332.48687744140625], "mid_cosine": [0.2817482352256775, 0.1962430775165558, 0.23139949142932892, 0.2846641540527344, 0.24968382716178894, 0.29203158617019653, 0.29054415225982666, 0.2695079445838928, 0.25150322914123535, 0.26577305793762207], "high_L2": [59.18166732788086, 65.11418914794922, 62.43140411376953, 64.06726837158203, 62.327308654785156, 61.379981994628906, 61.732364654541016, 60.88518524169922, 68.51622009277344, 62.30989074707031], "high_cosine": [0.19271767139434814, 0.2084377110004425, 0.26538005471229553, 0.22171171009540558, 0.20939424633979797, 0.19670504331588745, 0.17043514549732208, 0.1753469705581665, 0.2475866973400116, 0.14988048374652863], "clip_cosine": [0.9987850189208984, 0.9978883266448975, 0.9985519647598267, 0.9987176060676575, 0.9983572959899902, 0.998709499835968, 0.9986797571182251, 0.9985611438751221, 0.9983970522880554, 0.9984001517295837], "dino_cosine": [0.9706287384033203, 0.953973650932312, 0.9549554586410522, 0.9604111909866333, 0.9447769522666931, 0.9710481762886047, 0.9636651277542114, 0.9611422419548035, 0.9364590048789978, 0.9473568201065063], "clip_L2": [13.334283828735352, 15.762280464172363, 13.97878646850586, 13.27700138092041, 14.728765487670898, 13.490202903747559, 13.677385330200195, 13.919116973876953, 13.776086807250977, 14.23910140991211], "dino_L2": [12.367690086364746, 15.586929321289062, 15.370616912841797, 14.466702461242676, 16.64747428894043, 12.530458450317383, 13.991954803466797, 14.520444869995117, 17.6867733001709, 15.292980194091797], "rcnn_confidence": [0.6185854077339172, 0.0, 0.293617844581604, 0.3019288182258606, 0.47214528918266296, 0.0, 0.23012365400791168, 0.45186448097229004, 0.0, 0.9579869508743286], "yolo_confidence": [0.0, 0.0, 0.0, 0.0, 0.0, 0.0, 0.0, 0.0, 0.0, 0.0]}