{"pixel_L2": [24400.513671875, 25629.294921875, 24595.4921875, 24891.599609375, 24880.314453125, 24868.060546875, 25461.689453125, 25170.037109375, 24841.4140625, 25329.978515625], "pixel_cosine": [0.8496890068054199, 0.8568935990333557, 0.8430044054985046, 0.8582770228385925, 0.8425447940826416, 0.8483743071556091, 0.8602745532989502, 0.8459563851356506, 0.8458347320556641, 0.8573528528213501], "low_L2": [365.6535339355469, 368.1851501464844, 364.0131530761719, 367.956298828125, 354.75921630859375, 366.62933349609375, 361.4936828613281, 367.8416442871094, 362.0941467285156, 382.4150695800781], "low_cosine": [0.4704689383506775, 0.48592913150787354, 0.4717767834663391, 0.4797820448875427, 0.4737706184387207, 0.47570353746414185, 0.4932178258895874, 0.47070974111557007, 0.47931236028671265, 0.5066983699798584], "mid_L2": [262.85858154296875, 266.07049560546875, 266.37738037109375, 262.1735534667969, 264.7317810058594, 265.7799072265625, 266.093505859375, 264.5231628417969, 262.34375, 270.4490661621094], "mid_cosine": [0.38037505745887756, 0.38017675280570984, 0.36990952491760254, 0.37659257650375366, 0.37332677841186523, 0.3689559996128082, 0.3833909034729004, 0.3684149980545044, 0.37784793972969055, 0.38122451305389404], "high_L2": [65.3567886352539, 65.22257232666016, 65.06736755371094, 64.80858612060547, 66.48381805419922, 64.95411682128906, 65.75205993652344, 64.05348205566406, 65.74811553955078, 62.85825729370117], "high_cosine": [0.3527457118034363, 0.38219478726387024, 0.35917532444000244, 0.3656195104122162, 0.33647462725639343, 0.34623488783836365, 0.3804203271865845, 0.3685230612754822, 0.36969852447509766, 0.38026300072669983], "clip_cosine": [0.9990110397338867, 0.9990293383598328, 0.9990042448043823, 0.9991534948348999, 0.9989930391311646, 0.999049961566925, 0.9991371035575867, 0.9991199374198914, 0.999061107635498, 0.9990293979644775], "dino_cosine": [0.9352367520332336, 0.9248170852661133, 0.9209194183349609, 0.9231303930282593, 0.9164575338363647, 0.9322643876075745, 0.9380590915679932, 0.9350968599319458, 0.9255198240280151, 0.9370201230049133], "clip_L2": [12.212030410766602, 12.14807415008545, 12.227469444274902, 11.448906898498535, 12.235307693481445, 12.206883430480957, 11.668210983276367, 11.759177207946777, 11.96865177154541, 12.10041618347168], "dino_L2": [19.04054069519043, 20.22953987121582, 19.31270408630371, 19.804548263549805, 20.10169219970703, 18.53890609741211, 19.72399139404297, 19.428882598876953, 19.984121322631836, 18.75054931640625], "rcnn_confidence": [0.0, 0.0, 0.0, 0.0, 0.0, 0.0, 0.0, 0.0, 0.0, 0.0], "yolo_confidence": [0.0, 0.0, 0.0, 0.0, 0.0, 0.0, 0.0, 0.0, 0.0, 0.0]}