{"pixel_L2": [18605.4453125, 18425.984375, 18510.353515625, 17477.611328125, 18656.267578125, 17934.525390625, 17557.220703125, 17944.16796875, 19159.501953125, 18274.36328125], "pixel_cosine": [0.9386613368988037, 0.9423940181732178, 0.9402176141738892, 0.9496231079101562, 0.9385524988174438, 0.947948694229126, 0.9513087868690491, 0.9511241912841797, 0.9359859228134155, 0.9440773725509644], "low_L2": [286.57598876953125, 293.32305908203125, 294.5379638671875, 285.0821838378906, 290.62158203125, 285.5345458984375, 286.217529296875, 285.0908508300781, 303.81640625, 289.80352783203125], "low_cosine": [0.44364526867866516, 0.44299256801605225, 0.4355929493904114, 0.4400080144405365, 0.44588273763656616, 0.45411133766174316, 0.45180368423461914, 0.4445464611053467, 0.42872706055641174, 0.45019304752349854], "mid_L2": [239.88546752929688, 245.89805603027344, 240.42274475097656, 229.84872436523438, 238.82064819335938, 231.35003662109375, 231.90562438964844, 233.10275268554688, 253.95751953125, 238.5990753173828], "mid_cosine": [0.336565226316452, 0.32243287563323975, 0.34580832719802856, 0.36172905564308167, 0.35256481170654297, 0.3743375837802887, 0.3775268495082855, 0.35508185625076294, 0.30759796500205994, 0.35711556673049927], "high_L2": [64.62364196777344, 67.76612854003906, 63.08441162109375, 65.48497009277344, 68.1690444946289, 69.2967529296875, 66.20352935791016, 65.31242370605469, 70.71054077148438, 64.59111022949219], "high_cosine": [0.3985534906387329, 0.3560408353805542, 0.4046185314655304, 0.39566871523857117, 0.35670098662376404, 0.3410429358482361, 0.3671923279762268, 0.3654645085334778, 0.27976828813552856, 0.4039975702762604], "clip_cosine": [0.998412013053894, 0.9982892274856567, 0.9984729290008545, 0.9983187317848206, 0.9982918500900269, 0.9985137581825256, 0.9984564185142517, 0.9985460042953491, 0.9984878897666931, 0.9983037710189819], "dino_cosine": [0.936939537525177, 0.9404990673065186, 0.9470396041870117, 0.9432647228240967, 0.9316611886024475, 0.9334704875946045, 0.940373957157135, 0.9457049369812012, 0.9548107385635376, 0.9331729412078857], "clip_L2": [14.454385757446289, 15.09171199798584, 14.278170585632324, 14.854764938354492, 14.767925262451172, 13.737263679504395, 14.498414993286133, 14.102651596069336, 13.903061866760254, 14.41986083984375], "dino_L2": [18.32761001586914, 18.260963439941406, 17.678726196289062, 18.558048248291016, 18.564363479614258, 18.36205291748047, 17.83790397644043, 16.884780883789062, 17.360130310058594, 18.333370208740234], "rcnn_confidence": [0.0, 0.0, 0.0, 0.0, 0.0, 0.0, 0.0, 0.0, 0.0, 0.0], "yolo_confidence": [0.0, 0.0, 0.0, 0.0, 0.0, 0.0, 0.0, 0.0, 0.0, 0.0]}