{"pixel_L2": [40538.625, 40421.40234375, 40424.8203125, 40569.62890625, 40600.55078125, 40520.3203125, 40372.25390625, 40425.5390625, 40277.6171875, 40701.7421875], "pixel_cosine": [0.4372943341732025, 0.4415019452571869, 0.44246792793273926, 0.43292471766471863, 0.43079331517219543, 0.4362761080265045, 0.44449594616889954, 0.4405040442943573, 0.4496171176433563, 0.42460671067237854], "low_L2": [458.3822326660156, 459.05535888671875, 459.0849914550781, 459.88616943359375, 458.9798583984375, 459.5325012207031, 458.5827331542969, 459.17047119140625, 457.8022155761719, 459.9661560058594], "low_cosine": [0.42323043942451477, 0.42060917615890503, 0.4207874834537506, 0.4192658066749573, 0.4217413663864136, 0.4193183183670044, 0.4232245087623596, 0.42050930857658386, 0.4245105981826782, 0.4186868369579315], "mid_L2": [322.4989013671875, 320.52557373046875, 321.3316345214844, 319.5736389160156, 321.9173583984375, 322.137451171875, 319.8441162109375, 321.62078857421875, 321.0410461425781, 321.51214599609375], "mid_cosine": [0.3419165313243866, 0.34960752725601196, 0.3453054428100586, 0.3552590012550354, 0.34461259841918945, 0.34180328249931335, 0.3531106114387512, 0.34419405460357666, 0.3464660346508026, 0.3442379832267761], "high_L2": [69.30670928955078, 69.0482406616211, 69.87078857421875, 69.21155548095703, 69.04724884033203, 68.64360809326172, 69.19403076171875, 68.88475799560547, 69.73529052734375, 70.0345687866211], "high_cosine": [0.1506488025188446, 0.15174676477909088, 0.13692614436149597, 0.150003582239151, 0.14388689398765564, 0.15211151540279388, 0.15481239557266235, 0.14756649732589722, 0.1382758468389511, 0.1286502182483673], "clip_cosine": [0.9983571767807007, 0.9983623027801514, 0.998333215713501, 0.9983589053153992, 0.998270571231842, 0.9983278512954712, 0.99828040599823, 0.9983556866645813, 0.9983514547348022, 0.9982239603996277], "dino_cosine": [0.9449445605278015, 0.9420084357261658, 0.9459967613220215, 0.9439622163772583, 0.9483737349510193, 0.9442885518074036, 0.9429404735565186, 0.946306586265564, 0.9378597140312195, 0.9440240263938904], "clip_L2": [14.935654640197754, 14.906431198120117, 14.968714714050293, 14.862922668457031, 15.103245735168457, 14.802465438842773, 15.23050594329834, 14.894389152526855, 14.858367919921875, 15.558566093444824], "dino_L2": [18.760723114013672, 19.027769088745117, 18.697437286376953, 18.745014190673828, 18.776973724365234, 18.747087478637695, 18.972204208374023, 18.668590545654297, 19.204891204833984, 19.057443618774414], "rcnn_confidence": [0.0, 0.0, 0.0, 0.0, 0.0, 0.0, 0.0, 0.0, 0.0, 0.0], "yolo_confidence": [0.0, 0.0, 0.0, 0.0, 0.0, 0.0, 0.0, 0.0, 0.0, 0.0]}