{"pixel_L2": [27572.830078125, 27554.453125, 31328.09765625, 30528.744140625, 28483.697265625, 27979.3046875, 28891.533203125, 36853.13671875, 28974.671875, 33137.1875], "pixel_cosine": [0.56493079662323, 0.5451690554618835, 0.5853630304336548, 0.5939558744430542, 0.5656405687332153, 0.565981924533844, 0.574639081954956, 0.6168660521507263, 0.5783165693283081, 0.6127799153327942], "low_L2": [240.55426025390625, 269.67510986328125, 326.3945617675781, 366.1670227050781, 271.75555419921875, 245.20269775390625, 289.1374816894531, 292.1167297363281, 262.2987976074219, 289.875], "low_cosine": [0.6048675179481506, 0.5943058729171753, 0.5632907152175903, 0.5172520875930786, 0.5986972451210022, 0.6037671566009521, 0.5675983428955078, 0.5970582962036133, 0.5892453193664551, 0.5890947580337524], "mid_L2": [235.3616943359375, 262.4066467285156, 264.2887268066406, 274.2078857421875, 250.8774871826172, 236.70726013183594, 252.01759338378906, 254.58119201660156, 241.16497802734375, 263.14056396484375], "mid_cosine": [0.4521426856517792, 0.40525609254837036, 0.4248771667480469, 0.34997251629829407, 0.44617676734924316, 0.4252244234085083, 0.40472912788391113, 0.45794999599456787, 0.4447149634361267, 0.4381359815597534], "high_L2": [42.804161071777344, 54.7969856262207, 49.90635299682617, 59.42766571044922, 46.36334991455078, 47.666542053222656, 52.676151275634766, 45.879981994628906, 43.6809196472168, 47.329647064208984], "high_cosine": [0.5195802450180054, 0.36815860867500305, 0.45390236377716064, 0.2180633842945099, 0.5201910734176636, 0.3907766342163086, 0.3323407769203186, 0.4544229507446289, 0.5171920657157898, 0.4363659918308258], "clip_cosine": [0.9985163807868958, 0.9984093904495239, 0.9985021352767944, 0.99818354845047, 0.9986365437507629, 0.9985233545303345, 0.9983775615692139, 0.9986194372177124, 0.9985969066619873, 0.9983168840408325], "dino_cosine": [0.959460973739624, 0.9531670808792114, 0.9637320637702942, 0.9608070850372314, 0.9549217224121094, 0.9678117036819458, 0.9605032205581665, 0.9543701410293579, 0.964760959148407, 0.9629988670349121], "clip_L2": [13.955806732177734, 14.172937393188477, 13.882006645202637, 15.0355806350708, 13.31481647491455, 14.112330436706543, 14.9099702835083, 13.779231071472168, 13.599900245666504, 14.417386054992676], "dino_L2": [17.295108795166016, 16.987964630126953, 16.04475212097168, 18.4047908782959, 16.903820037841797, 16.591176986694336, 17.20515251159668, 18.095081329345703, 16.438459396362305, 18.167278289794922], "rcnn_confidence": [0.0, 0.0, 0.0, 0.0, 0.1453823447227478, 0.3129958510398865, 0.0, 0.0, 0.14600704610347748, 0.12237219512462616], "yolo_confidence": [0.0, 0.0, 0.0, 0.0, 0.0, 0.0, 0.0, 0.0, 0.0, 0.0]}