{"pixel_L2": [41396.9609375, 42827.12890625, 41612.90625, 41919.78125, 44740.59375, 42902.09765625, 44442.80078125, 41127.67578125, 42520.19140625, 42019.703125], "pixel_cosine": [0.6784058809280396, 0.7261818647384644, 0.6458197832107544, 0.7257356643676758, 0.651009202003479, 0.7178781628608704, 0.6518670916557312, 0.6841639876365662, 0.6724730730056763, 0.6635850071907043], "low_L2": [464.0275573730469, 518.4845581054688, 453.31622314453125, 421.5669860839844, 462.9760437011719, 433.5227355957031, 455.5541076660156, 491.4550476074219, 616.3392333984375, 454.48443603515625], "low_cosine": [0.6488847732543945, 0.6613900661468506, 0.6336759328842163, 0.7043290138244629, 0.66340571641922, 0.6894807815551758, 0.6725753545761108, 0.6408541202545166, 0.6092151403427124, 0.6664624214172363], "mid_L2": [449.5035400390625, 450.9924011230469, 418.2601318359375, 424.7215881347656, 454.6476135253906, 432.35491943359375, 431.6297302246094, 480.5152282714844, 460.8562316894531, 442.04779052734375], "mid_cosine": [0.36481475830078125, 0.36927634477615356, 0.3943585157394409, 0.435384601354599, 0.38147586584091187, 0.38830500841140747, 0.3997957408428192, 0.35890987515449524, 0.3454217314720154, 0.3750889003276825], "high_L2": [79.22608184814453, 80.18144989013672, 83.26322937011719, 85.46192169189453, 77.9194107055664, 82.49201202392578, 85.07805633544922, 85.94296264648438, 84.54796600341797, 85.05824279785156], "high_cosine": [0.3544880747795105, 0.28266221284866333, 0.30056965351104736, 0.33369189500808716, 0.3991685211658478, 0.33329522609710693, 0.3397131860256195, 0.2712351083755493, 0.23318977653980255, 0.22174382209777832], "clip_cosine": [0.9990778565406799, 0.9988861680030823, 0.9991981983184814, 0.9989118576049805, 0.9989709854125977, 0.9988042116165161, 0.9990928173065186, 0.9987770915031433, 0.998832106590271, 0.9986977577209473], "dino_cosine": [0.9415189027786255, 0.9433497786521912, 0.9256306886672974, 0.9392756223678589, 0.9350660443305969, 0.9297381639480591, 0.9288415312767029, 0.9393938779830933, 0.9372378587722778, 0.9350336790084839], "clip_L2": [11.051162719726562, 12.036775588989258, 10.707624435424805, 12.279715538024902, 12.012702941894531, 12.592241287231445, 11.494036674499512, 12.818309783935547, 12.4928617477417, 13.097907066345215], "dino_L2": [16.65033531188965, 16.81915855407715, 17.90558624267578, 18.055335998535156, 17.607528686523438, 18.873722076416016, 18.543386459350586, 19.067670822143555, 18.397523880004883, 18.159557342529297], "rcnn_confidence": [0.7454301118850708, 0.0, 0.5510842800140381, 0.7269898056983948, 0.5440137386322021, 0.8088119626045227, 0.9559385180473328, 0.16154082119464874, 0.0, 0.15319789946079254], "yolo_confidence": [0.7235186100006104, 0.0, 0.4538567364215851, 0.2873653173446655, 0.0, 0.520601749420166, 0.3093636929988861, 0.29257357120513916, 0.0, 0.0]}