{"pixel_L2": [50550.39453125, 50546.94921875, 50551.30078125, 50542.640625, 50555.1640625, 50546.50390625, 50554.33203125, 50535.23046875, 50545.77734375, 50548.1796875], "pixel_cosine": [0.06382603198289871, 0.0648275837302208, 0.06202099844813347, 0.06401783227920532, 0.06143294647336006, 0.06643027812242508, 0.058382291346788406, 0.06788512319326401, 0.06260862201452255, 0.0635291263461113], "low_L2": [286.29156494140625, 286.26873779296875, 286.168212890625, 286.099365234375, 286.40447998046875, 286.3859558105469, 286.13031005859375, 286.0015563964844, 286.08551025390625, 286.1891174316406], "low_cosine": [0.35620778799057007, 0.3566743731498718, 0.3574028015136719, 0.3586388826370239, 0.3553773760795593, 0.3555889129638672, 0.3580145239830017, 0.35907647013664246, 0.3584933280944824, 0.3572956919670105], "mid_L2": [206.65585327148438, 206.8044891357422, 206.82125854492188, 206.98231506347656, 206.85374450683594, 206.67813110351562, 207.03005981445312, 207.06484985351562, 207.04005432128906, 206.77671813964844], "mid_cosine": [0.3502597510814667, 0.34969383478164673, 0.3502480387687683, 0.35025808215141296, 0.3488592803478241, 0.3498116135597229, 0.34968018531799316, 0.3493879437446594, 0.3496626615524292, 0.35030484199523926], "high_L2": [65.57254028320312, 65.63034057617188, 65.57380676269531, 65.62364959716797, 65.47201538085938, 65.64268493652344, 65.78070068359375, 65.61676025390625, 65.74104309082031, 65.72073364257812], "high_cosine": [0.24609017372131348, 0.2448437213897705, 0.2475186288356781, 0.2454800307750702, 0.24901041388511658, 0.24387884140014648, 0.24599574506282806, 0.24565346539020538, 0.24453817307949066, 0.24356921017169952], "clip_cosine": [0.9986073970794678, 0.9985229969024658, 0.998674750328064, 0.9985440373420715, 0.998538613319397, 0.9985787272453308, 0.9985978603363037, 0.998534083366394, 0.9985477924346924, 0.9985822439193726], "dino_cosine": [0.9516202211380005, 0.9545812606811523, 0.9493682980537415, 0.9513856172561646, 0.9505079388618469, 0.9467881917953491, 0.9539343118667603, 0.946733832359314, 0.9491832256317139, 0.9495825171470642], "clip_L2": [15.717058181762695, 15.985459327697754, 15.29613208770752, 15.880475997924805, 15.929535865783691, 15.809839248657227, 15.629874229431152, 16.108789443969727, 15.948126792907715, 15.777145385742188], "dino_L2": [18.2325439453125, 17.974454879760742, 17.918685913085938, 18.07288360595703, 18.367908477783203, 18.152530670166016, 18.393051147460938, 18.60256004333496, 18.533641815185547, 18.42555809020996], "rcnn_confidence": [0.0, 0.0, 0.0, 0.0, 0.0, 0.0, 0.0, 0.0, 0.0, 0.0], "yolo_confidence": [0.0, 0.0, 0.0, 0.0, 0.0, 0.0, 0.0, 0.0, 0.0, 0.0]}