{"pixel_L2": [13022.1904296875, 13065.015625, 13062.76171875, 13025.248046875, 12989.87109375, 13015.1201171875, 13017.54296875, 13096.095703125, 13095.0888671875, 13081.5771484375], "pixel_cosine": [0.49235787987709045, 0.48771774768829346, 0.4878295063972473, 0.4968101382255554, 0.4909307062625885, 0.49094507098197937, 0.49835360050201416, 0.49136123061180115, 0.4885407090187073, 0.48869016766548157], "low_L2": [310.9986572265625, 310.89215087890625, 311.72314453125, 310.9463806152344, 309.4200134277344, 310.5152587890625, 309.6497497558594, 310.91766357421875, 311.0747985839844, 310.6951599121094], "low_cosine": [0.5003913640975952, 0.49949514865875244, 0.4964391589164734, 0.5000072717666626, 0.5045017600059509, 0.5007436275482178, 0.5049668550491333, 0.4996193051338196, 0.4996607303619385, 0.5006814002990723], "mid_L2": [230.79837036132812, 232.9514617919922, 232.0087890625, 233.23544311523438, 233.2052459716797, 230.97442626953125, 232.0684356689453, 235.08868408203125, 232.22804260253906, 232.5067138671875], "mid_cosine": [0.3085140585899353, 0.3017318844795227, 0.305902898311615, 0.3021317720413208, 0.30297401547431946, 0.3075520396232605, 0.3091247081756592, 0.3011581003665924, 0.3051147758960724, 0.30524808168411255], "high_L2": [51.446250915527344, 51.52538299560547, 51.90718078613281, 51.85699462890625, 51.850975036621094, 51.98979187011719, 52.00716018676758, 51.806175231933594, 51.61763000488281, 52.525787353515625], "high_cosine": [0.3452799618244171, 0.35702699422836304, 0.339733362197876, 0.351703941822052, 0.3239033818244934, 0.34424394369125366, 0.33452165126800537, 0.3600814640522003, 0.3333745002746582, 0.33628255128860474], "clip_cosine": [0.998649001121521, 0.9986826181411743, 0.9986215829849243, 0.9987195730209351, 0.9986521005630493, 0.9986628890037537, 0.9986791610717773, 0.9986924529075623, 0.998621940612793, 0.9986193776130676], "dino_cosine": [0.9527466297149658, 0.9498883485794067, 0.9512568712234497, 0.9538692235946655, 0.9525640606880188, 0.9542768597602844, 0.951980710029602, 0.9493257999420166, 0.953015923500061, 0.9556885957717896], "clip_L2": [14.457584381103516, 14.230531692504883, 14.362469673156738, 14.04849910736084, 14.35994815826416, 14.342283248901367, 14.269160270690918, 14.160762786865234, 14.419392585754395, 14.53055477142334], "dino_L2": [17.10967445373535, 17.24988555908203, 17.177654266357422, 16.987485885620117, 17.267541885375977, 16.871850967407227, 17.191062927246094, 17.438232421875, 17.065351486206055, 16.640478134155273], "rcnn_confidence": [0.0, 0.0, 0.0, 0.0, 0.0, 0.0, 0.0, 0.0, 0.0, 0.0], "yolo_confidence": [0.0, 0.0, 0.0, 0.0, 0.0, 0.0, 0.0, 0.0, 0.0, 0.0]}