{"pixel_L2": [19311.578125, 19192.296875, 19133.521484375, 19399.4140625, 19176.27734375, 19268.955078125, 19443.8671875, 19749.943359375, 19270.16796875, 19279.89453125], "pixel_cosine": [0.5168867707252502, 0.5164167881011963, 0.5179805755615234, 0.517632782459259, 0.5199429988861084, 0.5173119306564331, 0.5184472799301147, 0.5176301598548889, 0.5217115879058838, 0.517125129699707], "low_L2": [264.9502258300781, 262.689453125, 261.4273986816406, 262.1334533691406, 261.364501953125, 263.0368957519531, 260.18072509765625, 263.20074462890625, 259.8870544433594, 261.1678161621094], "low_cosine": [0.48652294278144836, 0.4899756908416748, 0.4927951991558075, 0.49052655696868896, 0.4916117489337921, 0.49016180634498596, 0.4926658570766449, 0.48992452025413513, 0.49417901039123535, 0.4934176802635193], "mid_L2": [220.04913330078125, 218.5863800048828, 216.8184051513672, 220.71188354492188, 219.0121612548828, 218.35040283203125, 217.59324645996094, 218.79791259765625, 219.0417938232422, 218.08859252929688], "mid_cosine": [0.4158943295478821, 0.4183083176612854, 0.42125898599624634, 0.41538360714912415, 0.4161463677883148, 0.41966456174850464, 0.4231983423233032, 0.41908958554267883, 0.41822579503059387, 0.41907405853271484], "high_L2": [56.989322662353516, 56.63386917114258, 57.092105865478516, 57.31464385986328, 57.39353942871094, 57.042354583740234, 57.23814010620117, 57.473941802978516, 57.31231689453125, 57.53573989868164], "high_cosine": [0.2885213792324066, 0.2836996912956238, 0.27992746233940125, 0.28897038102149963, 0.28188779950141907, 0.28220224380493164, 0.2820788621902466, 0.2824004888534546, 0.28410598635673523, 0.276738703250885], "clip_cosine": [0.9985283017158508, 0.9985483884811401, 0.9986628293991089, 0.9984424114227295, 0.9986000061035156, 0.9982479810714722, 0.9983214139938354, 0.9986152648925781, 0.9985144138336182, 0.9984198808670044], "dino_cosine": [0.9501728415489197, 0.9582228660583496, 0.9541393518447876, 0.9493944644927979, 0.9582647681236267, 0.9509013891220093, 0.9526985883712769, 0.9516599178314209, 0.9585204124450684, 0.9522454738616943], "clip_L2": [12.933456420898438, 13.168930053710938, 12.515081405639648, 13.130428314208984, 12.659903526306152, 13.482080459594727, 13.376429557800293, 12.554496765136719, 12.860939979553223, 13.228994369506836], "dino_L2": [16.963577270507812, 16.97334861755371, 16.889236450195312, 17.37152862548828, 16.94371223449707, 17.030874252319336, 17.01654052734375, 16.989700317382812, 16.93636131286621, 17.032207489013672], "rcnn_confidence": [0.0, 0.0, 0.0, 0.0, 0.0, 0.0, 0.0, 0.0, 0.0, 0.0], "yolo_confidence": [0.0, 0.0, 0.0, 0.0, 0.0, 0.0, 0.0, 0.0, 0.0, 0.0]}