{"pixel_L2": [52859.75390625, 52836.91796875, 52776.328125, 52687.11328125, 52751.71875, 52886.75, 52700.0078125, 52761.34765625, 52852.1640625, 52723.40234375], "pixel_cosine": [0.38479477167129517, 0.392499715089798, 0.39532366394996643, 0.3977939784526825, 0.3937716782093048, 0.38440990447998047, 0.40629512071609497, 0.39198997616767883, 0.38637083768844604, 0.4005137085914612], "low_L2": [433.6552429199219, 433.2361145019531, 433.4145202636719, 433.2320251464844, 433.3451232910156, 433.5480041503906, 433.0898132324219, 433.3231201171875, 433.4729309082031, 433.25390625], "low_cosine": [0.2711807191371918, 0.27424025535583496, 0.27264702320098877, 0.27313512563705444, 0.2732706665992737, 0.2720105051994324, 0.27467232942581177, 0.27280643582344055, 0.27249854803085327, 0.27347564697265625], "mid_L2": [280.0879211425781, 280.0224609375, 279.9530944824219, 279.9212646484375, 280.0344543457031, 279.9853820800781, 279.8238830566406, 279.88873291015625, 280.3062744140625, 280.1665954589844], "mid_cosine": [0.22016006708145142, 0.22205530107021332, 0.22232769429683685, 0.2215619832277298, 0.22137372195720673, 0.22128833830356598, 0.2238306999206543, 0.2226153463125229, 0.21978482604026794, 0.22011405229568481], "high_L2": [59.28459548950195, 59.56302261352539, 59.27418899536133, 59.240264892578125, 59.214576721191406, 59.265892028808594, 59.39613342285156, 59.227195739746094, 59.403053283691406, 59.241573333740234], "high_cosine": [0.16344642639160156, 0.15571507811546326, 0.16161638498306274, 0.16432517766952515, 0.16503292322158813, 0.1620202511548996, 0.15718615055084229, 0.1669936180114746, 0.1573205590248108, 0.16685634851455688], "clip_cosine": [0.9977307319641113, 0.9977149367332458, 0.9978296756744385, 0.9977863430976868, 0.9976756572723389, 0.9977757930755615, 0.9978243112564087, 0.9977312684059143, 0.9977745413780212, 0.9977406859397888], "dino_cosine": [0.9328171014785767, 0.9332656264305115, 0.9309341907501221, 0.9338635802268982, 0.9305710792541504, 0.926926851272583, 0.9330365657806396, 0.9304293990135193, 0.9323641061782837, 0.9337470531463623], "clip_L2": [17.070070266723633, 16.954532623291016, 16.741647720336914, 16.98511505126953, 16.75018310546875, 16.871980667114258, 16.267305374145508, 16.535280227661133, 16.698572158813477, 17.35803985595703], "dino_L2": [20.54677963256836, 20.050931930541992, 19.959863662719727, 20.456298828125, 20.399553298950195, 20.22800064086914, 19.899646759033203, 20.27373695373535, 20.134761810302734, 19.941904067993164], "rcnn_confidence": [0.0, 0.0, 0.0, 0.0, 0.0, 0.0, 0.0, 0.0, 0.0, 0.0], "yolo_confidence": [0.0, 0.0, 0.0, 0.0, 0.0, 0.0, 0.0, 0.0, 0.0, 0.0]}