{"pixel_L2": [51402.8984375, 51166.1796875, 55076.3984375, 49990.0546875, 52886.96484375, 54446.3515625, 50037.4453125, 49916.64453125, 50717.3515625, 53702.27734375], "pixel_cosine": [0.7396633625030518, 0.7444612979888916, 0.7088369727134705, 0.7527269124984741, 0.721918523311615, 0.7052838802337646, 0.7515217661857605, 0.753578782081604, 0.7454264163970947, 0.7090055346488953], "low_L2": [459.1612243652344, 434.12713623046875, 451.97821044921875, 434.8272399902344, 528.9954833984375, 453.8353271484375, 430.8227844238281, 435.0257568359375, 444.03106689453125, 515.9359741210938], "low_cosine": [0.3176212012767792, 0.31324711441993713, 0.27658843994140625, 0.27591103315353394, 0.29927316308021545, 0.2597164511680603, 0.27026572823524475, 0.25913599133491516, 0.26493316888809204, 0.2846527099609375], "mid_L2": [377.0620422363281, 382.1034851074219, 370.3071594238281, 351.0271301269531, 386.4438171386719, 361.1528015136719, 340.29461669921875, 345.3565979003906, 359.8431701660156, 431.7946472167969], "mid_cosine": [0.18773147463798523, 0.17065560817718506, 0.16312742233276367, 0.19844448566436768, 0.1699361950159073, 0.1717795580625534, 0.20451633632183075, 0.1955808401107788, 0.1801469922065735, 0.14152279496192932], "high_L2": [72.2963638305664, 78.45160675048828, 83.58821105957031, 77.93260955810547, 73.96092224121094, 80.36859893798828, 78.86427307128906, 77.74114990234375, 72.82814025878906, 71.8631591796875], "high_cosine": [0.3312651216983795, 0.2162628173828125, 0.12267787009477615, 0.23366141319274902, 0.35409167408943176, 0.16689996421337128, 0.17051179707050323, 0.2166217565536499, 0.33519411087036133, 0.41542848944664], "clip_cosine": [0.9982301592826843, 0.9983081817626953, 0.998471736907959, 0.9984466433525085, 0.9984725117683411, 0.9984493255615234, 0.9984766840934753, 0.9983174800872803, 0.9989092946052551, 0.9987214803695679], "dino_cosine": [0.9454218149185181, 0.9443336725234985, 0.9296061992645264, 0.94930499792099, 0.9491865634918213, 0.9237309694290161, 0.9494085907936096, 0.95219486951828, 0.9537542462348938, 0.9508827924728394], "clip_L2": [15.546372413635254, 15.667430877685547, 15.197494506835938, 15.446450233459473, 14.346151351928711, 15.097776412963867, 15.32398509979248, 16.050004959106445, 12.83719539642334, 13.244364738464355], "dino_L2": [17.312429428100586, 17.421361923217773, 18.009307861328125, 17.029455184936523, 16.467960357666016, 18.757713317871094, 17.057458877563477, 16.34882354736328, 15.371030807495117, 16.57720184326172], "rcnn_confidence": [0.1763918697834015, 0.9633152484893799, 0.0, 0.8765937089920044, 0.6978590488433838, 0.9426187872886658, 0.10389085859060287, 0.6390875577926636, 0.9323970079421997, 0.683685839176178], "yolo_confidence": [0.0, 0.0, 0.0, 0.30483368039131165, 0.30988413095474243, 0.0, 0.0, 0.0, 0.0, 0.0]}