{"pixel_L2": [28545.8046875, 29681.197265625, 29751.916015625, 28958.578125, 29321.890625, 29175.173828125, 28548.771484375, 28639.408203125, 29649.419921875, 29398.12109375], "pixel_cosine": [0.9117069244384766, 0.8956888914108276, 0.8978379964828491, 0.905672550201416, 0.8990358710289001, 0.8998415470123291, 0.9058077335357666, 0.9046069383621216, 0.897783100605011, 0.8955737352371216], "low_L2": [368.1352844238281, 380.31719970703125, 368.3115539550781, 372.3285217285156, 383.1937561035156, 358.7071228027344, 368.2756042480469, 369.52728271484375, 388.4665222167969, 363.9486999511719], "low_cosine": [0.3692082166671753, 0.36594605445861816, 0.38772645592689514, 0.3497365713119507, 0.3390318751335144, 0.41393452882766724, 0.36985665559768677, 0.36737576127052307, 0.3413980007171631, 0.3946584463119507], "mid_L2": [295.0008544921875, 298.8607177734375, 296.2773132324219, 296.66949462890625, 295.6761169433594, 294.8301696777344, 300.4141540527344, 294.62774658203125, 303.40081787109375, 291.1949768066406], "mid_cosine": [0.3023166060447693, 0.29870373010635376, 0.3043062090873718, 0.29673635959625244, 0.30693548917770386, 0.3225996494293213, 0.28914767503738403, 0.31928128004074097, 0.288748562335968, 0.34051355719566345], "high_L2": [62.671974182128906, 69.45674896240234, 64.49730682373047, 64.34602355957031, 63.48503494262695, 63.64864730834961, 67.01606750488281, 62.6836051940918, 67.51260375976562, 66.26085662841797], "high_cosine": [0.3153113126754761, 0.2514627277851105, 0.32433268427848816, 0.31583142280578613, 0.3187048137187958, 0.3542781472206116, 0.25871899724006653, 0.33468005061149597, 0.2660673260688782, 0.3410149812698364], "clip_cosine": [0.9975020885467529, 0.9977611899375916, 0.9975524544715881, 0.997248113155365, 0.9981180429458618, 0.9976997971534729, 0.9978985786437988, 0.9972972869873047, 0.9973061680793762, 0.9978229999542236], "dino_cosine": [0.938912570476532, 0.9423797130584717, 0.952850878238678, 0.9521102905273438, 0.9490707516670227, 0.9518096446990967, 0.9439607858657837, 0.9469658732414246, 0.9476075172424316, 0.950124204158783], "clip_L2": [14.868207931518555, 13.70612621307373, 14.683690071105957, 14.911993980407715, 13.694483757019043, 14.696592330932617, 14.218666076660156, 15.151082038879395, 15.900123596191406, 14.45441722869873], "dino_L2": [17.621658325195312, 18.80451202392578, 17.087451934814453, 17.572525024414062, 18.15673828125, 17.507179260253906, 18.34163475036621, 18.646787643432617, 17.469329833984375, 17.757976531982422], "rcnn_confidence": [0.0, 0.0, 0.0, 0.0, 0.0, 0.0, 0.0, 0.0, 0.0, 0.0], "yolo_confidence": [0.0, 0.0, 0.0, 0.0, 0.0, 0.0, 0.0, 0.0, 0.0, 0.0]}