{"pixel_L2": [40037.5390625, 36641.22265625, 35716.5703125, 33750.5, 38563.484375, 35051.41015625, 35254.28515625, 40730.3671875, 35773.46875, 36365.66015625], "pixel_cosine": [0.5483992695808411, 0.6037710309028625, 0.6746160387992859, 0.7020400762557983, 0.5339696407318115, 0.6894650459289551, 0.7181131839752197, 0.7153923511505127, 0.5896497964859009, 0.7039473056793213], "low_L2": [713.3961791992188, 813.6323852539062, 679.6431884765625, 677.0756225585938, 699.9054565429688, 673.4962158203125, 674.050048828125, 715.8302001953125, 696.9806518554688, 670.7933349609375], "low_cosine": [0.3907937705516815, 0.39507636427879333, 0.41561129689216614, 0.4695615768432617, 0.40314576029777527, 0.4529690146446228, 0.46032628417015076, 0.36375710368156433, 0.4523457884788513, 0.39465397596359253], "mid_L2": [593.49169921875, 594.65673828125, 558.5089721679688, 609.951904296875, 593.8276977539062, 602.9033813476562, 596.29931640625, 587.0479125976562, 575.2625732421875, 562.7439575195312], "mid_cosine": [0.2588692903518677, 0.22278143465518951, 0.25667086243629456, 0.24923408031463623, 0.18493041396141052, 0.2921638488769531, 0.28873324394226074, 0.23918147385120392, 0.29150789976119995, 0.28092408180236816], "high_L2": [84.25700378417969, 85.0994644165039, 86.67179870605469, 79.29206848144531, 83.5445556640625, 89.55399322509766, 75.35761260986328, 83.4160385131836, 88.6775131225586, 78.63201904296875], "high_cosine": [0.2527354061603546, 0.25161340832710266, 0.23837098479270935, 0.38412630558013916, 0.24541307985782623, 0.19581377506256104, 0.4490552842617035, 0.2772236466407776, 0.23609191179275513, 0.42051446437835693], "clip_cosine": [0.9989248514175415, 0.998357892036438, 0.9990079998970032, 0.9990032911300659, 0.9983342885971069, 0.9987761378288269, 0.9988192319869995, 0.9980130195617676, 0.9986892342567444, 0.9985401034355164], "dino_cosine": [0.956747829914093, 0.9483349323272705, 0.9517167806625366, 0.9568200707435608, 0.9528522491455078, 0.9534658789634705, 0.9594264626502991, 0.9657728672027588, 0.9519475698471069, 0.9631415605545044], "clip_L2": [12.644604682922363, 14.038921356201172, 11.868733406066895, 11.657772064208984, 14.086016654968262, 12.725317001342773, 12.170610427856445, 15.22507381439209, 12.955473899841309, 13.394584655761719], "dino_L2": [14.447551727294922, 14.873284339904785, 14.48003101348877, 14.665430068969727, 14.780138969421387, 15.5106840133667, 14.267448425292969, 14.222954750061035, 15.208009719848633, 14.632694244384766], "rcnn_confidence": [0.10520383715629578, 0.23318906128406525, 0.0, 0.31840261816978455, 0.2236781269311905, 0.22179506719112396, 0.5652614235877991, 0.399883508682251, 0.10694640874862671, 0.6000615358352661], "yolo_confidence": [0.0, 0.0, 0.0, 0.0, 0.0, 0.0, 0.0, 0.0, 0.0, 0.0]}