{"pixel_L2": [56798.43359375, 56798.43359375, 56798.43359375, 56798.43359375, 56798.43359375, 56798.43359375, 56798.43359375, 56798.43359375, 56798.43359375, 56798.43359375], "pixel_cosine": [0.0, 0.0, 0.0, 0.0, 0.0, 0.0, 0.0, 0.0, 0.0, 0.0], "low_L2": [489.4598388671875, 489.4598388671875, 489.4598388671875, 489.4598388671875, 489.4598388671875, 489.4598388671875, 489.4598388671875, 489.4598388671875, 489.4598388671875, 489.4598388671875], "low_cosine": [0.13607487082481384, 0.13607487082481384, 0.13607487082481384, 0.13607487082481384, 0.13607487082481384, 0.13607487082481384, 0.13607487082481384, 0.13607487082481384, 0.13607487082481384, 0.13607487082481384], "mid_L2": [265.9990234375, 265.9990234375, 265.9990234375, 265.9990234375, 265.9990234375, 265.9990234375, 265.9990234375, 265.9990234375, 265.9990234375, 265.9990234375], "mid_cosine": [0.19649043679237366, 0.19649043679237366, 0.19649043679237366, 0.19649043679237366, 0.19649043679237366, 0.19649043679237366, 0.19649043679237366, 0.19649043679237366, 0.19649043679237366, 0.19649043679237366], "high_L2": [60.830543518066406, 60.830543518066406, 60.830543518066406, 60.830543518066406, 60.830543518066406, 60.830543518066406, 60.830543518066406, 60.830543518066406, 60.830543518066406, 60.830543518066406], "high_cosine": [0.07087089121341705, 0.07087089121341705, 0.07087089121341705, 0.07087089121341705, 0.07087089121341705, 0.07087089121341705, 0.07087089121341705, 0.07087089121341705, 0.07087089121341705, 0.07087089121341705], "clip_cosine": [0.9977830052375793, 0.9977830052375793, 0.9977830052375793, 0.9977830052375793, 0.9977830052375793, 0.9977830052375793, 0.9977830052375793, 0.9977830052375793, 0.9977830052375793, 0.9977830052375793], "dino_cosine": [0.9433675408363342, 0.9433675408363342, 0.9433675408363342, 0.9433675408363342, 0.9433675408363342, 0.9433675408363342, 0.9433675408363342, 0.9433675408363342, 0.9433675408363342, 0.9433675408363342], "clip_L2": [18.421340942382812, 18.421340942382812, 18.421340942382812, 18.421340942382812, 18.421340942382812, 18.421340942382812, 18.421340942382812, 18.421340942382812, 18.421340942382812, 18.421340942382812], "dino_L2": [22.710264205932617, 22.710264205932617, 22.710264205932617, 22.710264205932617, 22.710264205932617, 22.710264205932617, 22.710264205932617, 22.710264205932617, 22.710264205932617, 22.710264205932617], "rcnn_confidence": [0.0, 0.0, 0.0, 0.0, 0.0, 0.0, 0.0, 0.0, 0.0, 0.0], "yolo_confidence": [0.0, 0.0, 0.0, 0.0, 0.0, 0.0, 0.0, 0.0, 0.0, 0.0]}