{"pixel_L2": [12877.90625, 12754.6376953125, 12727.9775390625, 12754.91796875, 12720.8310546875, 12729.15625, 12736.0234375, 12733.81640625, 12734.560546875, 12729.0576171875], "pixel_cosine": [0.0, 0.13803191483020782, 0.15367522835731506, 0.1393764317035675, 0.15956832468509674, 0.15289904177188873, 0.151092991232872, 0.1532531976699829, 0.14984606206417084, 0.15415912866592407], "low_L2": [160.04754638671875, 159.6655731201172, 159.5265350341797, 160.36431884765625, 159.4575958251953, 159.46182250976562, 159.5255584716797, 159.23007202148438, 159.35165405273438, 159.42152404785156], "low_cosine": [0.6526795625686646, 0.6536110639572144, 0.6547039747238159, 0.650418758392334, 0.655192494392395, 0.6545758247375488, 0.6539502739906311, 0.6563583016395569, 0.6550407409667969, 0.6546660661697388], "mid_L2": [188.13021850585938, 190.84164428710938, 190.10667419433594, 193.331298828125, 189.85035705566406, 189.74819946289062, 189.5359649658203, 189.51016235351562, 189.5485076904297, 188.61802673339844], "mid_cosine": [0.3489699065685272, 0.3588304817676544, 0.3604961931705475, 0.3434438705444336, 0.3619634807109833, 0.36010026931762695, 0.364438533782959, 0.36623361706733704, 0.36637458205223083, 0.36713868379592896], "high_L2": [53.13039779663086, 47.161766052246094, 47.34333801269531, 47.28743362426758, 47.66812515258789, 47.775264739990234, 47.67958068847656, 46.47382354736328, 47.289398193359375, 48.133155822753906], "high_cosine": [0.17632311582565308, 0.3489499092102051, 0.34125006198883057, 0.3524119257926941, 0.32976585626602173, 0.3328632712364197, 0.31914758682250977, 0.3616686761379242, 0.34213995933532715, 0.31085050106048584], "clip_cosine": [0.9988880157470703, 0.9993033409118652, 0.9992828369140625, 0.9993524551391602, 0.999295711517334, 0.9993646740913391, 0.9992523193359375, 0.9992771148681641, 0.9994043707847595, 0.9992874264717102], "dino_cosine": [0.9407476782798767, 0.9608490467071533, 0.9601558446884155, 0.9508702754974365, 0.9486331939697266, 0.9585950374603271, 0.9605323672294617, 0.9521955847740173, 0.9596312046051025, 0.9507622718811035], "clip_L2": [14.179545402526855, 11.558155059814453, 11.758546829223633, 11.25790023803711, 11.723206520080566, 11.245068550109863, 12.06651496887207, 11.860411643981934, 10.94306468963623, 11.789041519165039], "dino_L2": [22.479305267333984, 16.899240493774414, 16.775911331176758, 17.881162643432617, 17.73175048828125, 17.010391235351562, 16.840490341186523, 17.718658447265625, 16.63271713256836, 17.531599044799805], "rcnn_confidence": [0.0, 0.0, 0.0, 0.0, 0.0, 0.0, 0.0, 0.0, 0.0, 0.0], "yolo_confidence": [0.0, 0.0, 0.0, 0.0, 0.0, 0.0, 0.0, 0.0, 0.0, 0.0]}