{"pixel_L2": [25942.521484375, 26142.595703125, 25949.6796875, 25923.9765625, 25751.986328125, 26001.9921875, 26077.865234375, 26003.630859375, 26177.52734375, 26117.857421875], "pixel_cosine": [0.6997758150100708, 0.6965476274490356, 0.6997963786125183, 0.7031909823417664, 0.7022136449813843, 0.6983609795570374, 0.7002251744270325, 0.7050411105155945, 0.6969547867774963, 0.6978548169136047], "low_L2": [405.43890380859375, 410.667236328125, 408.109375, 405.6392822265625, 402.978759765625, 407.6336975097656, 406.63153076171875, 413.9093322753906, 407.7095947265625, 405.7552490234375], "low_cosine": [0.5021271705627441, 0.5067164897918701, 0.5055480599403381, 0.507591724395752, 0.5070701837539673, 0.5044547319412231, 0.5072484016418457, 0.5022870302200317, 0.5049612522125244, 0.5053324699401855], "mid_L2": [339.5591735839844, 342.5689392089844, 334.349853515625, 336.4391174316406, 331.9154052734375, 337.4185791015625, 331.13946533203125, 341.72137451171875, 339.9869079589844, 335.97625732421875], "mid_cosine": [0.30151110887527466, 0.3035719394683838, 0.3124259114265442, 0.3015902638435364, 0.30773019790649414, 0.3016582131385803, 0.30844706296920776, 0.30358952283859253, 0.300537109375, 0.30052363872528076], "high_L2": [63.589637756347656, 60.42645263671875, 59.71628189086914, 60.13972473144531, 64.25314331054688, 60.69718933105469, 62.167667388916016, 61.444908142089844, 59.14044189453125, 59.00492858886719], "high_cosine": [0.38064730167388916, 0.3999088704586029, 0.3935244381427765, 0.3851950466632843, 0.34116798639297485, 0.3833673596382141, 0.36792922019958496, 0.3658111095428467, 0.4167293608188629, 0.39225757122039795], "clip_cosine": [0.9978941679000854, 0.9979497194290161, 0.9981552362442017, 0.9976754784584045, 0.9979110956192017, 0.9977068305015564, 0.9978513717651367, 0.9980651140213013, 0.997880220413208, 0.9977796673774719], "dino_cosine": [0.9515029191970825, 0.9525676369667053, 0.957507312297821, 0.9523460268974304, 0.9545996785163879, 0.9554897546768188, 0.9540882110595703, 0.9538297057151794, 0.9534141421318054, 0.9545049071311951], "clip_L2": [15.754178047180176, 15.708389282226562, 15.202844619750977, 16.360511779785156, 15.927535057067871, 16.499053955078125, 15.9847412109375, 15.476125717163086, 15.999619483947754, 16.194971084594727], "dino_L2": [18.972131729125977, 19.02587890625, 18.751665115356445, 18.703258514404297, 18.772432327270508, 18.709308624267578, 18.829811096191406, 18.807971954345703, 18.670564651489258, 18.984437942504883], "rcnn_confidence": [0.0, 0.0, 0.0, 0.0, 0.05395293980836868, 0.0, 0.0, 0.0, 0.0, 0.0], "yolo_confidence": [0.0, 0.0, 0.0, 0.0, 0.0, 0.0, 0.0, 0.0, 0.0, 0.0]}