{"pixel_L2": [35161.15234375, 35159.0859375, 35142.23828125, 35128.3671875, 35158.5078125, 35143.5234375, 35137.83984375, 35146.609375, 35135.3046875, 35149.03125], "pixel_cosine": [0.39938777685165405, 0.3998596668243408, 0.400436669588089, 0.4011716842651367, 0.3999220132827759, 0.4002574682235718, 0.40068966150283813, 0.40085962414741516, 0.4004910886287689, 0.3998805284500122], "low_L2": [376.41619873046875, 375.4873352050781, 375.3677062988281, 376.7466735839844, 375.9974060058594, 376.501708984375, 376.510009765625, 376.0481872558594, 376.3917236328125, 378.1933288574219], "low_cosine": [0.477425754070282, 0.47828108072280884, 0.4791834056377411, 0.4762980341911316, 0.4776810109615326, 0.4765423536300659, 0.47642508149147034, 0.47867846488952637, 0.4758850336074829, 0.47256389260292053], "mid_L2": [305.3219909667969, 305.4541015625, 305.31134033203125, 306.37530517578125, 305.6633605957031, 305.9976501464844, 305.123779296875, 305.8479919433594, 305.7309875488281, 306.24578857421875], "mid_cosine": [0.333568274974823, 0.33190256357192993, 0.33335673809051514, 0.3319316506385803, 0.33267468214035034, 0.33259615302085876, 0.3334946632385254, 0.33104240894317627, 0.3317791223526001, 0.3311186730861664], "high_L2": [75.36248779296875, 75.25581359863281, 75.34144592285156, 75.29078674316406, 74.7578353881836, 74.7752685546875, 75.44644165039062, 75.4721908569336, 75.23645782470703, 75.33000183105469], "high_cosine": [0.2227632701396942, 0.22680650651454926, 0.2242020070552826, 0.23128923773765564, 0.23263990879058838, 0.23859867453575134, 0.2242284119129181, 0.22227764129638672, 0.2261439561843872, 0.22589851915836334], "clip_cosine": [0.9980950355529785, 0.9983428716659546, 0.9985004663467407, 0.9979349374771118, 0.9984129071235657, 0.9985448122024536, 0.9983894228935242, 0.9983976483345032, 0.9984651803970337, 0.9984997510910034], "dino_cosine": [0.9532740116119385, 0.9528567790985107, 0.951535165309906, 0.9534211158752441, 0.9504098296165466, 0.9491655826568604, 0.9472162127494812, 0.950624942779541, 0.9494194984436035, 0.9532610177993774], "clip_L2": [17.161117553710938, 16.3762264251709, 15.951822280883789, 17.36175537109375, 16.165237426757812, 15.891646385192871, 16.397281646728516, 16.361406326293945, 16.06171226501465, 15.952540397644043], "dino_L2": [19.77567481994629, 19.779603958129883, 19.91344451904297, 19.633033752441406, 19.812517166137695, 19.685203552246094, 19.997976303100586, 19.795133590698242, 19.731548309326172, 19.66500473022461], "rcnn_confidence": [0.0, 0.0, 0.0, 0.0, 0.0, 0.0, 0.0, 0.0, 0.0, 0.0], "yolo_confidence": [0.0, 0.0, 0.0, 0.0, 0.0, 0.0, 0.0, 0.0, 0.0, 0.0]}