{"pixel_L2": [15082.849609375, 14763.3017578125, 15211.87109375, 15317.318359375, 15067.0927734375, 15066.560546875, 14733.142578125, 15199.345703125, 14866.6796875, 14970.1513671875], "pixel_cosine": [0.7590369582176208, 0.7686212658882141, 0.7618576288223267, 0.7509092092514038, 0.762118935585022, 0.7588355541229248, 0.7779314517974854, 0.7657298445701599, 0.7671509385108948, 0.7625328302383423], "low_L2": [241.3979949951172, 241.22901916503906, 255.63726806640625, 252.56011962890625, 257.8144836425781, 243.30606079101562, 253.05215454101562, 252.8619842529297, 242.92005920410156, 243.71063232421875], "low_cosine": [0.6037479639053345, 0.6078731417655945, 0.5972309112548828, 0.5953192710876465, 0.5873271226882935, 0.6066782474517822, 0.6039348244667053, 0.6062377691268921, 0.6033997535705566, 0.6065459251403809], "mid_L2": [263.3872375488281, 265.6422119140625, 271.4658508300781, 278.6313171386719, 274.4106750488281, 269.7506103515625, 275.5002136230469, 273.3934020996094, 267.70733642578125, 266.85076904296875], "mid_cosine": [0.4200325310230255, 0.41500335931777954, 0.40598922967910767, 0.39825087785720825, 0.3895692825317383, 0.40949660539627075, 0.39682891964912415, 0.3969011604785919, 0.40703922510147095, 0.4093967080116272], "high_L2": [59.716773986816406, 59.107425689697266, 59.072052001953125, 58.14901351928711, 61.29103088378906, 60.81074142456055, 60.61437225341797, 59.11220932006836, 59.19206237792969, 58.83354568481445], "high_cosine": [0.3836093842983246, 0.3676614463329315, 0.3448604941368103, 0.37798890471458435, 0.3431374430656433, 0.3388361930847168, 0.3391687273979187, 0.35647791624069214, 0.36644062399864197, 0.3708914518356323], "clip_cosine": [0.9982399344444275, 0.9982454776763916, 0.9983333349227905, 0.9982945919036865, 0.9984017014503479, 0.9982943534851074, 0.9982864856719971, 0.9984896779060364, 0.9984053373336792, 0.9982557892799377], "dino_cosine": [0.9421981573104858, 0.9392456412315369, 0.9454312920570374, 0.9419116377830505, 0.9369908571243286, 0.9396733045578003, 0.9438535571098328, 0.9450835585594177, 0.9417670965194702, 0.9442763924598694], "clip_L2": [15.473114013671875, 15.13866901397705, 15.240851402282715, 15.37713623046875, 15.075644493103027, 15.296717643737793, 15.115092277526855, 14.737322807312012, 14.769798278808594, 15.403614044189453], "dino_L2": [20.223222732543945, 20.20090675354004, 20.417661666870117, 20.449880599975586, 20.184595108032227, 20.188217163085938, 19.82186508178711, 20.178848266601562, 20.50318717956543, 20.088777542114258], "rcnn_confidence": [0.10796866565942764, 0.6315682530403137, 0.46054473519325256, 0.15066702663898468, 0.19352208077907562, 0.17075389623641968, 0.06538368761539459, 0.21266186237335205, 0.14396561682224274, 0.2317928820848465], "yolo_confidence": [0.0, 0.0, 0.0, 0.0, 0.0, 0.0, 0.0, 0.0, 0.0, 0.0]}