{"pixel_L2": [28512.0234375, 33634.25, 31277.423828125, 33680.01953125, 33274.57421875, 33479.76171875, 34545.04296875, 32392.88671875, 31604.693359375, 35269.6953125], "pixel_cosine": [0.6576700210571289, 0.45540744066238403, 0.5714166760444641, 0.4514113664627075, 0.4692249894142151, 0.462387353181839, 0.3943556547164917, 0.5226303339004517, 0.5506669282913208, 0.3451346158981323], "low_L2": [550.4600830078125, 510.3581237792969, 500.1014099121094, 510.1756896972656, 518.5581665039062, 514.506103515625, 516.1857299804688, 506.653076171875, 487.94464111328125, 516.990478515625], "low_cosine": [0.43282583355903625, 0.3614541292190552, 0.40812382102012634, 0.3664114475250244, 0.35347747802734375, 0.34885233640670776, 0.34940749406814575, 0.3794587254524231, 0.4531673789024353, 0.3448728322982788], "mid_L2": [377.3304748535156, 298.4541320800781, 308.889892578125, 294.9936828613281, 331.28961181640625, 298.572021484375, 298.8505859375, 306.47723388671875, 307.888916015625, 300.4361877441406], "mid_cosine": [0.32729479670524597, 0.3808593153953552, 0.3654083013534546, 0.3897782564163208, 0.3188207149505615, 0.37649819254875183, 0.3656536340713501, 0.36777645349502563, 0.3875676691532135, 0.3665772080421448], "high_L2": [79.3306655883789, 67.43497467041016, 68.21327209472656, 68.26433563232422, 70.64200592041016, 66.92036437988281, 68.10215759277344, 69.96133422851562, 60.29047775268555, 67.6385498046875], "high_cosine": [0.3090631365776062, 0.40643948316574097, 0.38895824551582336, 0.41337844729423523, 0.35151416063308716, 0.4047955870628357, 0.3879670202732086, 0.3871704936027527, 0.5486475825309753, 0.40986117720603943], "clip_cosine": [0.9979453086853027, 0.9981807470321655, 0.998145580291748, 0.9981813430786133, 0.9980178475379944, 0.998245358467102, 0.9981206655502319, 0.9981352090835571, 0.9980683922767639, 0.9983256459236145], "dino_cosine": [0.9432095289230347, 0.9457471966743469, 0.9416513442993164, 0.9420160055160522, 0.927975058555603, 0.9452419877052307, 0.9424930810928345, 0.9468343257904053, 0.9513425827026367, 0.9535754919052124], "clip_L2": [15.98206615447998, 15.653117179870605, 15.657354354858398, 15.40867805480957, 15.946551322937012, 15.459128379821777, 15.818160057067871, 15.581653594970703, 15.650205612182617, 15.119941711425781], "dino_L2": [20.136653900146484, 19.020008087158203, 19.166622161865234, 19.499576568603516, 19.83814239501953, 19.157236099243164, 19.60153579711914, 18.9029598236084, 18.804731369018555, 18.211843490600586], "rcnn_confidence": [0.0, 0.0, 0.0, 0.0, 0.0, 0.0, 0.0, 0.0, 0.0, 0.0], "yolo_confidence": [0.0, 0.0, 0.0, 0.0, 0.0, 0.0, 0.0, 0.0, 0.0, 0.0]}