{"pixel_L2": [41849.546875, 41845.6875, 41894.34375, 41932.09765625, 41946.55078125, 41918.28515625, 41829.08984375, 41896.1015625, 41870.82421875, 41688.234375], "pixel_cosine": [0.4076988995075226, 0.4079991281032562, 0.40702247619628906, 0.4071137309074402, 0.40672701597213745, 0.4054790437221527, 0.40828225016593933, 0.40940070152282715, 0.40602290630340576, 0.4096145033836365], "low_L2": [571.2077026367188, 570.015625, 571.06494140625, 570.4424438476562, 574.06396484375, 571.45849609375, 571.3047485351562, 572.7756958007812, 572.1917724609375, 566.4017333984375], "low_cosine": [0.3543877601623535, 0.35392433404922485, 0.35384151339530945, 0.35580217838287354, 0.35062673687934875, 0.3530440032482147, 0.35272514820098877, 0.352975070476532, 0.3524709939956665, 0.35660409927368164], "mid_L2": [412.6512145996094, 412.89129638671875, 414.39495849609375, 415.5757751464844, 414.70684814453125, 413.4698181152344, 416.69873046875, 413.4892272949219, 411.0105285644531, 413.86541748046875], "mid_cosine": [0.22106534242630005, 0.21846720576286316, 0.21283867955207825, 0.21305730938911438, 0.21655458211898804, 0.2144947052001953, 0.21255438029766083, 0.21722814440727234, 0.21608470380306244, 0.21546752750873566], "high_L2": [75.76032257080078, 76.7078628540039, 76.62230682373047, 76.6951904296875, 76.3824234008789, 76.97383117675781, 76.2955322265625, 76.77810668945312, 76.07318115234375, 76.91703796386719], "high_cosine": [0.12155281007289886, 0.10941861569881439, 0.10284829884767532, 0.11191365867853165, 0.11581474542617798, 0.1105646938085556, 0.13421599566936493, 0.11298437416553497, 0.10497015714645386, 0.11556936800479889], "clip_cosine": [0.9985141754150391, 0.9984449148178101, 0.9985544681549072, 0.9984697699546814, 0.9984368681907654, 0.9984835386276245, 0.9985089302062988, 0.9984819889068604, 0.9985353946685791, 0.9985231161117554], "dino_cosine": [0.9533833861351013, 0.9510160088539124, 0.9544010162353516, 0.952505350112915, 0.9517853856086731, 0.9514309763908386, 0.9507501125335693, 0.9548993110656738, 0.9523061513900757, 0.951511561870575], "clip_L2": [14.980952262878418, 15.042262077331543, 14.763365745544434, 14.816848754882812, 14.940571784973145, 14.955870628356934, 15.012650489807129, 14.986802101135254, 14.766357421875, 14.917854309082031], "dino_L2": [18.405874252319336, 18.758941650390625, 18.30255126953125, 18.314191818237305, 18.451169967651367, 18.39316177368164, 18.2617130279541, 18.18626594543457, 18.383739471435547, 18.58556365966797], "rcnn_confidence": [0.0, 0.0, 0.0, 0.0, 0.056783538311719894, 0.1989544779062271, 0.05303338170051575, 0.0, 0.0, 0.0], "yolo_confidence": [0.0, 0.0, 0.0, 0.0, 0.0, 0.0, 0.0, 0.0, 0.0, 0.0]}