{"pixel_L2": [30499.2890625, 34541.46875, 35603.29296875, 31877.716796875, 34066.0859375, 31805.66796875, 31024.501953125, 34267.73046875, 30969.802734375, 31965.533203125], "pixel_cosine": [0.7417708039283752, 0.7191154360771179, 0.7261374592781067, 0.7623460292816162, 0.6895947456359863, 0.7892844676971436, 0.777508020401001, 0.7845968008041382, 0.7503694891929626, 0.7475789785385132], "low_L2": [509.3798522949219, 735.6048583984375, 545.6644897460938, 505.8264465332031, 608.1527099609375, 524.80126953125, 478.9231872558594, 597.3944702148438, 559.0560913085938, 577.143310546875], "low_cosine": [0.35020720958709717, 0.32842743396759033, 0.339133083820343, 0.3667030334472656, 0.33927595615386963, 0.3404460549354553, 0.37945693731307983, 0.273297518491745, 0.385347843170166, 0.3274039030075073], "mid_L2": [431.052490234375, 482.4432067871094, 457.14715576171875, 424.7664489746094, 453.8841247558594, 464.3491516113281, 434.9676208496094, 479.96142578125, 464.2515869140625, 470.0426330566406], "mid_cosine": [0.18922683596611023, 0.1589650958776474, 0.1961188018321991, 0.23924516141414642, 0.21253632009029388, 0.18975180387496948, 0.19295567274093628, 0.17544405162334442, 0.221737802028656, 0.14861783385276794], "high_L2": [79.1954345703125, 87.68304443359375, 96.98869323730469, 86.7984390258789, 86.424072265625, 78.29485321044922, 82.44593811035156, 80.83434295654297, 89.21125030517578, 86.10963439941406], "high_cosine": [0.37390539050102234, 0.17120108008384705, 0.31102442741394043, 0.33454254269599915, 0.3760388493537903, 0.4303675889968872, 0.3576622009277344, 0.41600725054740906, 0.45175647735595703, 0.3035884499549866], "clip_cosine": [0.9991487264633179, 0.9992120862007141, 0.9989258050918579, 0.9990252256393433, 0.9991446137428284, 0.9985646605491638, 0.9992285966873169, 0.9989545345306396, 0.9991200566291809, 0.9979956746101379], "dino_cosine": [0.9552584886550903, 0.9462451934814453, 0.949431836605072, 0.9410196542739868, 0.9485549330711365, 0.9349478483200073, 0.9464114308357239, 0.9436888694763184, 0.9522261023521423, 0.9514836668968201], "clip_L2": [11.983981132507324, 11.317220687866211, 13.073598861694336, 12.475208282470703, 11.719849586486816, 13.901708602905273, 11.279741287231445, 12.706226348876953, 12.078167915344238, 15.309893608093262], "dino_L2": [19.02997589111328, 19.39647102355957, 19.81631088256836, 20.665576934814453, 20.28990936279297, 20.224557876586914, 19.243934631347656, 20.31853675842285, 18.199748992919922, 19.382387161254883], "rcnn_confidence": [0.052765410393476486, 0.0, 0.3358362913131714, 0.5149680972099304, 0.2989073693752289, 0.8261229991912842, 0.16748125851154327, 0.6946883201599121, 0.21545810997486115, 0.7871894240379333], "yolo_confidence": [0.0, 0.0, 0.0, 0.0, 0.0, 0.0, 0.0, 0.0, 0.0, 0.0]}