{"pixel_L2": [41510.5390625, 40610.20703125, 41128.37890625, 40841.3359375, 40301.66796875, 41561.06640625, 41550.36328125, 42124.41796875, 41468.56640625, 40448.2265625], "pixel_cosine": [0.2270677387714386, 0.1889422982931137, 0.21704667806625366, 0.19146227836608887, 0.2092893123626709, 0.22729070484638214, 0.2403675764799118, 0.2514162063598633, 0.21700112521648407, 0.18377402424812317], "low_L2": [379.8656311035156, 366.2679748535156, 373.5923156738281, 369.3550109863281, 366.83880615234375, 380.39019775390625, 381.2281494140625, 391.1617431640625, 376.7717590332031, 365.3701171875], "low_cosine": [0.21943390369415283, 0.23815470933914185, 0.2196812927722931, 0.22888194024562836, 0.2509922683238983, 0.2190120816230774, 0.22797627747058868, 0.2112337052822113, 0.22928592562675476, 0.2353014051914215], "mid_L2": [294.6166076660156, 290.687744140625, 290.10150146484375, 291.3666076660156, 299.0508728027344, 295.25213623046875, 292.0079345703125, 297.59320068359375, 291.9646911621094, 293.84063720703125], "mid_cosine": [0.20353928208351135, 0.2140771448612213, 0.21659815311431885, 0.21562150120735168, 0.20904648303985596, 0.19897425174713135, 0.21425487101078033, 0.18953028321266174, 0.2130383998155594, 0.20736004412174225], "high_L2": [66.08478546142578, 64.93183898925781, 65.94207763671875, 64.93789672851562, 64.79737091064453, 66.7508316040039, 65.84203338623047, 67.38883209228516, 65.64427185058594, 65.44851684570312], "high_cosine": [0.07043564319610596, 0.09425116330385208, 0.05497084558010101, 0.08885254710912704, 0.1577225625514984, 0.05584552139043808, 0.07566309720277786, 0.05670960992574692, 0.06776527315378189, 0.07158246636390686], "clip_cosine": [0.9989109039306641, 0.9989631175994873, 0.9989861249923706, 0.999203085899353, 0.9990997314453125, 0.9990098476409912, 0.9988492131233215, 0.9988154768943787, 0.9991334080696106, 0.998918890953064], "dino_cosine": [0.936853289604187, 0.9337828159332275, 0.9378080368041992, 0.9361783862113953, 0.9347663521766663, 0.9382914900779724, 0.9388523101806641, 0.9331294894218445, 0.9380724430084229, 0.9351400136947632], "clip_L2": [13.782520294189453, 13.356549263000488, 13.337181091308594, 11.585236549377441, 12.229771614074707, 13.145783424377441, 14.062917709350586, 14.496424674987793, 12.252115249633789, 13.849874496459961], "dino_L2": [17.07328987121582, 17.499645233154297, 16.92752456665039, 17.027036666870117, 17.106416702270508, 17.944297790527344, 18.04718017578125, 18.228206634521484, 17.475435256958008, 17.44246482849121], "rcnn_confidence": [0.0, 0.0, 0.0, 0.0, 0.0, 0.0, 0.0, 0.0, 0.0, 0.0], "yolo_confidence": [0.0, 0.0, 0.0, 0.0, 0.0, 0.0, 0.0, 0.0, 0.0, 0.0]}