{"pixel_L2": [26781.4140625, 26600.7109375, 26135.556640625, 26398.77734375, 26078.873046875, 27610.158203125, 26150.29296875, 26337.25390625, 26814.11328125, 25976.0546875], "pixel_cosine": [0.27037397027015686, 0.24928408861160278, 0.26128777861595154, 0.26349592208862305, 0.24970129132270813, 0.26912325620651245, 0.24830450117588043, 0.26028066873550415, 0.26392292976379395, 0.25379660725593567], "low_L2": [557.2116088867188, 554.5243530273438, 523.442138671875, 535.5862426757812, 538.7490234375, 577.0750732421875, 540.3310546875, 539.0376586914062, 551.43994140625, 526.0919189453125], "low_cosine": [0.4645161032676697, 0.44709599018096924, 0.47589385509490967, 0.4801326394081116, 0.4568331241607666, 0.4669332504272461, 0.4520297050476074, 0.4611852169036865, 0.48285946249961853, 0.47008150815963745], "mid_L2": [383.1483154296875, 383.1184997558594, 360.8447570800781, 378.3335876464844, 376.1343994140625, 401.9010009765625, 372.8272399902344, 373.8269348144531, 385.3141784667969, 371.5155944824219], "mid_cosine": [0.3267804980278015, 0.29315441846847534, 0.3555196523666382, 0.31365740299224854, 0.30234867334365845, 0.3187966048717499, 0.30263829231262207, 0.317041277885437, 0.32737094163894653, 0.31114208698272705], "high_L2": [68.00807189941406, 64.61640167236328, 61.01726531982422, 66.37738800048828, 63.500980377197266, 65.90185546875, 62.61801528930664, 60.41567611694336, 63.364410400390625, 64.9720230102539], "high_cosine": [0.36556994915008545, 0.39128491282463074, 0.4786067008972168, 0.3660682439804077, 0.42314666509628296, 0.3924834132194519, 0.4160016179084778, 0.47652509808540344, 0.41631901264190674, 0.3670444190502167], "clip_cosine": [0.9984776973724365, 0.9984617233276367, 0.9984445571899414, 0.9984491467475891, 0.9984751343727112, 0.9985488653182983, 0.9984142780303955, 0.9984853267669678, 0.998431921005249, 0.9984402656555176], "dino_cosine": [0.9556555151939392, 0.9530301094055176, 0.9645941257476807, 0.9698195457458496, 0.9627808928489685, 0.963578999042511, 0.9543787837028503, 0.9556373357772827, 0.9661710262298584, 0.9534598588943481], "clip_L2": [15.19406795501709, 15.593609809875488, 15.230995178222656, 15.499699592590332, 15.006387710571289, 15.041156768798828, 15.5166654586792, 15.373944282531738, 15.299493789672852, 15.612725257873535], "dino_L2": [17.629796981811523, 17.473421096801758, 16.987037658691406, 17.120302200317383, 16.880380630493164, 16.788564682006836, 17.438447952270508, 18.031030654907227, 16.876474380493164, 17.610200881958008], "rcnn_confidence": [0.0, 0.0, 0.0, 0.0, 0.0, 0.0, 0.0, 0.0, 0.0, 0.0], "yolo_confidence": [0.0, 0.0, 0.0, 0.0, 0.0, 0.0, 0.0, 0.0, 0.0, 0.0]}