{"pixel_L2": [58423.02734375, 58423.02734375, 58423.02734375, 58423.02734375, 58423.02734375, 58423.02734375, 58423.02734375, 58423.02734375, 58423.02734375, 58423.02734375], "pixel_cosine": [0.0, 0.0, 0.0, 0.0, 0.0, 0.0, 0.0, 0.0, 0.0, 0.0], "low_L2": [558.8364868164062, 558.8364868164062, 558.8364868164062, 558.8364868164062, 558.8364868164062, 558.8364868164062, 558.8364868164062, 558.8364868164062, 558.8364868164062, 558.8364868164062], "low_cosine": [0.17059555649757385, 0.17059555649757385, 0.17059555649757385, 0.17059555649757385, 0.17059555649757385, 0.17059555649757385, 0.17059555649757385, 0.17059555649757385, 0.17059555649757385, 0.17059555649757385], "mid_L2": [296.9820251464844, 296.9820251464844, 296.9820251464844, 296.9820251464844, 296.9820251464844, 296.9820251464844, 296.9820251464844, 296.9820251464844, 296.9820251464844, 296.9820251464844], "mid_cosine": [0.15004809200763702, 0.15004809200763702, 0.15004809200763702, 0.15004809200763702, 0.15004809200763702, 0.15004809200763702, 0.15004809200763702, 0.15004809200763702, 0.15004809200763702, 0.15004809200763702], "high_L2": [66.07151794433594, 66.07151794433594, 66.07151794433594, 66.07151794433594, 66.07151794433594, 66.07151794433594, 66.07151794433594, 66.07151794433594, 66.07151794433594, 66.07151794433594], "high_cosine": [0.035745009779930115, 0.035745009779930115, 0.035745009779930115, 0.035745009779930115, 0.035745009779930115, 0.035745009779930115, 0.035745009779930115, 0.035745009779930115, 0.035745009779930115, 0.035745009779930115], "clip_cosine": [0.9979103207588196, 0.9979103207588196, 0.9979103207588196, 0.9979103207588196, 0.9979103207588196, 0.9979103207588196, 0.9979103207588196, 0.9979103207588196, 0.9979103207588196, 0.9979103207588196], "dino_cosine": [0.9323328137397766, 0.9323328137397766, 0.9323328137397766, 0.9323328137397766, 0.9323328137397766, 0.9323328137397766, 0.9323328137397766, 0.9323328137397766, 0.9323328137397766, 0.9323328137397766], "clip_L2": [17.606863021850586, 17.606863021850586, 17.606863021850586, 17.606863021850586, 17.606863021850586, 17.606863021850586, 17.606863021850586, 17.606863021850586, 17.606863021850586, 17.606863021850586], "dino_L2": [24.06334686279297, 24.06334686279297, 24.06334686279297, 24.06334686279297, 24.06334686279297, 24.06334686279297, 24.06334686279297, 24.06334686279297, 24.06334686279297, 24.06334686279297], "rcnn_confidence": [0.0, 0.0, 0.0, 0.0, 0.0, 0.0, 0.0, 0.0, 0.0, 0.0], "yolo_confidence": [0.0, 0.0, 0.0, 0.0, 0.0, 0.0, 0.0, 0.0, 0.0, 0.0]}