{"pixel_L2": [8773.876953125, 8806.7177734375, 8782.689453125, 8775.0751953125, 8770.6533203125, 8730.4658203125, 8827.4248046875, 8826.033203125, 8726.4580078125, 8798.2255859375], "pixel_cosine": [0.4367155134677887, 0.4388486444950104, 0.43795111775398254, 0.44152167439460754, 0.4410911202430725, 0.43976685404777527, 0.43683287501335144, 0.4381341338157654, 0.4401622414588928, 0.43805161118507385], "low_L2": [245.47576904296875, 245.73992919921875, 245.5935516357422, 244.61009216308594, 244.37945556640625, 243.9625244140625, 245.88111877441406, 245.24990844726562, 244.36563110351562, 245.46673583984375], "low_cosine": [0.6244781017303467, 0.6243156790733337, 0.6252086162567139, 0.6277657151222229, 0.6279284954071045, 0.6280094981193542, 0.6239030361175537, 0.6265245676040649, 0.6276919841766357, 0.62553870677948], "mid_L2": [190.10879516601562, 189.78704833984375, 188.41294860839844, 189.51812744140625, 189.22732543945312, 188.4308319091797, 188.8538055419922, 188.96766662597656, 188.49758911132812, 189.3276824951172], "mid_cosine": [0.5469115376472473, 0.5452746152877808, 0.5505052804946899, 0.5480550527572632, 0.5499944090843201, 0.5508203506469727, 0.5477924942970276, 0.5482944846153259, 0.551795244216919, 0.5484191179275513], "high_L2": [49.73096466064453, 49.771263122558594, 49.09329605102539, 49.39906311035156, 49.579280853271484, 49.43339920043945, 49.17461395263672, 49.201297760009766, 49.096622467041016, 49.387813568115234], "high_cosine": [0.5770049691200256, 0.5736462473869324, 0.585890531539917, 0.577918291091919, 0.5789492726325989, 0.5807003974914551, 0.5835734605789185, 0.578765332698822, 0.5876238942146301, 0.5791842341423035], "clip_cosine": [0.9987630844116211, 0.9987932443618774, 0.9988632202148438, 0.9988824129104614, 0.9987989664077759, 0.9989046454429626, 0.9986668229103088, 0.9989348649978638, 0.9988084435462952, 0.9987658262252808], "dino_cosine": [0.9745549559593201, 0.9748790264129639, 0.9742995500564575, 0.9746493697166443, 0.9741320013999939, 0.9747909903526306, 0.9709022641181946, 0.974743127822876, 0.9747512340545654, 0.9742868542671204], "clip_L2": [13.89970874786377, 13.682134628295898, 13.148518562316895, 13.108280181884766, 13.623608589172363, 13.006168365478516, 14.506791114807129, 12.693739891052246, 13.514001846313477, 13.797595977783203], "dino_L2": [14.423147201538086, 14.255348205566406, 14.304975509643555, 14.014482498168945, 14.361791610717773, 14.05134391784668, 14.836580276489258, 13.7477445602417, 13.978450775146484, 14.336699485778809], "rcnn_confidence": [0.0, 0.0, 0.0, 0.0, 0.0, 0.0, 0.0, 0.0, 0.0, 0.0], "yolo_confidence": [0.0, 0.0, 0.0, 0.0, 0.0, 0.0, 0.0, 0.0, 0.0, 0.0]}