{"pixel_L2": [14656.1328125, 14656.1328125, 14656.1328125, 14656.1328125, 14656.1328125, 14656.1328125, 14656.1328125, 14656.1328125, 14656.1328125, 14656.1328125], "pixel_cosine": [0.0, 0.0, 0.0, 0.0, 0.0, 0.0, 0.0, 0.0, 0.0, 0.0], "low_L2": [260.5799255371094, 260.5799255371094, 260.5799255371094, 260.5799255371094, 260.5799255371094, 260.5799255371094, 260.5799255371094, 260.5799255371094, 260.5799255371094, 260.5799255371094], "low_cosine": [0.5464738607406616, 0.5464738607406616, 0.5464738607406616, 0.5464738607406616, 0.5464738607406616, 0.5464738607406616, 0.5464738607406616, 0.5464738607406616, 0.5464738607406616, 0.5464738607406616], "mid_L2": [204.07861328125, 204.07861328125, 204.07861328125, 204.07861328125, 204.07861328125, 204.07861328125, 204.07861328125, 204.07861328125, 204.07861328125, 204.07861328125], "mid_cosine": [0.43327152729034424, 0.43327152729034424, 0.43327152729034424, 0.43327152729034424, 0.43327152729034424, 0.43327152729034424, 0.43327152729034424, 0.43327152729034424, 0.43327152729034424, 0.43327152729034424], "high_L2": [45.51816940307617, 45.51816940307617, 45.51816940307617, 45.51816940307617, 45.51816940307617, 45.51816940307617, 45.51816940307617, 45.51816940307617, 45.51816940307617, 45.51816940307617], "high_cosine": [0.5661827325820923, 0.5661827325820923, 0.5661827325820923, 0.5661827325820923, 0.5661827325820923, 0.5661827325820923, 0.5661827325820923, 0.5661827325820923, 0.5661827325820923, 0.5661827325820923], "clip_cosine": [0.9990299344062805, 0.9990299344062805, 0.9990299344062805, 0.9990299344062805, 0.9990299344062805, 0.9990299344062805, 0.9990299344062805, 0.9990299344062805, 0.9990299344062805, 0.9990299344062805], "dino_cosine": [0.9518713355064392, 0.9518713355064392, 0.9518713355064392, 0.9518713355064392, 0.9518713355064392, 0.9518713355064392, 0.9518713355064392, 0.9518713355064392, 0.9518713355064392, 0.9518713355064392], "clip_L2": [13.023093223571777, 13.023093223571777, 13.023093223571777, 13.023093223571777, 13.023093223571777, 13.023093223571777, 13.023093223571777, 13.023093223571777, 13.023093223571777, 13.023093223571777], "dino_L2": [21.178266525268555, 21.178266525268555, 21.178266525268555, 21.178266525268555, 21.178266525268555, 21.178266525268555, 21.178266525268555, 21.178266525268555, 21.178266525268555, 21.178266525268555], "rcnn_confidence": [0.0, 0.0, 0.0, 0.0, 0.0, 0.0, 0.0, 0.0, 0.0, 0.0], "yolo_confidence": [0.0, 0.0, 0.0, 0.0, 0.0, 0.0, 0.0, 0.0, 0.0, 0.0]}