{"pixel_L2": [24020.73828125, 24020.73828125, 24020.73828125, 24020.73828125, 24020.73828125, 24020.73828125, 24020.73828125, 24020.73828125, 24020.73828125, 24020.73828125], "pixel_cosine": [0.0, 0.0, 0.0, 0.0, 0.0, 0.0, 0.0, 0.0, 0.0, 0.0], "low_L2": [472.0594482421875, 472.0594482421875, 472.0594482421875, 472.0594482421875, 472.0594482421875, 472.0594482421875, 472.0594482421875, 472.0594482421875, 472.0594482421875, 472.0594482421875], "low_cosine": [0.35638657212257385, 0.35638657212257385, 0.35638657212257385, 0.35638657212257385, 0.35638657212257385, 0.35638657212257385, 0.35638657212257385, 0.35638657212257385, 0.35638657212257385, 0.35638657212257385], "mid_L2": [307.0125732421875, 307.0125732421875, 307.0125732421875, 307.0125732421875, 307.0125732421875, 307.0125732421875, 307.0125732421875, 307.0125732421875, 307.0125732421875, 307.0125732421875], "mid_cosine": [0.31420156359672546, 0.31420156359672546, 0.31420156359672546, 0.31420156359672546, 0.31420156359672546, 0.31420156359672546, 0.31420156359672546, 0.31420156359672546, 0.31420156359672546, 0.31420156359672546], "high_L2": [59.580055236816406, 59.580055236816406, 59.580055236816406, 59.580055236816406, 59.580055236816406, 59.580055236816406, 59.580055236816406, 59.580055236816406, 59.580055236816406, 59.580055236816406], "high_cosine": [0.40433529019355774, 0.40433529019355774, 0.40433529019355774, 0.40433529019355774, 0.40433529019355774, 0.40433529019355774, 0.40433529019355774, 0.40433529019355774, 0.40433529019355774, 0.40433529019355774], "clip_cosine": [0.997923731803894, 0.997923731803894, 0.997923731803894, 0.997923731803894, 0.997923731803894, 0.997923731803894, 0.997923731803894, 0.997923731803894, 0.997923731803894, 0.997923731803894], "dino_cosine": [0.9512918591499329, 0.9512918591499329, 0.9512918591499329, 0.9512918591499329, 0.9512918591499329, 0.9512918591499329, 0.9512918591499329, 0.9512918591499329, 0.9512918591499329, 0.9512918591499329], "clip_L2": [17.42107582092285, 17.42107582092285, 17.42107582092285, 17.42107582092285, 17.42107582092285, 17.42107582092285, 17.42107582092285, 17.42107582092285, 17.42107582092285, 17.42107582092285], "dino_L2": [23.17873764038086, 23.17873764038086, 23.17873764038086, 23.17873764038086, 23.17873764038086, 23.17873764038086, 23.17873764038086, 23.17873764038086, 23.17873764038086, 23.17873764038086], "rcnn_confidence": [0.0, 0.0, 0.0, 0.0, 0.0, 0.0, 0.0, 0.0, 0.0, 0.0], "yolo_confidence": [0.0, 0.0, 0.0, 0.0, 0.0, 0.0, 0.0, 0.0, 0.0, 0.0]}