{"pixel_L2": [20528.921875, 17017.33984375, 17832.4765625, 17554.138671875, 17305.341796875, 18649.2421875, 18070.384765625, 17671.51171875, 17536.23046875, 18026.447265625], "pixel_cosine": [0.7775174379348755, 0.841826319694519, 0.8299650549888611, 0.8300701975822449, 0.8372901082038879, 0.8126451373100281, 0.82276850938797, 0.8311971426010132, 0.8288313746452332, 0.817846953868866], "low_L2": [363.452392578125, 323.07757568359375, 321.2122802734375, 325.2806701660156, 324.94378662109375, 327.22259521484375, 334.6265869140625, 325.6750793457031, 347.84893798828125, 331.7388916015625], "low_cosine": [0.7160985469818115, 0.7642568349838257, 0.7721196413040161, 0.7571667432785034, 0.7614125609397888, 0.7530462741851807, 0.7555699348449707, 0.756756067276001, 0.7430872321128845, 0.738632321357727], "mid_L2": [341.3422546386719, 320.7362976074219, 321.5205383300781, 314.8283996582031, 336.4898986816406, 316.5326232910156, 324.52630615234375, 311.4583740234375, 330.2017517089844, 327.2754821777344], "mid_cosine": [0.4718649983406067, 0.5274176597595215, 0.5270978212356567, 0.5199480056762695, 0.47903886437416077, 0.5188551545143127, 0.5098448991775513, 0.5188356041908264, 0.4781927764415741, 0.49114787578582764], "high_L2": [67.82439422607422, 67.41484069824219, 67.80603790283203, 66.03165435791016, 71.54910278320312, 69.3005142211914, 65.82575225830078, 63.80046844482422, 66.77257537841797, 66.02234649658203], "high_cosine": [0.43604689836502075, 0.41274771094322205, 0.4483630061149597, 0.4468865990638733, 0.3867371082305908, 0.3873189389705658, 0.43789786100387573, 0.44224441051483154, 0.4261670708656311, 0.4327220916748047], "clip_cosine": [0.9994365572929382, 0.999530553817749, 0.9993579387664795, 0.9995062351226807, 0.9994527101516724, 0.999518096446991, 0.9994981288909912, 0.9993548393249512, 0.9992573261260986, 0.9992741346359253], "dino_cosine": [0.9841079115867615, 0.9842063188552856, 0.9814585447311401, 0.9820448756217957, 0.9807392954826355, 0.9833812713623047, 0.9818439483642578, 0.9830989837646484, 0.9816100597381592, 0.9820728302001953], "clip_L2": [8.424705505371094, 7.433266639709473, 9.060566902160645, 7.79954195022583, 8.366544723510742, 7.988340377807617, 7.909619331359863, 8.949103355407715, 9.57234001159668, 9.906956672668457], "dino_L2": [11.046536445617676, 10.887115478515625, 11.653777122497559, 11.857169151306152, 11.457184791564941, 11.134483337402344, 11.6552734375, 11.192841529846191, 11.42628002166748, 11.40194320678711], "rcnn_confidence": [0.0, 0.0, 0.0, 0.0, 0.0, 0.0, 0.0, 0.0, 0.0, 0.0], "yolo_confidence": [0.0, 0.0, 0.0, 0.0, 0.0, 0.0, 0.0, 0.0, 0.0, 0.0]}