{"pixel_L2": [12855.89453125, 12472.4931640625, 12547.9951171875, 12654.87890625, 12536.46484375, 12813.9052734375, 12545.615234375, 12873.9921875, 12906.41796875, 12656.396484375], "pixel_cosine": [0.9020912647247314, 0.9064869284629822, 0.9071511030197144, 0.9042392373085022, 0.9046893119812012, 0.9007251262664795, 0.9098427891731262, 0.8998057842254639, 0.8987413644790649, 0.9035491943359375], "low_L2": [342.4593200683594, 327.37396240234375, 320.1209411621094, 329.6301574707031, 321.2969665527344, 353.0484619140625, 327.3216857910156, 317.7019348144531, 319.81597900390625, 334.29681396484375], "low_cosine": [0.8450077772140503, 0.8536176681518555, 0.8605036735534668, 0.8522376418113708, 0.8586800694465637, 0.8345266580581665, 0.8558024168014526, 0.860519289970398, 0.8590644598007202, 0.8485642671585083], "mid_L2": [226.95620727539062, 230.91232299804688, 226.39401245117188, 228.0879364013672, 227.76651000976562, 233.5723876953125, 221.45143127441406, 225.74176025390625, 231.3964080810547, 229.6270294189453], "mid_cosine": [0.729556143283844, 0.7217577695846558, 0.730815052986145, 0.7237342596054077, 0.7251332998275757, 0.7171750068664551, 0.7439669370651245, 0.7269435524940491, 0.7157500982284546, 0.7227886915206909], "high_L2": [54.25928497314453, 56.401424407958984, 54.76927185058594, 54.5932731628418, 53.99220657348633, 54.49739074707031, 53.42017364501953, 53.91453170776367, 57.541683197021484, 55.67141342163086], "high_cosine": [0.6692594885826111, 0.6416670680046082, 0.6558843851089478, 0.6663949489593506, 0.6714274883270264, 0.6708167791366577, 0.6850166916847229, 0.6647253632545471, 0.6120413541793823, 0.6505923271179199], "clip_cosine": [0.9990799427032471, 0.9989278316497803, 0.9987998604774475, 0.9988919496536255, 0.9991086721420288, 0.9988511204719543, 0.9988072514533997, 0.9989467859268188, 0.9989095330238342, 0.9989493489265442], "dino_cosine": [0.9765933752059937, 0.9769361615180969, 0.976292073726654, 0.9777093529701233, 0.9778147339820862, 0.9734559655189514, 0.9785007834434509, 0.9779490828514099, 0.9776493906974792, 0.975838303565979], "clip_L2": [11.284873008728027, 11.997444152832031, 12.846375465393066, 12.272579193115234, 10.8948335647583, 12.505926132202148, 13.02849292755127, 12.012619972229004, 12.139534950256348, 11.900578498840332], "dino_L2": [14.85145378112793, 15.165989875793457, 15.839493751525879, 15.193819046020508, 15.224458694458008, 15.777153968811035, 15.273470878601074, 14.647523880004883, 15.15297794342041, 15.281535148620605], "rcnn_confidence": [0.0, 0.0, 0.0, 0.0, 0.0, 0.0, 0.0, 0.0, 0.0, 0.0], "yolo_confidence": [0.0, 0.0, 0.0, 0.0, 0.0, 0.0, 0.0, 0.0, 0.0, 0.0]}