{"pixel_L2": [4407.65673828125, 4265.41015625, 4233.76904296875, 4320.32470703125, 4285.4755859375, 4257.47119140625, 4163.49755859375, 4313.0546875, 4161.3828125, 4286.35107421875], "pixel_cosine": [0.988044023513794, 0.98880535364151, 0.9889720678329468, 0.9885150194168091, 0.988700270652771, 0.9888577461242676, 0.9893442988395691, 0.9885799288749695, 0.9893633127212524, 0.988699197769165], "low_L2": [140.34866333007812, 137.9518585205078, 137.5343017578125, 139.0110321044922, 137.3079071044922, 137.28610229492188, 136.20204162597656, 138.02516174316406, 137.15487670898438, 137.6814727783203], "low_cosine": [0.9402449727058411, 0.9422919154167175, 0.9426515102386475, 0.9413527250289917, 0.9428099393844604, 0.9429371356964111, 0.9437837600708008, 0.942300021648407, 0.9429914355278015, 0.9425018429756165], "mid_L2": [175.0214385986328, 174.8794403076172, 174.9690399169922, 173.7607421875, 174.37734985351562, 174.18646240234375, 172.62933349609375, 172.7743682861328, 173.3371124267578, 172.51197814941406], "mid_cosine": [0.7533652186393738, 0.7533603310585022, 0.7541075944900513, 0.7559263110160828, 0.7560936212539673, 0.7563929557800293, 0.7600587606430054, 0.7599403858184814, 0.7579536437988281, 0.7596290111541748], "high_L2": [46.98658752441406, 47.39262771606445, 46.574180603027344, 46.74699783325195, 45.91671371459961, 45.5444221496582, 45.2365608215332, 46.67300796508789, 46.92497634887695, 46.487369537353516], "high_cosine": [0.7486938238143921, 0.7449687719345093, 0.7551981210708618, 0.7516382932662964, 0.7653067111968994, 0.7652252912521362, 0.7684021592140198, 0.7547330856323242, 0.7511824369430542, 0.7552323937416077], "clip_cosine": [0.9966272711753845, 0.9978066682815552, 0.9975265264511108, 0.9976814985275269, 0.9960078597068787, 0.9964392781257629, 0.9983919262886047, 0.9953808784484863, 0.9978436231613159, 0.9969024658203125], "dino_cosine": [0.9822381734848022, 0.9840379953384399, 0.9847001433372498, 0.9838624000549316, 0.9870593547821045, 0.9869943857192993, 0.9879704713821411, 0.9894645810127258, 0.9877703785896301, 0.984723687171936], "clip_L2": [14.13914680480957, 12.900232315063477, 13.232108116149902, 13.253571510314941, 14.679197311401367, 13.676674842834473, 11.98939323425293, 14.597945213317871, 13.032286643981934, 14.100555419921875], "dino_L2": [14.303779602050781, 13.95547103881836, 13.592947006225586, 13.962148666381836, 12.535515785217285, 12.850715637207031, 12.45217514038086, 11.793726921081543, 12.485661506652832, 13.626714706420898], "rcnn_confidence": [0.0, 0.0, 0.0, 0.0, 0.0, 0.0, 0.0, 0.0, 0.0, 0.0], "yolo_confidence": [0.0, 0.0, 0.0, 0.0, 0.0, 0.0, 0.0, 0.0, 0.0, 0.0]}