{"pixel_L2": [15220.107421875, 15220.107421875, 15220.107421875, 15220.107421875, 15220.107421875, 15220.107421875, 15220.107421875, 15220.107421875, 15220.107421875, 15220.107421875], "pixel_cosine": [0.0, 0.0, 0.0, 0.0, 0.0, 0.0, 0.0, 0.0, 0.0, 0.0], "low_L2": [395.88201904296875, 395.88201904296875, 395.88201904296875, 395.88201904296875, 395.88201904296875, 395.88201904296875, 395.88201904296875, 395.88201904296875, 395.88201904296875, 395.88201904296875], "low_cosine": [0.3448394536972046, 0.3448394536972046, 0.3448394536972046, 0.3448394536972046, 0.3448394536972046, 0.3448394536972046, 0.3448394536972046, 0.3448394536972046, 0.3448394536972046, 0.3448394536972046], "mid_L2": [290.13323974609375, 290.13323974609375, 290.13323974609375, 290.13323974609375, 290.13323974609375, 290.13323974609375, 290.13323974609375, 290.13323974609375, 290.13323974609375, 290.13323974609375], "mid_cosine": [0.2415180802345276, 0.2415180802345276, 0.2415180802345276, 0.2415180802345276, 0.2415180802345276, 0.2415180802345276, 0.2415180802345276, 0.2415180802345276, 0.2415180802345276, 0.2415180802345276], "high_L2": [59.988285064697266, 59.988285064697266, 59.988285064697266, 59.988285064697266, 59.988285064697266, 59.988285064697266, 59.988285064697266, 59.988285064697266, 59.988285064697266, 59.988285064697266], "high_cosine": [0.13417433202266693, 0.13417433202266693, 0.13417433202266693, 0.13417433202266693, 0.13417433202266693, 0.13417433202266693, 0.13417433202266693, 0.13417433202266693, 0.13417433202266693, 0.13417433202266693], "clip_cosine": [0.9985588192939758, 0.9985588192939758, 0.9985588192939758, 0.9985588192939758, 0.9985588192939758, 0.9985588192939758, 0.9985588192939758, 0.9985588192939758, 0.9985588192939758, 0.9985588192939758], "dino_cosine": [0.9251644611358643, 0.9251644611358643, 0.9251644611358643, 0.9251644611358643, 0.9251644611358643, 0.9251644611358643, 0.9251644611358643, 0.9251644611358643, 0.9251644611358643, 0.9251644611358643], "clip_L2": [15.673981666564941, 15.673981666564941, 15.673981666564941, 15.673981666564941, 15.673981666564941, 15.673981666564941, 15.673981666564941, 15.673981666564941, 15.673981666564941, 15.673981666564941], "dino_L2": [22.83871841430664, 22.83871841430664, 22.83871841430664, 22.83871841430664, 22.83871841430664, 22.83871841430664, 22.83871841430664, 22.83871841430664, 22.83871841430664, 22.83871841430664], "rcnn_confidence": [0.0, 0.0, 0.0, 0.0, 0.0, 0.0, 0.0, 0.0, 0.0, 0.0], "yolo_confidence": [0.0, 0.0, 0.0, 0.0, 0.0, 0.0, 0.0, 0.0, 0.0, 0.0]}