{"pixel_L2": [13470.5986328125, 16195.05078125, 12169.318359375, 15877.296875, 14771.8349609375, 13323.1083984375, 13112.1650390625, 13613.4287109375, 20220.041015625, 13796.533203125], "pixel_cosine": [0.9701524972915649, 0.9576568603515625, 0.9762669801712036, 0.9568467736244202, 0.9668298959732056, 0.9767183065414429, 0.9767202138900757, 0.968205451965332, 0.9275704026222229, 0.9697086811065674], "low_L2": [231.05523681640625, 258.8612976074219, 197.77584838867188, 252.75830078125, 227.6013641357422, 220.5277862548828, 219.6244354248047, 256.8416748046875, 300.2008361816406, 220.2932586669922], "low_cosine": [0.8939387202262878, 0.878724217414856, 0.9211379289627075, 0.8814406394958496, 0.8997188210487366, 0.9098860025405884, 0.908465564250946, 0.8770670890808105, 0.8459047079086304, 0.9012033939361572], "mid_L2": [230.93978881835938, 251.21998596191406, 218.27005004882812, 244.2620086669922, 236.39967346191406, 230.4119110107422, 224.5299835205078, 245.1038818359375, 262.5654602050781, 232.1433563232422], "mid_cosine": [0.7496001720428467, 0.7030820250511169, 0.7750355005264282, 0.7245489358901978, 0.7426974773406982, 0.7547904253005981, 0.7568272352218628, 0.7168677449226379, 0.6823126077651978, 0.7473461627960205], "high_L2": [36.80738067626953, 38.44537353515625, 34.3768310546875, 36.47018051147461, 41.19325256347656, 35.68775939941406, 35.68587875366211, 39.16172409057617, 38.37428283691406, 33.98263168334961], "high_cosine": [0.7639991044998169, 0.7452204823493958, 0.7957361936569214, 0.7644577026367188, 0.7048996090888977, 0.7781327366828918, 0.7765715718269348, 0.7340423464775085, 0.7175275087356567, 0.7966554760932922], "clip_cosine": [0.9980931282043457, 0.9984917044639587, 0.9985262751579285, 0.9981134533882141, 0.9983282089233398, 0.9982225894927979, 0.9984263777732849, 0.9982884526252747, 0.9983076453208923, 0.9983713030815125], "dino_cosine": [0.9767313003540039, 0.9831246733665466, 0.9799895286560059, 0.9791310429573059, 0.9817349314689636, 0.9800313711166382, 0.9817716479301453, 0.9727519750595093, 0.966220498085022, 0.9710850715637207], "clip_L2": [12.946854591369629, 11.786036491394043, 11.33260726928711, 13.023904800415039, 12.934650421142578, 13.247993469238281, 12.131526947021484, 13.050472259521484, 12.808819770812988, 12.073502540588379], "dino_L2": [14.225235939025879, 13.375602722167969, 12.29690933227539, 13.58095645904541, 13.50707721710205, 12.939756393432617, 12.449750900268555, 13.701713562011719, 14.009840965270996, 13.514023780822754], "rcnn_confidence": [0.0, 0.0, 0.0, 0.0, 0.0, 0.0, 0.0, 0.0, 0.0, 0.0], "yolo_confidence": [0.0, 0.0, 0.0, 0.0, 0.0, 0.0, 0.0, 0.0, 0.0, 0.0]}