{"pixel_L2": [35149.03515625, 35407.23828125, 34169.35546875, 32538.173828125, 36700.61328125, 34421.80078125, 33347.33203125, 36211.76953125, 35648.75390625, 33619.33984375], "pixel_cosine": [0.8333224058151245, 0.8380165696144104, 0.8335533738136292, 0.845220148563385, 0.8304200172424316, 0.8348148465156555, 0.8407766819000244, 0.8337874412536621, 0.8279876708984375, 0.8325582146644592], "low_L2": [597.1144409179688, 459.2645263671875, 481.2008361816406, 452.8917236328125, 502.82080078125, 457.17510986328125, 507.34637451171875, 479.13409423828125, 479.4947509765625, 480.1495666503906], "low_cosine": [0.4395182728767395, 0.504619836807251, 0.4810009002685547, 0.5324755907058716, 0.5032224655151367, 0.5418538451194763, 0.4663212299346924, 0.4745969772338867, 0.4824150502681732, 0.49249014258384705], "mid_L2": [426.64849853515625, 416.4512023925781, 430.3229064941406, 395.67755126953125, 415.6254577636719, 404.19525146484375, 407.35400390625, 422.1388854980469, 422.2367248535156, 420.0323791503906], "mid_cosine": [0.2966425120830536, 0.30792665481567383, 0.270757257938385, 0.34432369470596313, 0.2824578285217285, 0.32448023557662964, 0.3225707411766052, 0.3088880777359009, 0.28701508045196533, 0.31687432527542114], "high_L2": [64.28626251220703, 47.41476058959961, 57.65514373779297, 47.4266242980957, 51.474639892578125, 55.57522201538086, 58.57712173461914, 56.161861419677734, 48.8909912109375, 53.25221633911133], "high_cosine": [0.4813135266304016, 0.6434864401817322, 0.5322819352149963, 0.6659438014030457, 0.6356461048126221, 0.5533733367919922, 0.5138778686523438, 0.5361354947090149, 0.6417155861854553, 0.5995743274688721], "clip_cosine": [0.9990600347518921, 0.9992181062698364, 0.9993160963058472, 0.99933260679245, 0.9993859529495239, 0.9993807077407837, 0.9993140697479248, 0.9991880655288696, 0.9993261694908142, 0.9992539882659912], "dino_cosine": [0.9633799195289612, 0.9612628221511841, 0.9674428701400757, 0.9601349234580994, 0.975282609462738, 0.9685974717140198, 0.9705711603164673, 0.9593172669410706, 0.9697009325027466, 0.9601646661758423], "clip_L2": [10.609623908996582, 10.038070678710938, 9.474862098693848, 9.143708229064941, 8.82097053527832, 8.91701889038086, 9.025283813476562, 10.219633102416992, 9.494136810302734, 9.743512153625488], "dino_L2": [14.301668167114258, 14.540205955505371, 12.552270889282227, 13.785176277160645, 11.995431900024414, 12.827110290527344, 12.535604476928711, 13.99230670928955, 13.057073593139648, 14.524871826171875], "rcnn_confidence": [0.13778138160705566, 0.0, 0.0, 0.0, 0.0, 0.0, 0.19618692994117737, 0.0, 0.0, 0.0], "yolo_confidence": [0.0, 0.0, 0.0, 0.0, 0.0, 0.0, 0.0, 0.0, 0.0, 0.0]}