{"pixel_L2": [53606.703125, 53868.11328125, 54166.20703125, 53551.30859375, 53698.6953125, 54048.83203125, 54590.06640625, 53547.53125, 53388.70703125, 52613.9765625], "pixel_cosine": [0.5137403607368469, 0.5043072700500488, 0.5231153964996338, 0.5008425116539001, 0.5025315880775452, 0.507504940032959, 0.46219685673713684, 0.49131184816360474, 0.5325239300727844, 0.5077687501907349], "low_L2": [721.7380981445312, 719.2207641601562, 716.1621704101562, 721.4918212890625, 710.4526977539062, 713.7755126953125, 725.8043212890625, 715.84326171875, 705.1832885742188, 706.0131225585938], "low_cosine": [0.2919774651527405, 0.3006581664085388, 0.2687540054321289, 0.2993927299976349, 0.30566728115081787, 0.2861172556877136, 0.2972922623157501, 0.3017035126686096, 0.285774827003479, 0.2602499723434448], "mid_L2": [472.0947570800781, 471.94451904296875, 471.8349609375, 474.9405212402344, 481.6751403808594, 468.76580810546875, 472.0617370605469, 477.5752868652344, 476.22503662109375, 464.02349853515625], "mid_cosine": [0.17436087131500244, 0.16837447881698608, 0.17730741202831268, 0.17349281907081604, 0.1738571971654892, 0.1682501584291458, 0.15811409056186676, 0.15119820833206177, 0.1784047931432724, 0.184287428855896], "high_L2": [72.4088134765625, 72.65046691894531, 69.33123779296875, 67.5358657836914, 71.14734649658203, 71.54061126708984, 75.3280258178711, 75.28567504882812, 72.66766357421875, 67.03271484375], "high_cosine": [0.13391666114330292, 0.0955621674656868, 0.11294876039028168, 0.1310976892709732, 0.09349958598613739, 0.0831826850771904, 0.05534873902797699, 0.09883654117584229, 0.1113525927066803, 0.17907299101352692], "clip_cosine": [0.9987126588821411, 0.9987169504165649, 0.9987270832061768, 0.9986026287078857, 0.9986046552658081, 0.9987796545028687, 0.9986196756362915, 0.9987363815307617, 0.9987810254096985, 0.9989781379699707], "dino_cosine": [0.9601260423660278, 0.9716605544090271, 0.9682446122169495, 0.9679359197616577, 0.9678779244422913, 0.9703378081321716, 0.963469922542572, 0.9532400369644165, 0.9685442447662354, 0.9616349339485168], "clip_L2": [13.542579650878906, 13.475611686706543, 13.40604305267334, 13.640230178833008, 13.711880683898926, 13.202863693237305, 14.131563186645508, 13.524164199829102, 12.987621307373047, 11.888691902160645], "dino_L2": [14.621479034423828, 12.644509315490723, 12.85630989074707, 13.797342300415039, 13.797104835510254, 12.792105674743652, 13.9003267288208, 16.722848892211914, 14.278007507324219, 15.334270477294922], "rcnn_confidence": [0.0, 0.0, 0.0, 0.0, 0.0, 0.0, 0.0, 0.0, 0.0, 0.0], "yolo_confidence": [0.0, 0.0, 0.0, 0.0, 0.0, 0.0, 0.0, 0.0, 0.0, 0.0]}