{"pixel_L2": [37170.6171875, 37170.6171875, 37170.6171875, 37170.6171875, 37170.6171875, 37170.6171875, 37170.6171875, 37170.6171875, 37170.6171875, 37170.6171875], "pixel_cosine": [0.0, 0.0, 0.0, 0.0, 0.0, 0.0, 0.0, 0.0, 0.0, 0.0], "low_L2": [435.83935546875, 435.83935546875, 435.83935546875, 435.83935546875, 435.83935546875, 435.83935546875, 435.83935546875, 435.83935546875, 435.83935546875, 435.83935546875], "low_cosine": [0.14173835515975952, 0.14173835515975952, 0.14173835515975952, 0.14173835515975952, 0.14173835515975952, 0.14173835515975952, 0.14173835515975952, 0.14173835515975952, 0.14173835515975952, 0.14173835515975952], "mid_L2": [318.6913757324219, 318.6913757324219, 318.6913757324219, 318.6913757324219, 318.6913757324219, 318.6913757324219, 318.6913757324219, 318.6913757324219, 318.6913757324219, 318.6913757324219], "mid_cosine": [0.1498066484928131, 0.1498066484928131, 0.1498066484928131, 0.1498066484928131, 0.1498066484928131, 0.1498066484928131, 0.1498066484928131, 0.1498066484928131, 0.1498066484928131, 0.1498066484928131], "high_L2": [60.87803268432617, 60.87803268432617, 60.87803268432617, 60.87803268432617, 60.87803268432617, 60.87803268432617, 60.87803268432617, 60.87803268432617, 60.87803268432617, 60.87803268432617], "high_cosine": [0.05441989377140999, 0.05441989377140999, 0.05441989377140999, 0.05441989377140999, 0.05441989377140999, 0.05441989377140999, 0.05441989377140999, 0.05441989377140999, 0.05441989377140999, 0.05441989377140999], "clip_cosine": [0.9978078007698059, 0.9978078007698059, 0.9978078007698059, 0.9978078007698059, 0.9978078007698059, 0.9978078007698059, 0.9978078007698059, 0.9978078007698059, 0.9978078007698059, 0.9978078007698059], "dino_cosine": [0.9259943962097168, 0.9259943962097168, 0.9259943962097168, 0.9259943962097168, 0.9259943962097168, 0.9259943962097168, 0.9259943962097168, 0.9259943962097168, 0.9259943962097168, 0.9259943962097168], "clip_L2": [17.587467193603516, 17.587467193603516, 17.587467193603516, 17.587467193603516, 17.587467193603516, 17.587467193603516, 17.587467193603516, 17.587467193603516, 17.587467193603516, 17.587467193603516], "dino_L2": [23.769081115722656, 23.769081115722656, 23.769081115722656, 23.769081115722656, 23.769081115722656, 23.769081115722656, 23.769081115722656, 23.769081115722656, 23.769081115722656, 23.769081115722656], "rcnn_confidence": [0.0, 0.0, 0.0, 0.0, 0.0, 0.0, 0.0, 0.0, 0.0, 0.0], "yolo_confidence": [0.0, 0.0, 0.0, 0.0, 0.0, 0.0, 0.0, 0.0, 0.0, 0.0]}