{"pixel_L2": [19396.619140625, 19358.62890625, 19502.322265625, 19667.615234375, 19413.662109375, 19437.947265625, 19656.00390625, 19672.025390625, 19701.4375, 19227.25], "pixel_cosine": [0.8435419201850891, 0.8423790335655212, 0.8430907726287842, 0.8426378965377808, 0.84037846326828, 0.8434367179870605, 0.8405318856239319, 0.843794047832489, 0.8435497283935547, 0.8433277010917664], "low_L2": [301.0474853515625, 300.2628173828125, 301.2002868652344, 302.0945739746094, 300.7626647949219, 301.9925537109375, 301.22906494140625, 301.78961181640625, 301.71136474609375, 300.40948486328125], "low_cosine": [0.7576463222503662, 0.7594183683395386, 0.7573482990264893, 0.7554405927658081, 0.7581168413162231, 0.756096601486206, 0.757213294506073, 0.7561686038970947, 0.756100058555603, 0.7588610053062439], "mid_L2": [271.3236999511719, 272.01214599609375, 272.2533874511719, 271.1719665527344, 269.5508117675781, 271.114013671875, 270.7864990234375, 271.58221435546875, 273.584716796875, 272.40985107421875], "mid_cosine": [0.5134066939353943, 0.5122647285461426, 0.5135802030563354, 0.5205376148223877, 0.519320547580719, 0.513121485710144, 0.5179721117019653, 0.5133451223373413, 0.5084480047225952, 0.5153902769088745], "high_L2": [69.0902099609375, 69.19168090820312, 68.73255920410156, 69.98370361328125, 67.069091796875, 69.16983795166016, 70.100830078125, 69.6287612915039, 70.2509536743164, 71.12838745117188], "high_cosine": [0.329181432723999, 0.3258969783782959, 0.33500194549560547, 0.3310680091381073, 0.3639257848262787, 0.3292742371559143, 0.31638818979263306, 0.32423335313796997, 0.31641021370887756, 0.31780484318733215], "clip_cosine": [0.9984442591667175, 0.9978261590003967, 0.9982788562774658, 0.9985098838806152, 0.9985415935516357, 0.9980366230010986, 0.9982544779777527, 0.9983594417572021, 0.9981344938278198, 0.99849534034729], "dino_cosine": [0.9637347459793091, 0.9637367129325867, 0.9646109342575073, 0.9597364068031311, 0.964353084564209, 0.9650735855102539, 0.9631757736206055, 0.9627222418785095, 0.9631257653236389, 0.9648644328117371], "clip_L2": [13.887561798095703, 15.657394409179688, 14.64228343963623, 14.02774715423584, 13.755072593688965, 15.258398056030273, 14.468343734741211, 14.363625526428223, 15.216012001037598, 14.115671157836914], "dino_L2": [18.460174560546875, 18.51117706298828, 18.80312728881836, 18.532522201538086, 18.773286819458008, 18.19679832458496, 18.02647590637207, 18.605121612548828, 18.35158348083496, 17.98379135131836], "rcnn_confidence": [0.0, 0.0, 0.0, 0.0, 0.0, 0.0, 0.0, 0.0, 0.0, 0.0], "yolo_confidence": [0.0, 0.0, 0.0, 0.0, 0.0, 0.0, 0.0, 0.0, 0.0, 0.0]}