{"pixel_L2": [22686.07421875, 22686.07421875, 22686.07421875, 22686.07421875, 22686.07421875, 22686.07421875, 22686.07421875, 22686.07421875, 22686.07421875, 22686.07421875], "pixel_cosine": [0.0, 0.0, 0.0, 0.0, 0.0, 0.0, 0.0, 0.0, 0.0, 0.0], "low_L2": [472.7765197753906, 472.7765197753906, 472.7765197753906, 472.7765197753906, 472.7765197753906, 472.7765197753906, 472.7765197753906, 472.7765197753906, 472.7765197753906, 472.7765197753906], "low_cosine": [0.34853506088256836, 0.34853506088256836, 0.34853506088256836, 0.34853506088256836, 0.34853506088256836, 0.34853506088256836, 0.34853506088256836, 0.34853506088256836, 0.34853506088256836, 0.34853506088256836], "mid_L2": [240.634765625, 240.634765625, 240.634765625, 240.634765625, 240.634765625, 240.634765625, 240.634765625, 240.634765625, 240.634765625, 240.634765625], "mid_cosine": [0.38951748609542847, 0.38951748609542847, 0.38951748609542847, 0.38951748609542847, 0.38951748609542847, 0.38951748609542847, 0.38951748609542847, 0.38951748609542847, 0.38951748609542847, 0.38951748609542847], "high_L2": [56.659912109375, 56.659912109375, 56.659912109375, 56.659912109375, 56.659912109375, 56.659912109375, 56.659912109375, 56.659912109375, 56.659912109375, 56.659912109375], "high_cosine": [0.47635161876678467, 0.47635161876678467, 0.47635161876678467, 0.47635161876678467, 0.47635161876678467, 0.47635161876678467, 0.47635161876678467, 0.47635161876678467, 0.47635161876678467, 0.47635161876678467], "clip_cosine": [0.9978046417236328, 0.9978046417236328, 0.9978046417236328, 0.9978046417236328, 0.9978046417236328, 0.9978046417236328, 0.9978046417236328, 0.9978046417236328, 0.9978046417236328, 0.9978046417236328], "dino_cosine": [0.9392220377922058, 0.9392220377922058, 0.9392220377922058, 0.9392220377922058, 0.9392220377922058, 0.9392220377922058, 0.9392220377922058, 0.9392220377922058, 0.9392220377922058, 0.9392220377922058], "clip_L2": [17.816320419311523, 17.816320419311523, 17.816320419311523, 17.816320419311523, 17.816320419311523, 17.816320419311523, 17.816320419311523, 17.816320419311523, 17.816320419311523, 17.816320419311523], "dino_L2": [22.80364418029785, 22.80364418029785, 22.80364418029785, 22.80364418029785, 22.80364418029785, 22.80364418029785, 22.80364418029785, 22.80364418029785, 22.80364418029785, 22.80364418029785], "rcnn_confidence": [0.0, 0.0, 0.0, 0.0, 0.0, 0.0, 0.0, 0.0, 0.0, 0.0], "yolo_confidence": [0.0, 0.0, 0.0, 0.0, 0.0, 0.0, 0.0, 0.0, 0.0, 0.0]}