{"pixel_L2": [26760.74609375, 26760.74609375, 26760.74609375, 26760.74609375, 26760.74609375, 26760.74609375, 26760.74609375, 26760.74609375, 26760.74609375, 26760.74609375], "pixel_cosine": [0.0, 0.0, 0.0, 0.0, 0.0, 0.0, 0.0, 0.0, 0.0, 0.0], "low_L2": [370.5456848144531, 370.5456848144531, 370.5456848144531, 370.5456848144531, 370.5456848144531, 370.5456848144531, 370.5456848144531, 370.5456848144531, 370.5456848144531, 370.5456848144531], "low_cosine": [0.37248045206069946, 0.37248045206069946, 0.37248045206069946, 0.37248045206069946, 0.37248045206069946, 0.37248045206069946, 0.37248045206069946, 0.37248045206069946, 0.37248045206069946, 0.37248045206069946], "mid_L2": [265.169921875, 265.169921875, 265.169921875, 265.169921875, 265.169921875, 265.169921875, 265.169921875, 265.169921875, 265.169921875, 265.169921875], "mid_cosine": [0.2741588056087494, 0.2741588056087494, 0.2741588056087494, 0.2741588056087494, 0.2741588056087494, 0.2741588056087494, 0.2741588056087494, 0.2741588056087494, 0.2741588056087494, 0.2741588056087494], "high_L2": [58.94422912597656, 58.94422912597656, 58.94422912597656, 58.94422912597656, 58.94422912597656, 58.94422912597656, 58.94422912597656, 58.94422912597656, 58.94422912597656, 58.94422912597656], "high_cosine": [0.25345075130462646, 0.25345075130462646, 0.25345075130462646, 0.25345075130462646, 0.25345075130462646, 0.25345075130462646, 0.25345075130462646, 0.25345075130462646, 0.25345075130462646, 0.25345075130462646], "clip_cosine": [0.9981414675712585, 0.9981414675712585, 0.9981414675712585, 0.9981414675712585, 0.9981414675712585, 0.9981414675712585, 0.9981414675712585, 0.9981414675712585, 0.9981414675712585, 0.9981414675712585], "dino_cosine": [0.9421161413192749, 0.9421161413192749, 0.9421161413192749, 0.9421161413192749, 0.9421161413192749, 0.9421161413192749, 0.9421161413192749, 0.9421161413192749, 0.9421161413192749, 0.9421161413192749], "clip_L2": [16.375656127929688, 16.375656127929688, 16.375656127929688, 16.375656127929688, 16.375656127929688, 16.375656127929688, 16.375656127929688, 16.375656127929688, 16.375656127929688, 16.375656127929688], "dino_L2": [22.70615005493164, 22.70615005493164, 22.70615005493164, 22.70615005493164, 22.70615005493164, 22.70615005493164, 22.70615005493164, 22.70615005493164, 22.70615005493164, 22.70615005493164], "rcnn_confidence": [0.0, 0.0, 0.0, 0.0, 0.0, 0.0, 0.0, 0.0, 0.0, 0.0], "yolo_confidence": [0.0, 0.0, 0.0, 0.0, 0.0, 0.0, 0.0, 0.0, 0.0, 0.0]}