{"pixel_L2": [36029.70703125, 28577.00390625, 37629.6171875, 34802.1328125, 31355.837890625, 34396.26953125, 38474.65234375, 29936.509765625, 30078.884765625, 50978.59375], "pixel_cosine": [0.9074353575706482, 0.9394291043281555, 0.8914577960968018, 0.9116349220275879, 0.9263989329338074, 0.9107335805892944, 0.8883999586105347, 0.9331327080726624, 0.9321032166481018, 0.7988975048065186], "low_L2": [505.6612548828125, 468.0185852050781, 495.9670715332031, 477.2318420410156, 551.9558715820312, 540.3406982421875, 692.44482421875, 452.8575439453125, 458.30059814453125, 555.6265258789062], "low_cosine": [0.4389035403728485, 0.4686489999294281, 0.4256294369697571, 0.4484872817993164, 0.4756934642791748, 0.393415629863739, 0.37739935517311096, 0.47413140535354614, 0.41799718141555786, 0.32302582263946533], "mid_L2": [353.46649169921875, 356.2453308105469, 350.326904296875, 342.873291015625, 368.7828063964844, 365.40625, 397.4971008300781, 334.40594482421875, 354.97088623046875, 391.2093200683594], "mid_cosine": [0.22064991295337677, 0.21906352043151855, 0.26382577419281006, 0.23748674988746643, 0.23051713407039642, 0.22870182991027832, 0.18749143183231354, 0.2706887125968933, 0.23567411303520203, 0.18380320072174072], "high_L2": [65.22801971435547, 59.991214752197266, 56.5467643737793, 55.976009368896484, 60.956783294677734, 62.1710319519043, 63.10502243041992, 56.49726104736328, 60.61183166503906, 72.15372467041016], "high_cosine": [0.2722966969013214, 0.30940061807632446, 0.3489864766597748, 0.36086931824684143, 0.3729496896266937, 0.21517343819141388, 0.18692508339881897, 0.3657323122024536, 0.27049341797828674, 0.20584295690059662], "clip_cosine": [0.9990217089653015, 0.9989906549453735, 0.9993240237236023, 0.9990196228027344, 0.9993694424629211, 0.9985960721969604, 0.999202311038971, 0.9989709258079529, 0.9984942674636841, 0.9991558194160461], "dino_cosine": [0.9697070717811584, 0.9696111679077148, 0.9700185656547546, 0.9786831736564636, 0.9639996886253357, 0.9677367806434631, 0.9528863430023193, 0.9667996168136597, 0.9726665019989014, 0.9667714834213257], "clip_L2": [11.30142593383789, 11.368988990783691, 9.596908569335938, 11.284723281860352, 9.152362823486328, 13.510099411010742, 10.143243789672852, 11.602616310119629, 13.742408752441406, 10.697741508483887], "dino_L2": [13.601171493530273, 14.116063117980957, 12.478499412536621, 14.39857006072998, 13.040241241455078, 12.603032112121582, 15.422998428344727, 14.784199714660645, 15.875789642333984, 15.241538047790527], "rcnn_confidence": [0.0, 0.0, 0.0, 0.0, 0.0, 0.20687302947044373, 0.0, 0.0, 0.0, 0.0], "yolo_confidence": [0.0, 0.0, 0.0, 0.0, 0.0, 0.0, 0.0, 0.0, 0.0, 0.0]}