{"pixel_L2": [25957.91015625, 25957.91015625, 25957.91015625, 25957.91015625, 25957.91015625, 25957.91015625, 25957.91015625, 25957.91015625, 25957.91015625, 25957.91015625], "pixel_cosine": [0.0, 0.0, 0.0, 0.0, 0.0, 0.0, 0.0, 0.0, 0.0, 0.0], "low_L2": [478.1138000488281, 478.1138000488281, 478.1138000488281, 478.1138000488281, 478.1138000488281, 478.1138000488281, 478.1138000488281, 478.1138000488281, 478.1138000488281, 478.1138000488281], "low_cosine": [0.3404167592525482, 0.3404167592525482, 0.3404167592525482, 0.3404167592525482, 0.3404167592525482, 0.3404167592525482, 0.3404167592525482, 0.3404167592525482, 0.3404167592525482, 0.3404167592525482], "mid_L2": [307.82305908203125, 307.82305908203125, 307.82305908203125, 307.82305908203125, 307.82305908203125, 307.82305908203125, 307.82305908203125, 307.82305908203125, 307.82305908203125, 307.82305908203125], "mid_cosine": [0.32641565799713135, 0.32641565799713135, 0.32641565799713135, 0.32641565799713135, 0.32641565799713135, 0.32641565799713135, 0.32641565799713135, 0.32641565799713135, 0.32641565799713135, 0.32641565799713135], "high_L2": [60.234676361083984, 60.234676361083984, 60.234676361083984, 60.234676361083984, 60.234676361083984, 60.234676361083984, 60.234676361083984, 60.234676361083984, 60.234676361083984, 60.234676361083984], "high_cosine": [0.32517945766448975, 0.32517945766448975, 0.32517945766448975, 0.32517945766448975, 0.32517945766448975, 0.32517945766448975, 0.32517945766448975, 0.32517945766448975, 0.32517945766448975, 0.32517945766448975], "clip_cosine": [0.9980836510658264, 0.9980836510658264, 0.9980836510658264, 0.9980836510658264, 0.9980836510658264, 0.9980836510658264, 0.9980836510658264, 0.9980836510658264, 0.9980836510658264, 0.9980836510658264], "dino_cosine": [0.9537193775177002, 0.9537193775177002, 0.9537193775177002, 0.9537193775177002, 0.9537193775177002, 0.9537193775177002, 0.9537193775177002, 0.9537193775177002, 0.9537193775177002, 0.9537193775177002], "clip_L2": [16.61467742919922, 16.61467742919922, 16.61467742919922, 16.61467742919922, 16.61467742919922, 16.61467742919922, 16.61467742919922, 16.61467742919922, 16.61467742919922, 16.61467742919922], "dino_L2": [23.192594528198242, 23.192594528198242, 23.192594528198242, 23.192594528198242, 23.192594528198242, 23.192594528198242, 23.192594528198242, 23.192594528198242, 23.192594528198242, 23.192594528198242], "rcnn_confidence": [0.0, 0.0, 0.0, 0.0, 0.0, 0.0, 0.0, 0.0, 0.0, 0.0], "yolo_confidence": [0.0, 0.0, 0.0, 0.0, 0.0, 0.0, 0.0, 0.0, 0.0, 0.0]}