{"pixel_L2": [30182.576171875, 30182.576171875, 30182.576171875, 30182.576171875, 30182.576171875, 30182.576171875, 30182.576171875, 30182.576171875, 30182.576171875, 30182.576171875], "pixel_cosine": [0.0, 0.0, 0.0, 0.0, 0.0, 0.0, 0.0, 0.0, 0.0, 0.0], "low_L2": [438.7418518066406, 438.7418518066406, 438.7418518066406, 438.7418518066406, 438.7418518066406, 438.7418518066406, 438.7418518066406, 438.7418518066406, 438.7418518066406, 438.7418518066406], "low_cosine": [0.2741197943687439, 0.2741197943687439, 0.2741197943687439, 0.2741197943687439, 0.2741197943687439, 0.2741197943687439, 0.2741197943687439, 0.2741197943687439, 0.2741197943687439, 0.2741197943687439], "mid_L2": [270.2169189453125, 270.2169189453125, 270.2169189453125, 270.2169189453125, 270.2169189453125, 270.2169189453125, 270.2169189453125, 270.2169189453125, 270.2169189453125, 270.2169189453125], "mid_cosine": [0.251480370759964, 0.251480370759964, 0.251480370759964, 0.251480370759964, 0.251480370759964, 0.251480370759964, 0.251480370759964, 0.251480370759964, 0.251480370759964, 0.251480370759964], "high_L2": [61.7887077331543, 61.7887077331543, 61.7887077331543, 61.7887077331543, 61.7887077331543, 61.7887077331543, 61.7887077331543, 61.7887077331543, 61.7887077331543, 61.7887077331543], "high_cosine": [0.10376616567373276, 0.10376616567373276, 0.10376616567373276, 0.10376616567373276, 0.10376616567373276, 0.10376616567373276, 0.10376616567373276, 0.10376616567373276, 0.10376616567373276, 0.10376616567373276], "clip_cosine": [0.9981811046600342, 0.9981811046600342, 0.9981811046600342, 0.9981811046600342, 0.9981811046600342, 0.9981811046600342, 0.9981811046600342, 0.9981811046600342, 0.9981811046600342, 0.9981811046600342], "dino_cosine": [0.9164769649505615, 0.9164769649505615, 0.9164769649505615, 0.9164769649505615, 0.9164769649505615, 0.9164769649505615, 0.9164769649505615, 0.9164769649505615, 0.9164769649505615, 0.9164769649505615], "clip_L2": [16.598268508911133, 16.598268508911133, 16.598268508911133, 16.598268508911133, 16.598268508911133, 16.598268508911133, 16.598268508911133, 16.598268508911133, 16.598268508911133, 16.598268508911133], "dino_L2": [23.954627990722656, 23.954627990722656, 23.954627990722656, 23.954627990722656, 23.954627990722656, 23.954627990722656, 23.954627990722656, 23.954627990722656, 23.954627990722656, 23.954627990722656], "rcnn_confidence": [0.0, 0.0, 0.0, 0.0, 0.0, 0.0, 0.0, 0.0, 0.0, 0.0], "yolo_confidence": [0.0, 0.0, 0.0, 0.0, 0.0, 0.0, 0.0, 0.0, 0.0, 0.0]}