{"pixel_L2": [17137.365234375, 16077.8037109375, 15805.912109375, 17148.91796875, 19599.15234375, 23452.08203125, 17532.87109375, 22886.919921875, 16310.2265625, 20121.083984375], "pixel_cosine": [0.8393109440803528, 0.8758404850959778, 0.8755220174789429, 0.8431904315948486, 0.8209755420684814, 0.7847411632537842, 0.8365064263343811, 0.7893216013908386, 0.8584733605384827, 0.8344736695289612], "low_L2": [296.99737548828125, 318.6563415527344, 293.27239990234375, 297.7538757324219, 296.4929504394531, 380.3931884765625, 298.0506591796875, 331.02557373046875, 287.0343322753906, 305.2044677734375], "low_cosine": [0.5436601638793945, 0.5052767992019653, 0.5720580816268921, 0.5729591846466064, 0.541496753692627, 0.43881070613861084, 0.5542410016059875, 0.4678359627723694, 0.5557540059089661, 0.519102156162262], "mid_L2": [303.38446044921875, 292.308837890625, 279.23504638671875, 313.5609436035156, 317.19854736328125, 306.9941101074219, 305.8883972167969, 300.0922546386719, 279.0143127441406, 286.7342529296875], "mid_cosine": [0.35039374232292175, 0.40074965357780457, 0.4339609742164612, 0.36191970109939575, 0.3186824917793274, 0.3604479432106018, 0.35770663619041443, 0.34115779399871826, 0.40790295600891113, 0.3794839382171631], "high_L2": [53.36466979980469, 50.858924865722656, 49.40791702270508, 64.646484375, 55.40949249267578, 59.13092803955078, 53.21532440185547, 53.73965835571289, 44.68631362915039, 55.55862808227539], "high_cosine": [0.5777612328529358, 0.6320040822029114, 0.6440295577049255, 0.44763997197151184, 0.5624145269393921, 0.43564262986183167, 0.5627915263175964, 0.5275468826293945, 0.6680785417556763, 0.5687365531921387], "clip_cosine": [0.9992402195930481, 0.9993647336959839, 0.9994630813598633, 0.9991723895072937, 0.9992070198059082, 0.9990254044532776, 0.9992777109146118, 0.9992629289627075, 0.9988049864768982, 0.9991057515144348], "dino_cosine": [0.976453423500061, 0.9772432446479797, 0.9743855595588684, 0.9791809320449829, 0.9738995432853699, 0.9576833844184875, 0.9764320850372314, 0.9658554792404175, 0.9591856002807617, 0.9723963737487793], "clip_L2": [10.368380546569824, 9.345084190368652, 8.689081192016602, 10.693609237670898, 10.701562881469727, 11.505692481994629, 10.106528282165527, 10.263842582702637, 13.178757667541504, 11.36386489868164], "dino_L2": [13.17174243927002, 11.870817184448242, 12.457914352416992, 12.386119842529297, 13.557827949523926, 17.18109703063965, 12.887069702148438, 15.36932373046875, 16.204038619995117, 12.5527925491333], "rcnn_confidence": [0.0, 0.0, 0.08811723440885544, 0.06641945242881775, 0.0, 0.0, 0.0, 0.0, 0.0, 0.0], "yolo_confidence": [0.0, 0.0, 0.0, 0.0, 0.0, 0.0, 0.0, 0.0, 0.0, 0.0]}