{"pixel_L2": [14228.5400390625, 14150.693359375, 14239.13671875, 14061.7734375, 14194.517578125, 14244.9814453125, 14030.671875, 13953.4423828125, 14063.92578125, 14045.939453125], "pixel_cosine": [0.7056048512458801, 0.7097451686859131, 0.7048264145851135, 0.7137608528137207, 0.7068358659744263, 0.7046586871147156, 0.714980959892273, 0.7187371850013733, 0.7132382392883301, 0.7140770554542542], "low_L2": [320.9472351074219, 320.4395446777344, 321.1581726074219, 319.73065185546875, 321.7497253417969, 320.6429138183594, 319.4364013671875, 319.412353515625, 320.87432861328125, 319.8631286621094], "low_cosine": [0.622670590877533, 0.6242309808731079, 0.6220146417617798, 0.6263554096221924, 0.6201791763305664, 0.6235874891281128, 0.6272514462471008, 0.627318263053894, 0.6228690147399902, 0.6259652376174927], "mid_L2": [211.41220092773438, 209.30328369140625, 211.19786071777344, 210.68324279785156, 208.8447265625, 210.1786346435547, 209.3546600341797, 211.553955078125, 210.64010620117188, 210.2511749267578], "mid_cosine": [0.5192619562149048, 0.5256257653236389, 0.5198708772659302, 0.5199929475784302, 0.5232136249542236, 0.52158522605896, 0.5249143242835999, 0.5166652798652649, 0.5202623605728149, 0.5218595266342163], "high_L2": [58.25536346435547, 58.39766311645508, 58.76374435424805, 58.38414764404297, 58.16064453125, 58.11638641357422, 57.973297119140625, 58.17870330810547, 58.21942901611328, 57.99557113647461], "high_cosine": [0.5610952973365784, 0.5594184398651123, 0.5546863079071045, 0.5572456121444702, 0.5583854913711548, 0.5632307529449463, 0.566166341304779, 0.5594780445098877, 0.5599799752235413, 0.5617908835411072], "clip_cosine": [0.9991201758384705, 0.9991436004638672, 0.9991077184677124, 0.9991373419761658, 0.9991081953048706, 0.9991481304168701, 0.999108612537384, 0.9990410804748535, 0.9990630745887756, 0.9990561604499817], "dino_cosine": [0.9628688097000122, 0.9589518308639526, 0.9587429165840149, 0.960335910320282, 0.9624525904655457, 0.9621995687484741, 0.9548700451850891, 0.9613032937049866, 0.9582962989807129, 0.9561406970024109], "clip_L2": [10.177517890930176, 10.226531982421875, 10.375905990600586, 10.452713966369629, 10.48468017578125, 10.397980690002441, 10.458590507507324, 10.991253852844238, 10.830360412597656, 10.706847190856934], "dino_L2": [15.384695053100586, 16.395090103149414, 15.892950057983398, 15.988700866699219, 15.678226470947266, 15.70190715789795, 16.54414939880371, 16.393863677978516, 16.3143310546875, 16.385072708129883], "rcnn_confidence": [0.0, 0.0, 0.0, 0.0, 0.0, 0.0, 0.0, 0.0, 0.0, 0.0], "yolo_confidence": [0.0, 0.0, 0.0, 0.0, 0.0, 0.0, 0.0, 0.0, 0.0, 0.0]}