{"pixel_L2": [35705.79296875, 35733.71875, 35730.0390625, 35724.20703125, 35767.54296875, 35711.2890625, 35750.63671875, 35747.546875, 35706.20703125, 35733.4375], "pixel_cosine": [0.22887428104877472, 0.2278481125831604, 0.22868451476097107, 0.2282389998435974, 0.2278694361448288, 0.22855496406555176, 0.22861576080322266, 0.2282862663269043, 0.22878466546535492, 0.22816070914268494], "low_L2": [292.273681640625, 292.7512512207031, 293.5311584472656, 294.67559814453125, 294.9058532714844, 293.3634338378906, 294.6106262207031, 294.1890869140625, 292.6789855957031, 294.9367370605469], "low_cosine": [0.3211876153945923, 0.32081228494644165, 0.31986069679260254, 0.3187628388404846, 0.3193366527557373, 0.32164257764816284, 0.3168542981147766, 0.32173871994018555, 0.31979259848594666, 0.31886857748031616], "mid_L2": [260.2260437011719, 259.8183288574219, 259.9256591796875, 261.45770263671875, 261.10150146484375, 260.51165771484375, 260.9067077636719, 260.57196044921875, 260.2560729980469, 261.6066589355469], "mid_cosine": [0.21603232622146606, 0.21715515851974487, 0.21668696403503418, 0.21424537897109985, 0.21523109078407288, 0.2187212109565735, 0.21461671590805054, 0.216443732380867, 0.21629703044891357, 0.215358704328537], "high_L2": [57.110984802246094, 57.126407623291016, 57.23781967163086, 57.280914306640625, 57.34153747558594, 57.20835494995117, 57.10713577270508, 57.20344924926758, 57.41027069091797, 57.300411224365234], "high_cosine": [0.1418188065290451, 0.1419380009174347, 0.1414533406496048, 0.14218781888484955, 0.14087049663066864, 0.14510145783424377, 0.14100253582000732, 0.1428341567516327, 0.14086666703224182, 0.14210282266139984], "clip_cosine": [0.9989398121833801, 0.998738706111908, 0.9988253116607666, 0.9987845420837402, 0.9988545775413513, 0.9988305568695068, 0.9987818002700806, 0.9988967776298523, 0.9988816380500793, 0.9988017678260803], "dino_cosine": [0.9323692321777344, 0.930992603302002, 0.9278586506843567, 0.9391840696334839, 0.9423006176948547, 0.9385136365890503, 0.9383843541145325, 0.9309309720993042, 0.9345167875289917, 0.9385541677474976], "clip_L2": [13.853667259216309, 14.102500915527344, 14.0476713180542, 14.21556568145752, 13.840679168701172, 14.016308784484863, 14.128279685974121, 13.94112777709961, 13.934545516967773, 14.174015045166016], "dino_L2": [18.276397705078125, 18.72857093811035, 19.095762252807617, 18.279619216918945, 17.749610900878906, 18.16024398803711, 18.192554473876953, 18.722858428955078, 18.11038589477539, 18.06800079345703], "rcnn_confidence": [0.0, 0.0, 0.0, 0.0, 0.0, 0.0, 0.0, 0.0, 0.0, 0.0], "yolo_confidence": [0.0, 0.0, 0.0, 0.0, 0.0, 0.0, 0.0, 0.0, 0.0, 0.0]}