{"pixel_L2": [81869.21875, 81869.21875, 81869.21875, 81869.21875, 81869.21875, 81869.21875, 81869.21875, 81869.21875, 81869.21875, 81869.21875], "pixel_cosine": [0.0, 0.0, 0.0, 0.0, 0.0, 0.0, 0.0, 0.0, 0.0, 0.0], "low_L2": [474.94580078125, 474.94580078125, 474.94580078125, 474.94580078125, 474.94580078125, 474.94580078125, 474.94580078125, 474.94580078125, 474.94580078125, 474.94580078125], "low_cosine": [0.11954424530267715, 0.11954424530267715, 0.11954424530267715, 0.11954424530267715, 0.11954424530267715, 0.11954424530267715, 0.11954424530267715, 0.11954424530267715, 0.11954424530267715, 0.11954424530267715], "mid_L2": [297.1846923828125, 297.1846923828125, 297.1846923828125, 297.1846923828125, 297.1846923828125, 297.1846923828125, 297.1846923828125, 297.1846923828125, 297.1846923828125, 297.1846923828125], "mid_cosine": [0.19565677642822266, 0.19565677642822266, 0.19565677642822266, 0.19565677642822266, 0.19565677642822266, 0.19565677642822266, 0.19565677642822266, 0.19565677642822266, 0.19565677642822266, 0.19565677642822266], "high_L2": [66.92559814453125, 66.92559814453125, 66.92559814453125, 66.92559814453125, 66.92559814453125, 66.92559814453125, 66.92559814453125, 66.92559814453125, 66.92559814453125, 66.92559814453125], "high_cosine": [0.10788267850875854, 0.10788267850875854, 0.10788267850875854, 0.10788267850875854, 0.10788267850875854, 0.10788267850875854, 0.10788267850875854, 0.10788267850875854, 0.10788267850875854, 0.10788267850875854], "clip_cosine": [0.9978488683700562, 0.9978488683700562, 0.9978488683700562, 0.9978488683700562, 0.9978488683700562, 0.9978488683700562, 0.9978488683700562, 0.9978488683700562, 0.9978488683700562, 0.9978488683700562], "dino_cosine": [0.9434036016464233, 0.9434036016464233, 0.9434036016464233, 0.9434036016464233, 0.9434036016464233, 0.9434036016464233, 0.9434036016464233, 0.9434036016464233, 0.9434036016464233, 0.9434036016464233], "clip_L2": [17.830909729003906, 17.830909729003906, 17.830909729003906, 17.830909729003906, 17.830909729003906, 17.830909729003906, 17.830909729003906, 17.830909729003906, 17.830909729003906, 17.830909729003906], "dino_L2": [24.097084045410156, 24.097084045410156, 24.097084045410156, 24.097084045410156, 24.097084045410156, 24.097084045410156, 24.097084045410156, 24.097084045410156, 24.097084045410156, 24.097084045410156], "rcnn_confidence": [0.0, 0.0, 0.0, 0.0, 0.0, 0.0, 0.0, 0.0, 0.0, 0.0], "yolo_confidence": [0.0, 0.0, 0.0, 0.0, 0.0, 0.0, 0.0, 0.0, 0.0, 0.0]}