{"pixel_L2": [65258.9140625, 65258.9140625, 65258.9140625, 65258.9140625, 65258.9140625, 65258.9140625, 65258.9140625, 65258.9140625, 65258.9140625, 65258.9140625], "pixel_cosine": [0.0, 0.0, 0.0, 0.0, 0.0, 0.0, 0.0, 0.0, 0.0, 0.0], "low_L2": [382.510986328125, 382.510986328125, 382.510986328125, 382.510986328125, 382.510986328125, 382.510986328125, 382.510986328125, 382.510986328125, 382.510986328125, 382.510986328125], "low_cosine": [0.10374737530946732, 0.10374737530946732, 0.10374737530946732, 0.10374737530946732, 0.10374737530946732, 0.10374737530946732, 0.10374737530946732, 0.10374737530946732, 0.10374737530946732, 0.10374737530946732], "mid_L2": [263.92071533203125, 263.92071533203125, 263.92071533203125, 263.92071533203125, 263.92071533203125, 263.92071533203125, 263.92071533203125, 263.92071533203125, 263.92071533203125, 263.92071533203125], "mid_cosine": [0.18963181972503662, 0.18963181972503662, 0.18963181972503662, 0.18963181972503662, 0.18963181972503662, 0.18963181972503662, 0.18963181972503662, 0.18963181972503662, 0.18963181972503662, 0.18963181972503662], "high_L2": [57.163944244384766, 57.163944244384766, 57.163944244384766, 57.163944244384766, 57.163944244384766, 57.163944244384766, 57.163944244384766, 57.163944244384766, 57.163944244384766, 57.163944244384766], "high_cosine": [0.06216585636138916, 0.06216585636138916, 0.06216585636138916, 0.06216585636138916, 0.06216585636138916, 0.06216585636138916, 0.06216585636138916, 0.06216585636138916, 0.06216585636138916, 0.06216585636138916], "clip_cosine": [0.998144268989563, 0.998144268989563, 0.998144268989563, 0.998144268989563, 0.998144268989563, 0.998144268989563, 0.998144268989563, 0.998144268989563, 0.998144268989563, 0.998144268989563], "dino_cosine": [0.9379863739013672, 0.9379863739013672, 0.9379863739013672, 0.9379863739013672, 0.9379863739013672, 0.9379863739013672, 0.9379863739013672, 0.9379863739013672, 0.9379863739013672, 0.9379863739013672], "clip_L2": [17.15920639038086, 17.15920639038086, 17.15920639038086, 17.15920639038086, 17.15920639038086, 17.15920639038086, 17.15920639038086, 17.15920639038086, 17.15920639038086, 17.15920639038086], "dino_L2": [23.785724639892578, 23.785724639892578, 23.785724639892578, 23.785724639892578, 23.785724639892578, 23.785724639892578, 23.785724639892578, 23.785724639892578, 23.785724639892578, 23.785724639892578], "rcnn_confidence": [0.0, 0.0, 0.0, 0.0, 0.0, 0.0, 0.0, 0.0, 0.0, 0.0], "yolo_confidence": [0.0, 0.0, 0.0, 0.0, 0.0, 0.0, 0.0, 0.0, 0.0, 0.0]}