{"pixel_L2": [69739.453125, 68228.8046875, 82648.5078125, 68165.7734375, 68205.3046875, 82648.5078125, 69352.6875, 82648.5078125, 82648.5078125, 82648.5078125], "pixel_cosine": [0.5388712286949158, 0.568993330001831, 0.0, 0.5702448487281799, 0.5664895176887512, 0.0, 0.5487210154533386, 0.0, 0.0, 0.0], "low_L2": [543.7893676757812, 527.5587158203125, 433.7506408691406, 525.9965209960938, 491.21185302734375, 433.7506408691406, 507.045166015625, 433.7506408691406, 433.7506408691406, 433.7506408691406], "low_cosine": [0.35030752420425415, 0.30159151554107666, 0.09682726860046387, 0.27270424365997314, 0.33366453647613525, 0.09682726860046387, 0.27322664856910706, 0.09682726860046387, 0.09682726860046387, 0.09682726860046387], "mid_L2": [367.95135498046875, 348.91546630859375, 323.82769775390625, 348.70159912109375, 365.7727355957031, 323.82769775390625, 350.0679626464844, 323.82769775390625, 323.82769775390625, 323.82769775390625], "mid_cosine": [0.20408198237419128, 0.22176682949066162, 0.13613128662109375, 0.22485987842082977, 0.22389131784439087, 0.13613128662109375, 0.21785658597946167, 0.13613128662109375, 0.13613128662109375, 0.13613128662109375], "high_L2": [66.54603576660156, 62.71805953979492, 66.58256530761719, 62.375972747802734, 61.521060943603516, 66.58256530761719, 65.80726623535156, 66.58256530761719, 66.58256530761719, 66.58256530761719], "high_cosine": [0.15783031284809113, 0.2135184407234192, 0.0432899072766304, 0.24502280354499817, 0.23640470206737518, 0.0432899072766304, 0.21885699033737183, 0.0432899072766304, 0.0432899072766304, 0.0432899072766304], "clip_cosine": [0.9979099631309509, 0.9976259469985962, 0.9967357516288757, 0.9976463317871094, 0.9979515671730042, 0.9967357516288757, 0.9974982738494873, 0.9967357516288757, 0.9967357516288757, 0.9967357516288757], "dino_cosine": [0.9291483163833618, 0.9481241106987, 0.9259188175201416, 0.9437090158462524, 0.9397870302200317, 0.9259188175201416, 0.939666748046875, 0.9259188175201416, 0.9259188175201416, 0.9259188175201416], "clip_L2": [15.38397216796875, 16.27530860900879, 20.320016860961914, 16.481040954589844, 15.789616584777832, 20.320016860961914, 17.0300350189209, 20.320016860961914, 20.320016860961914, 20.320016860961914], "dino_L2": [20.781272888183594, 18.95158576965332, 24.552486419677734, 18.750703811645508, 18.44375991821289, 24.552486419677734, 20.214313507080078, 24.552486419677734, 24.552486419677734, 24.552486419677734], "rcnn_confidence": [0.0, 0.0, 0.0, 0.0, 0.0, 0.0, 0.0, 0.0, 0.0, 0.0], "yolo_confidence": [0.0, 0.0, 0.0, 0.0, 0.0, 0.0, 0.0, 0.0, 0.0, 0.0]}