{"pixel_L2": [8952.9150390625, 8947.1689453125, 9030.724609375, 9121.5361328125, 8897.552734375, 8925.8447265625, 9059.134765625, 9171.5849609375, 8734.3955078125, 9078.689453125], "pixel_cosine": [0.7369546890258789, 0.7374156713485718, 0.7351844906806946, 0.7298452854156494, 0.7430724501609802, 0.7408246397972107, 0.7314508557319641, 0.728956937789917, 0.7469480633735657, 0.7285044193267822], "low_L2": [268.38446044921875, 272.3265686035156, 270.4720458984375, 272.7830810546875, 266.8292541503906, 268.71356201171875, 270.72509765625, 272.2015380859375, 262.1022644042969, 277.0407409667969], "low_cosine": [0.762819766998291, 0.7600308656692505, 0.7597922682762146, 0.7624106407165527, 0.7673664689064026, 0.7616466283798218, 0.761678159236908, 0.7632684707641602, 0.7671414017677307, 0.7554552555084229], "mid_L2": [218.8183135986328, 218.4364776611328, 217.15145874023438, 219.3182830810547, 220.57492065429688, 214.1628875732422, 224.09629821777344, 218.612060546875, 211.80055236816406, 221.96224975585938], "mid_cosine": [0.6526081562042236, 0.6565554141998291, 0.6561846733093262, 0.6562575101852417, 0.6510816812515259, 0.6641691327095032, 0.6318818926811218, 0.6581528186798096, 0.6774343252182007, 0.6472541689872742], "high_L2": [48.902259826660156, 50.78586196899414, 48.6175651550293, 50.101192474365234, 51.422706604003906, 48.60181427001953, 49.691131591796875, 47.864070892333984, 50.53036880493164, 50.19182205200195], "high_cosine": [0.7283253073692322, 0.7132408618927002, 0.729967474937439, 0.7312305569648743, 0.705876350402832, 0.7325380444526672, 0.7138150930404663, 0.7436649799346924, 0.7153074741363525, 0.7199137210845947], "clip_cosine": [0.9995043277740479, 0.9994838833808899, 0.9995162487030029, 0.9995142221450806, 0.9993373155593872, 0.9994841814041138, 0.9995865821838379, 0.9993516802787781, 0.9994511604309082, 0.9995724558830261], "dino_cosine": [0.9792687892913818, 0.9839292168617249, 0.9801028966903687, 0.9844226241111755, 0.9803551435470581, 0.9817152619361877, 0.9787834882736206, 0.9845300912857056, 0.9800746440887451, 0.9816687703132629], "clip_L2": [7.748652458190918, 7.9360575675964355, 7.818073272705078, 7.808851718902588, 8.739095687866211, 8.076022148132324, 7.305117607116699, 8.830309867858887, 8.328266143798828, 7.395888805389404], "dino_L2": [13.013328552246094, 12.431589126586914, 13.734259605407715, 11.977726936340332, 12.943761825561523, 12.54444694519043, 13.16806411743164, 11.9537935256958, 12.647591590881348, 12.159801483154297], "rcnn_confidence": [0.0, 0.0, 0.0, 0.0, 0.0, 0.0, 0.0, 0.0, 0.0, 0.0], "yolo_confidence": [0.0, 0.0, 0.0, 0.0, 0.0, 0.0, 0.0, 0.0, 0.0, 0.0]}