{"pixel_L2": [36799.90625, 37859.8671875, 38314.1875, 37975.734375, 35192.92578125, 33993.609375, 36794.41015625, 37336.42578125, 36811.984375, 35104.734375], "pixel_cosine": [0.8224552869796753, 0.8069838881492615, 0.8187630772590637, 0.8125311732292175, 0.8565399646759033, 0.8539183735847473, 0.8185617327690125, 0.8161033391952515, 0.8182634711265564, 0.8378397822380066], "low_L2": [855.06982421875, 897.1891479492188, 813.8902587890625, 884.63330078125, 681.1150512695312, 621.5043334960938, 882.6369018554688, 847.4069213867188, 855.9613037109375, 681.8467407226562], "low_cosine": [0.4771236777305603, 0.3574766218662262, 0.47880256175994873, 0.41468995809555054, 0.5004069209098816, 0.4979945421218872, 0.40281838178634644, 0.446891725063324, 0.295332670211792, 0.3924903869628906], "mid_L2": [535.5523681640625, 647.112548828125, 570.8484497070312, 603.8587646484375, 540.4007568359375, 499.77313232421875, 542.6551513671875, 588.9498901367188, 675.9378051757812, 524.277587890625], "mid_cosine": [0.2678457498550415, 0.16916155815124512, 0.2910431921482086, 0.19990333914756775, 0.2607121467590332, 0.23172906041145325, 0.2136097401380539, 0.20722435414791107, 0.16229458153247833, 0.2286471128463745], "high_L2": [64.6768569946289, 96.9593734741211, 72.07057189941406, 80.44197082519531, 83.97649383544922, 55.821266174316406, 60.37091064453125, 58.82994079589844, 83.33799743652344, 68.52850341796875], "high_cosine": [0.4992200434207916, 0.2059178501367569, 0.41672009229660034, 0.2944357693195343, 0.3275038003921509, 0.6263750195503235, 0.5593938827514648, 0.5879796743392944, 0.32432109117507935, 0.43655890226364136], "clip_cosine": [0.9987239837646484, 0.9984669089317322, 0.999310314655304, 0.998944103717804, 0.9989961385726929, 0.9987005591392517, 0.9991693496704102, 0.9985243678092957, 0.9987624287605286, 0.9990701675415039], "dino_cosine": [0.9641054272651672, 0.962551474571228, 0.9796518087387085, 0.9562849998474121, 0.9584516286849976, 0.9769421219825745, 0.9650568962097168, 0.9697239398956299, 0.9649530649185181, 0.9727262854576111], "clip_L2": [13.909714698791504, 14.563399314880371, 10.865224838256836, 12.50704288482666, 12.422611236572266, 13.71428108215332, 11.059874534606934, 14.402667999267578, 13.358602523803711, 12.236591339111328], "dino_L2": [16.585735321044922, 16.467321395874023, 11.94044303894043, 18.277708053588867, 16.677309036254883, 12.44431209564209, 15.53626823425293, 14.212043762207031, 15.323222160339355, 13.940256118774414], "rcnn_confidence": [0.9322649836540222, 0.0, 0.0, 0.0, 0.0, 0.9819532036781311, 0.17245933413505554, 0.0, 0.0, 0.5472122430801392], "yolo_confidence": [0.0, 0.0, 0.0, 0.0, 0.0, 0.4604647159576416, 0.0, 0.0, 0.0, 0.0]}