{"pixel_L2": [11428.5009765625, 11513.3271484375, 12284.99609375, 14159.42578125, 13278.6357421875, 11131.12109375, 20028.8984375, 28626.37109375, 12887.8369140625, 14286.8974609375], "pixel_cosine": [0.5968766212463379, 0.6008145213127136, 0.5700296759605408, 0.5835655927658081, 0.4761701226234436, 0.6121709942817688, 0.4804939031600952, 0.4843359589576721, 0.533869743347168, 0.5378381609916687], "low_L2": [249.69302368164062, 276.85736083984375, 280.6837463378906, 450.4064636230469, 362.3134765625, 240.7289276123047, 577.6656494140625, 583.6082153320312, 324.8236389160156, 379.45367431640625], "low_cosine": [0.6610103249549866, 0.6002099514007568, 0.6327999830245972, 0.5634877681732178, 0.5426000952720642, 0.6501948237419128, 0.5047658681869507, 0.4939092993736267, 0.5807225704193115, 0.48309022188186646], "mid_L2": [236.91224670410156, 249.76339721679688, 263.0872497558594, 286.46636962890625, 282.0133972167969, 230.57406616210938, 375.81103515625, 368.7550354003906, 261.49090576171875, 271.6376037597656], "mid_cosine": [0.4781631529331207, 0.39364945888519287, 0.4363709092140198, 0.3942800462245941, 0.44321537017822266, 0.48630696535110474, 0.345806360244751, 0.2767897844314575, 0.44161921739578247, 0.3594617247581482], "high_L2": [56.75011444091797, 52.28429412841797, 52.4278564453125, 66.775634765625, 47.13750076293945, 49.4923210144043, 63.34806823730469, 58.87175369262695, 53.216426849365234, 56.0491828918457], "high_cosine": [0.44554072618484497, 0.45922234654426575, 0.48862195014953613, 0.3628493845462799, 0.6496835350990295, 0.5633618235588074, 0.43659937381744385, 0.43117332458496094, 0.4908910095691681, 0.5496726036071777], "clip_cosine": [0.9994692206382751, 0.9993706941604614, 0.9994263648986816, 0.9993628263473511, 0.9995182156562805, 0.9993253350257874, 0.9994444251060486, 0.999306321144104, 0.9993908405303955, 0.9993693828582764], "dino_cosine": [0.9405062198638916, 0.9529948234558105, 0.9539518356323242, 0.9555070400238037, 0.953650176525116, 0.9503200054168701, 0.9451276063919067, 0.9515736699104309, 0.953126072883606, 0.9543493986129761], "clip_L2": [10.590603828430176, 11.212030410766602, 10.751945495605469, 11.174105644226074, 9.98060131072998, 11.427949905395508, 10.465864181518555, 11.609053611755371, 10.808585166931152, 11.292510986328125], "dino_L2": [17.381750106811523, 17.305665969848633, 17.317068099975586, 17.166000366210938, 17.773427963256836, 17.328824996948242, 18.757341384887695, 17.875253677368164, 17.37144660949707, 17.643754959106445], "rcnn_confidence": [0.0, 0.0, 0.0, 0.0, 0.0, 0.0, 0.0, 0.0, 0.0, 0.0], "yolo_confidence": [0.0, 0.0, 0.0, 0.0, 0.0, 0.0, 0.0, 0.0, 0.0, 0.0]}