{"pixel_L2": [32753.71484375, 32517.3671875, 30702.671875, 36426.40625, 38172.99609375, 36737.0234375, 32249.4296875, 30610.1875, 36585.0078125, 31749.48828125], "pixel_cosine": [0.6731756925582886, 0.6588137149810791, 0.6942347884178162, 0.6360320448875427, 0.6323517560958862, 0.6214232444763184, 0.6747153401374817, 0.6954931616783142, 0.6208998560905457, 0.6868284940719604], "low_L2": [755.4794921875, 751.8657836914062, 645.3228149414062, 757.26611328125, 771.5046997070312, 765.8471069335938, 785.7310791015625, 619.2203979492188, 925.7066650390625, 647.2006225585938], "low_cosine": [0.4203944802284241, 0.41685616970062256, 0.44961345195770264, 0.4260331988334656, 0.36201125383377075, 0.3838564157485962, 0.3963611423969269, 0.43282240629196167, 0.36192208528518677, 0.43409407138824463], "mid_L2": [460.44989013671875, 470.0012512207031, 439.0767517089844, 449.7839660644531, 450.35528564453125, 481.9787902832031, 472.68780517578125, 440.2795715332031, 515.4755859375, 466.0962829589844], "mid_cosine": [0.292887806892395, 0.29445260763168335, 0.2846677005290985, 0.29680192470550537, 0.3049143850803375, 0.2700289487838745, 0.30660706758499146, 0.3216342628002167, 0.24688933789730072, 0.289530873298645], "high_L2": [48.11339569091797, 51.465492248535156, 58.39187240600586, 47.47403335571289, 57.31254959106445, 52.55018997192383, 47.9962043762207, 48.00871276855469, 52.50439453125, 54.96455383300781], "high_cosine": [0.648410439491272, 0.5783122181892395, 0.5037546157836914, 0.6215160489082336, 0.46923571825027466, 0.5574074983596802, 0.6663558483123779, 0.6230756640434265, 0.541890025138855, 0.5332244634628296], "clip_cosine": [0.9990869760513306, 0.9985755681991577, 0.998815655708313, 0.9991432428359985, 0.9989526271820068, 0.9988309144973755, 0.9992427229881287, 0.99884033203125, 0.998881459236145, 0.9988710880279541], "dino_cosine": [0.9807379841804504, 0.9789832234382629, 0.9790793061256409, 0.9785186648368835, 0.9814237356185913, 0.9786584377288818, 0.9832630753517151, 0.9835925102233887, 0.977955162525177, 0.9826829433441162], "clip_L2": [10.76334285736084, 13.108695030212402, 12.114791870117188, 10.785359382629395, 11.92994213104248, 12.283865928649902, 10.078394889831543, 11.990165710449219, 12.238846778869629, 11.99772834777832], "dino_L2": [12.533143043518066, 12.5083646774292, 11.009056091308594, 11.28022289276123, 10.258529663085938, 11.525739669799805, 10.092013359069824, 11.030782699584961, 13.74718189239502, 11.509806632995605], "rcnn_confidence": [0.0, 0.0, 0.0, 0.0, 0.0, 0.4844246804714203, 0.0, 0.0, 0.0, 0.0], "yolo_confidence": [0.0, 0.0, 0.0, 0.0, 0.0, 0.0, 0.0, 0.0, 0.0, 0.0]}