{"pixel_L2": [24493.552734375, 24597.55859375, 24682.28515625, 25131.828125, 24546.888671875, 24724.3203125, 24238.03125, 24971.9765625, 24376.029296875, 24903.83984375], "pixel_cosine": [0.7546000480651855, 0.7515343427658081, 0.7522702813148499, 0.7521873712539673, 0.7546814680099487, 0.7525301575660706, 0.7602527141571045, 0.754379153251648, 0.7616016268730164, 0.7500321269035339], "low_L2": [406.8888854980469, 409.4674987792969, 409.4966735839844, 411.36566162109375, 410.5058898925781, 410.6692810058594, 404.62567138671875, 410.39703369140625, 400.1120910644531, 413.736572265625], "low_cosine": [0.39538508653640747, 0.39254045486450195, 0.3900778889656067, 0.3877159357070923, 0.3882582187652588, 0.3912549614906311, 0.39095425605773926, 0.3893430233001709, 0.3945540189743042, 0.38970234990119934], "mid_L2": [323.5670471191406, 322.8239440917969, 318.3884582519531, 322.317626953125, 322.35565185546875, 321.6630859375, 317.6825256347656, 321.17156982421875, 317.28131103515625, 323.953125], "mid_cosine": [0.20102882385253906, 0.19862453639507294, 0.20214521884918213, 0.19995245337486267, 0.1986248642206192, 0.19591602683067322, 0.20402736961841583, 0.19760482013225555, 0.19906213879585266, 0.19681867957115173], "high_L2": [62.58481216430664, 61.4564208984375, 61.51988983154297, 62.00809860229492, 61.32612609863281, 62.18619918823242, 62.69020462036133, 62.31602096557617, 60.9522705078125, 61.18491744995117], "high_cosine": [0.21168558299541473, 0.21640819311141968, 0.23933836817741394, 0.19588637351989746, 0.22334972023963928, 0.2173679918050766, 0.20132464170455933, 0.20540829002857208, 0.2309965193271637, 0.20756053924560547], "clip_cosine": [0.9987018704414368, 0.9987285137176514, 0.9985201358795166, 0.9986123442649841, 0.9985637068748474, 0.9985886812210083, 0.9985904097557068, 0.9986062049865723, 0.9984585046768188, 0.998603880405426], "dino_cosine": [0.9382888078689575, 0.9409123659133911, 0.9381325244903564, 0.9444723129272461, 0.943751871585846, 0.9363340735435486, 0.9395182132720947, 0.943987250328064, 0.9401896595954895, 0.9375131726264954], "clip_L2": [12.12692928314209, 11.941902160644531, 12.574442863464355, 12.649113655090332, 12.976480484008789, 12.746798515319824, 12.380285263061523, 12.558323860168457, 12.98039722442627, 12.536460876464844], "dino_L2": [19.043092727661133, 18.367353439331055, 18.68174171447754, 18.195117950439453, 18.02250099182129, 18.49736976623535, 18.64927101135254, 18.24549674987793, 18.55017852783203, 18.788150787353516], "rcnn_confidence": [0.0, 0.0, 0.0, 0.0, 0.0, 0.0, 0.0, 0.0, 0.0, 0.0], "yolo_confidence": [0.0, 0.0, 0.0, 0.0, 0.0, 0.0, 0.0, 0.0, 0.0, 0.0]}