{"pixel_L2": [53648.45703125, 53744.578125, 53513.32421875, 54022.0078125, 53843.58203125, 53738.4453125, 53869.109375, 53863.65234375, 53837.84375, 53748.6328125], "pixel_cosine": [0.404279887676239, 0.4062500298023224, 0.40666502714157104, 0.40602365136146545, 0.4062690734863281, 0.4054386615753174, 0.40612292289733887, 0.407562792301178, 0.40528374910354614, 0.4047715961933136], "low_L2": [290.86163330078125, 288.6847229003906, 282.7257385253906, 287.7969970703125, 291.1267395019531, 286.1048889160156, 286.97320556640625, 289.0393981933594, 288.86871337890625, 288.1608581542969], "low_cosine": [0.27501845359802246, 0.2769826054573059, 0.28443777561187744, 0.27916979789733887, 0.27614372968673706, 0.28143641352653503, 0.28119832277297974, 0.27564969658851624, 0.2787114977836609, 0.281369686126709], "mid_L2": [241.0872344970703, 240.93275451660156, 238.2183837890625, 240.487548828125, 240.74627685546875, 240.1539764404297, 239.13421630859375, 238.402587890625, 242.879638671875, 241.41864013671875], "mid_cosine": [0.2688557505607605, 0.26789620518684387, 0.27434974908828735, 0.2681956887245178, 0.27060654759407043, 0.27031028270721436, 0.27294284105300903, 0.2728806436061859, 0.266295850276947, 0.2668939530849457], "high_L2": [64.12853240966797, 64.35455322265625, 63.73426055908203, 64.2355728149414, 64.30079650878906, 64.31122589111328, 64.109375, 64.15291595458984, 64.4156723022461, 64.45162963867188], "high_cosine": [0.1660124659538269, 0.17168155312538147, 0.17427143454551697, 0.1640220582485199, 0.16897256672382355, 0.16209661960601807, 0.17076261341571808, 0.17032980918884277, 0.1651855856180191, 0.16416363418102264], "clip_cosine": [0.9987948536872864, 0.9988901615142822, 0.9987567663192749, 0.9988722801208496, 0.9987230896949768, 0.9985973834991455, 0.9988728165626526, 0.9988244771957397, 0.9988247752189636, 0.9987745881080627], "dino_cosine": [0.9451243877410889, 0.9437013864517212, 0.9456213116645813, 0.944483757019043, 0.945885181427002, 0.9453223943710327, 0.9451661705970764, 0.9452953934669495, 0.9454755783081055, 0.9457457661628723], "clip_L2": [13.270516395568848, 13.162235260009766, 13.790434837341309, 13.401667594909668, 13.600587844848633, 14.275376319885254, 13.03667163848877, 13.622325897216797, 13.44955825805664, 13.701048851013184], "dino_L2": [21.366727828979492, 21.601911544799805, 21.372512817382812, 21.530370712280273, 21.41777229309082, 21.517017364501953, 21.435943603515625, 21.391483306884766, 21.385671615600586, 21.256336212158203], "rcnn_confidence": [0.0, 0.0, 0.0, 0.0, 0.0, 0.0, 0.0, 0.0, 0.0, 0.0], "yolo_confidence": [0.0, 0.0, 0.0, 0.0, 0.0, 0.0, 0.0, 0.0, 0.0, 0.0]}