{"pixel_L2": [24768.42578125, 27444.68359375, 14221.822265625, 17144.548828125, 20356.123046875, 26372.0234375, 22760.923828125, 13621.41015625, 24840.208984375, 27756.35546875], "pixel_cosine": [0.6947939991950989, 0.6819585561752319, 0.7935904264450073, 0.7087339758872986, 0.7032349109649658, 0.6732167601585388, 0.6566511392593384, 0.7813408970832825, 0.6819692254066467, 0.709529459476471], "low_L2": [639.40087890625, 608.3082275390625, 202.4840545654297, 356.9657287597656, 507.2887268066406, 436.9942321777344, 705.685546875, 227.8579559326172, 599.9482421875, 407.4341125488281], "low_cosine": [0.3747289180755615, 0.40234261751174927, 0.5730406641960144, 0.43177106976509094, 0.42118507623672485, 0.4092103838920593, 0.3696015477180481, 0.5291603803634644, 0.40276116132736206, 0.42259156703948975], "mid_L2": [332.37213134765625, 330.9918518066406, 241.05567932128906, 278.90484619140625, 306.3360595703125, 293.9044494628906, 356.5099792480469, 249.8079376220703, 303.3377990722656, 297.5455017089844], "mid_cosine": [0.2577713429927826, 0.29011934995651245, 0.2983649969100952, 0.25649088621139526, 0.26441413164138794, 0.2691207826137543, 0.2464914321899414, 0.30911874771118164, 0.2839434742927551, 0.27910667657852173], "high_L2": [69.84120178222656, 60.04961013793945, 56.71214294433594, 58.81514358520508, 65.07614135742188, 58.291358947753906, 69.74180603027344, 55.35164260864258, 67.2955093383789, 59.330474853515625], "high_cosine": [0.2729635238647461, 0.37255311012268066, 0.3232915699481964, 0.30195891857147217, 0.3452286124229431, 0.3789506256580353, 0.305742084980011, 0.3965136706829071, 0.32456377148628235, 0.413120836019516], "clip_cosine": [0.9979782104492188, 0.9977457523345947, 0.9979928731918335, 0.9979563355445862, 0.9980351328849792, 0.9981420040130615, 0.997791588306427, 0.9981099367141724, 0.998155951499939, 0.9978295564651489], "dino_cosine": [0.9688202738761902, 0.9498090147972107, 0.973973274230957, 0.9614791870117188, 0.9546322822570801, 0.9675493836402893, 0.963741660118103, 0.9605136513710022, 0.952440619468689, 0.965269148349762], "clip_L2": [15.2464017868042, 15.982559204101562, 15.464760780334473, 15.552945137023926, 15.162352561950684, 14.631791114807129, 16.10529136657715, 14.626163482666016, 14.780996322631836, 15.430732727050781], "dino_L2": [15.513105392456055, 19.202228546142578, 13.277159690856934, 17.12356185913086, 18.78287124633789, 15.049629211425781, 17.27120590209961, 16.843231201171875, 17.440879821777344, 14.515265464782715], "rcnn_confidence": [0.0, 0.0, 0.0, 0.0, 0.0, 0.0, 0.0, 0.0, 0.0, 0.0], "yolo_confidence": [0.0, 0.0, 0.0, 0.0, 0.0, 0.0, 0.0, 0.0, 0.0, 0.0]}