{"pixel_L2": [28482.765625, 28047.08984375, 27565.572265625, 26989.2265625, 27798.1328125, 26039.455078125, 27544.833984375, 28151.150390625, 29857.427734375, 25987.021484375], "pixel_cosine": [0.8302030563354492, 0.8270615339279175, 0.8378896117210388, 0.8463304042816162, 0.8372613787651062, 0.861656665802002, 0.8403193950653076, 0.8292236328125, 0.8054808378219604, 0.8614624738693237], "low_L2": [483.18243408203125, 656.452392578125, 460.5224914550781, 468.5691833496094, 509.3022766113281, 463.7734069824219, 476.93634033203125, 474.35504150390625, 464.97613525390625, 455.9240417480469], "low_cosine": [0.47618454694747925, 0.38219934701919556, 0.4938647449016571, 0.4877619743347168, 0.4574557840824127, 0.49878770112991333, 0.47990041971206665, 0.4747908115386963, 0.4854554831981659, 0.5064260959625244], "mid_L2": [355.0606689453125, 382.1399841308594, 348.0814208984375, 348.9685974121094, 355.44281005859375, 347.98114013671875, 346.5327453613281, 354.896240234375, 348.8197021484375, 341.6830749511719], "mid_cosine": [0.351220965385437, 0.32926279306411743, 0.36464831233024597, 0.36989206075668335, 0.35921937227249146, 0.36640822887420654, 0.3627915382385254, 0.34736520051956177, 0.35452884435653687, 0.39142146706581116], "high_L2": [73.27735900878906, 68.07203674316406, 70.07781982421875, 69.3562240600586, 70.6944351196289, 69.21672821044922, 70.08061218261719, 72.88960266113281, 69.55645751953125, 69.02694702148438], "high_cosine": [0.36168622970581055, 0.39356663823127747, 0.4060305953025818, 0.393960177898407, 0.4073053002357483, 0.43983370065689087, 0.40422940254211426, 0.361298531293869, 0.41485077142715454, 0.4319194257259369], "clip_cosine": [0.998625636100769, 0.998772144317627, 0.99866783618927, 0.9986034631729126, 0.9987398386001587, 0.9987423419952393, 0.9986408948898315, 0.9987070560455322, 0.9986162185668945, 0.9985231757164001], "dino_cosine": [0.9470863342285156, 0.9458390474319458, 0.9509097337722778, 0.9502376317977905, 0.9490995407104492, 0.9537113308906555, 0.9466395974159241, 0.949762225151062, 0.9474502801895142, 0.9506801962852478], "clip_L2": [12.948064804077148, 12.622096061706543, 12.680024147033691, 13.159551620483398, 12.641627311706543, 12.286541938781738, 12.904644012451172, 12.616568565368652, 12.975640296936035, 13.30395221710205], "dino_L2": [18.402599334716797, 18.779457092285156, 18.417924880981445, 17.93408203125, 17.473377227783203, 16.13007164001465, 18.742368698120117, 17.953758239746094, 17.760032653808594, 17.470911026000977], "rcnn_confidence": [0.0, 0.0, 0.0, 0.0, 0.0, 0.0, 0.0, 0.0, 0.0, 0.0], "yolo_confidence": [0.0, 0.0, 0.0, 0.0, 0.0, 0.0, 0.0, 0.0, 0.0, 0.0]}