{"pixel_L2": [24105.390625, 23916.158203125, 24011.033203125, 23840.904296875, 23951.384765625, 23866.345703125, 23937.556640625, 23728.240234375, 23841.498046875, 23863.775390625], "pixel_cosine": [0.8994928002357483, 0.8996466398239136, 0.8999196290969849, 0.9002013206481934, 0.9001222848892212, 0.9011881351470947, 0.8999670743942261, 0.9008729457855225, 0.9011564254760742, 0.9020351767539978], "low_L2": [233.08604431152344, 232.55140686035156, 233.19586181640625, 232.58477783203125, 232.57582092285156, 233.49258422851562, 233.21861267089844, 232.93882751464844, 231.3302459716797, 232.2505645751953], "low_cosine": [0.695273756980896, 0.6974092721939087, 0.6954809427261353, 0.6969944834709167, 0.6970372200012207, 0.6946222186088562, 0.6964738368988037, 0.6972693204879761, 0.6999577283859253, 0.6972976922988892], "mid_L2": [210.88536071777344, 211.72909545898438, 210.6453094482422, 210.4517822265625, 208.3698272705078, 210.546875, 212.394775390625, 212.1680450439453, 211.6279296875, 210.42874145507812], "mid_cosine": [0.5944883823394775, 0.5886321663856506, 0.5944503545761108, 0.5953782200813293, 0.5990886688232422, 0.5937379598617554, 0.5883855819702148, 0.5904064178466797, 0.5907737612724304, 0.5925917625427246], "high_L2": [45.12763977050781, 46.32544708251953, 46.85014343261719, 46.699806213378906, 45.37574768066406, 45.429134368896484, 45.94997787475586, 46.98828887939453, 44.89174270629883, 45.61582565307617], "high_cosine": [0.7150574326515198, 0.6992222666740417, 0.6832128167152405, 0.6975439190864563, 0.7061680555343628, 0.7086803317070007, 0.6940032839775085, 0.686745285987854, 0.7145195007324219, 0.7057686448097229], "clip_cosine": [0.9991147518157959, 0.9991337656974792, 0.9989506602287292, 0.9989452958106995, 0.999072253704071, 0.9992005825042725, 0.9988806247711182, 0.9988768696784973, 0.9990391731262207, 0.9991849660873413], "dino_cosine": [0.9551200270652771, 0.9565703868865967, 0.9651928544044495, 0.9553775191307068, 0.9468187093734741, 0.9534673094749451, 0.9550596475601196, 0.9625065326690674, 0.9502685070037842, 0.9557790756225586], "clip_L2": [10.630971908569336, 10.730782508850098, 11.22054672241211, 11.469613075256348, 11.012690544128418, 10.460334777832031, 11.568770408630371, 11.81529712677002, 11.202448844909668, 10.325756072998047], "dino_L2": [17.464387893676758, 17.02707862854004, 17.074914932250977, 17.809072494506836, 18.018877029418945, 17.1075496673584, 17.446453094482422, 17.591135025024414, 18.167129516601562, 17.58167839050293], "rcnn_confidence": [0.0, 0.0, 0.0, 0.0, 0.0, 0.0, 0.0, 0.0, 0.0, 0.0], "yolo_confidence": [0.0, 0.0, 0.0, 0.0, 0.0, 0.0, 0.0, 0.0, 0.0, 0.0]}