{"pixel_L2": [53973.33203125, 53740.51953125, 53818.078125, 53475.84765625, 53290.83984375, 54361.0859375, 53788.515625, 53921.5625, 54599.90625, 52925.37890625], "pixel_cosine": [0.4397331476211548, 0.4417452812194824, 0.44133806228637695, 0.4408428370952606, 0.4407177269458771, 0.4368114173412323, 0.4363749921321869, 0.43970561027526855, 0.4354541301727295, 0.44180360436439514], "low_L2": [502.3128967285156, 431.7004089355469, 398.34356689453125, 426.1260681152344, 456.98046875, 532.442138671875, 497.8947448730469, 454.90130615234375, 472.2084045410156, 392.9315185546875], "low_cosine": [0.34116196632385254, 0.3375879228115082, 0.30720075964927673, 0.31338953971862793, 0.31903672218322754, 0.3236115872859955, 0.3553188443183899, 0.33536189794540405, 0.32051223516464233, 0.2619307041168213], "mid_L2": [337.78912353515625, 318.6999206542969, 319.2298278808594, 325.19451904296875, 334.3709716796875, 339.10302734375, 334.4423828125, 335.44952392578125, 334.3101806640625, 313.75701904296875], "mid_cosine": [0.1845034956932068, 0.19546222686767578, 0.1782362163066864, 0.18592089414596558, 0.18997633457183838, 0.1698504388332367, 0.1899944543838501, 0.1764795333147049, 0.17346590757369995, 0.17783886194229126], "high_L2": [60.561161041259766, 58.79904556274414, 60.30686950683594, 60.270904541015625, 58.92472839355469, 59.41141891479492, 60.896446228027344, 59.82400131225586, 61.13719177246094, 60.70289611816406], "high_cosine": [0.1759703904390335, 0.19958779215812683, 0.20098289847373962, 0.18191322684288025, 0.21517042815685272, 0.17376913130283356, 0.18853089213371277, 0.23202820122241974, 0.22146716713905334, 0.20456798374652863], "clip_cosine": [0.9982931017875671, 0.9985165596008301, 0.9987247586250305, 0.9985898733139038, 0.9987083077430725, 0.9985151886940002, 0.9986023306846619, 0.9985755681991577, 0.998494029045105, 0.9986018538475037], "dino_cosine": [0.9209986925125122, 0.9376941919326782, 0.9444208145141602, 0.934548020362854, 0.9423713088035583, 0.927005410194397, 0.9302234649658203, 0.9414467811584473, 0.9302655458450317, 0.9259206056594849], "clip_L2": [15.50844955444336, 14.748560905456543, 14.01344108581543, 14.503548622131348, 13.934107780456543, 14.82168960571289, 14.434662818908691, 14.3508882522583, 15.07241439819336, 14.648987770080566], "dino_L2": [20.165098190307617, 17.884042739868164, 17.252029418945312, 19.29625701904297, 17.75439453125, 19.363651275634766, 19.087146759033203, 17.87482452392578, 19.79507827758789, 18.556011199951172], "rcnn_confidence": [0.0, 0.0, 0.0, 0.0, 0.0, 0.0, 0.0, 0.0, 0.0, 0.0], "yolo_confidence": [0.0, 0.0, 0.0, 0.0, 0.0, 0.0, 0.0, 0.0, 0.0, 0.0]}