{"pixel_L2": [22313.681640625, 22508.10546875, 23419.73828125, 22931.0703125, 23284.0390625, 22585.21484375, 22525.41015625, 24317.078125, 24356.73046875, 22491.873046875], "pixel_cosine": [0.3922961354255676, 0.38857728242874146, 0.4191734194755554, 0.3695530891418457, 0.3836982548236847, 0.37199825048446655, 0.39493095874786377, 0.4261190891265869, 0.4292236864566803, 0.36197128891944885], "low_L2": [503.4350280761719, 500.3544006347656, 525.0277099609375, 519.7522583007812, 512.75439453125, 502.7767333984375, 500.631591796875, 552.8914184570312, 528.4063720703125, 501.7580871582031], "low_cosine": [0.48916077613830566, 0.48762989044189453, 0.5011395215988159, 0.4869166314601898, 0.4862915277481079, 0.47902533411979675, 0.4970022439956665, 0.4908796548843384, 0.49808329343795776, 0.4700426161289215], "mid_L2": [385.350341796875, 386.361328125, 394.8382263183594, 395.5554504394531, 387.0916442871094, 387.0469055175781, 380.2499694824219, 414.0930480957031, 393.3257751464844, 380.5271911621094], "mid_cosine": [0.3077917993068695, 0.28945106267929077, 0.32095223665237427, 0.2889438271522522, 0.29406142234802246, 0.2990626096725464, 0.3088480234146118, 0.3216302990913391, 0.30846065282821655, 0.2937791347503662], "high_L2": [85.3395767211914, 84.11124420166016, 78.82949829101562, 83.13824462890625, 84.8759994506836, 83.04022216796875, 82.54582977294922, 85.77558898925781, 81.4125747680664, 81.44313049316406], "high_cosine": [0.3257555067539215, 0.3282722532749176, 0.4078221321105957, 0.3295944929122925, 0.3177981376647949, 0.3421483337879181, 0.33138135075569153, 0.3832215964794159, 0.3905942440032959, 0.33025258779525757], "clip_cosine": [0.9985896944999695, 0.9983475208282471, 0.998523473739624, 0.9984744787216187, 0.9983925819396973, 0.9985584020614624, 0.9984943270683289, 0.9984227418899536, 0.9984323978424072, 0.9986028075218201], "dino_cosine": [0.9309787750244141, 0.9430868029594421, 0.9334069490432739, 0.9330263733863831, 0.9345532059669495, 0.9351482391357422, 0.9225249886512756, 0.9419021010398865, 0.9366678595542908, 0.9417537450790405], "clip_L2": [14.664067268371582, 15.202873229980469, 14.823027610778809, 14.921353340148926, 15.132376670837402, 14.63642406463623, 14.728011131286621, 15.092300415039062, 15.152457237243652, 14.063676834106445], "dino_L2": [20.975683212280273, 20.808244705200195, 20.3236141204834, 20.64254379272461, 20.436986923217773, 20.584125518798828, 21.243532180786133, 19.90984535217285, 20.730623245239258, 20.079042434692383], "rcnn_confidence": [0.0, 0.0, 0.0, 0.0, 0.0, 0.0, 0.0, 0.0, 0.0, 0.0], "yolo_confidence": [0.0, 0.0, 0.0, 0.0, 0.0, 0.0, 0.0, 0.0, 0.0, 0.0]}