{"pixel_L2": [22241.796875, 19742.4296875, 20885.9609375, 20862.388671875, 20839.8359375, 20230.6875, 19912.53515625, 19248.84765625, 21578.828125, 20723.599609375], "pixel_cosine": [0.7583117485046387, 0.8118480443954468, 0.8334406018257141, 0.8315761089324951, 0.8349229097366333, 0.8386635780334473, 0.8372241854667664, 0.8237506151199341, 0.8089590072631836, 0.8213213086128235], "low_L2": [610.9248657226562, 508.90625, 531.2506713867188, 526.132568359375, 531.462158203125, 517.8223266601562, 524.8729858398438, 501.9499816894531, 504.9511413574219, 536.5208740234375], "low_cosine": [0.3567569851875305, 0.4581160247325897, 0.35953041911125183, 0.381234347820282, 0.35961008071899414, 0.41635662317276, 0.3877529799938202, 0.47447168827056885, 0.46216148138046265, 0.3561980724334717], "mid_L2": [360.6370544433594, 336.6618347167969, 325.1445617675781, 325.759521484375, 322.8262023925781, 336.4335632324219, 329.4482727050781, 333.55694580078125, 319.98345947265625, 338.12200927734375], "mid_cosine": [0.22947171330451965, 0.27483347058296204, 0.23376694321632385, 0.23415185511112213, 0.23184159398078918, 0.23137414455413818, 0.2492726594209671, 0.27990806102752686, 0.30643707513809204, 0.2352401316165924], "high_L2": [68.34104919433594, 71.936279296875, 77.26338958740234, 80.77403259277344, 79.36038208007812, 79.24356079101562, 74.26725769042969, 73.45167541503906, 75.14480590820312, 76.46867370605469], "high_cosine": [0.43031787872314453, 0.37006497383117676, 0.23835489153862, 0.1991579830646515, 0.19147270917892456, 0.23331564664840698, 0.3491303026676178, 0.3586236834526062, 0.3308705985546112, 0.2932562828063965], "clip_cosine": [0.9988285899162292, 0.998637855052948, 0.9987713098526001, 0.9987931251525879, 0.9988518953323364, 0.9988803863525391, 0.9988280534744263, 0.9988669157028198, 0.9988763928413391, 0.9988875389099121], "dino_cosine": [0.9487453699111938, 0.9497806429862976, 0.9442441463470459, 0.9575387239456177, 0.947778582572937, 0.9568904638290405, 0.9515130519866943, 0.9548998475074768, 0.9618651866912842, 0.9547410011291504], "clip_L2": [12.81865119934082, 13.546360969543457, 13.231086730957031, 13.09483528137207, 12.84235668182373, 12.527536392211914, 12.907585144042969, 12.6116361618042, 12.793612480163574, 12.535187721252441], "dino_L2": [17.9282283782959, 17.20462989807129, 17.617998123168945, 17.193056106567383, 18.053993225097656, 16.94454574584961, 17.35103416442871, 16.45804786682129, 16.229921340942383, 17.0433292388916], "rcnn_confidence": [0.0, 0.0, 0.0, 0.0, 0.0, 0.0, 0.0, 0.0, 0.0, 0.0], "yolo_confidence": [0.0, 0.0, 0.0, 0.0, 0.0, 0.0, 0.0, 0.0, 0.0, 0.0]}