{"pixel_L2": [23846.1875, 24072.533203125, 23918.05078125, 24013.46484375, 23846.642578125, 23796.318359375, 23896.697265625, 24165.0703125, 23955.4296875, 23797.693359375], "pixel_cosine": [0.6936905980110168, 0.694495677947998, 0.6948062181472778, 0.6985586285591125, 0.6982380151748657, 0.698320209980011, 0.699235200881958, 0.7030817270278931, 0.6990060806274414, 0.6985257863998413], "low_L2": [519.5634155273438, 514.5052490234375, 512.8843383789062, 513.384521484375, 511.8278503417969, 509.4677734375, 513.6156616210938, 517.9407348632812, 515.065673828125, 511.32861328125], "low_cosine": [0.379673033952713, 0.3835243284702301, 0.38163360953330994, 0.3821832537651062, 0.3808303475379944, 0.3819176256656647, 0.383891224861145, 0.3769334554672241, 0.38300132751464844, 0.3849961757659912], "mid_L2": [350.2872314453125, 354.62579345703125, 349.5135803222656, 348.228271484375, 350.9673767089844, 352.4402770996094, 352.6982116699219, 352.8975524902344, 354.3424377441406, 350.1080017089844], "mid_cosine": [0.29150164127349854, 0.28671035170555115, 0.29534637928009033, 0.2952606678009033, 0.28915876150131226, 0.28855472803115845, 0.2886068820953369, 0.2917553782463074, 0.28751692175865173, 0.290473997592926], "high_L2": [65.63603973388672, 65.47466278076172, 66.89522552490234, 66.65982818603516, 66.3850326538086, 67.4322738647461, 66.18505096435547, 67.20885467529297, 66.19778442382812, 66.55496215820312], "high_cosine": [0.3910020887851715, 0.37183114886283875, 0.3724116384983063, 0.37387800216674805, 0.36534640192985535, 0.35051003098487854, 0.3714790940284729, 0.3590259253978729, 0.3747543394565582, 0.3656318187713623], "clip_cosine": [0.9986534118652344, 0.9985973834991455, 0.9987232685089111, 0.9985917806625366, 0.998647928237915, 0.9986051917076111, 0.9985250234603882, 0.9983775019645691, 0.9984620213508606, 0.9987391233444214], "dino_cosine": [0.9641394019126892, 0.9626405239105225, 0.9677759408950806, 0.9683665037155151, 0.9661267399787903, 0.9629496335983276, 0.9696123600006104, 0.9661648273468018, 0.9690027236938477, 0.9664618372917175], "clip_L2": [12.48970890045166, 12.806857109069824, 12.494832992553711, 12.688544273376465, 12.476987838745117, 12.730766296386719, 12.738758087158203, 13.171375274658203, 12.827281951904297, 12.506176948547363], "dino_L2": [18.44824981689453, 18.499176025390625, 18.28048324584961, 18.108367919921875, 18.59185218811035, 18.45354652404785, 18.171337127685547, 18.401987075805664, 18.028701782226562, 18.542863845825195], "rcnn_confidence": [0.0, 0.0, 0.0, 0.0, 0.0, 0.0, 0.0, 0.0, 0.0, 0.0], "yolo_confidence": [0.0, 0.0, 0.0, 0.0, 0.0, 0.0, 0.0, 0.0, 0.0, 0.0]}