{"pixel_L2": [29751.78125, 29565.92578125, 29621.48828125, 29732.8359375, 29408.103515625, 29552.8515625, 29506.443359375, 29879.23828125, 29762.498046875, 29592.2578125], "pixel_cosine": [0.7624723315238953, 0.7619630694389343, 0.7621487379074097, 0.7621551752090454, 0.7643271684646606, 0.7614500522613525, 0.7647625803947449, 0.7619571685791016, 0.7635509371757507, 0.7641028165817261], "low_L2": [476.76922607421875, 472.9661865234375, 479.2024841308594, 469.9221496582031, 465.648681640625, 474.2478942871094, 462.4087829589844, 472.940673828125, 477.9255676269531, 471.7640686035156], "low_cosine": [0.5383605360984802, 0.5418837070465088, 0.5369192361831665, 0.5404638051986694, 0.5452183485031128, 0.5382630228996277, 0.5428650975227356, 0.5395570993423462, 0.5345904231071472, 0.541179895401001], "mid_L2": [335.85845947265625, 333.3762512207031, 333.6571350097656, 331.1494445800781, 329.2783508300781, 331.1224365234375, 328.0225524902344, 331.60394287109375, 333.189453125, 329.9175109863281], "mid_cosine": [0.31929099559783936, 0.3296194076538086, 0.323421448469162, 0.32333269715309143, 0.3376283049583435, 0.33069533109664917, 0.33239853382110596, 0.3286730647087097, 0.3268081545829773, 0.32737472653388977], "high_L2": [75.13304138183594, 74.58865356445312, 73.2665023803711, 74.60131072998047, 71.33838653564453, 74.27857971191406, 73.64688873291016, 73.95449829101562, 74.70287322998047, 72.95098876953125], "high_cosine": [0.35970553755760193, 0.37062305212020874, 0.3677463233470917, 0.3448115885257721, 0.40008193254470825, 0.3644517958164215, 0.37579891085624695, 0.3611331880092621, 0.35729408264160156, 0.37213942408561707], "clip_cosine": [0.9990689754486084, 0.9991534948348999, 0.9990207552909851, 0.9990768432617188, 0.9991885423660278, 0.999170184135437, 0.9991451501846313, 0.9992337822914124, 0.9992672801017761, 0.9992210865020752], "dino_cosine": [0.9586957693099976, 0.9591973423957825, 0.9594339728355408, 0.9551407098770142, 0.9602395296096802, 0.9594308137893677, 0.9600940346717834, 0.9593169689178467, 0.9607160687446594, 0.9606109261512756], "clip_L2": [11.715800285339355, 11.46510124206543, 12.053851127624512, 11.755990982055664, 11.296936988830566, 11.389225006103516, 11.425710678100586, 11.090161323547363, 10.841794967651367, 11.113250732421875], "dino_L2": [17.924108505249023, 17.354698181152344, 17.821569442749023, 17.60223960876465, 17.994592666625977, 17.63273811340332, 17.420316696166992, 17.875886917114258, 17.64809226989746, 17.80571174621582], "rcnn_confidence": [0.0, 0.0, 0.0, 0.0, 0.0, 0.0, 0.0, 0.0, 0.0, 0.0], "yolo_confidence": [0.0, 0.0, 0.0, 0.0, 0.0, 0.0, 0.0, 0.0, 0.0, 0.0]}