{"pixel_L2": [20137.578125, 20325.203125, 20395.962890625, 20685.375, 20194.87890625, 20303.490234375, 20124.705078125, 20598.556640625, 20300.162109375, 20458.255859375], "pixel_cosine": [0.6453102827072144, 0.6432832479476929, 0.6433870792388916, 0.6409471035003662, 0.6475854516029358, 0.6435518264770508, 0.650259792804718, 0.6483024954795837, 0.6495000123977661, 0.6416436433792114], "low_L2": [394.4962158203125, 394.4019470214844, 393.7276306152344, 399.0617370605469, 395.4818115234375, 394.7633972167969, 395.3893737792969, 394.4857482910156, 391.4062194824219, 394.4845275878906], "low_cosine": [0.4884702265262604, 0.4897850751876831, 0.4891952872276306, 0.4837459921836853, 0.4852793216705322, 0.48933160305023193, 0.4870855212211609, 0.4893762469291687, 0.49099302291870117, 0.4906720519065857], "mid_L2": [280.1522216796875, 277.73040771484375, 276.4912109375, 278.7090148925781, 272.45123291015625, 277.23870849609375, 278.03289794921875, 280.65106201171875, 277.8354797363281, 278.484130859375], "mid_cosine": [0.3092990517616272, 0.3111800253391266, 0.3137231767177582, 0.3122997581958771, 0.3215487003326416, 0.3131694793701172, 0.31056976318359375, 0.30937808752059937, 0.3094988763332367, 0.3091559410095215], "high_L2": [67.09686279296875, 67.36229705810547, 66.53791809082031, 66.94366455078125, 65.57929229736328, 67.527587890625, 66.71214294433594, 68.00912475585938, 67.7982177734375, 67.38651275634766], "high_cosine": [0.285026878118515, 0.2769518196582794, 0.3129446804523468, 0.28505760431289673, 0.31394609808921814, 0.2973591089248657, 0.29598841071128845, 0.27397775650024414, 0.27911314368247986, 0.2892638146877289], "clip_cosine": [0.9983217716217041, 0.9984166026115417, 0.99831223487854, 0.9983908534049988, 0.9983674883842468, 0.9983492493629456, 0.9983416795730591, 0.9983298778533936, 0.998417317867279, 0.9983556270599365], "dino_cosine": [0.9518433809280396, 0.9473903179168701, 0.952163815498352, 0.9468505382537842, 0.9548426866531372, 0.9513130187988281, 0.9425860047340393, 0.9481227397918701, 0.946947455406189, 0.954406201839447], "clip_L2": [14.34739875793457, 13.823613166809082, 14.374570846557617, 14.1715087890625, 14.304872512817383, 14.23212718963623, 13.986885070800781, 14.213658332824707, 14.1444091796875, 14.137928009033203], "dino_L2": [20.20170783996582, 20.46965980529785, 20.444416046142578, 20.255155563354492, 20.633602142333984, 20.579946517944336, 20.440000534057617, 20.132038116455078, 20.580181121826172, 20.57904815673828], "rcnn_confidence": [0.0, 0.0, 0.0, 0.0, 0.0, 0.0, 0.0, 0.0, 0.0, 0.0], "yolo_confidence": [0.0, 0.0, 0.0, 0.0, 0.0, 0.0, 0.0, 0.0, 0.0, 0.0]}