{"pixel_L2": [15385.7197265625, 14728.296875, 14617.9814453125, 17303.72265625, 20165.78515625, 26541.83984375, 16958.67578125, 20162.080078125, 26275.21484375, 16420.23046875], "pixel_cosine": [0.790591835975647, 0.812382161617279, 0.8145148158073425, 0.7925379276275635, 0.7936351895332336, 0.7889171242713928, 0.8142735958099365, 0.7818059921264648, 0.78169846534729, 0.8140707612037659], "low_L2": [461.7239990234375, 426.3482360839844, 419.0197448730469, 486.1183166503906, 526.79931640625, 537.8925170898438, 461.7369079589844, 663.3165283203125, 600.40283203125, 484.3497619628906], "low_cosine": [0.5727112889289856, 0.5558381080627441, 0.5543085336685181, 0.4951550364494324, 0.5059702396392822, 0.5268257856369019, 0.5670298337936401, 0.5081903338432312, 0.5049812197685242, 0.5334380865097046], "mid_L2": [297.3686828613281, 308.7425537109375, 293.1432800292969, 309.3398742675781, 312.5807189941406, 320.8505554199219, 284.4310302734375, 352.8502502441406, 353.4005126953125, 324.78802490234375], "mid_cosine": [0.4041960835456848, 0.4090276062488556, 0.41633498668670654, 0.41322702169418335, 0.4025152325630188, 0.40347880125045776, 0.4434466063976288, 0.3741859197616577, 0.3555765151977539, 0.3920856714248657], "high_L2": [54.57056427001953, 67.01415252685547, 58.3819465637207, 66.60932159423828, 61.662479400634766, 54.9013557434082, 62.42679214477539, 54.425437927246094, 53.58403396606445, 53.4948616027832], "high_cosine": [0.49516528844833374, 0.3396416902542114, 0.40522876381874084, 0.32787564396858215, 0.3355620801448822, 0.41744688153266907, 0.4091061055660248, 0.4551919102668762, 0.4642603397369385, 0.502926766872406], "clip_cosine": [0.9992017149925232, 0.9988533854484558, 0.998912513256073, 0.9987823963165283, 0.9990864992141724, 0.9988603591918945, 0.9984484314918518, 0.9989830851554871, 0.9991552829742432, 0.9989232420921326], "dino_cosine": [0.9620068073272705, 0.9628491401672363, 0.9685196876525879, 0.9321428537368774, 0.9509169459342957, 0.9482684135437012, 0.9483758211135864, 0.9506741166114807, 0.9520581960678101, 0.9645653963088989], "clip_L2": [10.790637969970703, 12.4082670211792, 11.781641960144043, 12.75301456451416, 11.5684814453125, 12.122331619262695, 13.94924259185791, 11.980358123779297, 11.19424057006836, 12.121602058410645], "dino_L2": [15.700695037841797, 16.244976043701172, 15.766910552978516, 20.512609481811523, 19.733428955078125, 20.01835823059082, 19.322772979736328, 18.924070358276367, 19.035444259643555, 17.226720809936523], "rcnn_confidence": [0.0, 0.0, 0.0, 0.0, 0.0, 0.0, 0.0, 0.0, 0.0, 0.0], "yolo_confidence": [0.0, 0.0, 0.0, 0.0, 0.0, 0.0, 0.0, 0.0, 0.0, 0.0]}