{"pixel_L2": [29831.955078125, 29300.31640625, 28178.59765625, 28680.263671875, 28447.3046875, 32349.01953125, 29155.748046875, 27977.314453125, 33261.859375, 28341.5859375], "pixel_cosine": [0.8653107285499573, 0.8585145473480225, 0.8697822690010071, 0.8453980684280396, 0.8525972962379456, 0.8300737738609314, 0.8753518462181091, 0.851977527141571, 0.8116364479064941, 0.8722187280654907], "low_L2": [347.1557312011719, 365.7319641113281, 345.0322570800781, 413.3367004394531, 349.8348388671875, 358.87200927734375, 346.0633850097656, 361.57952880859375, 383.4656982421875, 343.0239562988281], "low_cosine": [0.6518250703811646, 0.6392078399658203, 0.6667766571044922, 0.6093330979347229, 0.6683098077774048, 0.6229658126831055, 0.661955714225769, 0.6605572700500488, 0.5742723941802979, 0.6676403284072876], "mid_L2": [336.0699768066406, 354.88232421875, 351.50872802734375, 376.6814880371094, 352.2289733886719, 346.8833923339844, 341.7499084472656, 359.25299072265625, 359.7140808105469, 350.7502746582031], "mid_cosine": [0.4315553307533264, 0.4023013114929199, 0.4140673875808716, 0.4015238285064697, 0.44322794675827026, 0.379342645406723, 0.43533316254615784, 0.4265590012073517, 0.34856733679771423, 0.4233483076095581], "high_L2": [83.7619400024414, 82.7130126953125, 90.213134765625, 90.07691955566406, 89.57714080810547, 79.74056243896484, 87.21813201904297, 83.44804382324219, 79.98339080810547, 85.8795166015625], "high_cosine": [0.36887359619140625, 0.35393452644348145, 0.3125125467777252, 0.3413744866847992, 0.377094566822052, 0.3921051323413849, 0.3505125641822815, 0.4256037473678589, 0.38929182291030884, 0.3518829941749573], "clip_cosine": [0.9985107183456421, 0.9983150959014893, 0.9981809258460999, 0.9982885718345642, 0.9983733892440796, 0.9983290433883667, 0.998304545879364, 0.9987711310386658, 0.9982644319534302, 0.9982020854949951], "dino_cosine": [0.946915864944458, 0.9414511919021606, 0.9447063207626343, 0.9516237378120422, 0.9488672018051147, 0.9442726373672485, 0.9453120231628418, 0.9481748342514038, 0.948956310749054, 0.9526010155677795], "clip_L2": [14.090060234069824, 14.978557586669922, 15.00300121307373, 14.43316650390625, 14.24070930480957, 14.928323745727539, 14.785675048828125, 12.734922409057617, 14.697680473327637, 15.211618423461914], "dino_L2": [20.53925895690918, 20.758785247802734, 19.27692413330078, 20.224485397338867, 20.10592269897461, 20.500511169433594, 20.194679260253906, 20.4213809967041, 19.95505142211914, 19.926435470581055], "rcnn_confidence": [0.0, 0.0, 0.0, 0.0, 0.0, 0.0, 0.0, 0.0, 0.0, 0.0], "yolo_confidence": [0.0, 0.0, 0.0, 0.0, 0.0, 0.0, 0.0, 0.0, 0.0, 0.0]}