{"pixel_L2": [17192.396484375, 17161.271484375, 17116.1171875, 17112.240234375, 17124.65234375, 17201.078125, 17155.517578125, 17032.1640625, 17154.830078125, 17199.556640625], "pixel_cosine": [0.8109674453735352, 0.8064555525779724, 0.8174949884414673, 0.8222761750221252, 0.8205650448799133, 0.8126134872436523, 0.813922107219696, 0.8153337836265564, 0.7990145683288574, 0.8100591897964478], "low_L2": [236.95162963867188, 237.43121337890625, 236.5128631591797, 236.40191650390625, 237.04637145996094, 237.21961975097656, 236.86903381347656, 236.1988525390625, 237.10780334472656, 237.32630920410156], "low_cosine": [0.5874314308166504, 0.5851844549179077, 0.589484453201294, 0.5900033712387085, 0.5869835615158081, 0.5861734747886658, 0.5878174304962158, 0.5909528732299805, 0.5866977572441101, 0.5856726169586182], "mid_L2": [232.63197326660156, 231.84910583496094, 231.07373046875, 231.2909393310547, 231.02333068847656, 231.8945770263672, 231.8080291748047, 231.410888671875, 232.26150512695312, 231.8229522705078], "mid_cosine": [0.43137067556381226, 0.4376191198825836, 0.44382724165916443, 0.4420270621776581, 0.444269597530365, 0.43723955750465393, 0.4379245340824127, 0.44107556343078613, 0.43432751297950745, 0.4378208518028259], "high_L2": [62.75562286376953, 61.42110824584961, 60.994606018066406, 62.15314865112305, 61.667884826660156, 61.94755554199219, 61.878204345703125, 61.6919059753418, 62.56855773925781, 61.649784088134766], "high_cosine": [0.3191184103488922, 0.3375903367996216, 0.34119683504104614, 0.3270982801914215, 0.3288106918334961, 0.32664117217063904, 0.3220561146736145, 0.33197635412216187, 0.30967482924461365, 0.33281928300857544], "clip_cosine": [0.9987363815307617, 0.9987693428993225, 0.9987325668334961, 0.9986652731895447, 0.9987500309944153, 0.9987255930900574, 0.9986949563026428, 0.9987137317657471, 0.9987077116966248, 0.9987441897392273], "dino_cosine": [0.943720281124115, 0.9570251703262329, 0.9574641585350037, 0.952505886554718, 0.9600263833999634, 0.9545653462409973, 0.9572388529777527, 0.9594880938529968, 0.9540635347366333, 0.9469813108444214], "clip_L2": [13.261811256408691, 13.217575073242188, 13.374984741210938, 13.668663024902344, 13.27433967590332, 13.306611061096191, 13.436152458190918, 13.224960327148438, 13.405496597290039, 13.12662410736084], "dino_L2": [19.841398239135742, 19.721805572509766, 19.44116973876953, 19.83254623413086, 19.60798454284668, 19.592178344726562, 19.203710556030273, 19.500732421875, 19.58454132080078, 19.65518569946289], "rcnn_confidence": [0.0, 0.0, 0.0, 0.0, 0.0, 0.0, 0.0, 0.0, 0.0, 0.0], "yolo_confidence": [0.0, 0.0, 0.0, 0.0, 0.0, 0.0, 0.0, 0.0, 0.0, 0.0]}