{"pixel_L2": [20371.205078125, 20264.58203125, 20538.919921875, 20504.80859375, 20459.353515625, 20448.833984375, 20527.248046875, 20580.548828125, 20365.537109375, 20589.330078125], "pixel_cosine": [0.8003964424133301, 0.8045020699501038, 0.8025089502334595, 0.804115891456604, 0.8021315932273865, 0.8014671802520752, 0.8016963005065918, 0.803346574306488, 0.8059067726135254, 0.7997552156448364], "low_L2": [451.28118896484375, 454.7793273925781, 454.6976013183594, 457.0152587890625, 452.3608093261719, 454.47235107421875, 455.6447448730469, 456.68536376953125, 454.28692626953125, 457.2686462402344], "low_cosine": [0.5892006158828735, 0.5845558643341064, 0.5892413854598999, 0.5860328674316406, 0.5923168659210205, 0.5895910263061523, 0.5896930694580078, 0.5860985517501831, 0.585930585861206, 0.5848405957221985], "mid_L2": [316.3700866699219, 311.1839904785156, 311.9377136230469, 314.466064453125, 314.1191711425781, 313.4971618652344, 313.9690856933594, 311.8045654296875, 310.26837158203125, 313.936767578125], "mid_cosine": [0.3586866855621338, 0.3649759292602539, 0.3669758439064026, 0.3526068329811096, 0.362975537776947, 0.3610023260116577, 0.35612034797668457, 0.3611992597579956, 0.3625059723854065, 0.35807496309280396], "high_L2": [78.86897277832031, 79.57787322998047, 77.62245178222656, 78.04558563232422, 79.19374084472656, 78.66796875, 77.95669555664062, 76.28033447265625, 77.4720230102539, 79.22796630859375], "high_cosine": [0.22839468717575073, 0.24700233340263367, 0.24820207059383392, 0.2455463409423828, 0.23231588304042816, 0.22981731593608856, 0.2353186309337616, 0.26436012983322144, 0.24695709347724915, 0.24012155830860138], "clip_cosine": [0.9980376362800598, 0.9979841113090515, 0.997769296169281, 0.9979092478752136, 0.998022735118866, 0.998073160648346, 0.9978476762771606, 0.9978463649749756, 0.9978649020195007, 0.9979860782623291], "dino_cosine": [0.9522936940193176, 0.9508116245269775, 0.9531692862510681, 0.9546693563461304, 0.9517296552658081, 0.9550824165344238, 0.9528383612632751, 0.9436832666397095, 0.9466757774353027, 0.9548579454421997], "clip_L2": [15.102697372436523, 15.372163772583008, 15.526135444641113, 15.561970710754395, 15.239906311035156, 15.04935359954834, 15.43056583404541, 15.259567260742188, 15.708112716674805, 15.093134880065918], "dino_L2": [17.679155349731445, 17.679704666137695, 17.496543884277344, 17.458574295043945, 17.493019104003906, 17.430143356323242, 17.592859268188477, 18.399768829345703, 18.063453674316406, 17.64470672607422], "rcnn_confidence": [0.0, 0.0, 0.0, 0.0, 0.0, 0.0, 0.0, 0.0, 0.0, 0.0], "yolo_confidence": [0.0, 0.0, 0.0, 0.0, 0.0, 0.0, 0.0, 0.0, 0.0, 0.0]}