{"pixel_L2": [35147.671875, 34907.2890625, 36688.52734375, 34943.58203125, 34771.625, 35664.03515625, 34947.47265625, 35096.71875, 35314.01171875, 41969.80078125], "pixel_cosine": [0.9368230104446411, 0.9350525140762329, 0.930800199508667, 0.9362166523933411, 0.9341184496879578, 0.9328761696815491, 0.9357326626777649, 0.9367296099662781, 0.934934139251709, 0.911885678768158], "low_L2": [424.6588439941406, 438.738037109375, 508.64056396484375, 423.73187255859375, 419.75177001953125, 455.2344055175781, 437.2956237792969, 428.8247375488281, 425.60797119140625, 570.6121215820312], "low_cosine": [0.38174331188201904, 0.3718317151069641, 0.35203486680984497, 0.39926770329475403, 0.3922728896141052, 0.35909903049468994, 0.38504165410995483, 0.37423425912857056, 0.38724878430366516, 0.3185769319534302], "mid_L2": [311.31787109375, 322.20751953125, 337.1397705078125, 314.37518310546875, 312.01507568359375, 321.02142333984375, 314.3863220214844, 315.3511657714844, 316.7305603027344, 371.0240783691406], "mid_cosine": [0.22330322861671448, 0.21527710556983948, 0.2124420404434204, 0.2207137942314148, 0.2163560688495636, 0.2188296616077423, 0.23032888770103455, 0.22348788380622864, 0.21947942674160004, 0.19234490394592285], "high_L2": [61.00829315185547, 61.426490783691406, 61.18115234375, 58.64485549926758, 61.240108489990234, 61.069374084472656, 60.69314956665039, 66.96253204345703, 62.08736801147461, 63.7092170715332], "high_cosine": [0.3788849115371704, 0.38384810090065, 0.35416853427886963, 0.39338186383247375, 0.3505460023880005, 0.34744274616241455, 0.36477693915367126, 0.30477023124694824, 0.3662821054458618, 0.3366066515445709], "clip_cosine": [0.9985756874084473, 0.9983792901039124, 0.9990758895874023, 0.9989455342292786, 0.9984266757965088, 0.9988311529159546, 0.9990423321723938, 0.9982680678367615, 0.9983112215995789, 0.99884033203125], "dino_cosine": [0.9599617719650269, 0.9556359052658081, 0.9588285684585571, 0.9571991562843323, 0.9529332518577576, 0.9530243873596191, 0.9591878056526184, 0.9548009037971497, 0.9515900611877441, 0.9504038691520691], "clip_L2": [13.762293815612793, 14.386478424072266, 11.443809509277344, 12.092207908630371, 14.371779441833496, 12.517683982849121, 11.624348640441895, 14.83481216430664, 14.577116012573242, 12.29998779296875], "dino_L2": [15.344380378723145, 16.34065055847168, 15.693551063537598, 15.489786148071289, 16.35211753845215, 15.921259880065918, 15.12835693359375, 16.346586227416992, 17.144990921020508, 15.862274169921875], "rcnn_confidence": [0.0, 0.0, 0.0, 0.0, 0.0, 0.0, 0.0, 0.0, 0.0, 0.0], "yolo_confidence": [0.0, 0.0, 0.0, 0.0, 0.0, 0.0, 0.0, 0.0, 0.0, 0.0]}