{"pixel_L2": [29498.51953125, 31223.5703125, 29364.59375, 28455.533203125, 28843.515625, 29546.84765625, 28472.9140625, 27942.43359375, 33304.6953125, 35374.171875], "pixel_cosine": [0.7449905276298523, 0.6950168013572693, 0.7532334327697754, 0.7384294867515564, 0.7442955374717712, 0.7215837240219116, 0.7379831075668335, 0.7801910638809204, 0.6717621088027954, 0.679922878742218], "low_L2": [525.70361328125, 797.4984130859375, 515.22509765625, 585.0963745117188, 500.3410339355469, 498.90802001953125, 594.98779296875, 523.187744140625, 770.373046875, 539.37939453125], "low_cosine": [0.46238625049591064, 0.3934677839279175, 0.4288628101348877, 0.3409388065338135, 0.3640541434288025, 0.4298860430717468, 0.38969579339027405, 0.37194323539733887, 0.3840920329093933, 0.4338368773460388], "mid_L2": [368.3650817871094, 454.67144775390625, 379.6824645996094, 388.53887939453125, 363.38201904296875, 375.1478576660156, 396.53790283203125, 374.08734130859375, 433.7426452636719, 390.6410827636719], "mid_cosine": [0.21394865214824677, 0.16207993030548096, 0.19683432579040527, 0.18384605646133423, 0.21111348271369934, 0.20628532767295837, 0.18879806995391846, 0.19796675443649292, 0.1766134649515152, 0.18717363476753235], "high_L2": [57.91922378540039, 57.379024505615234, 58.15327072143555, 58.036903381347656, 58.54738998413086, 57.32600784301758, 58.58917236328125, 60.143707275390625, 55.221736907958984, 54.40330505371094], "high_cosine": [0.33447104692459106, 0.4721968472003937, 0.3641422688961029, 0.332248330116272, 0.3220885694026947, 0.3438718318939209, 0.3741897642612457, 0.3399547040462494, 0.4836767911911011, 0.4012972116470337], "clip_cosine": [0.9988114833831787, 0.9990018606185913, 0.9987691640853882, 0.9989105463027954, 0.9988327026367188, 0.9987369775772095, 0.9990200996398926, 0.9988938570022583, 0.9989049434661865, 0.99852454662323], "dino_cosine": [0.9689459204673767, 0.966387152671814, 0.9786501526832581, 0.9758179187774658, 0.9775056838989258, 0.977997362613678, 0.9699332118034363, 0.977684736251831, 0.9611420631408691, 0.9784665703773499], "clip_L2": [13.298343658447266, 12.346728324890137, 13.841523170471191, 12.918667793273926, 13.398704528808594, 13.854802131652832, 12.284947395324707, 13.174059867858887, 12.906161308288574, 14.255972862243652], "dino_L2": [14.602459907531738, 14.025236129760742, 12.045425415039062, 13.12239933013916, 12.263875961303711, 12.673680305480957, 13.305997848510742, 11.993054389953613, 15.16708755493164, 12.730588912963867], "rcnn_confidence": [0.0, 0.0, 0.0, 0.0, 0.0, 0.0, 0.0, 0.0, 0.0, 0.0], "yolo_confidence": [0.0, 0.0, 0.0, 0.0, 0.0, 0.0, 0.0, 0.0, 0.0, 0.0]}