{"pixel_L2": [20634.62890625, 20760.201171875, 20816.404296875, 20930.43359375, 20792.830078125, 20716.263671875, 20924.498046875, 20925.283203125, 20876.947265625, 20722.265625], "pixel_cosine": [0.9411858916282654, 0.9410977959632874, 0.9413108825683594, 0.9413367509841919, 0.9412595629692078, 0.941250741481781, 0.9412032961845398, 0.9419867992401123, 0.9412563443183899, 0.9413358569145203], "low_L2": [477.2928466796875, 475.1788330078125, 476.0009460449219, 477.72540283203125, 475.3916320800781, 474.970947265625, 473.5733642578125, 476.5840759277344, 478.2569885253906, 476.6209716796875], "low_cosine": [0.37983161211013794, 0.38715046644210815, 0.3832019567489624, 0.3794323205947876, 0.3856114149093628, 0.3845221996307373, 0.38980329036712646, 0.3839331865310669, 0.38228902220726013, 0.3839266300201416], "mid_L2": [363.4678039550781, 361.88580322265625, 362.3702697753906, 365.1135559082031, 363.7859191894531, 360.11126708984375, 362.5196838378906, 363.7611999511719, 363.4255676269531, 361.6749267578125], "mid_cosine": [0.23626232147216797, 0.2366001307964325, 0.2358117550611496, 0.23039615154266357, 0.23371624946594238, 0.23894467949867249, 0.23812401294708252, 0.23399142920970917, 0.23574590682983398, 0.23343437910079956], "high_L2": [82.06837463378906, 81.90203094482422, 81.50402069091797, 82.72235870361328, 82.01874542236328, 81.1823501586914, 81.3344955444336, 81.52792358398438, 82.37409210205078, 81.04414367675781], "high_cosine": [0.08916016668081284, 0.0829283595085144, 0.08948545902967453, 0.07563912868499756, 0.08508065342903137, 0.08394668996334076, 0.08783065527677536, 0.08230793476104736, 0.07374211400747299, 0.08376453071832657], "clip_cosine": [0.9989194869995117, 0.9990551471710205, 0.998830258846283, 0.9988037347793579, 0.998877763748169, 0.9988911747932434, 0.9988006353378296, 0.999053955078125, 0.998835563659668, 0.9987174868583679], "dino_cosine": [0.9511233568191528, 0.9471888542175293, 0.9505106210708618, 0.9522363543510437, 0.9511862993240356, 0.9504363536834717, 0.9498103857040405, 0.9486825466156006, 0.9570212364196777, 0.9533095359802246], "clip_L2": [12.21976375579834, 11.664702415466309, 12.6468505859375, 12.796121597290039, 12.062935829162598, 12.296595573425293, 13.193634033203125, 11.427131652832031, 12.978188514709473, 13.345993995666504], "dino_L2": [18.666088104248047, 18.745553970336914, 18.837852478027344, 19.125919342041016, 18.92897605895996, 18.750471115112305, 18.470535278320312, 18.551010131835938, 18.82556915283203, 18.684350967407227], "rcnn_confidence": [0.0, 0.0, 0.0, 0.0, 0.0, 0.0, 0.0, 0.0, 0.0, 0.0], "yolo_confidence": [0.0, 0.0, 0.0, 0.0, 0.0, 0.0, 0.0, 0.0, 0.0, 0.0]}