{"pixel_L2": [40114.03125, 40115.3515625, 40247.54296875, 39753.78515625, 40183.390625, 40134.97265625, 40133.28515625, 40118.77734375, 39914.95703125, 39781.67578125], "pixel_cosine": [0.6663399338722229, 0.6676637530326843, 0.666467010974884, 0.6760566830635071, 0.6667988300323486, 0.6679534912109375, 0.6636778116226196, 0.6606333255767822, 0.6720131039619446, 0.676684558391571], "low_L2": [455.5159912109375, 459.1532897949219, 454.6048889160156, 457.54705810546875, 455.828857421875, 457.27777099609375, 459.5431213378906, 466.6831359863281, 457.59918212890625, 458.1200866699219], "low_cosine": [0.3885686993598938, 0.3797319233417511, 0.3913750648498535, 0.3859770894050598, 0.388943076133728, 0.37840139865875244, 0.37889599800109863, 0.377249538898468, 0.3790377974510193, 0.3752796947956085], "mid_L2": [313.9324645996094, 315.2575378417969, 311.55426025390625, 315.16497802734375, 312.7774963378906, 312.4249267578125, 318.55584716796875, 325.42987060546875, 313.599853515625, 313.495849609375], "mid_cosine": [0.23628893494606018, 0.23762568831443787, 0.24343910813331604, 0.24178458750247955, 0.23505821824073792, 0.23825553059577942, 0.23615632951259613, 0.22114449739456177, 0.24204282462596893, 0.23823723196983337], "high_L2": [61.94754409790039, 63.47105407714844, 61.96644973754883, 60.40610885620117, 62.370025634765625, 62.13606643676758, 60.825584411621094, 61.18513107299805, 60.220672607421875, 62.169166564941406], "high_cosine": [0.2836049497127533, 0.2584206759929657, 0.3052917420864105, 0.30704057216644287, 0.29577356576919556, 0.2705915570259094, 0.2748284339904785, 0.3008562922477722, 0.32315847277641296, 0.2681887447834015], "clip_cosine": [0.9986169338226318, 0.9986206293106079, 0.9982877969741821, 0.9986014366149902, 0.9984948039054871, 0.9986991882324219, 0.9983299970626831, 0.9985991716384888, 0.9984443187713623, 0.9985677599906921], "dino_cosine": [0.9606168270111084, 0.967329204082489, 0.9722139835357666, 0.9644225835800171, 0.9689464569091797, 0.9739100933074951, 0.9726588726043701, 0.961129367351532, 0.9574347734451294, 0.9698288440704346], "clip_L2": [14.403837203979492, 14.5497465133667, 15.292694091796875, 14.441191673278809, 14.535699844360352, 14.02441120147705, 15.434429168701172, 13.897209167480469, 14.980095863342285, 14.412322998046875], "dino_L2": [17.508277893066406, 17.627193450927734, 17.233882904052734, 17.63998794555664, 18.23185157775879, 17.54354476928711, 17.648544311523438, 17.19883155822754, 18.03192710876465, 17.004220962524414], "rcnn_confidence": [0.0, 0.0, 0.0, 0.0, 0.0, 0.0, 0.0, 0.0, 0.0, 0.0], "yolo_confidence": [0.0, 0.0, 0.0, 0.0, 0.0, 0.0, 0.0, 0.0, 0.0, 0.0]}