{"pixel_L2": [32247.466796875, 31121.787109375, 35610.56640625, 30616.673828125, 31431.84765625, 32181.896484375, 30995.451171875, 29790.669921875, 34324.86328125, 34208.953125], "pixel_cosine": [0.7963875532150269, 0.8089050650596619, 0.7905031442642212, 0.8204810619354248, 0.8102022409439087, 0.8198713064193726, 0.8161485195159912, 0.8276809453964233, 0.7838945984840393, 0.760672390460968], "low_L2": [692.4009399414062, 664.4801025390625, 693.771484375, 724.7655639648438, 717.774658203125, 644.4462890625, 697.6688842773438, 686.4502563476562, 733.2242431640625, 736.7760009765625], "low_cosine": [0.442149817943573, 0.44662612676620483, 0.3767145872116089, 0.4040367007255554, 0.38413408398628235, 0.40362757444381714, 0.4085291028022766, 0.4495961368083954, 0.42053189873695374, 0.3985798954963684], "mid_L2": [545.5228271484375, 511.08807373046875, 540.4940185546875, 592.3604736328125, 530.4122314453125, 518.2210083007812, 587.761962890625, 558.0847778320312, 523.9705810546875, 551.7311401367188], "mid_cosine": [0.2607887089252472, 0.2634614109992981, 0.2585868239402771, 0.22533699870109558, 0.2696487605571747, 0.2868644595146179, 0.24888674914836884, 0.270549476146698, 0.2878299355506897, 0.22857221961021423], "high_L2": [68.4063720703125, 60.29127883911133, 65.41696166992188, 71.44510650634766, 68.37162780761719, 65.4502944946289, 74.62403106689453, 69.06610870361328, 59.562923431396484, 73.39857482910156], "high_cosine": [0.4106447398662567, 0.5247838497161865, 0.3734552264213562, 0.41158175468444824, 0.4414704442024231, 0.4724194407463074, 0.368697851896286, 0.4716237187385559, 0.541944682598114, 0.3041975200176239], "clip_cosine": [0.9988962411880493, 0.9990626573562622, 0.9992191791534424, 0.9992019534111023, 0.9991573691368103, 0.9991448521614075, 0.9992111921310425, 0.9992053508758545, 0.9993829131126404, 0.9989449381828308], "dino_cosine": [0.9652622938156128, 0.9601807594299316, 0.9633397459983826, 0.9628747701644897, 0.9579687118530273, 0.9622076749801636, 0.9743857383728027, 0.9709702134132385, 0.9689573645591736, 0.9623786807060242], "clip_L2": [11.726485252380371, 11.4153413772583, 10.397128105163574, 10.200508117675781, 10.654788970947266, 10.98708724975586, 10.150657653808594, 10.59107494354248, 9.303614616394043, 12.324140548706055], "dino_L2": [15.388132095336914, 16.023195266723633, 16.190317153930664, 16.17011833190918, 16.04366111755371, 15.657967567443848, 14.456098556518555, 14.974801063537598, 14.901052474975586, 16.43846321105957], "rcnn_confidence": [0.19631241261959076, 0.1592419594526291, 0.0, 0.0, 0.5135161876678467, 0.0, 0.6414100527763367, 0.41801750659942627, 0.5872432589530945, 0.16943685710430145], "yolo_confidence": [0.3981868028640747, 0.0, 0.0, 0.0, 0.7082866430282593, 0.0, 0.0, 0.0, 0.0, 0.0]}