{"pixel_L2": [18611.751953125, 18739.55859375, 18665.150390625, 18772.763671875, 18729.384765625, 18669.72265625, 18619.171875, 18781.6328125, 18617.84375, 18647.6328125], "pixel_cosine": [0.9473208785057068, 0.9472728371620178, 0.9470615983009338, 0.9470661878585815, 0.946597695350647, 0.947006106376648, 0.947513222694397, 0.9474101662635803, 0.9473820924758911, 0.9470472931861877], "low_L2": [290.8471374511719, 290.22064208984375, 291.30908203125, 291.6351318359375, 288.379150390625, 293.50433349609375, 289.75335693359375, 289.81390380859375, 288.96221923828125, 291.57452392578125], "low_cosine": [0.7961764335632324, 0.7941220998764038, 0.7949351072311401, 0.7931135892868042, 0.7957136631011963, 0.7924096584320068, 0.795362114906311, 0.7951911687850952, 0.7945407629013062, 0.792430579662323], "mid_L2": [258.4017333984375, 260.0424499511719, 259.8387451171875, 260.84429931640625, 254.9407501220703, 259.4787902832031, 259.1258544921875, 258.507568359375, 258.66778564453125, 261.43438720703125], "mid_cosine": [0.6191167235374451, 0.611499011516571, 0.6183476448059082, 0.6125838160514832, 0.6216310262680054, 0.6186747550964355, 0.6167253255844116, 0.6212860941886902, 0.6167007684707642, 0.6165100336074829], "high_L2": [54.483646392822266, 55.91606521606445, 55.747032165527344, 55.42469024658203, 54.678462982177734, 56.48783493041992, 56.70709991455078, 56.52408981323242, 56.359779357910156, 56.5156364440918], "high_cosine": [0.6293079257011414, 0.6065013408660889, 0.6245920658111572, 0.6047750115394592, 0.6231411099433899, 0.6130965352058411, 0.6210035085678101, 0.6095911264419556, 0.6161322593688965, 0.6192981004714966], "clip_cosine": [0.9984933137893677, 0.9985167980194092, 0.9984291791915894, 0.9984248876571655, 0.9984011650085449, 0.9984586238861084, 0.998445451259613, 0.9984506368637085, 0.9984430074691772, 0.9985294342041016], "dino_cosine": [0.9778642058372498, 0.9772528409957886, 0.9768245220184326, 0.9783996939659119, 0.9774013757705688, 0.9778491258621216, 0.976960301399231, 0.9771872758865356, 0.9752524495124817, 0.9776967763900757], "clip_L2": [13.75621509552002, 13.669646263122559, 14.01448917388916, 13.94754409790039, 13.874638557434082, 13.838434219360352, 13.796459197998047, 13.84780216217041, 13.859244346618652, 13.545409202575684], "dino_L2": [15.12275505065918, 15.175671577453613, 15.112096786499023, 14.903383255004883, 14.943077087402344, 15.158409118652344, 15.406245231628418, 15.221975326538086, 15.114675521850586, 14.87369441986084], "rcnn_confidence": [0.0, 0.0, 0.0, 0.0, 0.0, 0.0, 0.0, 0.0, 0.0, 0.0], "yolo_confidence": [0.0, 0.0, 0.0, 0.0, 0.0, 0.0, 0.0, 0.0, 0.0, 0.0]}