{"pixel_L2": [13781.90625, 13446.0830078125, 13486.841796875, 13561.0595703125, 13570.126953125, 13649.64453125, 13571.322265625, 13719.849609375, 13326.9990234375, 13536.029296875], "pixel_cosine": [0.874713659286499, 0.8805825114250183, 0.879599928855896, 0.8789165019989014, 0.8780653476715088, 0.8764398694038391, 0.8780953884124756, 0.8758643865585327, 0.8828694820404053, 0.8788028359413147], "low_L2": [331.5876770019531, 316.7191162109375, 308.5732421875, 323.6273498535156, 315.5087890625, 319.3114318847656, 315.70135498046875, 315.9285888671875, 319.1463928222656, 309.4891357421875], "low_cosine": [0.7395758032798767, 0.7455785274505615, 0.7567183971405029, 0.7384241223335266, 0.7468518018722534, 0.7395431995391846, 0.7433677315711975, 0.7460125684738159, 0.7444319725036621, 0.7486250996589661], "mid_L2": [255.39027404785156, 252.54409790039062, 246.25257873535156, 253.25930786132812, 255.68997192382812, 251.0847625732422, 253.43701171875, 255.33575439453125, 249.3948516845703, 251.0753631591797], "mid_cosine": [0.5959107279777527, 0.5887988805770874, 0.6093589663505554, 0.59682297706604, 0.5912497043609619, 0.5912548303604126, 0.5954475402832031, 0.5869940519332886, 0.5973695516586304, 0.5946063995361328], "high_L2": [61.13486862182617, 60.76697540283203, 61.523712158203125, 62.609588623046875, 63.39512252807617, 60.6708869934082, 62.264251708984375, 62.20636749267578, 60.12595748901367, 62.700077056884766], "high_cosine": [0.6120525002479553, 0.6153746843338013, 0.6151642203330994, 0.6008943915367126, 0.591312050819397, 0.602508008480072, 0.6120535135269165, 0.5934317111968994, 0.621844470500946, 0.5973073244094849], "clip_cosine": [0.9986726641654968, 0.9987788200378418, 0.998671293258667, 0.9987809658050537, 0.9987190961837769, 0.9987511038780212, 0.9986848831176758, 0.9985949993133545, 0.9987804293632507, 0.998765230178833], "dino_cosine": [0.9731125831604004, 0.9727632403373718, 0.9725896120071411, 0.9729712009429932, 0.9730020761489868, 0.9731823205947876, 0.9741236567497253, 0.9727728962898254, 0.9735673069953918, 0.9724493622779846], "clip_L2": [12.570281982421875, 12.493837356567383, 12.802369117736816, 12.329416275024414, 12.439554214477539, 12.3599853515625, 12.415923118591309, 12.970244407653809, 12.150921821594238, 12.452775955200195], "dino_L2": [15.693220138549805, 15.832159042358398, 16.319541931152344, 15.855131149291992, 15.846652030944824, 15.895954132080078, 15.551265716552734, 16.107160568237305, 15.430858612060547, 15.936830520629883], "rcnn_confidence": [0.0, 0.0, 0.0, 0.0, 0.0, 0.0, 0.0, 0.0, 0.0, 0.0], "yolo_confidence": [0.0, 0.0, 0.0, 0.0, 0.0, 0.0, 0.0, 0.0, 0.0, 0.0]}