{"pixel_L2": [26263.544921875, 26263.544921875, 26263.544921875, 26263.544921875, 26263.544921875, 26263.544921875, 26263.544921875, 26263.544921875, 26263.544921875, 26263.544921875], "pixel_cosine": [0.0, 0.0, 0.0, 0.0, 0.0, 0.0, 0.0, 0.0, 0.0, 0.0], "low_L2": [292.8817138671875, 292.8817138671875, 292.8817138671875, 292.8817138671875, 292.8817138671875, 292.8817138671875, 292.8817138671875, 292.8817138671875, 292.8817138671875, 292.8817138671875], "low_cosine": [0.41816747188568115, 0.41816747188568115, 0.41816747188568115, 0.41816747188568115, 0.41816747188568115, 0.41816747188568115, 0.41816747188568115, 0.41816747188568115, 0.41816747188568115, 0.41816747188568115], "mid_L2": [241.16976928710938, 241.16976928710938, 241.16976928710938, 241.16976928710938, 241.16976928710938, 241.16976928710938, 241.16976928710938, 241.16976928710938, 241.16976928710938, 241.16976928710938], "mid_cosine": [0.31794577836990356, 0.31794577836990356, 0.31794577836990356, 0.31794577836990356, 0.31794577836990356, 0.31794577836990356, 0.31794577836990356, 0.31794577836990356, 0.31794577836990356, 0.31794577836990356], "high_L2": [63.872337341308594, 63.872337341308594, 63.872337341308594, 63.872337341308594, 63.872337341308594, 63.872337341308594, 63.872337341308594, 63.872337341308594, 63.872337341308594, 63.872337341308594], "high_cosine": [0.28094878792762756, 0.28094878792762756, 0.28094878792762756, 0.28094878792762756, 0.28094878792762756, 0.28094878792762756, 0.28094878792762756, 0.28094878792762756, 0.28094878792762756, 0.28094878792762756], "clip_cosine": [0.998521625995636, 0.998521625995636, 0.998521625995636, 0.998521625995636, 0.998521625995636, 0.998521625995636, 0.998521625995636, 0.998521625995636, 0.998521625995636, 0.998521625995636], "dino_cosine": [0.9345853328704834, 0.9345853328704834, 0.9345853328704834, 0.9345853328704834, 0.9345853328704834, 0.9345853328704834, 0.9345853328704834, 0.9345853328704834, 0.9345853328704834, 0.9345853328704834], "clip_L2": [15.02737045288086, 15.02737045288086, 15.02737045288086, 15.02737045288086, 15.02737045288086, 15.02737045288086, 15.02737045288086, 15.02737045288086, 15.02737045288086, 15.02737045288086], "dino_L2": [22.28458595275879, 22.28458595275879, 22.28458595275879, 22.28458595275879, 22.28458595275879, 22.28458595275879, 22.28458595275879, 22.28458595275879, 22.28458595275879, 22.28458595275879], "rcnn_confidence": [0.0, 0.0, 0.0, 0.0, 0.0, 0.0, 0.0, 0.0, 0.0, 0.0], "yolo_confidence": [0.0, 0.0, 0.0, 0.0, 0.0, 0.0, 0.0, 0.0, 0.0, 0.0]}