{"pixel_L2": [12410.6767578125, 16181.69140625, 14791.0654296875, 13567.9755859375, 14205.779296875, 13274.83984375, 12690.8525390625, 12427.15625, 12456.7080078125, 15315.291015625], "pixel_cosine": [0.9548341035842896, 0.9266448616981506, 0.9381709694862366, 0.9490624666213989, 0.9471704959869385, 0.9517436623573303, 0.9527407288551331, 0.954328715801239, 0.9537273049354553, 0.9376366138458252], "low_L2": [299.38677978515625, 343.72314453125, 328.80438232421875, 311.86669921875, 314.7779235839844, 301.4530334472656, 303.4371337890625, 302.4923400878906, 301.89422607421875, 322.0882873535156], "low_cosine": [0.8645120859146118, 0.8206567168235779, 0.8363873958587646, 0.8520684242248535, 0.8470894694328308, 0.8614717721939087, 0.8600320219993591, 0.8612788915634155, 0.8626348972320557, 0.841397762298584], "mid_L2": [220.1394500732422, 222.992919921875, 213.9744415283203, 209.93052673339844, 209.8199005126953, 214.4651641845703, 212.8660888671875, 212.48471069335938, 213.3926239013672, 210.255859375], "mid_cosine": [0.7100502252578735, 0.6849227547645569, 0.7061041593551636, 0.7153259515762329, 0.7170864343643188, 0.7130736112594604, 0.7142724990844727, 0.7153162956237793, 0.7206450700759888, 0.7145503759384155], "high_L2": [43.51519012451172, 48.10319519042969, 42.35197067260742, 42.31026840209961, 43.83594512939453, 45.35944366455078, 41.82033157348633, 40.122283935546875, 40.90108108520508, 47.936161041259766], "high_cosine": [0.8215872049331665, 0.7982860207557678, 0.8395191431045532, 0.8306111097335815, 0.8095682859420776, 0.8075959086418152, 0.834064245223999, 0.8486754894256592, 0.8326042294502258, 0.7848847508430481], "clip_cosine": [0.999602198600769, 0.9991685152053833, 0.9994431734085083, 0.9991781711578369, 0.9996535778045654, 0.9993244409561157, 0.9995742440223694, 0.9995670318603516, 0.9996856451034546, 0.99903804063797], "dino_cosine": [0.9486864805221558, 0.9484171271324158, 0.9541113972663879, 0.958442211151123, 0.958104133605957, 0.954785943031311, 0.959099292755127, 0.9624613523483276, 0.9617024064064026, 0.955727756023407], "clip_L2": [7.528780460357666, 10.40282154083252, 8.808643341064453, 10.811983108520508, 6.816519737243652, 9.87159538269043, 7.721560001373291, 7.888271808624268, 6.667469501495361, 10.971527099609375], "dino_L2": [15.598821640014648, 14.933996200561523, 14.477693557739258, 13.75875473022461, 13.677688598632812, 14.515835762023926, 13.516996383666992, 12.519889831542969, 13.039158821105957, 14.076712608337402], "rcnn_confidence": [0.05488439276814461, 0.26130813360214233, 0.1809501051902771, 0.35505411028862, 0.1006321907043457, 0.25329285860061646, 0.3881658613681793, 0.05951379984617233, 0.14433437585830688, 0.2688969373703003], "yolo_confidence": [0.0, 0.0, 0.0, 0.0, 0.0, 0.0, 0.0, 0.0, 0.0, 0.0]}