{"pixel_L2": [24900.8125, 24913.8359375, 24842.927734375, 25211.8125, 21652.142578125, 25006.400390625, 24955.15625, 25262.3671875, 25053.896484375, 24902.396484375], "pixel_cosine": [0.8061976432800293, 0.8064101338386536, 0.8054676651954651, 0.8055443167686462, 0.0, 0.8066815137863159, 0.8051201701164246, 0.8061333894729614, 0.8047604560852051, 0.8066681623458862], "low_L2": [317.00042724609375, 314.93023681640625, 315.6707458496094, 319.1214904785156, 351.2117004394531, 315.3146057128906, 314.29840087890625, 315.8891296386719, 316.9444580078125, 313.1412658691406], "low_cosine": [0.6276288628578186, 0.6304572820663452, 0.6256482601165771, 0.6263773441314697, 0.3960087299346924, 0.6298402547836304, 0.6288876533508301, 0.6282050013542175, 0.6266937851905823, 0.633766233921051], "mid_L2": [288.4841003417969, 287.255126953125, 287.207275390625, 288.54071044921875, 272.18475341796875, 286.05694580078125, 286.93865966796875, 288.1717224121094, 289.4493713378906, 287.0099182128906], "mid_cosine": [0.48796454071998596, 0.4896432161331177, 0.4887910783290863, 0.4917599558830261, 0.32425862550735474, 0.4935234785079956, 0.49067145586013794, 0.4890073239803314, 0.48798543214797974, 0.49344402551651], "high_L2": [62.2591438293457, 62.13389205932617, 62.15499496459961, 62.14512252807617, 64.5709457397461, 62.5921630859375, 62.26829528808594, 62.690467834472656, 61.477622985839844, 62.60518264770508], "high_cosine": [0.5430232286453247, 0.5413388013839722, 0.5421496629714966, 0.5419580340385437, 0.2456997036933899, 0.5383908152580261, 0.539581835269928, 0.5385371446609497, 0.5513862371444702, 0.5426937341690063], "clip_cosine": [0.9985560774803162, 0.9986051917076111, 0.998054027557373, 0.9983508586883545, 0.9986598491668701, 0.9985581040382385, 0.9986540079116821, 0.9986429810523987, 0.9987523555755615, 0.9988511800765991], "dino_cosine": [0.9706912636756897, 0.9682754874229431, 0.9705029129981995, 0.9736236929893494, 0.9516814947128296, 0.9754310250282288, 0.9708932042121887, 0.9731014370918274, 0.9752389788627625, 0.9727208614349365], "clip_L2": [13.254114151000977, 13.207329750061035, 14.484550476074219, 13.804058074951172, 14.75458812713623, 13.239646911621094, 12.662991523742676, 13.019917488098145, 12.527112007141113, 12.342705726623535], "dino_L2": [15.556863784790039, 16.001935958862305, 15.795879364013672, 15.365059852600098, 21.779022216796875, 14.932969093322754, 15.855406761169434, 15.529330253601074, 15.110980033874512, 15.324634552001953], "rcnn_confidence": [0.0, 0.0, 0.0, 0.0, 0.0, 0.0, 0.0, 0.0, 0.0, 0.0], "yolo_confidence": [0.0, 0.0, 0.0, 0.0, 0.0, 0.0, 0.0, 0.0, 0.0, 0.0]}