{"pixel_L2": [48648.625, 48648.625, 48648.625, 48648.625, 48648.625, 48648.625, 48648.625, 48648.625, 48648.625, 48648.625], "pixel_cosine": [0.0, 0.0, 0.0, 0.0, 0.0, 0.0, 0.0, 0.0, 0.0, 0.0], "low_L2": [331.8551025390625, 331.8551025390625, 331.8551025390625, 331.8551025390625, 331.8551025390625, 331.8551025390625, 331.8551025390625, 331.8551025390625, 331.8551025390625, 331.8551025390625], "low_cosine": [0.16569316387176514, 0.16569316387176514, 0.16569316387176514, 0.16569316387176514, 0.16569316387176514, 0.16569316387176514, 0.16569316387176514, 0.16569316387176514, 0.16569316387176514, 0.16569316387176514], "mid_L2": [267.4734191894531, 267.4734191894531, 267.4734191894531, 267.4734191894531, 267.4734191894531, 267.4734191894531, 267.4734191894531, 267.4734191894531, 267.4734191894531, 267.4734191894531], "mid_cosine": [0.16113217175006866, 0.16113217175006866, 0.16113217175006866, 0.16113217175006866, 0.16113217175006866, 0.16113217175006866, 0.16113217175006866, 0.16113217175006866, 0.16113217175006866, 0.16113217175006866], "high_L2": [59.13843536376953, 59.13843536376953, 59.13843536376953, 59.13843536376953, 59.13843536376953, 59.13843536376953, 59.13843536376953, 59.13843536376953, 59.13843536376953, 59.13843536376953], "high_cosine": [0.035462282598018646, 0.035462282598018646, 0.035462282598018646, 0.035462282598018646, 0.035462282598018646, 0.035462282598018646, 0.035462282598018646, 0.035462282598018646, 0.035462282598018646, 0.035462282598018646], "clip_cosine": [0.9983447194099426, 0.9983447194099426, 0.9983447194099426, 0.9983447194099426, 0.9983447194099426, 0.9983447194099426, 0.9983447194099426, 0.9983447194099426, 0.9983447194099426, 0.9983447194099426], "dino_cosine": [0.94708251953125, 0.94708251953125, 0.94708251953125, 0.94708251953125, 0.94708251953125, 0.94708251953125, 0.94708251953125, 0.94708251953125, 0.94708251953125, 0.94708251953125], "clip_L2": [16.73163414001465, 16.73163414001465, 16.73163414001465, 16.73163414001465, 16.73163414001465, 16.73163414001465, 16.73163414001465, 16.73163414001465, 16.73163414001465, 16.73163414001465], "dino_L2": [23.457151412963867, 23.457151412963867, 23.457151412963867, 23.457151412963867, 23.457151412963867, 23.457151412963867, 23.457151412963867, 23.457151412963867, 23.457151412963867, 23.457151412963867], "rcnn_confidence": [0.0, 0.0, 0.0, 0.0, 0.0, 0.0, 0.0, 0.0, 0.0, 0.0], "yolo_confidence": [0.0, 0.0, 0.0, 0.0, 0.0, 0.0, 0.0, 0.0, 0.0, 0.0]}