{"pixel_L2": [9737.6416015625, 9581.6650390625, 9752.3017578125, 9568.310546875, 9697.0087890625, 9795.4609375, 9687.158203125, 9790.7822265625, 9863.0712890625, 9770.0234375], "pixel_cosine": [0.8500006794929504, 0.8550291657447815, 0.8507131934165955, 0.8546372056007385, 0.8520472645759583, 0.850504457950592, 0.853460967540741, 0.8543151617050171, 0.8485808372497559, 0.8512185215950012], "low_L2": [270.04400634765625, 259.85382080078125, 271.2796630859375, 261.81298828125, 268.8114013671875, 273.6985168457031, 269.23876953125, 270.5113220214844, 273.6520690917969, 274.9114685058594], "low_cosine": [0.769708514213562, 0.774960994720459, 0.7697120904922485, 0.775651216506958, 0.7701011896133423, 0.7653461694717407, 0.7694820761680603, 0.7700748443603516, 0.7649294137954712, 0.7664381265640259], "mid_L2": [236.5072784423828, 232.88450622558594, 236.1901397705078, 231.15060424804688, 236.22230529785156, 240.20831298828125, 238.53695678710938, 234.2567901611328, 239.3417510986328, 238.72830200195312], "mid_cosine": [0.6128634214401245, 0.6121609210968018, 0.6152330636978149, 0.6180830001831055, 0.6100747585296631, 0.6059607267379761, 0.6061558723449707, 0.6184555292129517, 0.6072670221328735, 0.6082490682601929], "high_L2": [49.85133361816406, 49.12930679321289, 47.32455062866211, 47.208106994628906, 49.071144104003906, 49.77862548828125, 48.87749099731445, 48.18500900268555, 50.027339935302734, 48.795684814453125], "high_cosine": [0.7120848894119263, 0.7072994709014893, 0.7310738563537598, 0.7223715782165527, 0.7065149545669556, 0.7031723260879517, 0.708454430103302, 0.7195839881896973, 0.6969549655914307, 0.708315908908844], "clip_cosine": [0.9981377124786377, 0.9981726408004761, 0.9981314539909363, 0.9981701374053955, 0.9981738924980164, 0.998157262802124, 0.9981080293655396, 0.9980544447898865, 0.9980595111846924, 0.9980384707450867], "dino_cosine": [0.958791196346283, 0.9579973816871643, 0.9617165327072144, 0.9589600563049316, 0.959443211555481, 0.9582427144050598, 0.960747480392456, 0.9583173394203186, 0.9605891704559326, 0.9584057331085205], "clip_L2": [14.422459602355957, 14.209613800048828, 14.463871955871582, 14.260119438171387, 14.20032024383545, 14.392539978027344, 14.501747131347656, 14.538092613220215, 14.6344575881958, 14.528341293334961], "dino_L2": [16.255184173583984, 16.126728057861328, 16.09117317199707, 15.816444396972656, 15.975319862365723, 16.462095260620117, 16.204538345336914, 16.216136932373047, 16.30959701538086, 16.267608642578125], "rcnn_confidence": [0.0, 0.0, 0.0, 0.0, 0.0, 0.0, 0.0, 0.0, 0.0, 0.0], "yolo_confidence": [0.0, 0.0, 0.0, 0.0, 0.0, 0.0, 0.0, 0.0, 0.0, 0.0]}