{"pixel_L2": [13308.900390625, 13209.6962890625, 13246.2236328125, 13255.6005859375, 13286.37109375, 13224.7490234375, 13233.3857421875, 13139.974609375, 12909.7216796875, 13520.7822265625], "pixel_cosine": [0.6843333840370178, 0.694441556930542, 0.692936897277832, 0.6891653537750244, 0.6867256164550781, 0.6926310658454895, 0.6896466016769409, 0.6966233253479004, 0.7084476947784424, 0.6732527613639832], "low_L2": [225.79605102539062, 222.64576721191406, 224.76858520507812, 222.998779296875, 223.7136688232422, 222.42640686035156, 224.43951416015625, 220.80589294433594, 222.57286071777344, 225.528076171875], "low_cosine": [0.45123589038848877, 0.45870083570480347, 0.45194554328918457, 0.4568611681461334, 0.45535075664520264, 0.45324844121932983, 0.45142892003059387, 0.46100693941116333, 0.46005338430404663, 0.4476623237133026], "mid_L2": [257.1148376464844, 255.16812133789062, 257.6455078125, 255.04446411132812, 253.7799530029297, 253.76708984375, 255.78599548339844, 253.89456176757812, 256.1712341308594, 255.92530822753906], "mid_cosine": [0.24188768863677979, 0.23953163623809814, 0.2421857714653015, 0.2480228990316391, 0.2504998445510864, 0.24028563499450684, 0.23195883631706238, 0.24027356505393982, 0.23885101079940796, 0.2376878708600998], "high_L2": [56.67618942260742, 58.16322326660156, 59.82743453979492, 59.5936279296875, 57.57722091674805, 56.40607452392578, 56.468509674072266, 58.30951690673828, 58.12916564941406, 58.225860595703125], "high_cosine": [0.2215779572725296, 0.21891313791275024, 0.17043133080005646, 0.18907815217971802, 0.21286852657794952, 0.20746055245399475, 0.22064517438411713, 0.204166978597641, 0.20300880074501038, 0.2059539258480072], "clip_cosine": [0.9987308382987976, 0.9988754987716675, 0.9987242221832275, 0.9987344145774841, 0.9988550543785095, 0.9989036321640015, 0.9989105463027954, 0.9988274574279785, 0.99886554479599, 0.9989273548126221], "dino_cosine": [0.9599528908729553, 0.9607703685760498, 0.9531077742576599, 0.9473468661308289, 0.9601876735687256, 0.9538422226905823, 0.9418209791183472, 0.9563969373703003, 0.9539300799369812, 0.9598515629768372], "clip_L2": [13.371820449829102, 12.814672470092773, 13.620367050170898, 13.043506622314453, 13.074941635131836, 13.024556159973145, 12.46387004852295, 12.953580856323242, 13.46940803527832, 12.758609771728516], "dino_L2": [18.601560592651367, 18.93680191040039, 19.505630493164062, 19.368133544921875, 18.588430404663086, 18.763107299804688, 19.70032501220703, 18.96097183227539, 18.7301025390625, 18.833837509155273], "rcnn_confidence": [0.0, 0.0, 0.0, 0.0, 0.0, 0.0, 0.0, 0.0, 0.0, 0.0], "yolo_confidence": [0.0, 0.0, 0.0, 0.0, 0.0, 0.0, 0.0, 0.0, 0.0, 0.0]}