{"pixel_L2": [24569.154296875, 24569.154296875, 24569.154296875, 24569.154296875, 24569.154296875, 24569.154296875, 24569.154296875, 24569.154296875, 24569.154296875, 24569.154296875], "pixel_cosine": [0.0, 0.0, 0.0, 0.0, 0.0, 0.0, 0.0, 0.0, 0.0, 0.0], "low_L2": [345.234619140625, 345.234619140625, 345.234619140625, 345.234619140625, 345.234619140625, 345.234619140625, 345.234619140625, 345.234619140625, 345.234619140625, 345.234619140625], "low_cosine": [0.3326711058616638, 0.3326711058616638, 0.3326711058616638, 0.3326711058616638, 0.3326711058616638, 0.3326711058616638, 0.3326711058616638, 0.3326711058616638, 0.3326711058616638, 0.3326711058616638], "mid_L2": [226.98724365234375, 226.98724365234375, 226.98724365234375, 226.98724365234375, 226.98724365234375, 226.98724365234375, 226.98724365234375, 226.98724365234375, 226.98724365234375, 226.98724365234375], "mid_cosine": [0.28324198722839355, 0.28324198722839355, 0.28324198722839355, 0.28324198722839355, 0.28324198722839355, 0.28324198722839355, 0.28324198722839355, 0.28324198722839355, 0.28324198722839355, 0.28324198722839355], "high_L2": [58.635650634765625, 58.635650634765625, 58.635650634765625, 58.635650634765625, 58.635650634765625, 58.635650634765625, 58.635650634765625, 58.635650634765625, 58.635650634765625, 58.635650634765625], "high_cosine": [0.19076859951019287, 0.19076859951019287, 0.19076859951019287, 0.19076859951019287, 0.19076859951019287, 0.19076859951019287, 0.19076859951019287, 0.19076859951019287, 0.19076859951019287, 0.19076859951019287], "clip_cosine": [0.9982277750968933, 0.9982277750968933, 0.9982277750968933, 0.9982277750968933, 0.9982277750968933, 0.9982277750968933, 0.9982277750968933, 0.9982277750968933, 0.9982277750968933, 0.9982277750968933], "dino_cosine": [0.9425370693206787, 0.9425370693206787, 0.9425370693206787, 0.9425370693206787, 0.9425370693206787, 0.9425370693206787, 0.9425370693206787, 0.9425370693206787, 0.9425370693206787, 0.9425370693206787], "clip_L2": [15.982731819152832, 15.982731819152832, 15.982731819152832, 15.982731819152832, 15.982731819152832, 15.982731819152832, 15.982731819152832, 15.982731819152832, 15.982731819152832, 15.982731819152832], "dino_L2": [21.829776763916016, 21.829776763916016, 21.829776763916016, 21.829776763916016, 21.829776763916016, 21.829776763916016, 21.829776763916016, 21.829776763916016, 21.829776763916016, 21.829776763916016], "rcnn_confidence": [0.0, 0.0, 0.0, 0.0, 0.0, 0.0, 0.0, 0.0, 0.0, 0.0], "yolo_confidence": [0.0, 0.0, 0.0, 0.0, 0.0, 0.0, 0.0, 0.0, 0.0, 0.0]}