{"pixel_L2": [21970.455078125, 22113.3359375, 22085.595703125, 22037.74609375, 21865.724609375, 22042.017578125, 22214.91015625, 21879.787109375, 22318.271484375, 22158.1015625], "pixel_cosine": [0.7008289098739624, 0.6973162889480591, 0.6992459297180176, 0.7007705569267273, 0.7034188508987427, 0.7002659440040588, 0.6973057389259338, 0.7067795991897583, 0.6941956281661987, 0.6965404152870178], "low_L2": [457.0479431152344, 457.93048095703125, 456.94903564453125, 457.069580078125, 456.7793273925781, 457.82281494140625, 458.04595947265625, 456.2341613769531, 458.30389404296875, 457.7041320800781], "low_cosine": [0.537563145160675, 0.5367544889450073, 0.5384228825569153, 0.5380285978317261, 0.5376865863800049, 0.536206841468811, 0.5367884635925293, 0.5394638776779175, 0.5366391539573669, 0.5371314287185669], "mid_L2": [311.1072082519531, 313.88458251953125, 312.4295654296875, 313.9118957519531, 312.0748596191406, 313.0359802246094, 314.4888610839844, 314.4092102050781, 313.9478454589844, 313.39337158203125], "mid_cosine": [0.4632907807826996, 0.458263099193573, 0.4595872759819031, 0.45716676115989685, 0.4573044776916504, 0.457207590341568, 0.457392156124115, 0.4538329243659973, 0.45827844738960266, 0.4574980139732361], "high_L2": [90.54048156738281, 91.12873840332031, 89.45880889892578, 90.9312744140625, 89.17168426513672, 91.37679290771484, 91.22640228271484, 92.3648681640625, 90.8735122680664, 90.62284088134766], "high_cosine": [0.2925277054309845, 0.28537508845329285, 0.2964255213737488, 0.29189416766166687, 0.3097826838493347, 0.28134292364120483, 0.2846347689628601, 0.27361544966697693, 0.2842175364494324, 0.29384011030197144], "clip_cosine": [0.9985737800598145, 0.9985141754150391, 0.9985324144363403, 0.9985674619674683, 0.9986039400100708, 0.9985198974609375, 0.9984375238418579, 0.9983875751495361, 0.9985883831977844, 0.9987078309059143], "dino_cosine": [0.9512476921081543, 0.9602454304695129, 0.9630749821662903, 0.9561039805412292, 0.9526510238647461, 0.9564324617385864, 0.9582040905952454, 0.9521206617355347, 0.9470402598381042, 0.958665668964386], "clip_L2": [12.776582717895508, 12.743388175964355, 12.78892993927002, 12.778885841369629, 12.675806999206543, 12.828588485717773, 12.931699752807617, 13.061409950256348, 12.368102073669434, 12.341768264770508], "dino_L2": [18.98233413696289, 18.954496383666992, 18.821901321411133, 18.793506622314453, 18.93354606628418, 18.753612518310547, 18.8314208984375, 19.06963348388672, 18.86955451965332, 18.776662826538086], "rcnn_confidence": [0.0, 0.0, 0.0, 0.0, 0.0, 0.0, 0.0, 0.0, 0.0, 0.0], "yolo_confidence": [0.0, 0.0, 0.0, 0.0, 0.0, 0.0, 0.0, 0.0, 0.0, 0.0]}