{"pixel_L2": [6635.85302734375, 6635.85302734375, 6635.85302734375, 6635.85302734375, 6635.85302734375, 6635.85302734375, 6635.85302734375, 6635.85302734375, 6635.85302734375, 6635.85302734375], "pixel_cosine": [0.0, 0.0, 0.0, 0.0, 0.0, 0.0, 0.0, 0.0, 0.0, 0.0], "low_L2": [203.71763610839844, 203.71763610839844, 203.71763610839844, 203.71763610839844, 203.71763610839844, 203.71763610839844, 203.71763610839844, 203.71763610839844, 203.71763610839844, 203.71763610839844], "low_cosine": [0.6492044925689697, 0.6492044925689697, 0.6492044925689697, 0.6492044925689697, 0.6492044925689697, 0.6492044925689697, 0.6492044925689697, 0.6492044925689697, 0.6492044925689697, 0.6492044925689697], "mid_L2": [170.8115692138672, 170.8115692138672, 170.8115692138672, 170.8115692138672, 170.8115692138672, 170.8115692138672, 170.8115692138672, 170.8115692138672, 170.8115692138672, 170.8115692138672], "mid_cosine": [0.4999009072780609, 0.4999009072780609, 0.4999009072780609, 0.4999009072780609, 0.4999009072780609, 0.4999009072780609, 0.4999009072780609, 0.4999009072780609, 0.4999009072780609, 0.4999009072780609], "high_L2": [54.703433990478516, 54.703433990478516, 54.703433990478516, 54.703433990478516, 54.703433990478516, 54.703433990478516, 54.703433990478516, 54.703433990478516, 54.703433990478516, 54.703433990478516], "high_cosine": [0.4943670630455017, 0.4943670630455017, 0.4943670630455017, 0.4943670630455017, 0.4943670630455017, 0.4943670630455017, 0.4943670630455017, 0.4943670630455017, 0.4943670630455017, 0.4943670630455017], "clip_cosine": [0.9983633756637573, 0.9983633756637573, 0.9983633756637573, 0.9983633756637573, 0.9983633756637573, 0.9983633756637573, 0.9983633756637573, 0.9983633756637573, 0.9983633756637573, 0.9983633756637573], "dino_cosine": [0.9646812677383423, 0.9646812677383423, 0.9646812677383423, 0.9646812677383423, 0.9646812677383423, 0.9646812677383423, 0.9646812677383423, 0.9646812677383423, 0.9646812677383423, 0.9646812677383423], "clip_L2": [15.855109214782715, 15.855109214782715, 15.855109214782715, 15.855109214782715, 15.855109214782715, 15.855109214782715, 15.855109214782715, 15.855109214782715, 15.855109214782715, 15.855109214782715], "dino_L2": [21.09903335571289, 21.09903335571289, 21.09903335571289, 21.09903335571289, 21.09903335571289, 21.09903335571289, 21.09903335571289, 21.09903335571289, 21.09903335571289, 21.09903335571289], "rcnn_confidence": [0.0, 0.0, 0.0, 0.0, 0.0, 0.0, 0.0, 0.0, 0.0, 0.0], "yolo_confidence": [0.0, 0.0, 0.0, 0.0, 0.0, 0.0, 0.0, 0.0, 0.0, 0.0]}