{"pixel_L2": [48871.59375, 48871.59375, 48871.59375, 48871.59375, 48871.59375, 48871.59375, 48871.59375, 48871.59375, 48871.59375, 48871.59375], "pixel_cosine": [0.0, 0.0, 0.0, 0.0, 0.0, 0.0, 0.0, 0.0, 0.0, 0.0], "low_L2": [230.34344482421875, 230.34344482421875, 230.34344482421875, 230.34344482421875, 230.34344482421875, 230.34344482421875, 230.34344482421875, 230.34344482421875, 230.34344482421875, 230.34344482421875], "low_cosine": [0.24665960669517517, 0.24665960669517517, 0.24665960669517517, 0.24665960669517517, 0.24665960669517517, 0.24665960669517517, 0.24665960669517517, 0.24665960669517517, 0.24665960669517517, 0.24665960669517517], "mid_L2": [181.3468017578125, 181.3468017578125, 181.3468017578125, 181.3468017578125, 181.3468017578125, 181.3468017578125, 181.3468017578125, 181.3468017578125, 181.3468017578125, 181.3468017578125], "mid_cosine": [0.26814186573028564, 0.26814186573028564, 0.26814186573028564, 0.26814186573028564, 0.26814186573028564, 0.26814186573028564, 0.26814186573028564, 0.26814186573028564, 0.26814186573028564, 0.26814186573028564], "high_L2": [54.626800537109375, 54.626800537109375, 54.626800537109375, 54.626800537109375, 54.626800537109375, 54.626800537109375, 54.626800537109375, 54.626800537109375, 54.626800537109375, 54.626800537109375], "high_cosine": [0.09258095920085907, 0.09258095920085907, 0.09258095920085907, 0.09258095920085907, 0.09258095920085907, 0.09258095920085907, 0.09258095920085907, 0.09258095920085907, 0.09258095920085907, 0.09258095920085907], "clip_cosine": [0.9981687068939209, 0.9981687068939209, 0.9981687068939209, 0.9981687068939209, 0.9981687068939209, 0.9981687068939209, 0.9981687068939209, 0.9981687068939209, 0.9981687068939209, 0.9981687068939209], "dino_cosine": [0.9334390163421631, 0.9334390163421631, 0.9334390163421631, 0.9334390163421631, 0.9334390163421631, 0.9334390163421631, 0.9334390163421631, 0.9334390163421631, 0.9334390163421631, 0.9334390163421631], "clip_L2": [16.324867248535156, 16.324867248535156, 16.324867248535156, 16.324867248535156, 16.324867248535156, 16.324867248535156, 16.324867248535156, 16.324867248535156, 16.324867248535156, 16.324867248535156], "dino_L2": [22.784807205200195, 22.784807205200195, 22.784807205200195, 22.784807205200195, 22.784807205200195, 22.784807205200195, 22.784807205200195, 22.784807205200195, 22.784807205200195, 22.784807205200195], "rcnn_confidence": [0.0, 0.0, 0.0, 0.0, 0.0, 0.0, 0.0, 0.0, 0.0, 0.0], "yolo_confidence": [0.0, 0.0, 0.0, 0.0, 0.0, 0.0, 0.0, 0.0, 0.0, 0.0]}