{"pixel_L2": [50948.2578125, 51004.5625, 50962.0078125, 50660.16796875, 50920.015625, 50947.5390625, 50950.35546875, 50946.90625, 50896.66015625, 50956.25390625], "pixel_cosine": [0.13330698013305664, 0.11995291709899902, 0.09585066139698029, 0.13555917143821716, 0.13422682881355286, 0.10168129205703735, 0.1381433606147766, 0.1050519049167633, 0.10387732833623886, 0.13167370855808258], "low_L2": [470.73541259765625, 471.0364074707031, 471.3078308105469, 478.5451354980469, 470.86602783203125, 471.609375, 470.8736267089844, 471.3106384277344, 472.08966064453125, 470.8812561035156], "low_cosine": [0.17980338633060455, 0.17884019017219543, 0.17843091487884521, 0.17410579323768616, 0.17974109947681427, 0.17788004875183105, 0.17903386056423187, 0.17876717448234558, 0.17741015553474426, 0.17937219142913818], "mid_L2": [319.38702392578125, 319.4864196777344, 319.9762268066406, 323.53057861328125, 319.8091125488281, 319.8001403808594, 319.8790283203125, 319.55230712890625, 320.5863037109375, 319.8117980957031], "mid_cosine": [0.2275885045528412, 0.2236897498369217, 0.22179031372070312, 0.20909333229064941, 0.2256712019443512, 0.22282624244689941, 0.2216639518737793, 0.22801299393177032, 0.2197575569152832, 0.2223721742630005], "high_L2": [53.73658752441406, 53.7930793762207, 52.89225387573242, 53.27761459350586, 53.83980941772461, 53.632659912109375, 53.45174789428711, 52.658287048339844, 53.35557174682617, 53.66580581665039], "high_cosine": [0.020431961864233017, 0.01795109361410141, 0.021572573110461235, 0.01920102909207344, 0.021264933049678802, 0.020056484267115593, 0.018276220187544823, 0.039985593408346176, 0.018547551706433296, 0.0201516505330801], "clip_cosine": [0.9990233778953552, 0.9990291595458984, 0.9990352392196655, 0.999046802520752, 0.9990488290786743, 0.9989559650421143, 0.9990605115890503, 0.998989462852478, 0.9990360736846924, 0.9989862442016602], "dino_cosine": [0.9558238387107849, 0.9505521655082703, 0.9527899026870728, 0.956000804901123, 0.9563054442405701, 0.9541739821434021, 0.9575871825218201, 0.9604906439781189, 0.9619391560554504, 0.9555045366287231], "clip_L2": [13.825281143188477, 13.825698852539062, 13.706747055053711, 13.531386375427246, 13.876961708068848, 14.133885383605957, 13.693327903747559, 13.89365005493164, 13.777332305908203, 14.049860000610352], "dino_L2": [21.23789405822754, 21.007570266723633, 21.095142364501953, 21.247900009155273, 21.46095848083496, 20.74425506591797, 20.646240234375, 20.685787200927734, 20.75764274597168, 21.077404022216797], "rcnn_confidence": [0.0, 0.0, 0.0, 0.0, 0.0, 0.0, 0.0, 0.0, 0.0, 0.0], "yolo_confidence": [0.0, 0.0, 0.0, 0.0, 0.0, 0.0, 0.0, 0.0, 0.0, 0.0]}