{"pixel_L2": [42622.80859375, 43949.75390625, 45458.76953125, 44162.59375, 44348.16015625, 44223.85546875, 44044.10546875, 44338.859375, 43648.50390625, 46170.87109375], "pixel_cosine": [0.6351499557495117, 0.604414701461792, 0.5703942775726318, 0.600723147392273, 0.5948231816291809, 0.5983250141143799, 0.603239893913269, 0.595276951789856, 0.6114413738250732, 0.570397675037384], "low_L2": [335.05279541015625, 323.8946838378906, 345.52789306640625, 323.4308776855469, 322.2765808105469, 327.7039794921875, 345.00390625, 323.1282653808594, 324.5321960449219, 341.5503845214844], "low_cosine": [0.2743033766746521, 0.23453429341316223, 0.22541677951812744, 0.22541466355323792, 0.23627419769763947, 0.2500896751880646, 0.3154090642929077, 0.2315787672996521, 0.26478639245033264, 0.23695743083953857], "mid_L2": [237.05337524414062, 234.71823120117188, 245.23849487304688, 232.15084838867188, 233.62179565429688, 237.4703369140625, 247.56007385253906, 233.2726593017578, 235.55039978027344, 244.953857421875], "mid_cosine": [0.24562780559062958, 0.22742511332035065, 0.22235222160816193, 0.22891588509082794, 0.22813570499420166, 0.23858261108398438, 0.23095062375068665, 0.23149260878562927, 0.24469482898712158, 0.22355259954929352], "high_L2": [47.303565979003906, 52.05094909667969, 45.94912338256836, 51.0949821472168, 48.984779357910156, 50.07706069946289, 45.380409240722656, 51.29466247558594, 53.68098449707031, 55.63088607788086], "high_cosine": [0.42734867334365845, 0.32230818271636963, 0.4954659044742584, 0.3579601049423218, 0.3852827548980713, 0.3832695484161377, 0.4903404116630554, 0.33200156688690186, 0.2943054139614105, 0.2873733937740326], "clip_cosine": [0.9989729523658752, 0.9988530278205872, 0.9987236857414246, 0.9989258646965027, 0.9989261031150818, 0.9990764856338501, 0.9989052414894104, 0.9989409446716309, 0.9989047050476074, 0.9990605711936951], "dino_cosine": [0.9471237659454346, 0.9602178931236267, 0.9537495374679565, 0.9566129446029663, 0.9554728269577026, 0.9613921642303467, 0.9537554979324341, 0.9599348306655884, 0.9654989242553711, 0.9502735137939453], "clip_L2": [12.02070426940918, 12.565996170043945, 12.6883544921875, 12.40509033203125, 12.656172752380371, 11.458982467651367, 12.428882598876953, 12.300854682922363, 12.403059005737305, 11.578719139099121], "dino_L2": [16.94182014465332, 14.26152515411377, 14.819796562194824, 15.17818546295166, 14.669488906860352, 13.257826805114746, 14.609451293945312, 13.997573852539062, 12.831045150756836, 15.780322074890137], "rcnn_confidence": [0.0, 0.0, 0.0, 0.0, 0.0, 0.0, 0.0, 0.0, 0.0, 0.0], "yolo_confidence": [0.0, 0.0, 0.0, 0.0, 0.0, 0.0, 0.0, 0.0, 0.0, 0.0]}