{"pixel_L2": [29750.884765625, 29773.494140625, 29746.65234375, 29733.482421875, 29719.666015625, 29762.388671875, 29702.009765625, 29597.4296875, 29702.150390625, 29734.4765625], "pixel_cosine": [0.5330690145492554, 0.532383382320404, 0.5339351296424866, 0.5296252369880676, 0.5332884788513184, 0.5317539572715759, 0.5352784395217896, 0.5390889048576355, 0.5328683257102966, 0.533797025680542], "low_L2": [374.1187744140625, 373.9844970703125, 374.3132629394531, 374.3936767578125, 374.042236328125, 374.0650329589844, 373.827880859375, 373.507568359375, 373.9496154785156, 374.2149658203125], "low_cosine": [0.3354673385620117, 0.3361470401287079, 0.33402490615844727, 0.3337376117706299, 0.33571162819862366, 0.3357069790363312, 0.3368338644504547, 0.33862918615341187, 0.3361990451812744, 0.3345288038253784], "mid_L2": [286.1654052734375, 285.9049072265625, 286.01904296875, 285.3736267089844, 286.4221496582031, 285.9292297363281, 286.52191162109375, 286.02642822265625, 286.096435546875, 285.7239990234375], "mid_cosine": [0.23947378993034363, 0.24140560626983643, 0.24139541387557983, 0.2466408759355545, 0.24182042479515076, 0.2407878339290619, 0.23906919360160828, 0.24336117506027222, 0.24302995204925537, 0.24514435231685638], "high_L2": [60.66058349609375, 60.61473846435547, 60.565608978271484, 60.47278594970703, 61.11375045776367, 60.4459228515625, 60.96506881713867, 60.70222473144531, 60.66706085205078, 60.48630905151367], "high_cosine": [0.20600779354572296, 0.20973168313503265, 0.21539847552776337, 0.21662232279777527, 0.19869522750377655, 0.21369755268096924, 0.2052178978919983, 0.20689798891544342, 0.2148604691028595, 0.20621338486671448], "clip_cosine": [0.9989827275276184, 0.9989745020866394, 0.9989768266677856, 0.9990584850311279, 0.9990293979644775, 0.9990519881248474, 0.9989255666732788, 0.9989709854125977, 0.999038577079773, 0.9989340901374817], "dino_cosine": [0.9319943189620972, 0.9271321892738342, 0.9326004385948181, 0.9294992089271545, 0.9309812784194946, 0.9313102960586548, 0.9275500178337097, 0.9340177774429321, 0.9259815216064453, 0.9255666136741638], "clip_L2": [13.949357986450195, 14.176568984985352, 14.107039451599121, 13.446535110473633, 13.670695304870605, 13.516929626464844, 14.448105812072754, 14.078286170959473, 13.595490455627441, 14.445772171020508], "dino_L2": [19.974620819091797, 19.791261672973633, 19.874515533447266, 19.779970169067383, 19.85986328125, 19.710926055908203, 19.92851448059082, 19.87135887145996, 19.952993392944336, 19.58644676208496], "rcnn_confidence": [0.0, 0.0, 0.0, 0.0, 0.0, 0.0, 0.0, 0.0, 0.0, 0.0], "yolo_confidence": [0.0, 0.0, 0.0, 0.0, 0.0, 0.0, 0.0, 0.0, 0.0, 0.0]}