{"pixel_L2": [30231.3515625, 29868.470703125, 29984.9296875, 30028.0625, 30113.177734375, 30078.708984375, 30211.572265625, 30204.787109375, 30041.982421875, 30171.466796875], "pixel_cosine": [0.6197646856307983, 0.6246013641357422, 0.6227965354919434, 0.6232542991638184, 0.6222891211509705, 0.6215628385543823, 0.6208033561706543, 0.6215198636054993, 0.6218782663345337, 0.6206437349319458], "low_L2": [387.61865234375, 374.9715270996094, 379.5857238769531, 380.4204406738281, 384.1661071777344, 382.97857666015625, 389.2677917480469, 385.5970458984375, 377.3868103027344, 390.8180847167969], "low_cosine": [0.2917681932449341, 0.29187047481536865, 0.2940162420272827, 0.29941225051879883, 0.2927607297897339, 0.299491822719574, 0.29063212871551514, 0.29564327001571655, 0.29722657799720764, 0.29440051317214966], "mid_L2": [318.5196838378906, 311.8705139160156, 313.9760437011719, 315.3728332519531, 315.51898193359375, 315.90814208984375, 319.11712646484375, 316.42364501953125, 316.74151611328125, 317.9563903808594], "mid_cosine": [0.21144825220108032, 0.21524295210838318, 0.2183735966682434, 0.21484194695949554, 0.20800316333770752, 0.21347562968730927, 0.20715826749801636, 0.21050629019737244, 0.21059241890907288, 0.2109372913837433], "high_L2": [60.72957229614258, 60.87971878051758, 60.3669548034668, 61.295257568359375, 60.85580062866211, 61.66465759277344, 60.928131103515625, 61.92144012451172, 60.69153594970703, 61.21188735961914], "high_cosine": [0.1349116712808609, 0.12321501225233078, 0.13994111120700836, 0.13334591686725616, 0.13164548575878143, 0.12688082456588745, 0.13174277544021606, 0.12749972939491272, 0.13657540082931519, 0.15858525037765503], "clip_cosine": [0.998484194278717, 0.9986013770103455, 0.9985995292663574, 0.9986239075660706, 0.998664140701294, 0.9986603856086731, 0.9985962510108948, 0.9986551403999329, 0.998680591583252, 0.9987264275550842], "dino_cosine": [0.9544395208358765, 0.9546396732330322, 0.952499508857727, 0.9528750777244568, 0.9505853056907654, 0.9472564458847046, 0.9542957544326782, 0.9546290636062622, 0.9505117535591125, 0.9509159326553345], "clip_L2": [13.938838005065918, 13.36875057220459, 13.338600158691406, 13.688580513000488, 13.4253568649292, 13.802383422851562, 13.473752975463867, 13.496869087219238, 13.386842727661133, 13.133441925048828], "dino_L2": [18.0283145904541, 17.774211883544922, 17.91254425048828, 17.61971664428711, 17.768962860107422, 18.16029167175293, 17.661073684692383, 17.641569137573242, 17.672954559326172, 17.905149459838867], "rcnn_confidence": [0.0, 0.0, 0.0, 0.0, 0.0, 0.0, 0.0, 0.0, 0.0, 0.0], "yolo_confidence": [0.0, 0.0, 0.0, 0.0, 0.0, 0.0, 0.0, 0.0, 0.0, 0.0]}