{"pixel_L2": [14640.4794921875, 14710.3681640625, 14704.734375, 14841.708984375, 14718.75390625, 14689.9736328125, 14670.498046875, 14811.86328125, 14542.919921875, 14593.3544921875], "pixel_cosine": [0.6247515678405762, 0.6231420636177063, 0.6201286911964417, 0.6206637024879456, 0.621593177318573, 0.6224464178085327, 0.625623881816864, 0.622190535068512, 0.6276928782463074, 0.6241031289100647], "low_L2": [252.04234313964844, 251.5209503173828, 253.2903289794922, 254.28125, 250.42892456054688, 252.43846130371094, 252.0874786376953, 253.43252563476562, 248.99349975585938, 250.11627197265625], "low_cosine": [0.749961256980896, 0.7494736313819885, 0.7471834421157837, 0.7469965219497681, 0.7504665851593018, 0.7479076981544495, 0.7490137815475464, 0.7479032278060913, 0.752434492111206, 0.7506131529808044], "mid_L2": [204.1436004638672, 200.79986572265625, 204.38038635253906, 206.41598510742188, 202.21621704101562, 203.26657104492188, 202.46597290039062, 204.40313720703125, 201.09642028808594, 200.76112365722656], "mid_cosine": [0.5594068765640259, 0.5658876895904541, 0.5571110844612122, 0.5515707731246948, 0.5627007484436035, 0.5570799112319946, 0.5610389113426208, 0.5566785335540771, 0.5627299547195435, 0.5636947751045227], "high_L2": [52.121490478515625, 51.14845275878906, 51.59286880493164, 51.97774887084961, 51.226600646972656, 51.06095504760742, 50.530364990234375, 51.451148986816406, 50.61658477783203, 50.02299880981445], "high_cosine": [0.6505998373031616, 0.6560484766960144, 0.6489076018333435, 0.6495882868766785, 0.6492342352867126, 0.6511141061782837, 0.6602922677993774, 0.6499508619308472, 0.6596360802650452, 0.6644588112831116], "clip_cosine": [0.9983993768692017, 0.998437762260437, 0.998581051826477, 0.9985113143920898, 0.9984266757965088, 0.998443603515625, 0.9984524846076965, 0.9984596967697144, 0.9983067512512207, 0.9985257387161255], "dino_cosine": [0.9515241384506226, 0.9508771300315857, 0.943148136138916, 0.949325680732727, 0.9387497901916504, 0.9499322175979614, 0.9418497085571289, 0.9442073106765747, 0.9523929357528687, 0.9513335227966309], "clip_L2": [14.65304946899414, 14.420964241027832, 13.806384086608887, 14.283448219299316, 14.396430969238281, 14.489815711975098, 14.377246856689453, 14.236842155456543, 14.762018203735352, 14.257603645324707], "dino_L2": [19.699344635009766, 19.596271514892578, 19.888219833374023, 19.614919662475586, 20.14669418334961, 19.660140991210938, 20.035123825073242, 20.012418746948242, 19.524595260620117, 19.686798095703125], "rcnn_confidence": [0.2945859432220459, 0.0, 0.15304140746593475, 0.32678455114364624, 0.09915311634540558, 0.18269410729408264, 0.0, 0.0928461030125618, 0.0, 0.24597421288490295], "yolo_confidence": [0.0, 0.0, 0.0, 0.0, 0.0, 0.0, 0.0, 0.0, 0.0, 0.0]}