{"pixel_L2": [28637.513671875, 28746.0546875, 28642.919921875, 28793.01953125, 28844.09765625, 28477.7265625, 28711.677734375, 28974.130859375, 28674.515625, 28606.44921875], "pixel_cosine": [0.9180422425270081, 0.9175879955291748, 0.918178379535675, 0.91813063621521, 0.9177051186561584, 0.9184023141860962, 0.9179342985153198, 0.9175078868865967, 0.9179621338844299, 0.917976975440979], "low_L2": [326.8640441894531, 322.56634521484375, 324.6749572753906, 323.43353271484375, 323.82952880859375, 324.917724609375, 326.37725830078125, 325.7711181640625, 325.26226806640625, 327.5843811035156], "low_cosine": [0.39265450835227966, 0.4109901189804077, 0.40251076221466064, 0.40545323491096497, 0.40663278102874756, 0.4014163613319397, 0.39816194772720337, 0.40094929933547974, 0.3976389765739441, 0.3909726142883301], "mid_L2": [236.31483459472656, 236.67459106445312, 236.85755920410156, 237.41607666015625, 235.6958465576172, 237.5669708251953, 238.44020080566406, 238.03860473632812, 237.30426025390625, 237.8782958984375], "mid_cosine": [0.3409382700920105, 0.34111911058425903, 0.3431958854198456, 0.3397766947746277, 0.3484466075897217, 0.3361492455005646, 0.33399105072021484, 0.33506935834884644, 0.33815574645996094, 0.34028860926628113], "high_L2": [59.18382263183594, 59.37192916870117, 59.08378982543945, 59.123844146728516, 58.96965408325195, 59.06571578979492, 58.867401123046875, 58.09503936767578, 58.59855651855469, 59.04291915893555], "high_cosine": [0.41687989234924316, 0.4099009037017822, 0.4244547188282013, 0.43002238869667053, 0.43547511100769043, 0.4217868447303772, 0.4288402497768402, 0.43850186467170715, 0.43651726841926575, 0.4254482686519623], "clip_cosine": [0.9989506006240845, 0.998960018157959, 0.998944878578186, 0.9989911317825317, 0.9990265965461731, 0.9989842176437378, 0.9989413022994995, 0.9990061521530151, 0.9988913536071777, 0.9990416765213013], "dino_cosine": [0.9567916393280029, 0.9533896446228027, 0.9523786306381226, 0.9534593224525452, 0.9563797116279602, 0.9573202133178711, 0.9553155899047852, 0.9550544023513794, 0.955970823764801, 0.9564955234527588], "clip_L2": [13.271209716796875, 13.265435218811035, 13.249650001525879, 13.001749038696289, 12.924381256103516, 13.175671577453613, 13.283934593200684, 12.92495059967041, 13.647343635559082, 12.649490356445312], "dino_L2": [16.837764739990234, 17.123205184936523, 17.074127197265625, 16.911823272705078, 17.163793563842773, 17.097248077392578, 17.12384796142578, 16.820621490478516, 17.19970703125, 16.545143127441406], "rcnn_confidence": [0.0, 0.0, 0.0, 0.0, 0.0, 0.0, 0.0, 0.0, 0.0, 0.0], "yolo_confidence": [0.0, 0.0, 0.0, 0.0, 0.0, 0.0, 0.0, 0.0, 0.0, 0.0]}