{"pixel_L2": [59529.390625, 59594.6796875, 59564.41796875, 59557.52734375, 59501.828125, 59712.6328125, 59498.16796875, 59404.953125, 59476.421875, 59581.92578125], "pixel_cosine": [0.5875967741012573, 0.5840509533882141, 0.5866056084632874, 0.5936727523803711, 0.6027652025222778, 0.5696021318435669, 0.5898575186729431, 0.5942061543464661, 0.5950959324836731, 0.5875568985939026], "low_L2": [501.1743469238281, 500.4319152832031, 500.7095031738281, 499.79107666015625, 498.7761535644531, 501.39862060546875, 500.3018798828125, 499.8113098144531, 500.5960998535156, 498.8908386230469], "low_cosine": [0.3705717623233795, 0.3730010986328125, 0.37173932790756226, 0.3755687475204468, 0.37760552763938904, 0.37016525864601135, 0.373909592628479, 0.3768967092037201, 0.37295734882354736, 0.3782691955566406], "mid_L2": [247.73858642578125, 248.94183349609375, 247.60069274902344, 248.80836486816406, 246.869873046875, 248.400390625, 248.39564514160156, 248.7040252685547, 247.5000762939453, 246.87579345703125], "mid_cosine": [0.3136659860610962, 0.31078553199768066, 0.31544286012649536, 0.3115916848182678, 0.31743794679641724, 0.31159964203834534, 0.3144274353981018, 0.3162459433078766, 0.3138729929924011, 0.31974849104881287], "high_L2": [56.357208251953125, 56.8473014831543, 55.903018951416016, 56.36670684814453, 55.45027542114258, 55.21867370605469, 56.33995056152344, 56.03730773925781, 55.85757064819336, 55.20349884033203], "high_cosine": [0.23152509331703186, 0.23102009296417236, 0.23725149035453796, 0.22592763602733612, 0.23504528403282166, 0.23392216861248016, 0.2439466118812561, 0.23279474675655365, 0.2304878532886505, 0.24492445588111877], "clip_cosine": [0.9978541731834412, 0.9977098107337952, 0.9978293776512146, 0.9977270364761353, 0.9977531433105469, 0.9973578453063965, 0.9976917505264282, 0.9975683093070984, 0.9975634217262268, 0.9977590441703796], "dino_cosine": [0.9526708722114563, 0.9544374942779541, 0.9533453583717346, 0.9478998780250549, 0.9506296515464783, 0.9470459818840027, 0.9492024779319763, 0.9511652588844299, 0.9545682072639465, 0.9459478259086609], "clip_L2": [15.373810768127441, 16.05962562561035, 15.54377269744873, 15.00727653503418, 15.842405319213867, 16.61823272705078, 15.569159507751465, 15.86709976196289, 15.901117324829102, 15.873769760131836], "dino_L2": [18.37193489074707, 18.46771812438965, 18.605804443359375, 18.701662063598633, 18.93706703186035, 18.807310104370117, 18.471954345703125, 18.3463134765625, 18.14865493774414, 18.77553939819336], "rcnn_confidence": [0.0, 0.0, 0.0, 0.0, 0.0, 0.0, 0.0, 0.0, 0.0, 0.0], "yolo_confidence": [0.0, 0.0, 0.0, 0.0, 0.0, 0.0, 0.0, 0.0, 0.0, 0.0]}