{"pixel_L2": [57791.58203125, 50287.75, 49781.5, 52948.09765625, 47509.35546875, 48999.234375, 56481.48046875, 53265.6328125, 52726.9765625, 49969.25390625], "pixel_cosine": [0.32339590787887573, 0.3881804049015045, 0.35697370767593384, 0.4249933362007141, 0.42769157886505127, 0.36821556091308594, 0.42950814962387085, 0.35180357098579407, 0.3814363181591034, 0.3834098279476166], "low_L2": [924.2078857421875, 954.7642211914062, 929.8358154296875, 955.09521484375, 920.721435546875, 919.7481689453125, 962.5159912109375, 989.8560791015625, 943.1690673828125, 1008.0131225585938], "low_cosine": [0.36564403772354126, 0.34387147426605225, 0.3456569314002991, 0.37988051772117615, 0.3912765085697174, 0.40613800287246704, 0.3727903366088867, 0.3341584801673889, 0.35372450947761536, 0.4322105050086975], "mid_L2": [487.6257019042969, 519.0927734375, 500.6218566894531, 508.1112976074219, 514.40087890625, 498.3055419921875, 500.1038513183594, 531.8253173828125, 509.0479431152344, 520.2462768554688], "mid_cosine": [0.1821637600660324, 0.17253190279006958, 0.1683679223060608, 0.1926465928554535, 0.21745671331882477, 0.19332650303840637, 0.20775514841079712, 0.16473865509033203, 0.17833662033081055, 0.23483650386333466], "high_L2": [71.82506561279297, 73.39688110351562, 80.46454620361328, 81.41329193115234, 77.55872344970703, 80.97989654541016, 69.42813110351562, 77.27388000488281, 78.78740692138672, 74.40016174316406], "high_cosine": [0.19680967926979065, 0.2694847881793976, 0.1614093780517578, 0.10844476521015167, 0.2551923990249634, 0.13925451040267944, 0.28557026386260986, 0.13372202217578888, 0.19210028648376465, 0.2738593816757202], "clip_cosine": [0.9986366033554077, 0.9987398386001587, 0.9988234043121338, 0.9983470439910889, 0.9986575245857239, 0.9986579418182373, 0.9987004995346069, 0.9985860586166382, 0.9986801743507385, 0.9985237717628479], "dino_cosine": [0.938906192779541, 0.9544236063957214, 0.9329224824905396, 0.930544376373291, 0.9556024074554443, 0.9390890598297119, 0.9550901651382446, 0.9336321353912354, 0.9461485147476196, 0.9404736161231995], "clip_L2": [13.825177192687988, 13.299561500549316, 13.34678840637207, 15.013594627380371, 13.700823783874512, 14.395181655883789, 13.347701072692871, 14.453656196594238, 13.590753555297852, 13.797454833984375], "dino_L2": [19.286487579345703, 14.711800575256348, 19.16656494140625, 20.534090042114258, 16.464338302612305, 19.64754867553711, 15.055215835571289, 19.561681747436523, 18.842411041259766, 18.196117401123047], "rcnn_confidence": [0.0, 0.21490637958049774, 0.06390620768070221, 0.0, 0.05048719421029091, 0.0, 0.2176969349384308, 0.059618014842271805, 0.3655087947845459, 0.08645911514759064], "yolo_confidence": [0.0, 0.0, 0.5004072189331055, 0.0, 0.0, 0.0, 0.0, 0.0, 0.0, 0.0]}