{"pixel_L2": [17719.2109375, 17655.9609375, 17738.359375, 17711.416015625, 17768.09765625, 17671.728515625, 17544.357421875, 17671.015625, 17629.0, 17699.787109375], "pixel_cosine": [0.7049605250358582, 0.7080210447311401, 0.7040139436721802, 0.7054464817047119, 0.7033916711807251, 0.7071115970611572, 0.7130210995674133, 0.7068581581115723, 0.70865797996521, 0.7064200639724731], "low_L2": [353.1045837402344, 348.98248291015625, 352.10772705078125, 352.4605712890625, 347.9870910644531, 347.8972473144531, 340.9118957519531, 353.6169738769531, 354.0887756347656, 349.731201171875], "low_cosine": [0.5281166434288025, 0.53166663646698, 0.5282607078552246, 0.5304527878761292, 0.531204104423523, 0.5313519239425659, 0.5401828289031982, 0.531101644039154, 0.5338425636291504, 0.5270053148269653], "mid_L2": [236.5228729248047, 238.93838500976562, 239.091064453125, 239.90646362304688, 234.85423278808594, 239.0700225830078, 239.26385498046875, 241.02671813964844, 242.19801330566406, 237.47384643554688], "mid_cosine": [0.45511212944984436, 0.4491441249847412, 0.44729524850845337, 0.4469544589519501, 0.4583025574684143, 0.44683027267456055, 0.4474695920944214, 0.44843506813049316, 0.4415830373764038, 0.44844716787338257], "high_L2": [56.34615707397461, 58.67589569091797, 57.46035385131836, 57.62238311767578, 55.77457809448242, 57.302181243896484, 56.006011962890625, 57.77927780151367, 58.7127685546875, 58.137386322021484], "high_cosine": [0.5832343697547913, 0.5580961108207703, 0.5571591854095459, 0.5690450072288513, 0.5841696858406067, 0.5611177682876587, 0.5814788341522217, 0.5731322765350342, 0.5548479557037354, 0.560010552406311], "clip_cosine": [0.9987776875495911, 0.998578667640686, 0.9987205266952515, 0.9988036155700684, 0.9985868334770203, 0.998840868473053, 0.998656690120697, 0.9988477230072021, 0.9987155795097351, 0.9985947608947754], "dino_cosine": [0.9477261304855347, 0.946794331073761, 0.9477118253707886, 0.9431279897689819, 0.9465452432632446, 0.9356440305709839, 0.9419537782669067, 0.9467605352401733, 0.933829128742218, 0.9402592182159424], "clip_L2": [12.369030952453613, 13.164230346679688, 12.693321228027344, 12.224711418151855, 13.29796314239502, 12.19979476928711, 12.71634292602539, 12.847757339477539, 12.558445930480957, 12.951189041137695], "dino_L2": [18.174936294555664, 18.622053146362305, 18.748275756835938, 18.863977432250977, 18.937469482421875, 19.582040786743164, 18.968393325805664, 18.70735740661621, 19.663105010986328, 19.28444480895996], "rcnn_confidence": [0.0, 0.0, 0.0, 0.0, 0.0, 0.0, 0.0, 0.0, 0.0, 0.0], "yolo_confidence": [0.0, 0.0, 0.0, 0.0, 0.0, 0.0, 0.0, 0.0, 0.0, 0.0]}