{"pixel_L2": [68269.1484375, 67486.0, 67663.015625, 67524.375, 68036.3359375, 67568.8046875, 67452.5234375, 67574.1875, 67493.7421875, 67594.453125], "pixel_cosine": [0.6413790583610535, 0.6516410112380981, 0.6503879427909851, 0.6515604853630066, 0.6444348096847534, 0.6508072018623352, 0.6523277759552002, 0.6504620313644409, 0.6520885229110718, 0.6510074734687805], "low_L2": [360.44329833984375, 341.5042724609375, 348.72314453125, 341.4849548339844, 357.2270812988281, 346.5795593261719, 338.9345397949219, 345.0616455078125, 344.8825988769531, 346.71661376953125], "low_cosine": [0.25074803829193115, 0.23176123201847076, 0.25181087851524353, 0.23175892233848572, 0.2420298457145691, 0.22800251841545105, 0.23031678795814514, 0.23563693463802338, 0.22339428961277008, 0.2356424182653427], "mid_L2": [228.39938354492188, 222.0284423828125, 235.8299560546875, 222.06529235839844, 227.7274169921875, 222.6345977783203, 221.03416442871094, 223.41986083984375, 223.4521484375, 221.66677856445312], "mid_cosine": [0.25701791048049927, 0.2308143675327301, 0.24674731492996216, 0.24221841990947723, 0.24712970852851868, 0.24004961550235748, 0.22397848963737488, 0.23760339617729187, 0.21793723106384277, 0.25423067808151245], "high_L2": [56.037471771240234, 54.84310531616211, 55.87778854370117, 55.027503967285156, 55.094947814941406, 54.480979919433594, 55.384368896484375, 55.512943267822266, 55.41421890258789, 54.89092254638672], "high_cosine": [0.24619361758232117, 0.2641565203666687, 0.1828848421573639, 0.26451346278190613, 0.252585232257843, 0.2855669856071472, 0.26002198457717896, 0.25896185636520386, 0.2694482207298279, 0.26278361678123474], "clip_cosine": [0.9978853464126587, 0.997673749923706, 0.9979774951934814, 0.9978847503662109, 0.9977648854255676, 0.9978400468826294, 0.997810423374176, 0.9980155229568481, 0.9978935718536377, 0.9974697232246399], "dino_cosine": [0.9595785140991211, 0.96280837059021, 0.9564876556396484, 0.9639549851417542, 0.9615854024887085, 0.9638000726699829, 0.9630118012428284, 0.9648195505142212, 0.9640071988105774, 0.9619035720825195], "clip_L2": [16.377033233642578, 16.75096321105957, 16.967023849487305, 17.05081558227539, 16.066823959350586, 17.203121185302734, 16.272132873535156, 16.30815315246582, 16.92662811279297, 16.11929702758789], "dino_L2": [19.1528263092041, 19.71984100341797, 18.96812629699707, 19.069869995117188, 19.298383712768555, 18.755592346191406, 19.39270782470703, 18.709016799926758, 18.8863468170166, 18.443239212036133], "rcnn_confidence": [0.0, 0.0, 0.0, 0.0, 0.0, 0.0, 0.0, 0.0, 0.0, 0.0], "yolo_confidence": [0.0, 0.0, 0.0, 0.0, 0.0, 0.0, 0.0, 0.0, 0.0, 0.0]}