{"pixel_L2": [25007.38671875, 25222.669921875, 25107.9609375, 25148.224609375, 24907.384765625, 25164.0703125, 24905.634765625, 25099.0859375, 25336.408203125, 25172.33984375], "pixel_cosine": [0.7335402369499207, 0.7300499677658081, 0.7311368584632874, 0.7311922311782837, 0.7361536026000977, 0.7321443557739258, 0.7364190220832825, 0.731899082660675, 0.730522096157074, 0.7279748916625977], "low_L2": [424.5006408691406, 418.20074462890625, 423.9080505371094, 423.7229309082031, 422.46881103515625, 429.4003601074219, 428.0815124511719, 417.53887939453125, 433.3325500488281, 423.2757568359375], "low_cosine": [0.4915176331996918, 0.4989321231842041, 0.49726760387420654, 0.497756689786911, 0.49833717942237854, 0.4988059401512146, 0.4847920536994934, 0.5013129711151123, 0.4908978343009949, 0.49459758400917053], "mid_L2": [287.532470703125, 284.68048095703125, 286.21307373046875, 285.7972717285156, 282.571044921875, 289.0328674316406, 282.9261169433594, 280.6763610839844, 288.22491455078125, 283.0325622558594], "mid_cosine": [0.302370548248291, 0.30988356471061707, 0.3100549280643463, 0.32467830181121826, 0.31197869777679443, 0.31203532218933105, 0.3082745671272278, 0.3115389943122864, 0.3126718997955322, 0.3208562731742859], "high_L2": [68.29756164550781, 68.62171936035156, 68.80213928222656, 70.24139404296875, 66.96219635009766, 67.25943756103516, 65.91688537597656, 67.40283203125, 68.35297393798828, 69.02838134765625], "high_cosine": [0.21499064564704895, 0.2215614765882492, 0.20701128244400024, 0.21919496357440948, 0.21833689510822296, 0.2256593555212021, 0.24059081077575684, 0.2170829474925995, 0.20275555551052094, 0.216944620013237], "clip_cosine": [0.9987484812736511, 0.9988034963607788, 0.9988508224487305, 0.9987552165985107, 0.9986900091171265, 0.9986207485198975, 0.998757004737854, 0.9987748861312866, 0.9988095164299011, 0.9986252188682556], "dino_cosine": [0.9427624940872192, 0.9440818428993225, 0.9389550685882568, 0.9427764415740967, 0.9403079152107239, 0.944791853427887, 0.9376320242881775, 0.9403569102287292, 0.9397280812263489, 0.9406272768974304], "clip_L2": [12.436997413635254, 12.740556716918945, 12.33034610748291, 12.744427680969238, 12.434731483459473, 12.954440116882324, 12.488536834716797, 12.561745643615723, 12.700623512268066, 12.962851524353027], "dino_L2": [19.01059913635254, 19.142261505126953, 19.232059478759766, 18.85007667541504, 18.946483612060547, 18.805742263793945, 19.175537109375, 19.070085525512695, 19.09656524658203, 19.064651489257812], "rcnn_confidence": [0.0, 0.0, 0.0, 0.0, 0.0, 0.0, 0.0, 0.0, 0.0, 0.0], "yolo_confidence": [0.0, 0.0, 0.0, 0.0, 0.0, 0.0, 0.0, 0.0, 0.0, 0.0]}