{"pixel_L2": [29830.177734375, 28644.70703125, 30287.65625, 30901.19921875, 31021.353515625, 28760.50390625, 29738.3046875, 31952.072265625, 31575.1796875, 28963.23828125], "pixel_cosine": [0.8131405115127563, 0.7890235185623169, 0.7798797488212585, 0.765071451663971, 0.7882679104804993, 0.7920849323272705, 0.7987254858016968, 0.8078269958496094, 0.7657911777496338, 0.8018473982810974], "low_L2": [512.84130859375, 504.11138916015625, 498.95562744140625, 582.5139770507812, 520.4593505859375, 502.4092712402344, 527.0755004882812, 555.823486328125, 553.6364135742188, 512.2876586914062], "low_cosine": [0.38361746072769165, 0.4211413562297821, 0.35108235478401184, 0.39300858974456787, 0.3596474528312683, 0.3846309185028076, 0.39355579018592834, 0.3847024142742157, 0.38408735394477844, 0.38009679317474365], "mid_L2": [396.9349365234375, 406.1518249511719, 389.9185791015625, 435.97686767578125, 412.27203369140625, 411.887451171875, 398.1659851074219, 449.021484375, 472.2632141113281, 408.6239013671875], "mid_cosine": [0.24330967664718628, 0.24319326877593994, 0.21498388051986694, 0.25714805722236633, 0.21579203009605408, 0.22762243449687958, 0.258002370595932, 0.1847761571407318, 0.17869660258293152, 0.21107903122901917], "high_L2": [54.130802154541016, 59.22837829589844, 54.969425201416016, 53.157493591308594, 65.81180572509766, 58.45560836791992, 56.70196533203125, 59.94042205810547, 61.15413284301758, 59.07244110107422], "high_cosine": [0.49304479360580444, 0.4395684599876404, 0.4802948236465454, 0.5683820843696594, 0.49688345193862915, 0.47131577134132385, 0.4514741897583008, 0.4035396873950958, 0.33070605993270874, 0.43982067704200745], "clip_cosine": [0.9989588260650635, 0.9991418719291687, 0.9991118311882019, 0.9987826347351074, 0.9988853931427002, 0.9988943338394165, 0.9990434646606445, 0.9989907741546631, 0.9989990592002869, 0.9988768100738525], "dino_cosine": [0.9701367616653442, 0.9649439454078674, 0.964297890663147, 0.9709592461585999, 0.9714840650558472, 0.9758507609367371, 0.9739245176315308, 0.9743717908859253, 0.9645973443984985, 0.975798487663269], "clip_L2": [12.671284675598145, 11.891229629516602, 12.013193130493164, 13.22801399230957, 13.243704795837402, 12.823765754699707, 12.285504341125488, 12.35481071472168, 12.883357048034668, 12.732527732849121], "dino_L2": [12.683090209960938, 13.051091194152832, 13.015825271606445, 12.13137149810791, 11.74152660369873, 11.29575252532959, 11.620970726013184, 11.857940673828125, 13.02836799621582, 11.1503267288208], "rcnn_confidence": [0.8245275616645813, 0.0, 0.08068957179784775, 0.09897591173648834, 0.0, 0.07227325439453125, 0.3540632724761963, 0.0, 0.22895848751068115, 0.0], "yolo_confidence": [0.0, 0.0, 0.0, 0.0, 0.0, 0.0, 0.0, 0.0, 0.0, 0.0]}