{"pixel_L2": [36588.4921875, 36600.8203125, 36457.19140625, 36555.32421875, 36356.671875, 36482.015625, 36625.36328125, 36433.6171875, 36454.73828125, 36575.5234375], "pixel_cosine": [0.6951233148574829, 0.6949808597564697, 0.6979863047599792, 0.6963576674461365, 0.7002117037773132, 0.6983063220977783, 0.6936782598495483, 0.698137640953064, 0.698246419429779, 0.695397675037384], "low_L2": [534.7756958007812, 540.4572143554688, 539.307861328125, 529.9639892578125, 536.3242797851562, 530.9522705078125, 548.20654296875, 527.0535278320312, 536.949462890625, 540.4404907226562], "low_cosine": [0.4290461540222168, 0.4221867620944977, 0.4250456690788269, 0.42771202325820923, 0.4233110547065735, 0.426438570022583, 0.423637330532074, 0.4331355094909668, 0.428218811750412, 0.4256354570388794], "mid_L2": [355.9560241699219, 350.71868896484375, 352.725341796875, 353.3857421875, 353.8104553222656, 352.10308837890625, 350.4360046386719, 354.1355285644531, 349.6405944824219, 354.0586853027344], "mid_cosine": [0.1723431646823883, 0.1791381686925888, 0.1713912934064865, 0.17593608796596527, 0.16974961757659912, 0.18172620236873627, 0.17579036951065063, 0.18257176876068115, 0.17292603850364685, 0.17842645943164825], "high_L2": [69.51606750488281, 69.11517333984375, 70.2960433959961, 69.85175323486328, 72.50093841552734, 70.60401916503906, 69.37897491455078, 71.6469955444336, 69.66878509521484, 70.1399154663086], "high_cosine": [0.1555156111717224, 0.1652451604604721, 0.14694857597351074, 0.15241137146949768, 0.13806848227977753, 0.1539190262556076, 0.142973855137825, 0.14640334248542786, 0.15327832102775574, 0.14519859850406647], "clip_cosine": [0.9986667633056641, 0.9985160827636719, 0.998661994934082, 0.9986848831176758, 0.9987004399299622, 0.9983508586883545, 0.9985828399658203, 0.9985949993133545, 0.9986846446990967, 0.9985260963439941], "dino_cosine": [0.9394365549087524, 0.9421530961990356, 0.9383959174156189, 0.9425609707832336, 0.9420343637466431, 0.9419450163841248, 0.9463123083114624, 0.9439539313316345, 0.9421631097793579, 0.936773419380188], "clip_L2": [13.619065284729004, 13.854432106018066, 13.319755554199219, 13.268638610839844, 13.30029296875, 14.25637435913086, 13.856943130493164, 13.43173885345459, 13.42094612121582, 14.067340850830078], "dino_L2": [19.59807586669922, 19.24607276916504, 19.466753005981445, 19.070758819580078, 19.454626083374023, 19.410888671875, 19.14661979675293, 19.130887985229492, 19.205472946166992, 19.577903747558594], "rcnn_confidence": [0.0, 0.0, 0.0, 0.0, 0.0, 0.0, 0.0, 0.0, 0.0, 0.0], "yolo_confidence": [0.0, 0.0, 0.0, 0.0, 0.0, 0.0, 0.0, 0.0, 0.0, 0.0]}