{"pixel_L2": [24383.474609375, 24975.365234375, 24760.177734375, 24435.759765625, 24508.390625, 25018.5546875, 24649.763671875, 24347.796875, 24643.486328125, 24481.080078125], "pixel_cosine": [0.9043071269989014, 0.8973039388656616, 0.8986640572547913, 0.9009268879890442, 0.9019027948379517, 0.8962423801422119, 0.899218738079071, 0.9006065130233765, 0.9004199504852295, 0.9017267823219299], "low_L2": [205.05322265625, 210.02883911132812, 211.07760620117188, 206.9111328125, 206.67086791992188, 213.4113006591797, 208.1584014892578, 209.79835510253906, 209.1999969482422, 208.3523406982422], "low_cosine": [0.4934808611869812, 0.48313698172569275, 0.4824256896972656, 0.4915340542793274, 0.49022430181503296, 0.47999513149261475, 0.4886385500431061, 0.4920275807380676, 0.48963862657546997, 0.48543643951416016], "mid_L2": [216.3243408203125, 219.27340698242188, 218.73045349121094, 217.1562042236328, 217.72731018066406, 219.6248779296875, 216.9783477783203, 220.19064331054688, 217.08201599121094, 216.89244079589844], "mid_cosine": [0.33130866289138794, 0.31996840238571167, 0.3198009729385376, 0.32692861557006836, 0.3148796558380127, 0.3263038098812103, 0.3307041823863983, 0.3271850347518921, 0.3372546136379242, 0.32394176721572876], "high_L2": [50.18461608886719, 48.24234390258789, 49.38379669189453, 49.47200393676758, 50.053565979003906, 49.32554244995117, 50.803466796875, 50.744590759277344, 49.73881149291992, 49.38600158691406], "high_cosine": [0.42236602306365967, 0.4036425054073334, 0.4074709415435791, 0.3986327648162842, 0.40840232372283936, 0.4155740737915039, 0.43286681175231934, 0.38479483127593994, 0.42129087448120117, 0.41395729780197144], "clip_cosine": [0.9984457492828369, 0.998317539691925, 0.9984167814254761, 0.9982782602310181, 0.9982882738113403, 0.9983516931533813, 0.9983439445495605, 0.9983302354812622, 0.9982973337173462, 0.9982578754425049], "dino_cosine": [0.9482041597366333, 0.9519452452659607, 0.9472875595092773, 0.9510295987129211, 0.9469041228294373, 0.953111469745636, 0.9488989114761353, 0.9524316787719727, 0.9504997134208679, 0.9476942420005798], "clip_L2": [14.07142162322998, 14.924691200256348, 14.082015037536621, 15.199807167053223, 14.812495231628418, 14.789167404174805, 14.688416481018066, 14.498138427734375, 14.803129196166992, 15.282567024230957], "dino_L2": [19.146638870239258, 18.720949172973633, 19.140043258666992, 18.876544952392578, 19.200876235961914, 18.49828338623047, 19.01790428161621, 18.677959442138672, 18.983684539794922, 18.932846069335938], "rcnn_confidence": [0.0, 0.0, 0.0, 0.0, 0.0, 0.0, 0.0, 0.0, 0.0, 0.0], "yolo_confidence": [0.0, 0.0, 0.0, 0.0, 0.0, 0.0, 0.0, 0.0, 0.0, 0.0]}