{"pixel_L2": [38601.21484375, 38413.29296875, 38035.0859375, 38868.6171875, 37123.30859375, 39071.94140625, 39056.296875, 37643.8671875, 38632.40234375, 38858.9375], "pixel_cosine": [0.910401463508606, 0.9276346564292908, 0.9330094456672668, 0.9122604131698608, 0.9296988248825073, 0.928010106086731, 0.9218963384628296, 0.9171419739723206, 0.8561015129089355, 0.9264944791793823], "low_L2": [405.1940612792969, 392.1068420410156, 372.5127868652344, 398.6031494140625, 385.0423583984375, 383.26617431640625, 392.8129577636719, 375.6465759277344, 420.78265380859375, 386.60076904296875], "low_cosine": [0.6707528829574585, 0.693394660949707, 0.733147919178009, 0.6799466609954834, 0.7060906887054443, 0.7127200365066528, 0.692790150642395, 0.7243708372116089, 0.6554322242736816, 0.7045679092407227], "mid_L2": [299.9967956542969, 299.7305603027344, 290.49432373046875, 294.2207946777344, 302.4396057128906, 291.01214599609375, 300.6658935546875, 292.3549499511719, 301.8868408203125, 296.2152404785156], "mid_cosine": [0.44249066710472107, 0.4280945062637329, 0.46065354347229004, 0.4548729956150055, 0.4330008625984192, 0.4538715183734894, 0.4259476959705353, 0.46192026138305664, 0.4325626492500305, 0.44805288314819336], "high_L2": [63.57252883911133, 69.13179016113281, 66.03258514404297, 68.01011657714844, 68.28959655761719, 68.12825012207031, 70.02742004394531, 67.7481918334961, 62.83180618286133, 65.71871185302734], "high_cosine": [0.37547293305397034, 0.3393770456314087, 0.35873082280158997, 0.3346260190010071, 0.30047744512557983, 0.3464370667934418, 0.3093473017215729, 0.33348894119262695, 0.3583894968032837, 0.340455561876297], "clip_cosine": [0.9981372356414795, 0.9979931116104126, 0.9982616901397705, 0.9980411529541016, 0.9981042146682739, 0.9980005025863647, 0.9981448650360107, 0.9981822967529297, 0.9981852769851685, 0.9981342554092407], "dino_cosine": [0.9434062242507935, 0.9548093676567078, 0.9508093595504761, 0.943998396396637, 0.9504513144493103, 0.9505014419555664, 0.9428744912147522, 0.9521844387054443, 0.9504901766777039, 0.9412711262702942], "clip_L2": [14.232422828674316, 14.870694160461426, 14.04033374786377, 15.130338668823242, 14.518019676208496, 14.733748435974121, 14.194770812988281, 14.113502502441406, 14.307496070861816, 14.405628204345703], "dino_L2": [20.29449462890625, 20.117889404296875, 20.855989456176758, 19.67799186706543, 20.78506088256836, 19.981369018554688, 20.19878387451172, 20.41659164428711, 19.84734535217285, 20.245309829711914], "rcnn_confidence": [0.0, 0.0, 0.0, 0.0, 0.0, 0.0, 0.0, 0.0, 0.07186233997344971, 0.0], "yolo_confidence": [0.0, 0.0, 0.0, 0.0, 0.0, 0.0, 0.0, 0.0, 0.0, 0.0]}