{"pixel_L2": [27915.451171875, 33223.41796875, 28673.12109375, 27503.568359375, 24766.70703125, 30255.908203125, 34369.9296875, 33569.47265625, 33079.8515625, 26101.841796875], "pixel_cosine": [0.7056100964546204, 0.6601532101631165, 0.7245923280715942, 0.7082014083862305, 0.721714973449707, 0.701562225818634, 0.7083490490913391, 0.732255220413208, 0.6754721403121948, 0.7091169357299805], "low_L2": [601.8392944335938, 610.24755859375, 477.6340637207031, 490.7099304199219, 451.63433837890625, 560.7030639648438, 527.5072021484375, 610.5761108398438, 604.5018920898438, 476.4254150390625], "low_cosine": [0.369210422039032, 0.3338325619697571, 0.3554162383079529, 0.3580540120601654, 0.3761424422264099, 0.3729802966117859, 0.37330570816993713, 0.32189249992370605, 0.3748234808444977, 0.3722096085548401], "mid_L2": [358.0064392089844, 381.0816955566406, 338.6778259277344, 341.5452575683594, 329.74676513671875, 364.86663818359375, 378.58746337890625, 371.128662109375, 382.595703125, 332.0627746582031], "mid_cosine": [0.21717560291290283, 0.18860700726509094, 0.18221822381019592, 0.19435831904411316, 0.20246942341327667, 0.20754943788051605, 0.19254443049430847, 0.1878424882888794, 0.18380968272686005, 0.1951162964105606], "high_L2": [56.748722076416016, 64.54960632324219, 74.00228881835938, 70.1436767578125, 63.50697708129883, 72.98310852050781, 68.7342758178711, 63.10780715942383, 64.38542938232422, 70.70867919921875], "high_cosine": [0.2896541357040405, 0.22313682734966278, 0.11274312436580658, 0.1261710673570633, 0.16631223261356354, 0.11972816288471222, 0.13437581062316895, 0.13726916909217834, 0.33746954798698425, 0.1297154277563095], "clip_cosine": [0.997451901435852, 0.9970018267631531, 0.9967143535614014, 0.9973793625831604, 0.9971919655799866, 0.9974438548088074, 0.9975608587265015, 0.9968960881233215, 0.997536838054657, 0.9975659251213074], "dino_cosine": [0.956183671951294, 0.9537272453308105, 0.9463866353034973, 0.9464992880821228, 0.9485036134719849, 0.9368385672569275, 0.9476820230484009, 0.9529904127120972, 0.9546942114830017, 0.9371007084846497], "clip_L2": [15.834543228149414, 16.908191680908203, 16.84685707092285, 16.01841926574707, 16.63200569152832, 16.207260131835938, 15.716060638427734, 17.231054306030273, 15.832592010498047, 15.72476577758789], "dino_L2": [16.710493087768555, 16.48643684387207, 18.36030387878418, 18.090709686279297, 17.46554946899414, 18.014217376708984, 17.891948699951172, 18.143396377563477, 14.817510604858398, 18.065893173217773], "rcnn_confidence": [0.1873370110988617, 0.11203295737504959, 0.0, 0.0, 0.0, 0.0, 0.0, 0.0, 0.060695208609104156, 0.0], "yolo_confidence": [0.0, 0.0, 0.0, 0.0, 0.0, 0.0, 0.0, 0.0, 0.0, 0.0]}