{"pixel_L2": [41904.7109375, 42052.8203125, 41998.890625, 41725.24609375, 41862.78515625, 42025.01953125, 41909.16015625, 41779.48828125, 41874.0546875, 41966.06640625], "pixel_cosine": [0.5909707546234131, 0.5879746079444885, 0.5885865092277527, 0.5957712531089783, 0.5913894772529602, 0.5881364345550537, 0.5903108716011047, 0.5956169366836548, 0.5921320915222168, 0.590141773223877], "low_L2": [612.3272705078125, 616.6157836914062, 617.4440307617188, 613.3829345703125, 615.126708984375, 615.024169921875, 607.858154296875, 613.0206909179688, 615.9268798828125, 617.2501220703125], "low_cosine": [0.31620925664901733, 0.31327709555625916, 0.3181039094924927, 0.31669172644615173, 0.3112689256668091, 0.31337490677833557, 0.3157948851585388, 0.3174184560775757, 0.3136069178581238, 0.3098171353340149], "mid_L2": [407.7561340332031, 411.9684143066406, 412.31201171875, 414.0706787109375, 399.7620544433594, 407.0606994628906, 403.59405517578125, 404.9678955078125, 405.666748046875, 411.6222229003906], "mid_cosine": [0.21460148692131042, 0.22036021947860718, 0.21402016282081604, 0.2123318612575531, 0.2233387529850006, 0.21215921640396118, 0.2178114950656891, 0.2192651331424713, 0.2233082354068756, 0.21654029190540314], "high_L2": [71.39794158935547, 70.07553100585938, 71.5477066040039, 72.14287567138672, 70.45976257324219, 71.1782455444336, 70.71642303466797, 71.61734008789062, 71.13526916503906, 70.09799194335938], "high_cosine": [0.1983632594347, 0.21790899336338043, 0.23084419965744019, 0.21877703070640564, 0.22279223799705505, 0.21623575687408447, 0.21764586865901947, 0.20591099560260773, 0.19918283820152283, 0.22560574114322662], "clip_cosine": [0.9985733032226562, 0.9985517263412476, 0.9986158609390259, 0.9986152052879333, 0.9985138177871704, 0.998570442199707, 0.998611330986023, 0.9985991716384888, 0.998640775680542, 0.9986580014228821], "dino_cosine": [0.9579030871391296, 0.9692250490188599, 0.9638798236846924, 0.9683822989463806, 0.9608681797981262, 0.9703186750411987, 0.9667403101921082, 0.9647156000137329, 0.9585156440734863, 0.9567725658416748], "clip_L2": [14.144561767578125, 14.002348899841309, 13.762813568115234, 13.734188079833984, 13.92577838897705, 13.934340476989746, 13.763961791992188, 13.85632610321045, 13.59149169921875, 13.693534851074219], "dino_L2": [18.6712589263916, 18.46932029724121, 18.958343505859375, 18.904048919677734, 19.22914695739746, 18.104955673217773, 18.721296310424805, 18.78213119506836, 18.739595413208008, 18.824344635009766], "rcnn_confidence": [0.0, 0.0, 0.0, 0.0, 0.0, 0.0, 0.0, 0.0, 0.0, 0.0], "yolo_confidence": [0.0, 0.0, 0.0, 0.0, 0.0, 0.0, 0.0, 0.0, 0.0, 0.0]}