{"pixel_L2": [26092.0859375, 23721.970703125, 32188.662109375, 24653.064453125, 27706.4921875, 28106.396484375, 25824.7890625, 23976.595703125, 25113.16015625, 25444.720703125], "pixel_cosine": [0.7612013220787048, 0.7697567939758301, 0.8489148020744324, 0.803905725479126, 0.8374518156051636, 0.8443487882614136, 0.7858971953392029, 0.7509757280349731, 0.8220412731170654, 0.745560884475708], "low_L2": [567.59716796875, 528.822509765625, 589.786376953125, 607.1688232421875, 697.6437377929688, 524.4577026367188, 599.5313720703125, 510.228759765625, 526.004638671875, 572.9688720703125], "low_cosine": [0.4719417095184326, 0.5034506320953369, 0.5153464674949646, 0.4836440980434418, 0.5243769288063049, 0.5386778116226196, 0.5011149644851685, 0.5040347576141357, 0.5834947824478149, 0.5424452424049377], "mid_L2": [318.45648193359375, 317.3074035644531, 367.18817138671875, 338.84014892578125, 341.0196533203125, 329.44659423828125, 334.3395080566406, 306.6112365722656, 370.77459716796875, 324.98675537109375], "mid_cosine": [0.3160835802555084, 0.34276363253593445, 0.26676303148269653, 0.28645116090774536, 0.31608229875564575, 0.32018500566482544, 0.3122606873512268, 0.33115506172180176, 0.29311293363571167, 0.3268311619758606], "high_L2": [49.171085357666016, 44.90424346923828, 59.351600646972656, 54.84675598144531, 48.814109802246094, 55.505882263183594, 50.742774963378906, 51.776329040527344, 55.6761474609375, 49.3560791015625], "high_cosine": [0.4030469059944153, 0.5280101895332336, 0.2700725495815277, 0.3056947588920593, 0.4417804181575775, 0.4041863977909088, 0.3813211917877197, 0.30023640394210815, 0.3867913484573364, 0.4336565434932709], "clip_cosine": [0.9984601736068726, 0.998460054397583, 0.9978088140487671, 0.9972553849220276, 0.9982739090919495, 0.9983047246932983, 0.9978256821632385, 0.9980669617652893, 0.9982773065567017, 0.998144268989563], "dino_cosine": [0.9422460198402405, 0.92741858959198, 0.9304801821708679, 0.9327526092529297, 0.9328669309616089, 0.9426612257957458, 0.9361253976821899, 0.9409346580505371, 0.930305004119873, 0.9407898187637329], "clip_L2": [13.006806373596191, 13.629759788513184, 15.11053466796875, 16.92137908935547, 14.182024002075195, 13.301129341125488, 16.025897979736328, 14.782164573669434, 13.939083099365234, 14.616853713989258], "dino_L2": [17.995649337768555, 18.81410026550293, 19.752092361450195, 19.412792205810547, 19.484840393066406, 17.77385902404785, 18.794130325317383, 18.750276565551758, 19.30585479736328, 18.231643676757812], "rcnn_confidence": [0.21473748981952667, 0.445529043674469, 0.23761588335037231, 0.07054007798433304, 0.6869519352912903, 0.8291388750076294, 0.6792857646942139, 0.22641980648040771, 0.14229902625083923, 0.19226796925067902], "yolo_confidence": [0.0, 0.0, 0.0, 0.0, 0.0, 0.0, 0.0, 0.0, 0.0, 0.0]}