{"pixel_L2": [34070.1953125, 37294.65234375, 38942.609375, 39883.41015625, 45763.76953125, 36418.0078125, 28909.794921875, 32569.291015625, 33701.51953125, 35724.83984375], "pixel_cosine": [0.6358512043952942, 0.7857476472854614, 0.7448335886001587, 0.6998294591903687, 0.6793634295463562, 0.5933206677436829, 0.8321785926818848, 0.8492303490638733, 0.6313903331756592, 0.581342339515686], "low_L2": [557.8922729492188, 651.8645629882812, 635.4564208984375, 762.8123779296875, 705.1964111328125, 542.827392578125, 567.2921142578125, 576.841552734375, 540.6585693359375, 518.625732421875], "low_cosine": [0.3600151836872101, 0.3559451699256897, 0.3479297161102295, 0.290462851524353, 0.365016907453537, 0.3042808473110199, 0.3310477137565613, 0.37400513887405396, 0.38072365522384644, 0.3484824001789093], "mid_L2": [367.43365478515625, 382.7131652832031, 368.8742370605469, 428.4111022949219, 401.4933166503906, 343.9243469238281, 363.31396484375, 397.4970703125, 348.51068115234375, 324.050048828125], "mid_cosine": [0.2659160792827606, 0.24462181329727173, 0.2702769637107849, 0.22896915674209595, 0.2542690932750702, 0.23025676608085632, 0.24774004518985748, 0.23272404074668884, 0.2518478333950043, 0.2989104390144348], "high_L2": [70.89193725585938, 54.15448760986328, 66.34021759033203, 70.27256774902344, 57.285282135009766, 58.61020278930664, 63.38428497314453, 66.1998291015625, 62.191261291503906, 56.49709701538086], "high_cosine": [0.31365638971328735, 0.46575045585632324, 0.2740746736526489, 0.20632852613925934, 0.43136584758758545, 0.36064860224723816, 0.2947186529636383, 0.35180240869522095, 0.27224433422088623, 0.41077351570129395], "clip_cosine": [0.9985855221748352, 0.9986704587936401, 0.9989707469940186, 0.9985392093658447, 0.9985889196395874, 0.9989999532699585, 0.9978345036506653, 0.9982848167419434, 0.997536301612854, 0.9986620545387268], "dino_cosine": [0.9491902589797974, 0.9545098543167114, 0.9501288533210754, 0.958873450756073, 0.974901020526886, 0.9674409031867981, 0.9515884518623352, 0.9574419856071472, 0.9419088959693909, 0.9618261456489563], "clip_L2": [12.987043380737305, 12.472649574279785, 11.463846206665039, 12.966390609741211, 13.033400535583496, 11.202640533447266, 15.851696014404297, 14.222393035888672, 15.740204811096191, 12.635736465454102], "dino_L2": [18.541812896728516, 17.12766456604004, 19.02666664123535, 18.71822738647461, 13.134614944458008, 15.073718070983887, 18.31218719482422, 17.289098739624023, 18.549545288085938, 16.027935028076172], "rcnn_confidence": [0.3497963547706604, 0.48049622774124146, 0.3360339105129242, 0.319199800491333, 0.7233653664588928, 0.17605897784233093, 0.0, 0.2780948281288147, 0.6181913614273071, 0.05195250362157822], "yolo_confidence": [0.0, 0.0, 0.0, 0.0, 0.0, 0.0, 0.0, 0.0, 0.0, 0.0]}