{"pixel_L2": [40844.171875, 42812.53125, 41766.56640625, 43437.61328125, 41810.328125, 40290.81640625, 41223.5390625, 43692.34375, 41664.56640625, 40712.18359375], "pixel_cosine": [0.05652296170592308, 0.07037550210952759, 0.056811004877090454, 0.06417562812566757, 0.05335240066051483, 0.09711271524429321, 0.07709680497646332, 0.09406951069831848, 0.055113233625888824, 0.059990838170051575], "low_L2": [621.5470581054688, 634.4736938476562, 631.862548828125, 636.7758178710938, 626.5531005859375, 611.9983520507812, 632.7611083984375, 638.2764892578125, 629.9334716796875, 618.0902099609375], "low_cosine": [0.2344948649406433, 0.23395618796348572, 0.21528637409210205, 0.20925137400627136, 0.22222796082496643, 0.266361802816391, 0.23611953854560852, 0.2002025693655014, 0.2161025106906891, 0.24541372060775757], "mid_L2": [333.8055725097656, 355.2449645996094, 342.4445495605469, 346.9574279785156, 340.1705017089844, 326.4213562011719, 342.3974304199219, 341.0592041015625, 342.114013671875, 333.0416259765625], "mid_cosine": [0.23511230945587158, 0.19800086319446564, 0.20330634713172913, 0.18688030540943146, 0.2008853554725647, 0.22791171073913574, 0.22172687947750092, 0.17911449074745178, 0.19061091542243958, 0.21894364058971405], "high_L2": [60.30265426635742, 61.223026275634766, 61.26346206665039, 60.71662902832031, 59.96063995361328, 60.79438400268555, 62.55118179321289, 61.870784759521484, 59.3609504699707, 63.496299743652344], "high_cosine": [0.12212204933166504, 0.1770530790090561, 0.14692488312721252, 0.1778031885623932, 0.1724144071340561, 0.1318364143371582, 0.1681857407093048, 0.14553534984588623, 0.20281080901622772, 0.11218352615833282], "clip_cosine": [0.9985888004302979, 0.9983326196670532, 0.9983581900596619, 0.9985073804855347, 0.9987020492553711, 0.9984694123268127, 0.9988605976104736, 0.9974293112754822, 0.9987322688102722, 0.9985817670822144], "dino_cosine": [0.9437010288238525, 0.9409860968589783, 0.9364973902702332, 0.9538568258285522, 0.9404228329658508, 0.9221848845481873, 0.9486629366874695, 0.9297804236412048, 0.9516494274139404, 0.9419292211532593], "clip_L2": [15.320762634277344, 16.084054946899414, 14.969085693359375, 15.370866775512695, 14.305235862731934, 15.732728958129883, 13.434097290039062, 16.511245727539062, 14.341283798217773, 15.57644271850586], "dino_L2": [17.996280670166016, 17.74327850341797, 16.799802780151367, 16.400360107421875, 18.849279403686523, 20.35502052307129, 16.036348342895508, 19.442049026489258, 16.916757583618164, 18.371889114379883], "rcnn_confidence": [0.0, 0.0, 0.0, 0.0, 0.06663399934768677, 0.0, 0.0, 0.0, 0.0, 0.0], "yolo_confidence": [0.0, 0.0, 0.0, 0.0, 0.0, 0.0, 0.0, 0.0, 0.0, 0.0]}