{"pixel_L2": [33260.2421875, 33338.28125, 33276.77734375, 33212.65625, 33264.296875, 33416.296875, 33265.203125, 33091.76953125, 33245.9140625, 33325.3359375], "pixel_cosine": [0.6470375657081604, 0.6445298790931702, 0.6470661163330078, 0.6480077505111694, 0.6468571424484253, 0.6429263949394226, 0.6474728584289551, 0.6511717438697815, 0.6473771929740906, 0.6449270844459534], "low_L2": [477.8755798339844, 479.0264587402344, 484.18841552734375, 482.51849365234375, 484.8837585449219, 484.1316833496094, 477.62109375, 485.3954162597656, 480.970947265625, 487.25244140625], "low_cosine": [0.5005967617034912, 0.4976213574409485, 0.4976075291633606, 0.4980906844139099, 0.49160730838775635, 0.49298253655433655, 0.4994567334651947, 0.49532079696655273, 0.4961995780467987, 0.4937595725059509], "mid_L2": [300.8456115722656, 299.0581970214844, 303.1979675292969, 298.77032470703125, 295.6949157714844, 300.2143859863281, 299.5074462890625, 300.4243469238281, 300.6900329589844, 298.5965270996094], "mid_cosine": [0.3909602165222168, 0.3933500647544861, 0.3857882618904114, 0.3939809799194336, 0.3993932008743286, 0.38342124223709106, 0.3940125107765198, 0.3917900323867798, 0.3882145881652832, 0.3989261984825134], "high_L2": [64.42514038085938, 61.71525955200195, 66.11428833007812, 64.38401794433594, 63.90715789794922, 64.3829116821289, 62.35974884033203, 65.14104461669922, 64.77192687988281, 63.01805114746094], "high_cosine": [0.4615086019039154, 0.484812468290329, 0.44600945711135864, 0.4609091281890869, 0.455957293510437, 0.45131391286849976, 0.47757336497306824, 0.4421694874763489, 0.4310675859451294, 0.4831945300102234], "clip_cosine": [0.9973559975624084, 0.9973250031471252, 0.9973082542419434, 0.997383177280426, 0.9972628355026245, 0.9973690509796143, 0.9973073601722717, 0.9972406625747681, 0.9973838925361633, 0.9973143339157104], "dino_cosine": [0.9133809804916382, 0.9412229061126709, 0.9268782138824463, 0.9336566925048828, 0.9350236654281616, 0.93513023853302, 0.9392197132110596, 0.919461727142334, 0.9266362190246582, 0.9086521863937378], "clip_L2": [15.905659675598145, 16.182294845581055, 16.306230545043945, 15.829068183898926, 15.856766700744629, 15.72587776184082, 15.905988693237305, 15.963427543640137, 15.598124504089355, 15.887955665588379], "dino_L2": [20.575395584106445, 18.8675594329834, 20.733211517333984, 19.33854866027832, 19.62833595275879, 19.275131225585938, 19.42650032043457, 20.488052368164062, 20.034873962402344, 20.479951858520508], "rcnn_confidence": [0.0, 0.0, 0.0, 0.0, 0.0, 0.0, 0.0, 0.0, 0.0, 0.0], "yolo_confidence": [0.0, 0.0, 0.0, 0.0, 0.0, 0.0, 0.0, 0.0, 0.0, 0.0]}