{"pixel_L2": [21384.1953125, 25343.484375, 21620.89453125, 21020.201171875, 21745.251953125, 23589.689453125, 21767.5859375, 23765.078125, 21041.900390625, 23083.830078125], "pixel_cosine": [0.7992240190505981, 0.8623427152633667, 0.814864993095398, 0.8253631591796875, 0.8400065302848816, 0.8063496947288513, 0.8102520108222961, 0.8386403322219849, 0.8207438588142395, 0.8594560623168945], "low_L2": [394.6980895996094, 498.9308166503906, 403.8529968261719, 373.1812744140625, 416.9935607910156, 535.5106201171875, 443.85003662109375, 472.88775634765625, 391.9101257324219, 430.898193359375], "low_cosine": [0.5769857168197632, 0.542385458946228, 0.5700681209564209, 0.59775710105896, 0.5764811038970947, 0.5110191106796265, 0.5621769428253174, 0.5527303218841553, 0.57938551902771, 0.5718953609466553], "mid_L2": [229.2399139404297, 270.2601013183594, 245.75372314453125, 233.7943878173828, 254.34701538085938, 263.6936950683594, 247.81736755371094, 263.6130065917969, 234.41094970703125, 262.4036865234375], "mid_cosine": [0.4888044595718384, 0.4452196955680847, 0.45593196153640747, 0.4808150827884674, 0.4635050892829895, 0.44150233268737793, 0.45699143409729004, 0.4508765935897827, 0.4808576703071594, 0.457588255405426], "high_L2": [54.546836853027344, 56.8077507019043, 53.95072555541992, 50.7354850769043, 50.79224395751953, 51.912445068359375, 50.935394287109375, 55.373443603515625, 53.963523864746094, 54.608917236328125], "high_cosine": [0.4695049226284027, 0.443376749753952, 0.45299673080444336, 0.48847532272338867, 0.4782984256744385, 0.44922125339508057, 0.49463143944740295, 0.492558091878891, 0.4705251455307007, 0.4605828523635864], "clip_cosine": [0.9980769157409668, 0.9985967874526978, 0.9985485672950745, 0.9988007545471191, 0.9984176158905029, 0.9986312389373779, 0.998511552810669, 0.9987752437591553, 0.9983983039855957, 0.9984834790229797], "dino_cosine": [0.9589307904243469, 0.9439066648483276, 0.9581310153007507, 0.9608011245727539, 0.9586445689201355, 0.9592982530593872, 0.9609394073486328, 0.9495954513549805, 0.9602025747299194, 0.9564361572265625], "clip_L2": [15.411428451538086, 13.569151878356934, 13.601397514343262, 12.686972618103027, 13.889123916625977, 13.202810287475586, 13.576574325561523, 12.811074256896973, 14.144340515136719, 13.812154769897461], "dino_L2": [15.230385780334473, 16.60797119140625, 15.28683090209961, 14.069252967834473, 14.684727668762207, 15.625150680541992, 14.927549362182617, 15.321457862854004, 15.099813461303711, 15.852290153503418], "rcnn_confidence": [0.0, 0.07464446127414703, 0.0, 0.0, 0.0, 0.0, 0.0, 0.0, 0.0, 0.0], "yolo_confidence": [0.0, 0.0, 0.0, 0.0, 0.0, 0.0, 0.0, 0.0, 0.0, 0.0]}