{"pixel_L2": [28844.671875, 29278.513671875, 28660.552734375, 30708.63671875, 29281.435546875, 29919.068359375, 31171.5078125, 30617.658203125, 28686.12109375, 29398.6953125], "pixel_cosine": [0.8883384466171265, 0.885102391242981, 0.8945351243019104, 0.867863655090332, 0.8878812789916992, 0.8838359117507935, 0.8642985224723816, 0.8688925504684448, 0.8936852216720581, 0.8857806324958801], "low_L2": [595.1602783203125, 576.3447265625, 550.3551635742188, 543.4835815429688, 593.4466552734375, 550.9999389648438, 578.6566772460938, 595.1786499023438, 560.8194580078125, 560.5992431640625], "low_cosine": [0.15681083500385284, 0.14147379994392395, 0.1405569612979889, 0.14745545387268066, 0.14306671917438507, 0.13296598196029663, 0.12113280594348907, 0.14081639051437378, 0.1339777112007141, 0.13736504316329956], "mid_L2": [303.0234680175781, 291.9363708496094, 282.2642822265625, 279.623291015625, 295.7314147949219, 287.8690490722656, 287.384765625, 280.6952819824219, 287.4629211425781, 289.14312744140625], "mid_cosine": [0.16683577001094818, 0.18688035011291504, 0.1718842089176178, 0.18881845474243164, 0.1703813076019287, 0.17376255989074707, 0.1984313428401947, 0.1889362782239914, 0.16229470074176788, 0.18187639117240906], "high_L2": [48.79695129394531, 47.5656852722168, 41.314353942871094, 42.683101654052734, 46.27322769165039, 44.075401306152344, 37.7908935546875, 41.106231689453125, 46.85702133178711, 48.2537841796875], "high_cosine": [0.40212482213974, 0.49124449491500854, 0.5338027477264404, 0.5249548554420471, 0.43202584981918335, 0.48450973629951477, 0.6032687425613403, 0.5431028604507446, 0.40899813175201416, 0.4513437747955322], "clip_cosine": [0.9983848333358765, 0.9983661770820618, 0.9984054565429688, 0.9983387589454651, 0.998316764831543, 0.9983599185943604, 0.998603880405426, 0.998479962348938, 0.9984725117683411, 0.9984666705131531], "dino_cosine": [0.947284460067749, 0.9489966630935669, 0.951643705368042, 0.9466714262962341, 0.9532837271690369, 0.9411706328392029, 0.9607414603233337, 0.9525548219680786, 0.9503328800201416, 0.9516571760177612], "clip_L2": [15.219922065734863, 15.108746528625488, 15.25328540802002, 15.58007526397705, 14.977446556091309, 15.012528419494629, 14.206060409545898, 14.935138702392578, 14.975525856018066, 14.719895362854004], "dino_L2": [18.84772491455078, 19.086193084716797, 17.31439971923828, 18.310224533081055, 18.338268280029297, 19.15842628479004, 18.13098907470703, 17.969419479370117, 18.861602783203125, 17.881610870361328], "rcnn_confidence": [0.0, 0.0, 0.0, 0.0, 0.0, 0.0, 0.0, 0.0, 0.0, 0.0], "yolo_confidence": [0.0, 0.0, 0.0, 0.0, 0.0, 0.0, 0.0, 0.0, 0.0, 0.0]}