{"pixel_L2": [38167.6015625, 35124.796875, 38703.62109375, 35898.0546875, 34971.7578125, 35507.23828125, 36610.25390625, 34634.1953125, 36255.22265625, 39028.9296875], "pixel_cosine": [0.9086843729019165, 0.9199230074882507, 0.8971335291862488, 0.9183462858200073, 0.9155263900756836, 0.9202356338500977, 0.9170726537704468, 0.916800856590271, 0.9138469696044922, 0.9017982482910156], "low_L2": [419.2231750488281, 354.76361083984375, 416.7408447265625, 373.5652770996094, 357.8932189941406, 352.4267883300781, 374.19970703125, 357.22216796875, 417.69525146484375, 409.4831237792969], "low_cosine": [0.2840607762336731, 0.3567448854446411, 0.28144562244415283, 0.3310432434082031, 0.360405296087265, 0.3365994691848755, 0.3295600712299347, 0.33023035526275635, 0.3171073794364929, 0.3007246255874634], "mid_L2": [318.0259704589844, 302.82110595703125, 312.88873291015625, 297.2870788574219, 298.1208190917969, 303.12384033203125, 305.5915222167969, 300.7369384765625, 311.9747009277344, 330.63092041015625], "mid_cosine": [0.23486405611038208, 0.249780535697937, 0.23598313331604004, 0.23903627693653107, 0.23556984961032867, 0.24999065697193146, 0.24883899092674255, 0.24194690585136414, 0.24531331658363342, 0.22066634893417358], "high_L2": [54.32394790649414, 49.2318115234375, 51.682212829589844, 51.55872344970703, 50.7484130859375, 50.48155975341797, 52.51728057861328, 46.40888977050781, 52.768192291259766, 54.39608383178711], "high_cosine": [0.4835640788078308, 0.5279462337493896, 0.5034359693527222, 0.48843926191329956, 0.50522381067276, 0.5609647035598755, 0.4609420597553253, 0.5727740526199341, 0.5037578344345093, 0.48079511523246765], "clip_cosine": [0.9987369775772095, 0.998566746711731, 0.9986740946769714, 0.9985275268554688, 0.9980518221855164, 0.9986552000045776, 0.9985540509223938, 0.9985986351966858, 0.9987688660621643, 0.9986482262611389], "dino_cosine": [0.9642468690872192, 0.9639519453048706, 0.9697467088699341, 0.9628709554672241, 0.9663251638412476, 0.9691839218139648, 0.9552294611930847, 0.9663395881652832, 0.9665836095809937, 0.9649558067321777], "clip_L2": [12.170814514160156, 13.01209831237793, 12.56007194519043, 13.221940040588379, 15.492188453674316, 12.416938781738281, 13.115684509277344, 12.952568054199219, 11.935066223144531, 12.437841415405273], "dino_L2": [14.092575073242188, 14.391275405883789, 12.937315940856934, 14.809218406677246, 13.901028633117676, 13.613945007324219, 15.354551315307617, 13.585084915161133, 13.78885269165039, 13.979434967041016], "rcnn_confidence": [0.0, 0.0, 0.0, 0.0, 0.0, 0.0, 0.0, 0.0, 0.0, 0.3662208914756775], "yolo_confidence": [0.0, 0.0, 0.0, 0.0, 0.0, 0.0, 0.0, 0.0, 0.0, 0.0]}