{"pixel_L2": [24884.060546875, 19076.03125, 18268.90234375, 20704.42578125, 18717.939453125, 18272.455078125, 18389.759765625, 18573.298828125, 18754.4921875, 21161.80859375], "pixel_cosine": [0.9571635723114014, 0.973994255065918, 0.9759047031402588, 0.969456672668457, 0.9764458537101746, 0.9772831797599792, 0.9757219552993774, 0.9770810604095459, 0.9767217040061951, 0.9722516536712646], "low_L2": [284.6983337402344, 272.3531494140625, 268.5923767089844, 288.48486328125, 269.8681945800781, 260.845947265625, 261.6392517089844, 253.16644287109375, 266.0648193359375, 284.4397277832031], "low_cosine": [0.7111263871192932, 0.7397158145904541, 0.7477786540985107, 0.7115426063537598, 0.740856945514679, 0.7567002177238464, 0.757103443145752, 0.7667015790939331, 0.7467511892318726, 0.7125451564788818], "mid_L2": [249.27049255371094, 239.90182495117188, 245.28262329101562, 252.41326904296875, 247.57077026367188, 243.05796813964844, 240.11770629882812, 237.55307006835938, 238.823486328125, 245.0128936767578], "mid_cosine": [0.43450549244880676, 0.45476430654525757, 0.436650812625885, 0.4301745295524597, 0.4323524832725525, 0.440692663192749, 0.4490746855735779, 0.46171000599861145, 0.4547354280948639, 0.4292709529399872], "high_L2": [45.91535949707031, 46.738677978515625, 44.97057342529297, 45.47142028808594, 46.648624420166016, 45.527103424072266, 46.670310974121094, 46.0637092590332, 47.49768829345703, 48.197818756103516], "high_cosine": [0.44386425614356995, 0.43416744470596313, 0.47280389070510864, 0.47272247076034546, 0.4528754949569702, 0.4692928194999695, 0.4231661260128021, 0.4717409312725067, 0.44837191700935364, 0.43021926283836365], "clip_cosine": [0.9976485967636108, 0.9976491928100586, 0.9978497624397278, 0.9979985952377319, 0.9980493783950806, 0.997482180595398, 0.9978060722351074, 0.997724175453186, 0.9978880286216736, 0.9981511235237122], "dino_cosine": [0.9489377737045288, 0.9532817602157593, 0.9572715759277344, 0.9575645923614502, 0.95809406042099, 0.947288453578949, 0.947922945022583, 0.9386354684829712, 0.9475077390670776, 0.9626849293708801], "clip_L2": [15.948694229125977, 16.37063217163086, 14.865660667419434, 14.772838592529297, 14.372820854187012, 16.401948928833008, 15.260420799255371, 16.076805114746094, 15.459321022033691, 13.988183975219727], "dino_L2": [19.823287963867188, 19.474395751953125, 18.52979850769043, 18.991146087646484, 17.918588638305664, 20.441511154174805, 19.846303939819336, 19.66948127746582, 18.269691467285156, 16.53545570373535], "rcnn_confidence": [0.0, 0.0, 0.0, 0.0, 0.0, 0.0, 0.0, 0.0, 0.0, 0.0], "yolo_confidence": [0.0, 0.0, 0.0, 0.0, 0.0, 0.0, 0.0, 0.0, 0.0, 0.0]}