{"pixel_L2": [30971.208984375, 28441.0625, 25000.169921875, 27142.47265625, 27858.123046875, 29744.171875, 27670.2890625, 30928.771484375, 26062.501953125, 26251.302734375], "pixel_cosine": [0.8216085433959961, 0.8500534296035767, 0.8885101675987244, 0.8657876253128052, 0.8547086715698242, 0.8366774916648865, 0.8564116954803467, 0.8195667266845703, 0.8748077154159546, 0.8744754195213318], "low_L2": [382.3240051269531, 355.5183410644531, 308.8301086425781, 332.095703125, 319.48193359375, 318.337158203125, 328.1075744628906, 333.9899597167969, 313.27679443359375, 302.820556640625], "low_cosine": [0.31272029876708984, 0.32175377011299133, 0.3039871156215668, 0.3324595093727112, 0.32968869805336, 0.33373337984085083, 0.2808089256286621, 0.29663896560668945, 0.3334047198295593, 0.33201608061790466], "mid_L2": [304.1213073730469, 295.757080078125, 277.1344299316406, 293.9803466796875, 300.66351318359375, 312.78515625, 289.0184326171875, 314.8487854003906, 284.5640563964844, 277.5793151855469], "mid_cosine": [0.2391960322856903, 0.2505369484424591, 0.26669150590896606, 0.23382118344306946, 0.22879070043563843, 0.2342103123664856, 0.22782251238822937, 0.22975748777389526, 0.24958433210849762, 0.26315319538116455], "high_L2": [52.23167419433594, 48.44280242919922, 56.734535217285156, 64.88671112060547, 59.02962112426758, 58.45728302001953, 64.5855712890625, 62.79422378540039, 55.43693923950195, 69.02543640136719], "high_cosine": [0.4705578684806824, 0.5201288461685181, 0.427111953496933, 0.3375698924064636, 0.3722645938396454, 0.39440593123435974, 0.2599080204963684, 0.2989499866962433, 0.4102693796157837, 0.34964022040367126], "clip_cosine": [0.9986312985420227, 0.9983639717102051, 0.9979771375656128, 0.9985365867614746, 0.9984248280525208, 0.998625636100769, 0.9985252022743225, 0.9983067512512207, 0.9982117414474487, 0.9984768629074097], "dino_cosine": [0.945757269859314, 0.9664435386657715, 0.9570254683494568, 0.9404601454734802, 0.9645328521728516, 0.9553983807563782, 0.9612091183662415, 0.9472264647483826, 0.9543333053588867, 0.958128035068512], "clip_L2": [13.162601470947266, 14.300337791442871, 14.681764602661133, 13.874223709106445, 14.463168144226074, 13.058948516845703, 13.592329978942871, 15.11147689819336, 15.312005996704102, 14.374625205993652], "dino_L2": [17.381359100341797, 15.52165699005127, 19.39281463623047, 18.174291610717773, 17.559648513793945, 16.517047882080078, 17.54935646057129, 18.65008544921875, 18.38043785095215, 19.428857803344727], "rcnn_confidence": [0.10449357330799103, 0.12253428995609283, 0.0, 0.0, 0.0, 0.0, 0.0, 0.0, 0.0, 0.0], "yolo_confidence": [0.0, 0.0, 0.0, 0.0, 0.0, 0.0, 0.0, 0.0, 0.0, 0.0]}