{"pixel_L2": [19349.5859375, 16077.8125, 25124.349609375, 16577.216796875, 26636.912109375, 21486.353515625, 19385.46484375, 20186.84375, 18426.4765625, 23649.662109375], "pixel_cosine": [0.9340915679931641, 0.9678661823272705, 0.886116623878479, 0.9562322497367859, 0.8709020614624023, 0.9221295118331909, 0.936876654624939, 0.948989987373352, 0.9420117735862732, 0.9007670879364014], "low_L2": [276.4110412597656, 262.8783264160156, 304.826904296875, 271.144775390625, 259.4073791503906, 343.4844665527344, 277.6456604003906, 320.33184814453125, 328.5271911621094, 315.1582336425781], "low_cosine": [0.4668314456939697, 0.34547483921051025, 0.2856276035308838, 0.421629399061203, 0.30490759015083313, 0.343026340007782, 0.28685247898101807, 0.38029494881629944, 0.3689611554145813, 0.365026593208313], "mid_L2": [258.0150146484375, 252.705810546875, 271.92626953125, 254.8673553466797, 246.82550048828125, 298.05548095703125, 273.370361328125, 270.3125, 276.4507141113281, 272.20587158203125], "mid_cosine": [0.38715845346450806, 0.2989323139190674, 0.23833703994750977, 0.3418765068054199, 0.2856960892677307, 0.29025620222091675, 0.25944265723228455, 0.2803983986377716, 0.29050421714782715, 0.29926377534866333], "high_L2": [41.660118103027344, 39.931121826171875, 39.05076217651367, 41.0361213684082, 46.367000579833984, 43.740623474121094, 35.16783142089844, 44.3870849609375, 37.4567985534668, 45.4599723815918], "high_cosine": [0.6377382278442383, 0.6922329068183899, 0.6580243110656738, 0.6690043210983276, 0.5444595813751221, 0.6533201932907104, 0.7415370345115662, 0.6235003471374512, 0.6981997489929199, 0.5592208504676819], "clip_cosine": [0.9993094801902771, 0.9990889430046082, 0.9994851350784302, 0.9988499283790588, 0.9990953207015991, 0.9991572499275208, 0.9990728497505188, 0.9993435144424438, 0.9989852905273438, 0.9992043972015381], "dino_cosine": [0.9740268588066101, 0.9616845846176147, 0.974693775177002, 0.9561882019042969, 0.9668003916740417, 0.9621679782867432, 0.9685503244400024, 0.9714847207069397, 0.9644296765327454, 0.9689241647720337], "clip_L2": [9.396736145019531, 11.632889747619629, 8.897767066955566, 13.217438697814941, 11.536035537719727, 10.77878475189209, 10.901348114013672, 9.755926132202148, 12.056784629821777, 10.589140892028809], "dino_L2": [12.200002670288086, 15.227425575256348, 11.996319770812988, 15.674771308898926, 13.73099422454834, 14.871464729309082, 12.554495811462402, 12.607529640197754, 13.933243751525879, 13.544151306152344], "rcnn_confidence": [0.2563072741031647, 0.0, 0.17874640226364136, 0.0, 0.2565156817436218, 0.07599829137325287, 0.12811385095119476, 0.36978527903556824, 0.0, 0.13189446926116943], "yolo_confidence": [0.0, 0.0, 0.0, 0.0, 0.0, 0.0, 0.0, 0.0, 0.0, 0.0]}