{"pixel_L2": [26770.115234375, 19773.34765625, 19002.083984375, 22463.8203125, 21025.611328125, 20093.67578125, 19271.44140625, 20307.96484375, 20037.87109375, 22573.361328125], "pixel_cosine": [0.9517438411712646, 0.9737625122070312, 0.9753608107566833, 0.965914785861969, 0.9711053371429443, 0.9732348918914795, 0.9753199815750122, 0.9731845855712891, 0.9740824103355408, 0.969200849533081], "low_L2": [282.8147277832031, 268.9601135253906, 265.0638732910156, 284.995849609375, 282.20306396484375, 263.4139099121094, 262.2450866699219, 262.8277893066406, 271.87969970703125, 280.3116760253906], "low_cosine": [0.40383026003837585, 0.4362627863883972, 0.45708346366882324, 0.40295353531837463, 0.40791022777557373, 0.4441196024417877, 0.4503801763057709, 0.4499005079269409, 0.42709511518478394, 0.3974182605743408], "mid_L2": [264.8950500488281, 257.9841003417969, 273.4125061035156, 274.1512451171875, 278.5752868652344, 264.9417724609375, 260.6772766113281, 269.1146240234375, 268.17236328125, 266.7944030761719], "mid_cosine": [0.24751409888267517, 0.2652113437652588, 0.2521466612815857, 0.24206416308879852, 0.22979143261909485, 0.2490662932395935, 0.25324195623397827, 0.24978312849998474, 0.2386435866355896, 0.24150751531124115], "high_L2": [53.73339080810547, 54.33974075317383, 53.466278076171875, 53.960243225097656, 52.332889556884766, 51.56392288208008, 52.388702392578125, 50.7034797668457, 54.724517822265625, 54.30241775512695], "high_cosine": [0.4631887674331665, 0.4618460536003113, 0.47097480297088623, 0.4769434928894043, 0.4856009781360626, 0.513167142868042, 0.4786663055419922, 0.5107264518737793, 0.4379323124885559, 0.45836132764816284], "clip_cosine": [0.9980185031890869, 0.9980734586715698, 0.9978252649307251, 0.9983177781105042, 0.9981189966201782, 0.9982472062110901, 0.9982694387435913, 0.998162567615509, 0.9983701705932617, 0.9981817603111267], "dino_cosine": [0.9412785172462463, 0.949296772480011, 0.9481694102287292, 0.9442476630210876, 0.9538450241088867, 0.9539557695388794, 0.9432350993156433, 0.9450217485427856, 0.9525710344314575, 0.9546377062797546], "clip_L2": [15.724275588989258, 15.729979515075684, 16.006080627441406, 14.702035903930664, 15.101086616516113, 15.034257888793945, 15.030902862548828, 15.22586727142334, 14.079696655273438, 14.80098819732666], "dino_L2": [19.2562313079834, 18.542530059814453, 18.849802017211914, 19.53644371032715, 17.87909507751465, 18.609989166259766, 18.396099090576172, 16.742740631103516, 18.42560386657715, 16.562223434448242], "rcnn_confidence": [0.0, 0.0, 0.0, 0.0, 0.0, 0.0, 0.0, 0.0, 0.0, 0.0], "yolo_confidence": [0.0, 0.0, 0.0, 0.0, 0.0, 0.0, 0.0, 0.0, 0.0, 0.0]}