{"pixel_L2": [39421.734375, 39939.5625, 39663.72265625, 39894.21875, 39777.91796875, 39582.10546875, 39854.06640625, 39964.30078125, 39912.71875, 39518.84765625], "pixel_cosine": [0.7984470725059509, 0.7961127758026123, 0.8007171750068665, 0.8030460476875305, 0.8007450103759766, 0.8020107746124268, 0.8010475635528564, 0.8002513647079468, 0.8046516180038452, 0.8021330833435059], "low_L2": [384.6021728515625, 386.554443359375, 384.4078369140625, 385.3924560546875, 385.21209716796875, 385.68939208984375, 384.9162902832031, 384.8144226074219, 385.4508056640625, 385.6246643066406], "low_cosine": [0.21795126795768738, 0.2408774495124817, 0.21789684891700745, 0.20468221604824066, 0.21821172535419464, 0.20365546643733978, 0.22258681058883667, 0.2215805947780609, 0.20728707313537598, 0.20211449265480042], "mid_L2": [297.5188293457031, 301.2070617675781, 297.1802978515625, 296.981689453125, 297.7443542480469, 296.37103271484375, 298.28802490234375, 297.70526123046875, 296.9605407714844, 296.8267822265625], "mid_cosine": [0.3138534426689148, 0.3090195059776306, 0.321844220161438, 0.31500035524368286, 0.3141440153121948, 0.321657657623291, 0.31008297204971313, 0.3140564262866974, 0.321092426776886, 0.3181307315826416], "high_L2": [59.377723693847656, 59.24997329711914, 59.388248443603516, 59.80811309814453, 59.476890563964844, 59.860130310058594, 60.20014190673828, 59.30191421508789, 60.35188293457031, 59.8180046081543], "high_cosine": [0.1534971445798874, 0.1490623950958252, 0.16085100173950195, 0.14852358400821686, 0.15867970883846283, 0.15462005138397217, 0.14119625091552734, 0.1513216197490692, 0.14347907900810242, 0.15543538331985474], "clip_cosine": [0.9984845519065857, 0.9986167550086975, 0.9985969066619873, 0.9985986948013306, 0.9985710978507996, 0.9985153079032898, 0.9986402988433838, 0.998620867729187, 0.9986386895179749, 0.9986318945884705], "dino_cosine": [0.9472317695617676, 0.945364236831665, 0.9513335824012756, 0.947681188583374, 0.9475138783454895, 0.9507496953010559, 0.9510675668716431, 0.9469809532165527, 0.9508577585220337, 0.9503815770149231], "clip_L2": [14.865263938903809, 14.230405807495117, 14.446311950683594, 14.678751945495605, 14.348182678222656, 14.566991806030273, 14.232876777648926, 14.337625503540039, 14.344626426696777, 14.361926078796387], "dino_L2": [18.26032066345215, 19.933767318725586, 18.331289291381836, 18.47998809814453, 19.039840698242188, 17.33475685119629, 17.206832885742188, 18.338680267333984, 18.439613342285156, 17.776935577392578], "rcnn_confidence": [0.0, 0.0, 0.0, 0.0, 0.0, 0.0, 0.0, 0.0, 0.0, 0.0], "yolo_confidence": [0.0, 0.0, 0.0, 0.0, 0.0, 0.0, 0.0, 0.0, 0.0, 0.0]}