{"pixel_L2": [26871.890625, 29741.509765625, 39770.41015625, 35131.58984375, 35162.7578125, 35236.48046875, 33928.421875, 37097.9765625, 37733.0234375, 35667.9296875], "pixel_cosine": [0.6875770092010498, 0.6765345931053162, 0.6237865686416626, 0.6299927830696106, 0.6335838437080383, 0.6355908513069153, 0.6374645829200745, 0.6413836479187012, 0.5985696315765381, 0.5784544944763184], "low_L2": [701.2494506835938, 607.9968872070312, 580.4951171875, 675.2432250976562, 612.1638793945312, 535.430419921875, 592.7662353515625, 624.422607421875, 625.47900390625, 665.74560546875], "low_cosine": [0.28088876605033875, 0.2803531289100647, 0.23526272177696228, 0.2332991659641266, 0.24886977672576904, 0.2843993902206421, 0.29975301027297974, 0.2919811010360718, 0.2194216549396515, 0.29100024700164795], "mid_L2": [423.30181884765625, 420.71807861328125, 415.5827331542969, 417.7611083984375, 428.956298828125, 356.171142578125, 388.15228271484375, 407.0878601074219, 401.8569641113281, 406.6162109375], "mid_cosine": [0.2122221440076828, 0.19449204206466675, 0.19438984990119934, 0.18180902302265167, 0.17760959267616272, 0.25124138593673706, 0.20760846138000488, 0.1829492747783661, 0.21765244007110596, 0.2301301211118698], "high_L2": [52.16794967651367, 61.226539611816406, 65.19081115722656, 61.883872985839844, 65.97147369384766, 58.20387268066406, 62.99478530883789, 68.11741638183594, 62.508583068847656, 59.1153678894043], "high_cosine": [0.609947144985199, 0.3808647394180298, 0.2598399221897125, 0.3169448971748352, 0.2723383605480194, 0.3758029341697693, 0.24547754228115082, 0.25037890672683716, 0.28826507925987244, 0.5283247232437134], "clip_cosine": [0.9991218447685242, 0.9984734058380127, 0.998309850692749, 0.9986448884010315, 0.9983723163604736, 0.9986087679862976, 0.998544454574585, 0.9981136322021484, 0.998572826385498, 0.9989527463912964], "dino_cosine": [0.9747884273529053, 0.9701284766197205, 0.9593995809555054, 0.953366756439209, 0.9497668743133545, 0.9458991885185242, 0.9491114616394043, 0.9486969113349915, 0.9610933065414429, 0.9669712781906128], "clip_L2": [10.554937362670898, 12.67957878112793, 14.12475872039795, 13.399820327758789, 13.731385231018066, 13.141386985778809, 13.339792251586914, 15.036491394042969, 12.70169448852539, 11.350884437561035], "dino_L2": [11.780106544494629, 15.298563957214355, 18.614500045776367, 19.098386764526367, 18.049646377563477, 19.02698516845703, 18.923398971557617, 18.693557739257812, 15.886054992675781, 13.690323829650879], "rcnn_confidence": [0.1996910572052002, 0.19656918942928314, 0.0, 0.0, 0.10229086130857468, 0.0, 0.0, 0.0, 0.0, 0.6441342234611511], "yolo_confidence": [0.0, 0.0, 0.0, 0.0, 0.0, 0.0, 0.0, 0.0, 0.0, 0.0]}