{"pixel_L2": [31086.0, 29221.412109375, 37660.01171875, 31499.80859375, 35069.21875, 35842.109375, 30405.060546875, 36160.18359375, 32067.396484375, 33708.10546875], "pixel_cosine": [0.849262535572052, 0.870876669883728, 0.775419294834137, 0.8489394783973694, 0.7990514039993286, 0.7928820848464966, 0.8536666035652161, 0.8144981861114502, 0.8413169384002686, 0.8160398602485657], "low_L2": [465.14190673828125, 556.57666015625, 497.6737976074219, 532.416748046875, 474.3106994628906, 547.5629272460938, 490.0046691894531, 527.3438720703125, 614.5162963867188, 499.23675537109375], "low_cosine": [0.3549512028694153, 0.39611172676086426, 0.3937467634677887, 0.3429754376411438, 0.36217397451400757, 0.3210403323173523, 0.32656726241111755, 0.3331552743911743, 0.3960999846458435, 0.3616957664489746], "mid_L2": [292.76495361328125, 300.2579650878906, 317.7744140625, 333.0770263671875, 299.831298828125, 319.90234375, 315.8269348144531, 358.540771484375, 333.14678955078125, 304.0661315917969], "mid_cosine": [0.2619515359401703, 0.3183605670928955, 0.24507597088813782, 0.22639665007591248, 0.2767096161842346, 0.24426805973052979, 0.22486612200737, 0.20086392760276794, 0.2748126983642578, 0.26207566261291504], "high_L2": [51.459014892578125, 42.035179138183594, 41.556434631347656, 59.59809494018555, 48.350669860839844, 45.199554443359375, 55.68103790283203, 53.595760345458984, 45.98188400268555, 48.540470123291016], "high_cosine": [0.3551304042339325, 0.5611934065818787, 0.5168364644050598, 0.295661062002182, 0.3952880799770355, 0.4261699914932251, 0.24300210177898407, 0.25603190064430237, 0.5197466611862183, 0.3962014317512512], "clip_cosine": [0.9975646734237671, 0.9984345436096191, 0.9979706406593323, 0.9978474974632263, 0.9978922605514526, 0.9985207319259644, 0.9975229501724243, 0.9974902868270874, 0.9981393814086914, 0.9979938268661499], "dino_cosine": [0.9470892548561096, 0.9710081219673157, 0.944574773311615, 0.9532140493392944, 0.9701223969459534, 0.961937665939331, 0.9474676847457886, 0.9380865693092346, 0.9608833193778992, 0.9533644318580627], "clip_L2": [15.331339836120605, 11.990738868713379, 14.046924591064453, 14.106921195983887, 13.9315767288208, 11.654923439025879, 15.687408447265625, 15.438834190368652, 13.137115478515625, 13.530887603759766], "dino_L2": [17.103017807006836, 11.8629150390625, 15.701931953430176, 15.89515495300293, 12.804720878601074, 13.852249145507812, 17.818378448486328, 16.845491409301758, 13.746062278747559, 14.986745834350586], "rcnn_confidence": [0.0, 0.4388650953769684, 0.06978744268417358, 0.0, 0.0, 0.0, 0.0, 0.0, 0.31141984462738037, 0.0], "yolo_confidence": [0.0, 0.2590945363044739, 0.0, 0.0, 0.0, 0.0, 0.0, 0.0, 0.0, 0.0]}