{"pixel_L2": [40901.26171875, 41157.359375, 43656.83984375, 41024.26171875, 41184.30078125, 41717.640625, 41447.6640625, 41167.515625, 41723.1328125, 41607.53125], "pixel_cosine": [0.9061392545700073, 0.9109958410263062, 0.8687337636947632, 0.90562903881073, 0.9064174890518188, 0.8953889608383179, 0.9021750688552856, 0.9019799828529358, 0.891651451587677, 0.896689772605896], "low_L2": [348.82598876953125, 350.75579833984375, 414.7453918457031, 342.6543884277344, 347.88427734375, 379.21722412109375, 369.436279296875, 349.6668395996094, 362.1474914550781, 357.7567138671875], "low_cosine": [0.694297194480896, 0.7090961933135986, 0.6341648101806641, 0.711478590965271, 0.7104302644729614, 0.6831833124160767, 0.6803592443466187, 0.701551616191864, 0.6898950338363647, 0.6904524564743042], "mid_L2": [268.66473388671875, 270.00811767578125, 287.44329833984375, 263.3190002441406, 260.7921447753906, 267.05535888671875, 269.82562255859375, 259.0962829589844, 267.9489440917969, 265.2069091796875], "mid_cosine": [0.4427981972694397, 0.45194733142852783, 0.40775394439697266, 0.4539414644241333, 0.4641733169555664, 0.4426259398460388, 0.4434250593185425, 0.46629488468170166, 0.44811898469924927, 0.44703036546707153], "high_L2": [46.12763214111328, 50.34362030029297, 49.95595932006836, 48.64349365234375, 49.144020080566406, 48.96039962768555, 49.48347091674805, 47.046363830566406, 47.201698303222656, 48.18946838378906], "high_cosine": [0.45781782269477844, 0.3713023066520691, 0.4012776017189026, 0.3981280028820038, 0.4110146760940552, 0.3951203227043152, 0.3969652056694031, 0.4498087167739868, 0.41631948947906494, 0.4317493140697479], "clip_cosine": [0.9973738193511963, 0.9968249797821045, 0.9972681999206543, 0.9970120787620544, 0.9968532919883728, 0.9968899488449097, 0.9970278739929199, 0.9974682331085205, 0.9969465136528015, 0.9970255494117737], "dino_cosine": [0.9508572816848755, 0.9449650645256042, 0.9545398950576782, 0.9485325813293457, 0.951641857624054, 0.9480507373809814, 0.9509931802749634, 0.9557512998580933, 0.9485114216804504, 0.9531101584434509], "clip_L2": [16.40691566467285, 17.68561363220215, 16.24790382385254, 17.448291778564453, 17.682462692260742, 17.825191497802734, 17.511430740356445, 15.940532684326172, 17.844173431396484, 17.751264572143555], "dino_L2": [18.765445709228516, 19.572660446166992, 18.11121368408203, 19.1752986907959, 18.834430694580078, 19.170543670654297, 18.749902725219727, 17.965770721435547, 19.222747802734375, 18.671039581298828], "rcnn_confidence": [0.0, 0.0, 0.0, 0.0, 0.0, 0.0, 0.0, 0.0, 0.0, 0.0], "yolo_confidence": [0.0, 0.0, 0.0, 0.0, 0.0, 0.0, 0.0, 0.0, 0.0, 0.0]}