{"pixel_L2": [40883.3671875, 41428.78515625, 41414.43359375, 41249.06640625, 41286.11328125, 41177.16015625, 41392.90625, 41633.296875, 41090.88671875, 41178.71875], "pixel_cosine": [0.8683313727378845, 0.8671085834503174, 0.8677748441696167, 0.8677387833595276, 0.8682237267494202, 0.8671448826789856, 0.8673559427261353, 0.8670210242271423, 0.867120623588562, 0.8679283857345581], "low_L2": [247.27195739746094, 248.3392333984375, 248.15280151367188, 248.41384887695312, 247.67251586914062, 247.36080932617188, 248.96632385253906, 250.67483520507812, 247.75157165527344, 247.5650177001953], "low_cosine": [0.6068949699401855, 0.6051324009895325, 0.601911187171936, 0.6062071323394775, 0.6023726463317871, 0.6056985855102539, 0.6040129661560059, 0.6043544411659241, 0.6077631711959839, 0.603390097618103], "mid_L2": [217.52972412109375, 216.2347869873047, 217.31373596191406, 217.92999267578125, 216.95233154296875, 218.8863983154297, 217.67076110839844, 217.43084716796875, 216.65927124023438, 216.26480102539062], "mid_cosine": [0.4458273649215698, 0.4472256302833557, 0.44588518142700195, 0.4459773600101471, 0.445145845413208, 0.4442204236984253, 0.4438417851924896, 0.4447582960128784, 0.447129487991333, 0.4473569989204407], "high_L2": [48.109256744384766, 47.532135009765625, 47.744930267333984, 48.066551208496094, 48.32418441772461, 48.190711975097656, 47.906673431396484, 47.632972717285156, 47.64590072631836, 48.24224853515625], "high_cosine": [0.405348539352417, 0.409054160118103, 0.40690097212791443, 0.40260350704193115, 0.397936075925827, 0.4059125781059265, 0.4063776433467865, 0.4033980071544647, 0.40720468759536743, 0.4023742079734802], "clip_cosine": [0.9982772469520569, 0.9982608556747437, 0.9982711672782898, 0.9982759952545166, 0.9983339309692383, 0.9983693957328796, 0.9982558488845825, 0.9982634782791138, 0.9982120990753174, 0.9983277320861816], "dino_cosine": [0.9394974708557129, 0.9443849921226501, 0.9340035319328308, 0.9429921507835388, 0.9436883926391602, 0.939628541469574, 0.9443860054016113, 0.9369224309921265, 0.937366247177124, 0.9385128021240234], "clip_L2": [16.037803649902344, 16.313138961791992, 15.945663452148438, 16.212289810180664, 15.918457984924316, 15.20781421661377, 16.198320388793945, 16.10234260559082, 16.283191680908203, 15.629148483276367], "dino_L2": [19.57929039001465, 19.03141212463379, 20.268041610717773, 19.681846618652344, 19.837051391601562, 19.951047897338867, 19.525432586669922, 20.734777450561523, 20.131887435913086, 19.834688186645508], "rcnn_confidence": [0.0, 0.0, 0.0, 0.0, 0.0, 0.0, 0.0, 0.0, 0.0, 0.0], "yolo_confidence": [0.0, 0.0, 0.0, 0.0, 0.0, 0.0, 0.0, 0.0, 0.0, 0.0]}