{"pixel_L2": [38441.28125, 38875.10546875, 38747.42578125, 38620.64453125, 38593.64453125, 38729.51953125, 38617.796875, 38651.640625, 39051.3203125, 38486.62890625], "pixel_cosine": [0.8491303324699402, 0.836331844329834, 0.8449350595474243, 0.8446390628814697, 0.8412485122680664, 0.8382976055145264, 0.8597337007522583, 0.8444982767105103, 0.8362851738929749, 0.8480178117752075], "low_L2": [350.0864562988281, 344.0498046875, 347.29156494140625, 348.7168884277344, 344.8111877441406, 339.07208251953125, 335.1628723144531, 342.57562255859375, 347.9786682128906, 343.10302734375], "low_cosine": [0.46729597449302673, 0.4554029405117035, 0.46832412481307983, 0.4703899025917053, 0.46307802200317383, 0.46799236536026, 0.4878098964691162, 0.47114071249961853, 0.46059173345565796, 0.4698042869567871], "mid_L2": [253.2364044189453, 245.56802368164062, 250.34243774414062, 251.56903076171875, 248.38133239746094, 249.99050903320312, 246.47828674316406, 252.7664794921875, 255.67330932617188, 245.23074340820312], "mid_cosine": [0.3643037974834442, 0.3505517542362213, 0.3521704077720642, 0.36373427510261536, 0.3630603551864624, 0.34478604793548584, 0.3704148530960083, 0.34909701347351074, 0.3351407051086426, 0.37011176347732544], "high_L2": [44.544803619384766, 46.56132125854492, 45.84037780761719, 45.39018249511719, 44.38972091674805, 45.26948928833008, 47.5280647277832, 44.79356002807617, 45.01664733886719, 45.79167175292969], "high_cosine": [0.4594970941543579, 0.4286538064479828, 0.4248577058315277, 0.4190080463886261, 0.4606378674507141, 0.4364467263221741, 0.3931701183319092, 0.46408694982528687, 0.4398157596588135, 0.42853403091430664], "clip_cosine": [0.9984790086746216, 0.9984642863273621, 0.998439371585846, 0.9984030723571777, 0.9983636736869812, 0.9984415769577026, 0.9984915852546692, 0.9984475374221802, 0.9984434247016907, 0.998389482498169], "dino_cosine": [0.9444648623466492, 0.9436221718788147, 0.9487233757972717, 0.9475995302200317, 0.9411598443984985, 0.9445103406906128, 0.9454618096351624, 0.9405214786529541, 0.9350347518920898, 0.944325864315033], "clip_L2": [13.524477005004883, 13.604639053344727, 13.463788986206055, 13.95583438873291, 13.757828712463379, 13.617438316345215, 13.477598190307617, 13.153410911560059, 13.495523452758789, 13.622833251953125], "dino_L2": [17.93117904663086, 17.75957489013672, 17.370861053466797, 18.805044174194336, 18.895545959472656, 18.39892578125, 18.939023971557617, 17.92643165588379, 18.435169219970703, 19.003639221191406], "rcnn_confidence": [0.0, 0.0, 0.0, 0.0, 0.0, 0.0, 0.0, 0.0, 0.0, 0.07107247412204742], "yolo_confidence": [0.0, 0.0, 0.0, 0.0, 0.0, 0.0, 0.0, 0.0, 0.0, 0.0]}