{"pixel_L2": [25821.248046875, 28207.021484375, 25071.03515625, 27414.03125, 26068.638671875, 26676.19140625, 24068.392578125, 30011.626953125, 27084.884765625, 24592.84375], "pixel_cosine": [0.828208327293396, 0.8236647248268127, 0.8249409794807434, 0.8222464919090271, 0.8093383312225342, 0.8263745307922363, 0.8348274230957031, 0.8122355937957764, 0.8083734512329102, 0.8245385885238647], "low_L2": [480.9188537597656, 497.9142761230469, 457.6468505859375, 469.6267395019531, 493.613037109375, 456.97015380859375, 454.87213134765625, 491.9602355957031, 486.6150817871094, 445.7312316894531], "low_cosine": [0.32358860969543457, 0.31473398208618164, 0.35331231355667114, 0.33782440423965454, 0.3268161416053772, 0.3642256259918213, 0.35842663049697876, 0.32456547021865845, 0.3373464047908783, 0.3762202858924866], "mid_L2": [286.8891296386719, 294.78704833984375, 284.7894287109375, 294.4979553222656, 291.0158386230469, 297.2182312011719, 282.7274475097656, 300.971923828125, 296.77191162109375, 279.075439453125], "mid_cosine": [0.25424110889434814, 0.2478320598602295, 0.2588944137096405, 0.2441539764404297, 0.2338447868824005, 0.24374887347221375, 0.2621726989746094, 0.24005095660686493, 0.2603469491004944, 0.2674189507961273], "high_L2": [54.35196304321289, 55.93266296386719, 54.4852409362793, 53.82058334350586, 54.621768951416016, 56.92430877685547, 55.73406219482422, 49.61418914794922, 57.36317825317383, 54.177425384521484], "high_cosine": [0.31766578555107117, 0.30178365111351013, 0.3519695997238159, 0.36032259464263916, 0.3182581663131714, 0.2892518937587738, 0.3151536285877228, 0.41443026065826416, 0.4006454050540924, 0.31679436564445496], "clip_cosine": [0.9987112283706665, 0.9986162185668945, 0.9988341331481934, 0.9986945986747742, 0.9988398551940918, 0.9985882639884949, 0.9986503720283508, 0.9986414909362793, 0.9987125396728516, 0.9984292984008789], "dino_cosine": [0.9716164469718933, 0.9576685428619385, 0.9776351451873779, 0.9697839021682739, 0.977656364440918, 0.9645118713378906, 0.9818054437637329, 0.9815940856933594, 0.9725779891014099, 0.9795175194740295], "clip_L2": [12.528549194335938, 12.846430778503418, 11.479249954223633, 12.588448524475098, 11.644841194152832, 12.952193260192871, 12.784841537475586, 12.694597244262695, 12.275965690612793, 13.83705997467041], "dino_L2": [13.5023193359375, 15.758404731750488, 11.580655097961426, 14.787820816040039, 10.965353012084961, 13.934589385986328, 11.398493766784668, 11.531776428222656, 11.527078628540039, 12.235737800598145], "rcnn_confidence": [0.0, 0.0, 0.0, 0.0, 0.0, 0.2211892008781433, 0.0, 0.0, 0.0, 0.0], "yolo_confidence": [0.0, 0.0, 0.0, 0.0, 0.0, 0.0, 0.0, 0.0, 0.0, 0.0]}