{"pixel_L2": [24341.654296875, 24382.4609375, 24367.0234375, 24376.123046875, 24483.869140625, 24280.033203125, 24355.130859375, 24552.583984375, 24509.162109375, 24534.42578125], "pixel_cosine": [0.6200417876243591, 0.6183527112007141, 0.6195828318595886, 0.6185985803604126, 0.6195989847183228, 0.6196701526641846, 0.6200993657112122, 0.6169008016586304, 0.6102625727653503, 0.613193690776825], "low_L2": [292.81939697265625, 295.5457458496094, 295.6089172363281, 293.2425231933594, 295.5286865234375, 295.3777770996094, 293.0888977050781, 295.65496826171875, 295.47576904296875, 296.385986328125], "low_cosine": [0.4640921950340271, 0.4606289565563202, 0.4627988934516907, 0.46423423290252686, 0.4636121690273285, 0.4617025554180145, 0.46330592036247253, 0.45734697580337524, 0.4581594467163086, 0.45847582817077637], "mid_L2": [233.3855743408203, 232.6683349609375, 233.53465270996094, 229.84176635742188, 230.7222900390625, 233.28936767578125, 229.19412231445312, 234.24142456054688, 236.2343292236328, 232.81378173828125], "mid_cosine": [0.3508940637111664, 0.35268232226371765, 0.35882461071014404, 0.3613129258155823, 0.3563416600227356, 0.3560199737548828, 0.3583802878856659, 0.34967541694641113, 0.34832683205604553, 0.3533894419670105], "high_L2": [50.47902297973633, 50.6274299621582, 49.90215301513672, 48.960182189941406, 48.88163375854492, 50.738624572753906, 51.12131881713867, 50.427581787109375, 48.8565673828125, 50.814273834228516], "high_cosine": [0.3803965151309967, 0.35847410559654236, 0.37618330121040344, 0.39453020691871643, 0.40106162428855896, 0.3658478856086731, 0.37950947880744934, 0.38065534830093384, 0.3838428854942322, 0.35645338892936707], "clip_cosine": [0.9982795715332031, 0.9982272386550903, 0.9982824921607971, 0.9982575178146362, 0.9982706308364868, 0.9982181787490845, 0.9982333183288574, 0.9982489347457886, 0.9982259273529053, 0.9983389377593994], "dino_cosine": [0.942683219909668, 0.9498204588890076, 0.9488716721534729, 0.9485737681388855, 0.9486686587333679, 0.9511372447013855, 0.9442229270935059, 0.9455156326293945, 0.9506366848945618, 0.9463098049163818], "clip_L2": [14.450048446655273, 14.824990272521973, 14.570828437805176, 14.446870803833008, 14.553507804870605, 14.723906517028809, 14.551769256591797, 14.514342308044434, 14.779367446899414, 14.293532371520996], "dino_L2": [20.301851272583008, 20.102245330810547, 20.439462661743164, 20.447505950927734, 20.205520629882812, 20.61724090576172, 20.45662498474121, 20.231746673583984, 20.273433685302734, 20.597410202026367], "rcnn_confidence": [0.0, 0.0, 0.0, 0.0, 0.0, 0.0, 0.0, 0.0, 0.0, 0.0], "yolo_confidence": [0.0, 0.0, 0.0, 0.0, 0.0, 0.0, 0.0, 0.0, 0.0, 0.0]}