{"pixel_L2": [29385.611328125, 29385.611328125, 29385.611328125, 29385.611328125, 29385.611328125, 29385.611328125, 29385.611328125, 29385.611328125, 29385.611328125, 29385.611328125], "pixel_cosine": [0.0, 0.0, 0.0, 0.0, 0.0, 0.0, 0.0, 0.0, 0.0, 0.0], "low_L2": [197.8406219482422, 197.8406219482422, 197.8406219482422, 197.8406219482422, 197.8406219482422, 197.8406219482422, 197.8406219482422, 197.8406219482422, 197.8406219482422, 197.8406219482422], "low_cosine": [0.3644087314605713, 0.3644087314605713, 0.3644087314605713, 0.3644087314605713, 0.3644087314605713, 0.3644087314605713, 0.3644087314605713, 0.3644087314605713, 0.3644087314605713, 0.3644087314605713], "mid_L2": [163.83316040039062, 163.83316040039062, 163.83316040039062, 163.83316040039062, 163.83316040039062, 163.83316040039062, 163.83316040039062, 163.83316040039062, 163.83316040039062, 163.83316040039062], "mid_cosine": [0.31329870223999023, 0.31329870223999023, 0.31329870223999023, 0.31329870223999023, 0.31329870223999023, 0.31329870223999023, 0.31329870223999023, 0.31329870223999023, 0.31329870223999023, 0.31329870223999023], "high_L2": [51.17957305908203, 51.17957305908203, 51.17957305908203, 51.17957305908203, 51.17957305908203, 51.17957305908203, 51.17957305908203, 51.17957305908203, 51.17957305908203, 51.17957305908203], "high_cosine": [0.12922465801239014, 0.12922465801239014, 0.12922465801239014, 0.12922465801239014, 0.12922465801239014, 0.12922465801239014, 0.12922465801239014, 0.12922465801239014, 0.12922465801239014, 0.12922465801239014], "clip_cosine": [0.9986693859100342, 0.9986693859100342, 0.9986693859100342, 0.9986693859100342, 0.9986693859100342, 0.9986693859100342, 0.9986693859100342, 0.9986693859100342, 0.9986693859100342, 0.9986693859100342], "dino_cosine": [0.9398108124732971, 0.9398108124732971, 0.9398108124732971, 0.9398108124732971, 0.9398108124732971, 0.9398108124732971, 0.9398108124732971, 0.9398108124732971, 0.9398108124732971, 0.9398108124732971], "clip_L2": [15.003647804260254, 15.003647804260254, 15.003647804260254, 15.003647804260254, 15.003647804260254, 15.003647804260254, 15.003647804260254, 15.003647804260254, 15.003647804260254, 15.003647804260254], "dino_L2": [22.949594497680664, 22.949594497680664, 22.949594497680664, 22.949594497680664, 22.949594497680664, 22.949594497680664, 22.949594497680664, 22.949594497680664, 22.949594497680664, 22.949594497680664], "rcnn_confidence": [0.0, 0.0, 0.0, 0.0, 0.0, 0.0, 0.0, 0.0, 0.0, 0.0], "yolo_confidence": [0.0, 0.0, 0.0, 0.0, 0.0, 0.0, 0.0, 0.0, 0.0, 0.0]}