{"pixel_L2": [26862.4453125, 32177.54296875, 26978.30078125, 26519.48828125, 31973.19921875, 25166.7734375, 28015.33203125, 33931.8984375, 31525.193359375, 27923.2265625], "pixel_cosine": [0.7416180968284607, 0.5977624654769897, 0.7620112299919128, 0.7692896723747253, 0.6019275188446045, 0.7980985641479492, 0.7198823094367981, 0.829504132270813, 0.6290425062179565, 0.747225821018219], "low_L2": [534.2174682617188, 556.1793212890625, 533.9052734375, 593.9428100585938, 534.5850219726562, 561.9365234375, 540.0578002929688, 643.5238647460938, 616.5759887695312, 548.3274536132812], "low_cosine": [0.4325971007347107, 0.3894771337509155, 0.4589284062385559, 0.39075353741645813, 0.3977543115615845, 0.3883740305900574, 0.43552371859550476, 0.3827507793903351, 0.39849382638931274, 0.398337185382843], "mid_L2": [332.5834045410156, 342.1480712890625, 335.4618225097656, 353.4867248535156, 322.34161376953125, 346.8123779296875, 337.8495788574219, 366.7030944824219, 371.72479248046875, 347.2446594238281], "mid_cosine": [0.3348745107650757, 0.2906995117664337, 0.3195342421531677, 0.32087522745132446, 0.30662792921066284, 0.2902809977531433, 0.30304014682769775, 0.29258692264556885, 0.26591140031814575, 0.2899908721446991], "high_L2": [48.6157112121582, 54.28040313720703, 47.8372917175293, 51.506446838378906, 53.31062316894531, 52.86454391479492, 49.15716552734375, 55.44367980957031, 54.43419647216797, 60.860321044921875], "high_cosine": [0.6217740774154663, 0.5183554887771606, 0.6200728416442871, 0.5910248160362244, 0.4842678904533386, 0.5113818645477295, 0.6087253093719482, 0.47954636812210083, 0.5702131986618042, 0.42921674251556396], "clip_cosine": [0.9989129304885864, 0.9985257387161255, 0.9979674220085144, 0.9986596703529358, 0.9979314804077148, 0.9979830980300903, 0.9986205697059631, 0.998934805393219, 0.9982979893684387, 0.9985764622688293], "dino_cosine": [0.9744774699211121, 0.9660437703132629, 0.944582998752594, 0.9628147482872009, 0.9684749841690063, 0.9591080546379089, 0.9707471132278442, 0.963841438293457, 0.9659475684165955, 0.9653117060661316], "clip_L2": [11.077186584472656, 13.150057792663574, 15.367773056030273, 12.499890327453613, 15.88039493560791, 15.386247634887695, 12.547142028808594, 11.189205169677734, 14.1531400680542, 12.968771934509277], "dino_L2": [12.362695693969727, 14.306921005249023, 17.67765235900879, 16.27318572998047, 13.66762638092041, 14.701672554016113, 12.871463775634766, 14.90836238861084, 14.139994621276855, 14.814593315124512], "rcnn_confidence": [0.0713697224855423, 0.06645013391971588, 0.0, 0.0, 0.0, 0.0, 0.0, 0.2723468542098999, 0.0, 0.0], "yolo_confidence": [0.0, 0.0, 0.0, 0.0, 0.0, 0.0, 0.0, 0.0, 0.0, 0.0]}