{"pixel_L2": [38970.96875, 38970.96875, 38970.96875, 38970.96875, 38970.96875, 38970.96875, 38970.96875, 38970.96875, 38970.96875, 38970.96875], "pixel_cosine": [0.0, 0.0, 0.0, 0.0, 0.0, 0.0, 0.0, 0.0, 0.0, 0.0], "low_L2": [459.67120361328125, 459.67120361328125, 459.67120361328125, 459.67120361328125, 459.67120361328125, 459.67120361328125, 459.67120361328125, 459.67120361328125, 459.67120361328125, 459.67120361328125], "low_cosine": [0.2681264281272888, 0.2681264281272888, 0.2681264281272888, 0.2681264281272888, 0.2681264281272888, 0.2681264281272888, 0.2681264281272888, 0.2681264281272888, 0.2681264281272888, 0.2681264281272888], "mid_L2": [211.46884155273438, 211.46884155273438, 211.46884155273438, 211.46884155273438, 211.46884155273438, 211.46884155273438, 211.46884155273438, 211.46884155273438, 211.46884155273438, 211.46884155273438], "mid_cosine": [0.2936275601387024, 0.2936275601387024, 0.2936275601387024, 0.2936275601387024, 0.2936275601387024, 0.2936275601387024, 0.2936275601387024, 0.2936275601387024, 0.2936275601387024, 0.2936275601387024], "high_L2": [47.78278350830078, 47.78278350830078, 47.78278350830078, 47.78278350830078, 47.78278350830078, 47.78278350830078, 47.78278350830078, 47.78278350830078, 47.78278350830078, 47.78278350830078], "high_cosine": [0.27444520592689514, 0.27444520592689514, 0.27444520592689514, 0.27444520592689514, 0.27444520592689514, 0.27444520592689514, 0.27444520592689514, 0.27444520592689514, 0.27444520592689514, 0.27444520592689514], "clip_cosine": [0.9971292614936829, 0.9971292614936829, 0.9971292614936829, 0.9971292614936829, 0.9971292614936829, 0.9971292614936829, 0.9971292614936829, 0.9971292614936829, 0.9971292614936829, 0.9971292614936829], "dino_cosine": [0.9360163807868958, 0.9360163807868958, 0.9360163807868958, 0.9360163807868958, 0.9360163807868958, 0.9360163807868958, 0.9360163807868958, 0.9360163807868958, 0.9360163807868958, 0.9360163807868958], "clip_L2": [18.97664451599121, 18.97664451599121, 18.97664451599121, 18.97664451599121, 18.97664451599121, 18.97664451599121, 18.97664451599121, 18.97664451599121, 18.97664451599121, 18.97664451599121], "dino_L2": [23.556482315063477, 23.556482315063477, 23.556482315063477, 23.556482315063477, 23.556482315063477, 23.556482315063477, 23.556482315063477, 23.556482315063477, 23.556482315063477, 23.556482315063477], "rcnn_confidence": [0.0, 0.0, 0.0, 0.0, 0.0, 0.0, 0.0, 0.0, 0.0, 0.0], "yolo_confidence": [0.0, 0.0, 0.0, 0.0, 0.0, 0.0, 0.0, 0.0, 0.0, 0.0]}