{"pixel_L2": [34338.69140625, 33821.7421875, 34152.41015625, 34422.59375, 33805.91796875, 34502.57421875, 33690.4609375, 37652.71484375, 33772.9375, 34064.125], "pixel_cosine": [0.7247902750968933, 0.7063047885894775, 0.7336697578430176, 0.7716277837753296, 0.7118510007858276, 0.7639893293380737, 0.7314898371696472, 0.7883244156837463, 0.713689923286438, 0.7043348550796509], "low_L2": [339.7099304199219, 330.64520263671875, 340.9544982910156, 311.0793151855469, 317.8922424316406, 335.2276306152344, 316.639892578125, 343.5097961425781, 321.9889221191406, 327.0867614746094], "low_cosine": [0.4837498664855957, 0.47039955854415894, 0.46633630990982056, 0.5041567087173462, 0.48170217871665955, 0.48736441135406494, 0.4907611012458801, 0.4997926950454712, 0.48589587211608887, 0.4753490388393402], "mid_L2": [254.4796905517578, 255.108642578125, 245.12908935546875, 235.5696258544922, 246.88694763183594, 252.0273895263672, 242.91419982910156, 249.3471221923828, 245.67848205566406, 251.4086456298828], "mid_cosine": [0.3083428144454956, 0.31073427200317383, 0.32381537556648254, 0.34324583411216736, 0.3204401731491089, 0.331451952457428, 0.3322674334049225, 0.32509809732437134, 0.3152514696121216, 0.3038906753063202], "high_L2": [47.906124114990234, 48.09843444824219, 45.9353141784668, 50.34941864013672, 49.83156967163086, 48.897457122802734, 49.30571746826172, 50.188453674316406, 50.217716217041016, 49.32796859741211], "high_cosine": [0.4629174768924713, 0.47638779878616333, 0.48689067363739014, 0.4440358281135559, 0.46111369132995605, 0.4488047957420349, 0.45561808347702026, 0.4187283515930176, 0.44445693492889404, 0.4423317015171051], "clip_cosine": [0.9991456270217896, 0.9992833733558655, 0.9992620348930359, 0.9992861151695251, 0.9992302060127258, 0.9992198944091797, 0.999220073223114, 0.9991730451583862, 0.9992052316665649, 0.9991632699966431], "dino_cosine": [0.9524835348129272, 0.9517665505409241, 0.9529840350151062, 0.9515489935874939, 0.9531732797622681, 0.9428514242172241, 0.9565190672874451, 0.937792181968689, 0.9518680572509766, 0.9490766525268555], "clip_L2": [11.40715503692627, 10.446510314941406, 10.495467185974121, 10.522584915161133, 10.939533233642578, 10.906059265136719, 11.126139640808105, 11.168339729309082, 10.901615142822266, 11.151880264282227], "dino_L2": [16.78985023498535, 17.127788543701172, 17.074129104614258, 17.35446548461914, 16.060924530029297, 18.329795837402344, 16.18343162536621, 16.98325538635254, 17.44799041748047, 17.437274932861328], "rcnn_confidence": [0.0, 0.0, 0.0, 0.0, 0.0, 0.0, 0.0, 0.0, 0.0, 0.0], "yolo_confidence": [0.0, 0.0, 0.0, 0.0, 0.0, 0.0, 0.0, 0.0, 0.0, 0.0]}