{"pixel_L2": [28521.201171875, 25899.310546875, 28789.91015625, 24712.828125, 29359.6328125, 30151.10546875, 29531.263671875, 27923.267578125, 26482.318359375, 33676.87890625], "pixel_cosine": [0.8579510450363159, 0.863745927810669, 0.8348469734191895, 0.8870029449462891, 0.8526650667190552, 0.8115216493606567, 0.819115400314331, 0.8442155718803406, 0.8797745108604431, 0.7711955308914185], "low_L2": [509.4860534667969, 513.2529907226562, 578.89013671875, 437.5640563964844, 404.6319885253906, 480.1455078125, 489.72906494140625, 441.2518615722656, 410.08648681640625, 487.0709533691406], "low_cosine": [0.5595763921737671, 0.5728763341903687, 0.5383543372154236, 0.6195636987686157, 0.6666228771209717, 0.6014748811721802, 0.554154634475708, 0.6374063491821289, 0.6245766878128052, 0.5242812633514404], "mid_L2": [336.919921875, 335.613525390625, 334.58563232421875, 293.99835205078125, 311.0153503417969, 304.00885009765625, 349.05609130859375, 305.2683410644531, 291.1240234375, 317.4385986328125], "mid_cosine": [0.42952024936676025, 0.40625837445259094, 0.4358813166618347, 0.5036048889160156, 0.4733477830886841, 0.4883006811141968, 0.3891473412513733, 0.4785705804824829, 0.4923641085624695, 0.43311238288879395], "high_L2": [59.63494110107422, 56.00434112548828, 57.02556610107422, 52.9840087890625, 51.9678840637207, 45.65609359741211, 57.112892150878906, 49.87797546386719, 48.73197937011719, 57.93838119506836], "high_cosine": [0.43754154443740845, 0.4826958477497101, 0.42284637689590454, 0.5368547439575195, 0.5552645325660706, 0.6736591458320618, 0.4315420985221863, 0.5938504934310913, 0.6356054544448853, 0.47820258140563965], "clip_cosine": [0.9984726905822754, 0.9987662434577942, 0.9986956715583801, 0.9987740516662598, 0.9985865950584412, 0.9988150596618652, 0.9990488886833191, 0.9989416599273682, 0.9987584352493286, 0.9986369609832764], "dino_cosine": [0.959683895111084, 0.966516375541687, 0.9549163579940796, 0.9537448287010193, 0.9563674926757812, 0.9605307579040527, 0.9646671414375305, 0.9713753461837769, 0.9658816456794739, 0.9604363441467285], "clip_L2": [13.328817367553711, 12.237030982971191, 12.511137962341309, 12.180259704589844, 13.197793006896973, 12.245837211608887, 10.70718765258789, 11.505300521850586, 12.372559547424316, 12.354105949401855], "dino_L2": [15.605175971984863, 14.879657745361328, 15.850532531738281, 16.051149368286133, 17.21326446533203, 14.639019012451172, 16.386919021606445, 14.2529878616333, 14.492990493774414, 14.751275062561035], "rcnn_confidence": [0.0604000985622406, 0.10959847271442413, 0.05915554240345955, 0.05160944536328316, 0.3525272309780121, 0.09981687366962433, 0.441458135843277, 0.3598833978176117, 0.1905951350927353, 0.08253691345453262], "yolo_confidence": [0.0, 0.0, 0.0, 0.0, 0.0, 0.0, 0.0, 0.0, 0.0, 0.0]}