{"pixel_L2": [28046.021484375, 31461.142578125, 31078.416015625, 33584.90625, 29914.609375, 30641.296875, 29799.435546875, 27684.197265625, 28791.955078125, 32119.419921875], "pixel_cosine": [0.8041846752166748, 0.7451706528663635, 0.8327784538269043, 0.6770489811897278, 0.8162593841552734, 0.8294514417648315, 0.8217846155166626, 0.7903550863265991, 0.8545414209365845, 0.7273733615875244], "low_L2": [262.83172607421875, 259.97381591796875, 252.42587280273438, 338.161865234375, 256.8125, 252.70387268066406, 295.113525390625, 288.6528625488281, 267.48870849609375, 329.3913269042969], "low_cosine": [0.40015310049057007, 0.3865184187889099, 0.41541367769241333, 0.3479226231575012, 0.4215888977050781, 0.4637174606323242, 0.3629096746444702, 0.3616485297679901, 0.3774169981479645, 0.34363853931427], "mid_L2": [227.84666442871094, 212.13507080078125, 202.01583862304688, 227.5827178955078, 219.60870361328125, 216.44235229492188, 239.21543884277344, 236.6286163330078, 221.49009704589844, 263.9779357910156], "mid_cosine": [0.2532857060432434, 0.2710728347301483, 0.30069872736930847, 0.29717138409614563, 0.2747611999511719, 0.3038814067840576, 0.271415650844574, 0.26071101427078247, 0.2780786156654358, 0.2510882616043091], "high_L2": [57.05388641357422, 55.17384719848633, 53.7722053527832, 56.24564743041992, 51.84683609008789, 54.90740203857422, 56.0398063659668, 55.28824996948242, 58.25540542602539, 59.89646530151367], "high_cosine": [0.27613312005996704, 0.31348180770874023, 0.3050650358200073, 0.30498310923576355, 0.34818410873413086, 0.3064514696598053, 0.294497549533844, 0.24319866299629211, 0.28254377841949463, 0.2564927637577057], "clip_cosine": [0.9988122582435608, 0.9986999034881592, 0.9987278580665588, 0.9988292455673218, 0.998712956905365, 0.9989533424377441, 0.998991847038269, 0.9990013837814331, 0.9987717866897583, 0.998822808265686], "dino_cosine": [0.9468960165977478, 0.9487001895904541, 0.944887101650238, 0.9553072452545166, 0.9339067339897156, 0.9344507455825806, 0.9495199918746948, 0.9604466557502747, 0.9483254551887512, 0.9337033033370972], "clip_L2": [12.817018508911133, 14.03551959991455, 13.420071601867676, 13.17745590209961, 13.570684432983398, 11.945141792297363, 11.950323104858398, 11.89853286743164, 13.540454864501953, 12.97506332397461], "dino_L2": [17.70807647705078, 18.6385498046875, 19.098718643188477, 18.46590805053711, 19.61241340637207, 19.078144073486328, 18.549758911132812, 16.593185424804688, 19.514986038208008, 19.657533645629883], "rcnn_confidence": [0.0, 0.0, 0.0, 0.0, 0.0, 0.0, 0.0, 0.0, 0.0, 0.0], "yolo_confidence": [0.0, 0.0, 0.0, 0.0, 0.0, 0.0, 0.0, 0.0, 0.0, 0.0]}