{"pixel_L2": [22055.568359375, 22055.568359375, 22055.568359375, 22055.568359375, 22055.568359375, 22055.568359375, 22055.568359375, 22055.568359375, 22055.568359375, 22055.568359375], "pixel_cosine": [0.0, 0.0, 0.0, 0.0, 0.0, 0.0, 0.0, 0.0, 0.0, 0.0], "low_L2": [396.6812438964844, 396.6812438964844, 396.6812438964844, 396.6812438964844, 396.6812438964844, 396.6812438964844, 396.6812438964844, 396.6812438964844, 396.6812438964844, 396.6812438964844], "low_cosine": [0.3099276125431061, 0.3099276125431061, 0.3099276125431061, 0.3099276125431061, 0.3099276125431061, 0.3099276125431061, 0.3099276125431061, 0.3099276125431061, 0.3099276125431061, 0.3099276125431061], "mid_L2": [238.6396026611328, 238.6396026611328, 238.6396026611328, 238.6396026611328, 238.6396026611328, 238.6396026611328, 238.6396026611328, 238.6396026611328, 238.6396026611328, 238.6396026611328], "mid_cosine": [0.25163793563842773, 0.25163793563842773, 0.25163793563842773, 0.25163793563842773, 0.25163793563842773, 0.25163793563842773, 0.25163793563842773, 0.25163793563842773, 0.25163793563842773, 0.25163793563842773], "high_L2": [53.00758743286133, 53.00758743286133, 53.00758743286133, 53.00758743286133, 53.00758743286133, 53.00758743286133, 53.00758743286133, 53.00758743286133, 53.00758743286133, 53.00758743286133], "high_cosine": [0.11331512778997421, 0.11331512778997421, 0.11331512778997421, 0.11331512778997421, 0.11331512778997421, 0.11331512778997421, 0.11331512778997421, 0.11331512778997421, 0.11331512778997421, 0.11331512778997421], "clip_cosine": [0.9974831342697144, 0.9974831342697144, 0.9974831342697144, 0.9974831342697144, 0.9974831342697144, 0.9974831342697144, 0.9974831342697144, 0.9974831342697144, 0.9974831342697144, 0.9974831342697144], "dino_cosine": [0.9237762093544006, 0.9237762093544006, 0.9237762093544006, 0.9237762093544006, 0.9237762093544006, 0.9237762093544006, 0.9237762093544006, 0.9237762093544006, 0.9237762093544006, 0.9237762093544006], "clip_L2": [18.590473175048828, 18.590473175048828, 18.590473175048828, 18.590473175048828, 18.590473175048828, 18.590473175048828, 18.590473175048828, 18.590473175048828, 18.590473175048828, 18.590473175048828], "dino_L2": [23.95914077758789, 23.95914077758789, 23.95914077758789, 23.95914077758789, 23.95914077758789, 23.95914077758789, 23.95914077758789, 23.95914077758789, 23.95914077758789, 23.95914077758789], "rcnn_confidence": [0.0, 0.0, 0.0, 0.0, 0.0, 0.0, 0.0, 0.0, 0.0, 0.0], "yolo_confidence": [0.0, 0.0, 0.0, 0.0, 0.0, 0.0, 0.0, 0.0, 0.0, 0.0]}