{"pixel_L2": [19602.763671875, 29910.5078125, 20277.3828125, 20252.75, 20987.44921875, 19371.681640625, 20896.103515625, 22253.76171875, 25231.28515625, 20858.11328125], "pixel_cosine": [0.8684825897216797, 0.7965058088302612, 0.8579968214035034, 0.8609981536865234, 0.8444634079933167, 0.8650375008583069, 0.8595219254493713, 0.8594484329223633, 0.8480281829833984, 0.8596438765525818], "low_L2": [379.6207580566406, 394.50244140625, 370.5121765136719, 381.2768249511719, 375.7718200683594, 374.8306579589844, 379.31414794921875, 374.2298889160156, 377.45941162109375, 376.28692626953125], "low_cosine": [0.25709739327430725, 0.22576425969600677, 0.328532338142395, 0.2557740807533264, 0.2878601551055908, 0.29686182737350464, 0.2550627589225769, 0.3043913245201111, 0.2727479338645935, 0.29981619119644165], "mid_L2": [258.5, 272.3389587402344, 262.759521484375, 275.68731689453125, 262.9278869628906, 254.97315979003906, 261.42779541015625, 261.7823181152344, 263.37939453125, 268.94854736328125], "mid_cosine": [0.27570322155952454, 0.239203080534935, 0.28136852383613586, 0.2305600345134735, 0.2684277892112732, 0.3054905831813812, 0.27336668968200684, 0.25305256247520447, 0.25255054235458374, 0.2712574005126953], "high_L2": [54.78505325317383, 56.327064514160156, 58.07878875732422, 56.5245246887207, 57.254268646240234, 53.92612838745117, 54.86389923095703, 57.40495681762695, 56.239715576171875, 55.050498962402344], "high_cosine": [0.23735961318016052, 0.23265723884105682, 0.21225951611995697, 0.30876168608665466, 0.19593298435211182, 0.2500080466270447, 0.27526187896728516, 0.21376177668571472, 0.22765608131885529, 0.3134409785270691], "clip_cosine": [0.998795747756958, 0.9985501766204834, 0.998774528503418, 0.9987797737121582, 0.9986415505409241, 0.9988076686859131, 0.9988418221473694, 0.9987568259239197, 0.9987611770629883, 0.9987392425537109], "dino_cosine": [0.942763090133667, 0.9330237507820129, 0.9397923946380615, 0.9452221393585205, 0.9332598447799683, 0.9422041773796082, 0.9428406953811646, 0.9329362511634827, 0.9464934468269348, 0.9494035840034485], "clip_L2": [13.378292083740234, 14.2025146484375, 13.204245567321777, 13.503108978271484, 14.092954635620117, 12.719582557678223, 13.428638458251953, 13.489716529846191, 13.423758506774902, 13.076993942260742], "dino_L2": [19.633609771728516, 20.213029861450195, 18.01723861694336, 18.726417541503906, 19.579652786254883, 18.8710880279541, 18.60199546813965, 19.55034637451172, 19.258832931518555, 17.49411964416504], "rcnn_confidence": [0.0, 0.0, 0.0, 0.0, 0.0, 0.0, 0.0, 0.0, 0.0, 0.0], "yolo_confidence": [0.0, 0.0, 0.0, 0.0, 0.0, 0.0, 0.0, 0.0, 0.0, 0.0]}