{"pixel_L2": [22497.11328125, 22698.130859375, 22590.921875, 22565.123046875, 22544.80859375, 22452.62109375, 22601.880859375, 22670.0625, 22633.3203125, 22666.89453125], "pixel_cosine": [0.9060545563697815, 0.9053224325180054, 0.9056518077850342, 0.9065059423446655, 0.9064668416976929, 0.9068002700805664, 0.9057963490486145, 0.9058414101600647, 0.9058403372764587, 0.905483067035675], "low_L2": [246.24118041992188, 244.69903564453125, 243.40692138671875, 241.37611389160156, 241.20458984375, 241.65411376953125, 246.29315185546875, 243.75833129882812, 244.8167724609375, 241.93341064453125], "low_cosine": [0.7485321760177612, 0.7528771162033081, 0.755011260509491, 0.7594679594039917, 0.7596223950386047, 0.7585293054580688, 0.7488006353378296, 0.7545766234397888, 0.7522448301315308, 0.7580900192260742], "mid_L2": [234.10641479492188, 235.6140594482422, 234.6142578125, 234.8517303466797, 234.35140991210938, 234.21755981445312, 233.43270874023438, 235.2684783935547, 235.6200408935547, 233.85958862304688], "mid_cosine": [0.5450389385223389, 0.5413976907730103, 0.544187605381012, 0.5439550876617432, 0.5455448627471924, 0.5456708073616028, 0.5482507944107056, 0.542330265045166, 0.5414799451828003, 0.5471336841583252], "high_L2": [48.36754608154297, 48.46796417236328, 48.34819412231445, 48.92778015136719, 48.753231048583984, 48.72832489013672, 47.97864532470703, 48.043601989746094, 48.00517272949219, 48.99043655395508], "high_cosine": [0.5165843367576599, 0.5139027833938599, 0.51776123046875, 0.5082560777664185, 0.5089964866638184, 0.5111321210861206, 0.5227459073066711, 0.5203548073768616, 0.5226042866706848, 0.505643367767334], "clip_cosine": [0.9979760646820068, 0.9982095956802368, 0.9982737898826599, 0.9983100891113281, 0.9981581568717957, 0.9982821941375732, 0.9981589913368225, 0.9981891512870789, 0.9983655214309692, 0.9981062412261963], "dino_cosine": [0.942837655544281, 0.9418383836746216, 0.9391847848892212, 0.9396796822547913, 0.9416106343269348, 0.9404823184013367, 0.9402182698249817, 0.9409343600273132, 0.9396642446517944, 0.9409418702125549], "clip_L2": [15.39903736114502, 14.782602310180664, 14.184505462646484, 14.043471336364746, 14.675673484802246, 14.060152053833008, 14.636245727539062, 14.489885330200195, 13.779956817626953, 14.949911117553711], "dino_L2": [20.088054656982422, 20.119617462158203, 20.592466354370117, 20.5767879486084, 20.20721435546875, 20.74056053161621, 20.410701751708984, 20.355504989624023, 20.586318969726562, 20.484786987304688], "rcnn_confidence": [0.0, 0.0, 0.0, 0.0, 0.0, 0.0, 0.0, 0.0, 0.0, 0.0], "yolo_confidence": [0.0, 0.0, 0.0, 0.0, 0.0, 0.0, 0.0, 0.0, 0.0, 0.0]}