{"pixel_L2": [23807.412109375, 23345.353515625, 25755.169921875, 24066.21484375, 24244.005859375, 25331.005859375, 25341.423828125, 23882.314453125, 26055.142578125, 23980.41015625], "pixel_cosine": [0.7373690605163574, 0.7761480808258057, 0.7877733111381531, 0.7846208810806274, 0.7918213605880737, 0.7791192531585693, 0.7845801115036011, 0.7984704971313477, 0.7876478433609009, 0.7571437358856201], "low_L2": [384.5718688964844, 395.105712890625, 413.45196533203125, 395.7083740234375, 395.3989562988281, 442.5672912597656, 423.34234619140625, 396.9803161621094, 406.5216979980469, 417.5838317871094], "low_cosine": [0.5464336276054382, 0.5392425060272217, 0.5415635108947754, 0.5590603947639465, 0.5434290766716003, 0.5031123161315918, 0.5049886107444763, 0.5294046998023987, 0.51947420835495, 0.5314759016036987], "mid_L2": [282.81158447265625, 288.1877136230469, 299.6576843261719, 287.0206604003906, 281.0650634765625, 307.8133544921875, 287.7357177734375, 284.493896484375, 290.18682861328125, 297.4778747558594], "mid_cosine": [0.38378122448921204, 0.38556259870529175, 0.3877568244934082, 0.4049721658229828, 0.4015843868255615, 0.38347870111465454, 0.3932511806488037, 0.39163708686828613, 0.37632185220718384, 0.35768651962280273], "high_L2": [54.149600982666016, 59.60408401489258, 56.13493347167969, 56.38636779785156, 57.2412109375, 58.747764587402344, 55.72511672973633, 56.56388854980469, 58.38530349731445, 55.1614990234375], "high_cosine": [0.44944944977760315, 0.3634403944015503, 0.4824296832084656, 0.44683319330215454, 0.44088059663772583, 0.39191168546676636, 0.45306146144866943, 0.42298945784568787, 0.4264300763607025, 0.3982696235179901], "clip_cosine": [0.9985659122467041, 0.9978299736976624, 0.9977687001228333, 0.9980295896530151, 0.9978933334350586, 0.9979292154312134, 0.997708797454834, 0.9983488321304321, 0.9980971813201904, 0.9979215264320374], "dino_cosine": [0.9616730809211731, 0.9409552812576294, 0.9457968473434448, 0.9425716996192932, 0.9599556922912598, 0.9458262324333191, 0.9384467005729675, 0.9575919508934021, 0.9447706341743469, 0.9358789324760437], "clip_L2": [12.073019027709961, 14.97635269165039, 15.116704940795898, 14.417258262634277, 14.956661224365234, 14.743144035339355, 15.002176284790039, 13.177149772644043, 14.088006019592285, 15.120502471923828], "dino_L2": [16.12702178955078, 19.895727157592773, 20.72772216796875, 19.135282516479492, 17.459903717041016, 19.90514373779297, 19.098974227905273, 16.375280380249023, 19.27797508239746, 19.79055404663086], "rcnn_confidence": [0.10760436207056046, 0.0, 0.0, 0.0, 0.0, 0.0, 0.0, 0.0, 0.0, 0.0], "yolo_confidence": [0.0, 0.0, 0.0, 0.0, 0.0, 0.0, 0.0, 0.0, 0.0, 0.0]}