{"pixel_L2": [43373.84765625, 43519.63671875, 43544.4765625, 43443.36328125, 43473.9296875, 43593.765625, 43570.34375, 43753.8359375, 43594.23828125, 43555.875], "pixel_cosine": [0.450511634349823, 0.4499109387397766, 0.4516628682613373, 0.4535190761089325, 0.45024803280830383, 0.4499896168708801, 0.4532722234725952, 0.4513099491596222, 0.44991910457611084, 0.44882431626319885], "low_L2": [390.87994384765625, 393.0982360839844, 395.13104248046875, 390.8771057128906, 394.58978271484375, 392.9880676269531, 390.54888916015625, 392.45623779296875, 393.65435791015625, 393.5344543457031], "low_cosine": [0.3777296841144562, 0.3765212297439575, 0.37703531980514526, 0.38099855184555054, 0.3737081289291382, 0.3803529739379883, 0.37847691774368286, 0.3831680417060852, 0.374169260263443, 0.3750576376914978], "mid_L2": [260.99700927734375, 260.7826232910156, 261.0896911621094, 261.8455810546875, 260.6817626953125, 263.409912109375, 259.5435485839844, 261.84564208984375, 260.935546875, 259.15155029296875], "mid_cosine": [0.309262216091156, 0.3101656436920166, 0.30885645747184753, 0.3048441410064697, 0.30970847606658936, 0.3066006898880005, 0.30779504776000977, 0.3136622905731201, 0.3114427328109741, 0.31410762667655945], "high_L2": [45.513668060302734, 45.68339157104492, 45.3471794128418, 46.32461929321289, 44.171119689941406, 45.73495101928711, 47.63245391845703, 44.615909576416016, 46.075321197509766, 44.240478515625], "high_cosine": [0.5015156269073486, 0.507875919342041, 0.4992343485355377, 0.5064192414283752, 0.5248217582702637, 0.5063969492912292, 0.4892575144767761, 0.5167303085327148, 0.49794068932533264, 0.5459723472595215], "clip_cosine": [0.9984045028686523, 0.9984390735626221, 0.9984396696090698, 0.9983871579170227, 0.9984350800514221, 0.998485803604126, 0.9984321594238281, 0.998390793800354, 0.9984976053237915, 0.9983958005905151], "dino_cosine": [0.9399121403694153, 0.9374411106109619, 0.931232213973999, 0.936310350894928, 0.9371659159660339, 0.9373260736465454, 0.9392921924591064, 0.9344030022621155, 0.9363831281661987, 0.9378343820571899], "clip_L2": [14.890090942382812, 14.515971183776855, 14.613518714904785, 15.080792427062988, 14.581576347351074, 14.630135536193848, 14.762720108032227, 14.776904106140137, 14.832064628601074, 14.717473983764648], "dino_L2": [19.95844078063965, 20.308765411376953, 20.57621955871582, 20.558351516723633, 19.953678131103516, 20.209632873535156, 20.306655883789062, 20.35219383239746, 20.04911994934082, 20.381877899169922], "rcnn_confidence": [0.0, 0.0, 0.06729701906442642, 0.0, 0.0, 0.0, 0.0, 0.0, 0.0, 0.0], "yolo_confidence": [0.0, 0.0, 0.0, 0.0, 0.0, 0.0, 0.0, 0.0, 0.0, 0.0]}