{"pixel_L2": [25046.416015625, 28055.6484375, 19543.37109375, 24982.353515625, 22150.93359375, 28938.712890625, 25013.7734375, 20623.015625, 32050.736328125, 19553.455078125], "pixel_cosine": [0.9011915326118469, 0.8645282983779907, 0.9422594904899597, 0.8948004245758057, 0.924919068813324, 0.8783705830574036, 0.8938697576522827, 0.9384532570838928, 0.8153215646743774, 0.9554619193077087], "low_L2": [525.9603881835938, 502.2408142089844, 497.5805358886719, 502.6134033203125, 492.1773986816406, 632.4657592773438, 517.3582153320312, 486.17376708984375, 464.04974365234375, 469.3182067871094], "low_cosine": [0.2551465332508087, 0.32269710302352905, 0.29246771335601807, 0.3138720393180847, 0.47110050916671753, 0.3635152578353882, 0.27758774161338806, 0.30828237533569336, 0.4299629330635071, 0.4053226709365845], "mid_L2": [310.14776611328125, 319.966796875, 311.6921081542969, 320.6343688964844, 351.40362548828125, 375.0799865722656, 299.4951477050781, 295.92303466796875, 309.2960205078125, 292.54486083984375], "mid_cosine": [0.2677578628063202, 0.2735845446586609, 0.24996443092823029, 0.24405527114868164, 0.2660796642303467, 0.2900705933570862, 0.3363829255104065, 0.2851243019104004, 0.2761818766593933, 0.36921799182891846], "high_L2": [54.96234893798828, 55.19406509399414, 55.483917236328125, 57.78744888305664, 50.746402740478516, 49.743377685546875, 48.245635986328125, 52.27592468261719, 50.64716339111328, 42.933837890625], "high_cosine": [0.4582197368144989, 0.4743780493736267, 0.45950815081596375, 0.4588488042354584, 0.5698123574256897, 0.6139332056045532, 0.5922859907150269, 0.52902752161026, 0.5166853070259094, 0.6840740442276001], "clip_cosine": [0.9993326663970947, 0.9987550377845764, 0.9986839890480042, 0.998987078666687, 0.9991760849952698, 0.999096155166626, 0.9993491172790527, 0.9991841316223145, 0.9992201328277588, 0.9992178082466125], "dino_cosine": [0.9744811654090881, 0.9686192870140076, 0.9664884805679321, 0.970953643321991, 0.9694148898124695, 0.9646844267845154, 0.9730401635169983, 0.9763507843017578, 0.9684025645256042, 0.9738999605178833], "clip_L2": [8.997553825378418, 11.641295433044434, 12.385275840759277, 11.008408546447754, 10.026189804077148, 10.647065162658691, 8.816819190979004, 10.012860298156738, 10.054981231689453, 9.638775825500488], "dino_L2": [11.274114608764648, 12.914173126220703, 12.603288650512695, 12.504798889160156, 12.826401710510254, 13.940293312072754, 12.031417846679688, 11.187986373901367, 13.428104400634766, 11.485369682312012], "rcnn_confidence": [0.30131539702415466, 0.25726425647735596, 0.0, 0.10226412117481232, 0.29836463928222656, 0.514329195022583, 0.3969402313232422, 0.11505542695522308, 0.10407400876283646, 0.571146547794342], "yolo_confidence": [0.0, 0.5419842004776001, 0.0, 0.0, 0.0, 0.0, 0.2951757311820984, 0.0, 0.0, 0.0]}