{"pixel_L2": [32892.21484375, 32779.74609375, 33140.51171875, 32923.85546875, 32993.9765625, 32335.20703125, 33260.15625, 33568.58203125, 32612.8671875, 32542.80078125], "pixel_cosine": [0.778489351272583, 0.7778816819190979, 0.7769800424575806, 0.7771695256233215, 0.77815842628479, 0.7783969640731812, 0.778383731842041, 0.7791115641593933, 0.7795063257217407, 0.7776392698287964], "low_L2": [419.5877685546875, 419.39190673828125, 421.0738830566406, 419.7912292480469, 420.0143127441406, 418.4034423828125, 420.4322509765625, 422.0423278808594, 418.6346435546875, 418.34783935546875], "low_cosine": [0.49837180972099304, 0.4998238980770111, 0.4983735978603363, 0.49897122383117676, 0.5001882314682007, 0.49927574396133423, 0.49941784143447876, 0.49884387850761414, 0.5001735687255859, 0.5007853507995605], "mid_L2": [330.5195007324219, 329.98516845703125, 331.63812255859375, 331.8348083496094, 331.32568359375, 330.27545166015625, 330.6029357910156, 331.3609619140625, 329.1888732910156, 329.4237365722656], "mid_cosine": [0.38676267862319946, 0.38542360067367554, 0.38385555148124695, 0.3826330006122589, 0.3837732970714569, 0.38390034437179565, 0.384515643119812, 0.3845108449459076, 0.38821274042129517, 0.38939371705055237], "high_L2": [84.13015747070312, 83.2957534790039, 84.21102142333984, 83.97642517089844, 84.08552551269531, 83.53570556640625, 84.01615905761719, 84.38622283935547, 83.76133728027344, 84.3414535522461], "high_cosine": [0.22165831923484802, 0.2325863242149353, 0.22165314853191376, 0.2160007506608963, 0.22361108660697937, 0.21521693468093872, 0.22229234874248505, 0.23127959668636322, 0.23377108573913574, 0.235257089138031], "clip_cosine": [0.9956237077713013, 0.9956964254379272, 0.9958446025848389, 0.995772123336792, 0.9957560300827026, 0.9958063364028931, 0.9955965280532837, 0.995719850063324, 0.9957922697067261, 0.9956998229026794], "dino_cosine": [0.9524465799331665, 0.9565446972846985, 0.9501746892929077, 0.9562048316001892, 0.9524738192558289, 0.9556759595870972, 0.9487600922584534, 0.9504125714302063, 0.9558389782905579, 0.9557415843009949], "clip_L2": [16.8271427154541, 16.698774337768555, 16.37540626525879, 16.479949951171875, 17.098129272460938, 16.617830276489258, 16.623058319091797, 16.54205322265625, 16.821855545043945, 17.297250747680664], "dino_L2": [19.32259178161621, 19.173986434936523, 19.55380630493164, 19.227252960205078, 19.17204475402832, 19.151329040527344, 19.343242645263672, 19.238479614257812, 19.31245994567871, 19.02330207824707], "rcnn_confidence": [0.0, 0.0, 0.0, 0.0, 0.0, 0.0, 0.0, 0.0, 0.0, 0.0], "yolo_confidence": [0.0, 0.0, 0.0, 0.0, 0.0, 0.0, 0.0, 0.0, 0.0, 0.0]}