{"pixel_L2": [36207.4453125, 39671.99609375, 37239.6640625, 41554.6171875, 45282.31640625, 38651.0234375, 40879.33203125, 36046.12890625, 37067.77734375, 41771.59765625], "pixel_cosine": [0.8513665199279785, 0.8113383054733276, 0.8445631265640259, 0.7928205728530884, 0.7535006403923035, 0.8340728282928467, 0.7975974082946777, 0.8549338579177856, 0.8355355858802795, 0.7941960692405701], "low_L2": [416.99920654296875, 522.6453247070312, 449.6447448730469, 527.689453125, 392.13897705078125, 415.2485046386719, 559.01513671875, 383.17889404296875, 492.6922912597656, 509.60516357421875], "low_cosine": [0.3839685022830963, 0.3365190923213959, 0.384461373090744, 0.3381537199020386, 0.42884892225265503, 0.38840222358703613, 0.30590206384658813, 0.432666540145874, 0.3352276384830475, 0.36454176902770996], "mid_L2": [349.2057189941406, 397.5965576171875, 356.6649475097656, 383.8003234863281, 335.5675964355469, 337.1656799316406, 436.6515808105469, 340.4395446777344, 369.3679504394531, 362.05706787109375], "mid_cosine": [0.23393845558166504, 0.2264230102300644, 0.25050845742225647, 0.2409699261188507, 0.2584020495414734, 0.24635566771030426, 0.19795000553131104, 0.25886785984039307, 0.22013816237449646, 0.2643204927444458], "high_L2": [70.593994140625, 75.22810363769531, 71.28319549560547, 76.94639587402344, 66.17378234863281, 65.4202651977539, 75.54386138916016, 69.36858367919922, 73.22956848144531, 66.87925720214844], "high_cosine": [0.45166319608688354, 0.4516699016094208, 0.46993374824523926, 0.3757569193840027, 0.5014814734458923, 0.5104526877403259, 0.45701369643211365, 0.48228520154953003, 0.45453405380249023, 0.5045623183250427], "clip_cosine": [0.9986321926116943, 0.9980804920196533, 0.9979574084281921, 0.9985683560371399, 0.9986921548843384, 0.9984989166259766, 0.9981602430343628, 0.998286783695221, 0.9986956119537354, 0.9986668229103088], "dino_cosine": [0.9768389463424683, 0.9534648656845093, 0.9633848667144775, 0.970276951789856, 0.9772691130638123, 0.968206524848938, 0.9567821025848389, 0.9705926179885864, 0.9693291187286377, 0.9683207273483276], "clip_L2": [13.673587799072266, 15.79494571685791, 16.60322380065918, 14.278762817382812, 13.408495903015137, 14.178842544555664, 15.451961517333984, 14.910703659057617, 13.361639022827148, 13.52341365814209], "dino_L2": [13.320439338684082, 18.40610122680664, 14.846933364868164, 14.83447551727295, 13.597432136535645, 14.350525856018066, 17.64082145690918, 14.652419090270996, 13.855179786682129, 15.229496955871582], "rcnn_confidence": [0.16151608526706696, 0.0, 0.10578645765781403, 0.3965681791305542, 0.137153759598732, 0.5121999979019165, 0.43811219930648804, 0.06592164188623428, 0.1930435746908188, 0.08366213738918304], "yolo_confidence": [0.0, 0.0, 0.0, 0.0, 0.0, 0.0, 0.0, 0.0, 0.0, 0.0]}