{"pixel_L2": [24325.640625, 23335.3125, 21961.865234375, 24340.865234375, 20201.587890625, 29404.033203125, 26375.3671875, 27002.513671875, 22480.228515625, 21315.046875], "pixel_cosine": [0.24855291843414307, 0.271020770072937, 0.30862653255462646, 0.25761252641677856, 0.4482690393924713, 0.18563514947891235, 0.239172101020813, 0.2325250655412674, 0.0, 0.3332022726535797], "low_L2": [478.303955078125, 447.33612060546875, 435.80401611328125, 460.7583312988281, 411.4488830566406, 508.6338806152344, 476.3009033203125, 460.94580078125, 423.6270751953125, 470.4553527832031], "low_cosine": [0.29251956939697266, 0.33108049631118774, 0.3696861267089844, 0.3175756335258484, 0.4291364550590515, 0.2735207676887512, 0.3010098934173584, 0.3111277222633362, 0.3675079941749573, 0.33469855785369873], "mid_L2": [351.4060974121094, 335.333740234375, 328.86578369140625, 339.7877197265625, 320.6455993652344, 363.8538818359375, 341.67877197265625, 340.69696044921875, 309.45635986328125, 338.5606384277344], "mid_cosine": [0.23916321992874146, 0.26482266187667847, 0.28144371509552, 0.2553735077381134, 0.28203678131103516, 0.2140512764453888, 0.26269078254699707, 0.25216901302337646, 0.28551316261291504, 0.24177324771881104], "high_L2": [53.505821228027344, 58.84830093383789, 62.707149505615234, 62.53860092163086, 63.03887176513672, 65.84110260009766, 62.160667419433594, 56.62724685668945, 62.68610763549805, 63.27739715576172], "high_cosine": [0.5836157202720642, 0.4818096458911896, 0.38132235407829285, 0.4417768716812134, 0.376583456993103, 0.4079277813434601, 0.46463096141815186, 0.5091147422790527, 0.29157209396362305, 0.37674248218536377], "clip_cosine": [0.9985406994819641, 0.9984703063964844, 0.998424768447876, 0.9985560774803162, 0.9985774755477905, 0.9982904195785522, 0.9985491633415222, 0.9984439015388489, 0.9982214570045471, 0.9985980987548828], "dino_cosine": [0.9570173025131226, 0.9605433344841003, 0.9629628658294678, 0.9580671191215515, 0.9561359286308289, 0.9439485669136047, 0.945909321308136, 0.9534590840339661, 0.9475442171096802, 0.9544309377670288], "clip_L2": [14.539236068725586, 14.879337310791016, 14.725748062133789, 14.20361042022705, 14.16213607788086, 15.433148384094238, 14.656579971313477, 14.699463844299316, 17.01839256286621, 14.150657653808594], "dino_L2": [18.921794891357422, 19.396015167236328, 18.173173904418945, 18.620567321777344, 19.04975128173828, 19.601280212402344, 19.570898056030273, 19.989784240722656, 23.545137405395508, 18.449289321899414], "rcnn_confidence": [0.0, 0.0, 0.0, 0.0, 0.0, 0.0, 0.0, 0.0, 0.0, 0.0], "yolo_confidence": [0.0, 0.0, 0.0, 0.0, 0.0, 0.0, 0.0, 0.0, 0.0, 0.0]}