{"pixel_L2": [24062.322265625, 24165.0859375, 29239.041015625, 25497.328125, 22915.984375, 24136.1875, 21106.43359375, 26017.015625, 24639.19921875, 22244.26171875], "pixel_cosine": [0.6516568660736084, 0.5685864090919495, 0.6616652011871338, 0.5826532244682312, 0.626046895980835, 0.6220909953117371, 0.6835503578186035, 0.6545177698135376, 0.6189090013504028, 0.6729106903076172], "low_L2": [395.918212890625, 384.29974365234375, 371.1147766113281, 416.3540954589844, 432.731689453125, 318.5523376464844, 358.4960021972656, 411.0924377441406, 443.3801574707031, 399.20562744140625], "low_cosine": [0.5513862371444702, 0.5555970668792725, 0.5658037662506104, 0.5290918350219727, 0.5254849791526794, 0.6175251007080078, 0.5838483572006226, 0.5325342416763306, 0.5173122882843018, 0.5512287616729736], "mid_L2": [296.1915588378906, 293.07049560546875, 296.20086669921875, 291.6810607910156, 282.614990234375, 266.84002685546875, 258.55975341796875, 286.4439392089844, 283.6932678222656, 279.0062255859375], "mid_cosine": [0.4300723671913147, 0.416659951210022, 0.42018890380859375, 0.4207388758659363, 0.42531073093414307, 0.4482867121696472, 0.47468745708465576, 0.43514037132263184, 0.4409092664718628, 0.4444810152053833], "high_L2": [55.02619934082031, 51.105201721191406, 58.627471923828125, 50.38469696044922, 56.98027420043945, 55.478424072265625, 51.85292053222656, 57.192813873291016, 53.55242919921875, 52.4039306640625], "high_cosine": [0.6405686140060425, 0.6215607523918152, 0.5773746371269226, 0.6405326724052429, 0.5751428604125977, 0.5910261869430542, 0.6195432543754578, 0.6181608438491821, 0.6277138590812683, 0.6326797008514404], "clip_cosine": [0.9978540539741516, 0.9978433847427368, 0.9978349804878235, 0.9980947971343994, 0.9976224303245544, 0.9979039430618286, 0.9978044033050537, 0.9977747201919556, 0.9979046583175659, 0.9979768991470337], "dino_cosine": [0.9770390391349792, 0.9761359691619873, 0.9769605398178101, 0.974825382232666, 0.9724801182746887, 0.9772099256515503, 0.9797260165214539, 0.9765821695327759, 0.9780234098434448, 0.9727462530136108], "clip_L2": [13.422892570495605, 13.376774787902832, 13.422517776489258, 12.483805656433105, 14.441091537475586, 13.167067527770996, 13.58287239074707, 13.838706016540527, 12.971866607666016, 12.867037773132324], "dino_L2": [13.183004379272461, 13.691295623779297, 13.98609447479248, 13.600390434265137, 14.315608978271484, 12.927128791809082, 13.190332412719727, 13.505489349365234, 12.334845542907715, 13.814358711242676], "rcnn_confidence": [0.8818560242652893, 0.5586755275726318, 0.6620383262634277, 0.8108048439025879, 0.40650343894958496, 0.3745611310005188, 0.5462537407875061, 0.5177428722381592, 0.8390156030654907, 0.2992420494556427], "yolo_confidence": [0.0, 0.0, 0.0, 0.0, 0.0, 0.0, 0.0, 0.0, 0.0, 0.0]}