{"pixel_L2": [37660.4453125, 37255.72265625, 37381.79296875, 36861.796875, 37219.4296875, 37197.2109375, 37209.21484375, 36852.5234375, 37193.9609375, 37227.83984375], "pixel_cosine": [0.8889369964599609, 0.889801025390625, 0.8855758905410767, 0.8944916129112244, 0.8896303772926331, 0.8878864049911499, 0.8901833295822144, 0.8923252820968628, 0.8900436162948608, 0.8883198499679565], "low_L2": [272.2383728027344, 271.5769958496094, 275.9671936035156, 270.17913818359375, 269.95977783203125, 274.2828063964844, 272.76165771484375, 270.72607421875, 273.5201416015625, 272.2900695800781], "low_cosine": [0.6573891043663025, 0.6608130931854248, 0.6511173248291016, 0.6641212701797485, 0.6642782688140869, 0.6561611890792847, 0.6598910093307495, 0.6645452380180359, 0.6583547592163086, 0.6599757075309753], "mid_L2": [245.60963439941406, 245.20603942871094, 246.0977783203125, 244.9412384033203, 239.89527893066406, 242.87747192382812, 243.7719268798828, 245.29774475097656, 241.24021911621094, 245.74908447265625], "mid_cosine": [0.483691930770874, 0.488397479057312, 0.47779181599617004, 0.48794400691986084, 0.49608659744262695, 0.4968271553516388, 0.4912905991077423, 0.48772716522216797, 0.5021872520446777, 0.48540258407592773], "high_L2": [60.922916412353516, 61.215919494628906, 60.47087478637695, 61.93072509765625, 60.152748107910156, 62.00481033325195, 61.64609146118164, 59.99695587158203, 59.566078186035156, 61.67832565307617], "high_cosine": [0.5091902017593384, 0.5123336315155029, 0.5186428427696228, 0.507360577583313, 0.5302696228027344, 0.5045032501220703, 0.5009961724281311, 0.5261973738670349, 0.5408114194869995, 0.5063222646713257], "clip_cosine": [0.9988559484481812, 0.9988027811050415, 0.9988695979118347, 0.998826265335083, 0.9987926483154297, 0.9988501071929932, 0.9988253712654114, 0.9988144040107727, 0.9988141059875488, 0.998790442943573], "dino_cosine": [0.9586560726165771, 0.956297755241394, 0.957348108291626, 0.9585017561912537, 0.9545911550521851, 0.9571974873542786, 0.951611340045929, 0.9563974142074585, 0.9585270285606384, 0.9566611647605896], "clip_L2": [12.582551956176758, 13.042915344238281, 12.522968292236328, 12.845799446105957, 12.873687744140625, 12.520699501037598, 12.706548690795898, 13.1080904006958, 12.684344291687012, 12.701862335205078], "dino_L2": [18.137065887451172, 18.197906494140625, 18.152502059936523, 18.030181884765625, 18.330078125, 18.11921501159668, 18.652851104736328, 18.309274673461914, 17.928983688354492, 18.19679832458496], "rcnn_confidence": [0.0, 0.0, 0.0, 0.0, 0.0, 0.0, 0.0, 0.0, 0.0, 0.0], "yolo_confidence": [0.0, 0.0, 0.0, 0.0, 0.0, 0.0, 0.0, 0.0, 0.0, 0.0]}