{"pixel_L2": [17769.91796875, 17906.142578125, 17679.515625, 17793.58984375, 17763.828125, 17904.046875, 17649.037109375, 17742.021484375, 17902.943359375, 17822.51953125], "pixel_cosine": [0.4814067780971527, 0.4786527454853058, 0.49210256338119507, 0.48768121004104614, 0.48656633496284485, 0.4790162146091461, 0.4938351809978485, 0.4907333552837372, 0.478854238986969, 0.480692595243454], "low_L2": [247.46299743652344, 249.73049926757812, 247.6226348876953, 246.1326141357422, 244.1919403076172, 246.94007873535156, 246.9441375732422, 248.26417541503906, 247.74734497070312, 247.615966796875], "low_cosine": [0.5276731848716736, 0.5225985050201416, 0.5297580361366272, 0.5351205468177795, 0.5406198501586914, 0.5319344997406006, 0.5319995880126953, 0.5274443626403809, 0.5290433168411255, 0.5287551879882812], "mid_L2": [202.32546997070312, 201.9693145751953, 197.8582305908203, 198.8231658935547, 198.20687866210938, 199.9461669921875, 198.6754913330078, 197.2685089111328, 198.56021118164062, 200.12158203125], "mid_cosine": [0.4227970242500305, 0.4215679168701172, 0.4376891255378723, 0.44275134801864624, 0.4373711943626404, 0.4324617087841034, 0.4406970143318176, 0.4433884620666504, 0.4373837113380432, 0.43277737498283386], "high_L2": [54.246910095214844, 53.13788986206055, 52.289955139160156, 53.82328414916992, 51.50590896606445, 51.443275451660156, 51.46429443359375, 51.83488082885742, 51.651123046875, 52.681365966796875], "high_cosine": [0.37473079562187195, 0.40020856261253357, 0.4124377965927124, 0.39248475432395935, 0.43294665217399597, 0.43021661043167114, 0.43412667512893677, 0.42538896203041077, 0.4282359778881073, 0.41640692949295044], "clip_cosine": [0.9985551834106445, 0.9985473155975342, 0.99863201379776, 0.9986463785171509, 0.9985594153404236, 0.9986374378204346, 0.9985991716384888, 0.9986556768417358, 0.9986293315887451, 0.998623251914978], "dino_cosine": [0.930416464805603, 0.9396109580993652, 0.9290533065795898, 0.9358885288238525, 0.9233829975128174, 0.9295756220817566, 0.9358454942703247, 0.9260635375976562, 0.9308520555496216, 0.9283255338668823], "clip_L2": [14.370119094848633, 14.222616195678711, 13.861574172973633, 13.928786277770996, 14.174614906311035, 13.750517845153809, 14.11235523223877, 13.672489166259766, 13.829750061035156, 13.751961708068848], "dino_L2": [20.619487762451172, 20.08755874633789, 20.420324325561523, 20.283409118652344, 20.656661987304688, 20.56757354736328, 20.203622817993164, 20.6489200592041, 20.37799835205078, 20.426424026489258], "rcnn_confidence": [0.0, 0.0, 0.0, 0.0, 0.0, 0.0, 0.0, 0.0, 0.0, 0.0], "yolo_confidence": [0.0, 0.0, 0.0, 0.0, 0.0, 0.0, 0.0, 0.0, 0.0, 0.0]}