{"pixel_L2": [40389.46875, 42663.015625, 36147.671875, 41117.23046875, 40804.796875, 38608.015625, 39936.76953125, 37804.0546875, 40308.47265625, 41083.00390625], "pixel_cosine": [0.5023961067199707, 0.505272626876831, 0.5383942127227783, 0.5027166604995728, 0.4825049340724945, 0.5102688074111938, 0.4934399127960205, 0.5436391830444336, 0.5054765343666077, 0.5097969174385071], "low_L2": [534.1095581054688, 545.517578125, 503.397216796875, 516.5208129882812, 508.06146240234375, 506.22650146484375, 513.382568359375, 493.1260986328125, 522.4939575195312, 519.341064453125], "low_cosine": [0.19605085253715515, 0.1704934537410736, 0.20264852046966553, 0.19990897178649902, 0.1966114640235901, 0.1888677179813385, 0.18974851071834564, 0.23145288228988647, 0.19925442337989807, 0.19093525409698486], "mid_L2": [445.0438232421875, 442.87786865234375, 412.1811218261719, 428.9500732421875, 410.83026123046875, 422.4659423828125, 429.9078063964844, 419.75537109375, 443.7178955078125, 421.186279296875], "mid_cosine": [0.13550418615341187, 0.12928506731987, 0.15620553493499756, 0.14224663376808167, 0.16433437168598175, 0.1449260115623474, 0.13057008385658264, 0.1432524025440216, 0.14114412665367126, 0.15428128838539124], "high_L2": [75.53692626953125, 81.36275482177734, 72.26873016357422, 75.17610168457031, 72.46282196044922, 73.4769287109375, 73.89081573486328, 73.61641693115234, 79.662353515625, 73.0498046875], "high_cosine": [0.19094149768352509, 0.15490180253982544, 0.18591730296611786, 0.19117984175682068, 0.2067345678806305, 0.1639125794172287, 0.15296730399131775, 0.2059006690979004, 0.1318194568157196, 0.21315394341945648], "clip_cosine": [0.9979957938194275, 0.9985161423683167, 0.9983376264572144, 0.9984927177429199, 0.9982758164405823, 0.9984594583511353, 0.9983115196228027, 0.9976987838745117, 0.9981173276901245, 0.9982773661613464], "dino_cosine": [0.9075709581375122, 0.9241891503334045, 0.9178091287612915, 0.9291720390319824, 0.9364880919456482, 0.9320346117019653, 0.9258863925933838, 0.9272494316101074, 0.9098004698753357, 0.9119820594787598], "clip_L2": [15.648012161254883, 13.770325660705566, 14.460963249206543, 14.287487030029297, 15.779014587402344, 14.132314682006836, 14.372178077697754, 16.782756805419922, 15.237308502197266, 14.845141410827637], "dino_L2": [21.927444458007812, 21.485370635986328, 20.972511291503906, 20.337814331054688, 18.530733108520508, 21.26767921447754, 20.899900436401367, 21.55823516845703, 21.782033920288086, 22.29686737060547], "rcnn_confidence": [0.13650867342948914, 0.10096196830272675, 0.0, 0.1385517567396164, 0.0, 0.0, 0.0, 0.0, 0.0, 0.08552811294794083], "yolo_confidence": [0.0, 0.0, 0.0, 0.0, 0.0, 0.0, 0.0, 0.0, 0.0, 0.0]}