{"pixel_L2": [16628.626953125, 17104.724609375, 16320.2998046875, 19331.248046875, 16962.880859375, 16606.095703125, 15931.03125, 15388.40234375, 16637.283203125, 16969.119140625], "pixel_cosine": [0.8974254131317139, 0.8920924067497253, 0.9028674364089966, 0.8576483726501465, 0.8988432288169861, 0.8941352367401123, 0.9041271209716797, 0.9145199060440063, 0.9124914407730103, 0.8900817632675171], "low_L2": [406.7200012207031, 385.0829772949219, 369.6082763671875, 409.422607421875, 424.1975402832031, 361.7372741699219, 372.2137145996094, 371.9710693359375, 399.9752197265625, 389.6954040527344], "low_cosine": [0.5304845571517944, 0.5195468068122864, 0.5354233384132385, 0.48733457922935486, 0.5075559020042419, 0.5463907718658447, 0.5431489944458008, 0.5272539258003235, 0.5180873870849609, 0.5190544724464417], "mid_L2": [305.2361145019531, 300.0850524902344, 283.9426574707031, 313.1039123535156, 304.49993896484375, 298.5975341796875, 300.6957702636719, 284.9571838378906, 316.6470947265625, 306.9718933105469], "mid_cosine": [0.3516694903373718, 0.3533431887626648, 0.3979659676551819, 0.31591635942459106, 0.3498769998550415, 0.3616960644721985, 0.3422574996948242, 0.36900463700294495, 0.3196839690208435, 0.3433215320110321], "high_L2": [57.964473724365234, 54.83024597167969, 55.40901565551758, 60.12098693847656, 61.10509490966797, 54.87766647338867, 59.884910583496094, 59.056087493896484, 60.28554916381836, 62.83340835571289], "high_cosine": [0.4369087815284729, 0.43614763021469116, 0.4998655617237091, 0.3559795022010803, 0.38725826144218445, 0.4809287488460541, 0.35110360383987427, 0.3775661885738373, 0.36969098448753357, 0.33436155319213867], "clip_cosine": [0.9991016387939453, 0.9985844492912292, 0.998985767364502, 0.9991298913955688, 0.9991115927696228, 0.9989659786224365, 0.9990415573120117, 0.9986870288848877, 0.9989153146743774, 0.9987788200378418], "dino_cosine": [0.9811009168624878, 0.9756288528442383, 0.9783560037612915, 0.9709539413452148, 0.9766385555267334, 0.980561375617981, 0.9752948880195618, 0.9741196632385254, 0.9723789095878601, 0.975404679775238], "clip_L2": [10.404118537902832, 12.5690279006958, 10.912858009338379, 10.078289985656738, 10.168111801147461, 10.780681610107422, 10.513022422790527, 12.140965461730957, 11.340410232543945, 12.130186080932617], "dino_L2": [12.829360961914062, 13.36251449584961, 13.401161193847656, 13.650138854980469, 13.522805213928223, 12.522698402404785, 13.712510108947754, 14.262345314025879, 14.40432071685791, 13.895403861999512], "rcnn_confidence": [0.8896991610527039, 0.807927668094635, 0.6627873778343201, 0.6938850283622742, 0.4124003052711487, 0.8524818420410156, 0.9534228444099426, 0.6133666634559631, 0.5852605104446411, 0.5075580477714539], "yolo_confidence": [0.0, 0.0, 0.6719424724578857, 0.0, 0.0, 0.0, 0.0, 0.0, 0.0, 0.0]}