{"pixel_L2": [28909.45703125, 27170.384765625, 34890.58203125, 30800.330078125, 31151.80859375, 32920.109375, 33950.0234375, 29989.068359375, 30976.880859375, 31855.98828125], "pixel_cosine": [0.6456014513969421, 0.6384783387184143, 0.7078123092651367, 0.6768612861633301, 0.6261450052261353, 0.5949721336364746, 0.7340492606163025, 0.5934100151062012, 0.692184329032898, 0.5335922241210938], "low_L2": [566.7853393554688, 557.4444580078125, 591.3438110351562, 619.3642578125, 676.9098510742188, 619.5308837890625, 685.7953491210938, 608.778564453125, 615.6322631835938, 640.7300415039062], "low_cosine": [0.5033232569694519, 0.48553627729415894, 0.5067498683929443, 0.4833371937274933, 0.4534052610397339, 0.47033634781837463, 0.4600618779659271, 0.43064290285110474, 0.49084386229515076, 0.487875759601593], "mid_L2": [349.1223449707031, 351.6355895996094, 370.9005126953125, 382.38348388671875, 368.16241455078125, 378.8691711425781, 371.4345703125, 348.31207275390625, 390.294677734375, 389.8235778808594], "mid_cosine": [0.3576642870903015, 0.33373910188674927, 0.32248663902282715, 0.3217732906341553, 0.2992932200431824, 0.29342472553253174, 0.34086138010025024, 0.31116801500320435, 0.31593409180641174, 0.3013927936553955], "high_L2": [53.34491729736328, 45.80133056640625, 64.14376068115234, 50.79917907714844, 52.395286560058594, 53.9977912902832, 62.416526794433594, 51.84959030151367, 57.174400329589844, 58.209922790527344], "high_cosine": [0.495430052280426, 0.6254751682281494, 0.34056031703948975, 0.5275306105613708, 0.5708034038543701, 0.48780763149261475, 0.39271020889282227, 0.5058802962303162, 0.3966214060783386, 0.48367375135421753], "clip_cosine": [0.9995524883270264, 0.9993892908096313, 0.9990882873535156, 0.9992793798446655, 0.9991723299026489, 0.9984928369522095, 0.9991128444671631, 0.9990532398223877, 0.9989786744117737, 0.9992431402206421], "dino_cosine": [0.9736118912696838, 0.9753448963165283, 0.9384434819221497, 0.9711769223213196, 0.9501481652259827, 0.9499951601028442, 0.9572124481201172, 0.962124228477478, 0.9583443403244019, 0.9722552299499512], "clip_L2": [7.234435081481934, 8.394330024719238, 10.12930679321289, 9.305439949035645, 9.769556999206543, 13.42211627960205, 10.295531272888184, 10.357885360717773, 11.139012336730957, 9.491405487060547], "dino_L2": [12.882054328918457, 12.756237030029297, 19.229753494262695, 14.160652160644531, 15.936058044433594, 18.295766830444336, 14.754980087280273, 15.347650527954102, 15.70832633972168, 14.338942527770996], "rcnn_confidence": [0.9617771506309509, 0.6533559560775757, 0.28854140639305115, 0.7872543931007385, 0.7748375535011292, 0.43594294786453247, 0.5499732494354248, 0.5617299675941467, 0.610227644443512, 0.9261547923088074], "yolo_confidence": [0.3387422263622284, 0.29839134216308594, 0.0, 0.0, 0.0, 0.3364345133304596, 0.5792906880378723, 0.0, 0.0, 0.0]}