{"pixel_L2": [41768.83203125, 42039.7890625, 42094.80078125, 42314.6015625, 42132.75390625, 42043.76953125, 42102.47265625, 42258.5, 42270.3203125, 41993.68359375], "pixel_cosine": [0.24714526534080505, 0.2470622956752777, 0.24639049172401428, 0.24616967141628265, 0.24624702334403992, 0.24593958258628845, 0.24863167107105255, 0.24755068123340607, 0.2457200288772583, 0.2461254894733429], "low_L2": [629.097412109375, 631.4014892578125, 632.2669677734375, 632.3350830078125, 633.2728271484375, 632.9742431640625, 627.6781616210938, 628.9795532226562, 634.3623046875, 633.008544921875], "low_cosine": [0.36292633414268494, 0.3627530038356781, 0.35839036107063293, 0.35523712635040283, 0.3539579510688782, 0.35796260833740234, 0.3615567684173584, 0.36037421226501465, 0.357901930809021, 0.3545025587081909], "mid_L2": [322.7229919433594, 322.80035400390625, 320.9427185058594, 320.2481994628906, 321.2748107910156, 322.2537841796875, 320.17230224609375, 318.8917236328125, 324.484619140625, 320.2965393066406], "mid_cosine": [0.2802612781524658, 0.280734121799469, 0.2823251783847809, 0.2879900336265564, 0.2841917872428894, 0.28272348642349243, 0.2833423614501953, 0.29101553559303284, 0.27825719118118286, 0.28504079580307007], "high_L2": [53.88408279418945, 53.515804290771484, 54.44340133666992, 53.91959762573242, 54.30769348144531, 54.399436950683594, 54.74671173095703, 55.033267974853516, 54.6302375793457, 54.66275405883789], "high_cosine": [0.26309144496917725, 0.27164581418037415, 0.24428589642047882, 0.26005518436431885, 0.2597208321094513, 0.24787279963493347, 0.24429041147232056, 0.2587297558784485, 0.2563445270061493, 0.25587257742881775], "clip_cosine": [0.9990279674530029, 0.9990111589431763, 0.9989968538284302, 0.9990067481994629, 0.9988989233970642, 0.9988574981689453, 0.9989393949508667, 0.9989362955093384, 0.9988561868667603, 0.9989017248153687], "dino_cosine": [0.9444526433944702, 0.9460979700088501, 0.9435559511184692, 0.9416147470474243, 0.9490814208984375, 0.9447344541549683, 0.9379416704177856, 0.9430598020553589, 0.9468978643417358, 0.9461240172386169], "clip_L2": [12.385685920715332, 12.587327003479004, 12.544893264770508, 12.397785186767578, 13.191359519958496, 13.347208023071289, 12.97274112701416, 12.887060165405273, 13.350508689880371, 13.091318130493164], "dino_L2": [17.7455997467041, 17.259328842163086, 17.91234588623047, 18.030115127563477, 17.613380432128906, 17.592533111572266, 17.979143142700195, 17.729644775390625, 17.558231353759766, 17.95518684387207], "rcnn_confidence": [0.07466970384120941, 0.0, 0.06277492642402649, 0.05449337884783745, 0.0, 0.0549478605389595, 0.0, 0.0, 0.0, 0.05419947952032089], "yolo_confidence": [0.0, 0.0, 0.0, 0.0, 0.0, 0.0, 0.0, 0.0, 0.0, 0.0]}