{"pixel_L2": [18091.900390625, 18236.15625, 16024.4296875, 20141.58203125, 17422.951171875, 17153.328125, 16468.84375, 15826.65234375, 18327.736328125, 18281.228515625], "pixel_cosine": [0.8954774141311646, 0.8865784406661987, 0.9192410707473755, 0.8664340972900391, 0.903701663017273, 0.9002128839492798, 0.9099613428115845, 0.9204098582267761, 0.9078230261802673, 0.8851277828216553], "low_L2": [441.9421691894531, 390.3429260253906, 377.2258605957031, 441.264892578125, 428.33258056640625, 387.68829345703125, 381.20947265625, 381.8724365234375, 422.89202880859375, 417.0218200683594], "low_cosine": [0.3619333505630493, 0.3602445125579834, 0.3717231750488281, 0.33210062980651855, 0.349570095539093, 0.3782649040222168, 0.3931960165500641, 0.3649020791053772, 0.35864028334617615, 0.346840500831604], "mid_L2": [344.0948181152344, 322.2853698730469, 303.0950927734375, 333.00469970703125, 326.6728210449219, 318.9488830566406, 324.9124450683594, 305.8779602050781, 322.6062927246094, 339.15789794921875], "mid_cosine": [0.21770483255386353, 0.2435031682252884, 0.25229310989379883, 0.22542458772659302, 0.22244207561016083, 0.2527061700820923, 0.2390514761209488, 0.25212720036506653, 0.23092800378799438, 0.21594402194023132], "high_L2": [55.69290542602539, 53.32197570800781, 50.28202819824219, 59.838932037353516, 56.720619201660156, 51.07419204711914, 60.068115234375, 60.34925842285156, 56.420955657958984, 58.49815368652344], "high_cosine": [0.4913727939128876, 0.421448677778244, 0.581149697303772, 0.37727272510528564, 0.4471918046474457, 0.48360541462898254, 0.4028310775756836, 0.3985796868801117, 0.41716599464416504, 0.32552772760391235], "clip_cosine": [0.9994429349899292, 0.9994017481803894, 0.999353289604187, 0.9993501901626587, 0.999383270740509, 0.9993675351142883, 0.9993463754653931, 0.9994608759880066, 0.999401330947876, 0.999369740486145], "dino_cosine": [0.9848767518997192, 0.9793617725372314, 0.9786289930343628, 0.9826920032501221, 0.9800022840499878, 0.9803091883659363, 0.9835025668144226, 0.977837085723877, 0.9779869318008423, 0.9807801842689514], "clip_L2": [8.462944030761719, 8.815167427062988, 9.243627548217773, 8.971056938171387, 9.080260276794434, 9.033574104309082, 9.363744735717773, 8.276788711547852, 8.845366477966309, 9.0997953414917], "dino_L2": [11.232721328735352, 13.143417358398438, 12.904622077941895, 11.544696807861328, 12.534523963928223, 13.060585021972656, 11.730851173400879, 13.232597351074219, 13.460480690002441, 11.98136043548584], "rcnn_confidence": [0.8768547177314758, 0.5375620722770691, 0.4767964482307434, 0.8596457242965698, 0.736849308013916, 0.5820125937461853, 0.9318633675575256, 0.2530297338962555, 0.4003469944000244, 0.47052228450775146], "yolo_confidence": [0.0, 0.0, 0.0, 0.0, 0.0, 0.0, 0.42602890729904175, 0.0, 0.0, 0.0]}