{"pixel_L2": [36120.49609375, 36120.25390625, 36073.22265625, 36034.2109375, 36052.390625, 36020.15625, 36176.390625, 36066.140625, 36068.171875, 36109.57421875], "pixel_cosine": [0.676031231880188, 0.6760557889938354, 0.677095890045166, 0.6779512166976929, 0.6775721311569214, 0.6782547831535339, 0.6748319864273071, 0.6772716641426086, 0.6771957874298096, 0.6762829422950745], "low_L2": [543.708251953125, 543.0845336914062, 545.0399780273438, 544.2461547851562, 543.1456909179688, 545.1498413085938, 546.762939453125, 543.7088623046875, 544.5762939453125, 544.7227783203125], "low_cosine": [0.459647536277771, 0.4603445529937744, 0.45659708976745605, 0.4588577151298523, 0.4611303508281708, 0.45709043741226196, 0.45502907037734985, 0.4602779448032379, 0.458290159702301, 0.4583858251571655], "mid_L2": [322.7437438964844, 322.1026916503906, 322.3570861816406, 320.32513427734375, 323.14324951171875, 321.0269775390625, 323.99517822265625, 322.65771484375, 324.11041259765625, 322.5452575683594], "mid_cosine": [0.36537814140319824, 0.3684369921684265, 0.3686440885066986, 0.37404710054397583, 0.3696208894252777, 0.37017279863357544, 0.3638229966163635, 0.36708730459213257, 0.36473381519317627, 0.36568683385849], "high_L2": [50.95094680786133, 50.53880310058594, 49.95798110961914, 50.9257926940918, 49.88485336303711, 49.62211990356445, 49.609134674072266, 50.75798797607422, 49.4376220703125, 49.74917984008789], "high_cosine": [0.4974346160888672, 0.5063823461532593, 0.5177537202835083, 0.5095738768577576, 0.525290846824646, 0.5216541290283203, 0.5238215923309326, 0.5053765177726746, 0.5231693983078003, 0.5236369967460632], "clip_cosine": [0.9982888698577881, 0.9978064894676208, 0.9978910684585571, 0.9978986978530884, 0.9981406927108765, 0.9980131387710571, 0.9979830384254456, 0.9980437755584717, 0.9977726936340332, 0.9982158541679382], "dino_cosine": [0.9628214836120605, 0.9598559141159058, 0.9629261493682861, 0.9516149759292603, 0.9657559394836426, 0.9625792503356934, 0.9624039530754089, 0.9581001400947571, 0.965420126914978, 0.9621790647506714], "clip_L2": [13.681103706359863, 14.993748664855957, 15.33012866973877, 15.381464004516602, 14.127562522888184, 14.892339706420898, 14.620631217956543, 14.453413009643555, 15.375028610229492, 14.032917976379395], "dino_L2": [16.887088775634766, 17.28061294555664, 17.015819549560547, 17.371112823486328, 16.83732795715332, 17.477828979492188, 17.498315811157227, 16.696983337402344, 17.06324577331543, 17.00422477722168], "rcnn_confidence": [0.0, 0.0, 0.0, 0.0, 0.0, 0.0, 0.0, 0.0, 0.0, 0.0], "yolo_confidence": [0.0, 0.0, 0.0, 0.0, 0.0, 0.0, 0.0, 0.0, 0.0, 0.0]}