{"pixel_L2": [38069.6171875, 48721.40625, 39468.171875, 32301.015625, 38485.51171875, 43837.12109375, 35607.44921875, 43415.546875, 26761.66796875, 46911.0078125], "pixel_cosine": [0.8462544679641724, 0.7295676469802856, 0.8320326209068298, 0.8919359445571899, 0.8528475165367126, 0.7896882891654968, 0.865779459476471, 0.8037147521972656, 0.9275858402252197, 0.7555904388427734], "low_L2": [756.480224609375, 689.20458984375, 658.3096923828125, 702.5066528320312, 685.4454956054688, 637.3522338867188, 827.173828125, 652.24609375, 674.4794311523438, 743.0721435546875], "low_cosine": [0.2780935764312744, 0.43973225355148315, 0.3712802529335022, 0.3577248454093933, 0.3779470920562744, 0.38599568605422974, 0.3836822807788849, 0.37769177556037903, 0.3744664788246155, 0.4419001638889313], "mid_L2": [482.3366394042969, 447.7338562011719, 426.6301574707031, 504.53521728515625, 448.4508361816406, 444.3838195800781, 479.8959045410156, 444.4143981933594, 491.9339904785156, 455.0459899902344], "mid_cosine": [0.2080458253622055, 0.27641212940216064, 0.2650567293167114, 0.18752245604991913, 0.2714889645576477, 0.25165051221847534, 0.2176969349384308, 0.22818955779075623, 0.2091871201992035, 0.2635329067707062], "high_L2": [54.353458404541016, 54.35251235961914, 52.78655242919922, 77.02784729003906, 59.003265380859375, 57.81495666503906, 70.89897918701172, 62.98638153076172, 79.54215240478516, 59.53410339355469], "high_cosine": [0.5497964024543762, 0.6015522480010986, 0.5707575082778931, 0.2028552144765854, 0.5190228819847107, 0.5113375186920166, 0.3842604160308838, 0.49607253074645996, 0.28860870003700256, 0.44649142026901245], "clip_cosine": [0.9992972612380981, 0.9993339776992798, 0.9993211030960083, 0.9989261627197266, 0.9994158744812012, 0.9994405508041382, 0.9993569254875183, 0.9991905093193054, 0.9991800785064697, 0.9993591904640198], "dino_cosine": [0.9721044301986694, 0.9748088121414185, 0.970166802406311, 0.9639104008674622, 0.968031644821167, 0.9703528881072998, 0.9653599262237549, 0.9642988443374634, 0.9477531909942627, 0.969902515411377], "clip_L2": [9.758355140686035, 9.532392501831055, 9.508048057556152, 11.861775398254395, 9.005561828613281, 8.995223999023438, 9.59848690032959, 10.440546035766602, 10.375992774963379, 9.456825256347656], "dino_L2": [12.9398193359375, 12.455559730529785, 14.290223121643066, 14.23059368133545, 12.868240356445312, 12.554315567016602, 13.282054901123047, 15.175233840942383, 17.515172958374023, 13.154396057128906], "rcnn_confidence": [0.8114767074584961, 0.8994998931884766, 0.8854148387908936, 0.6201838254928589, 0.7404674291610718, 0.6691865921020508, 0.868313193321228, 0.8477389216423035, 0.2918424606323242, 0.8695117831230164], "yolo_confidence": [0.41102543473243713, 0.7185745239257812, 0.0, 0.0, 0.0, 0.0, 0.0, 0.47885945439338684, 0.0, 0.4087258577346802]}