{"pixel_L2": [31875.251953125, 32944.2578125, 29641.62890625, 32764.568359375, 30992.166015625, 31033.048828125, 30477.994140625, 29763.8359375, 30103.802734375, 29577.73046875], "pixel_cosine": [0.6505931615829468, 0.6393013000488281, 0.6825098991394043, 0.6398200392723083, 0.6655979752540588, 0.6828110218048096, 0.6752540469169617, 0.6869686841964722, 0.6742985844612122, 0.6991128325462341], "low_L2": [545.1817626953125, 566.58544921875, 536.6934814453125, 566.1990356445312, 572.3907470703125, 505.84228515625, 490.0878601074219, 471.11004638671875, 509.1323547363281, 495.0053405761719], "low_cosine": [0.41176867485046387, 0.39883315563201904, 0.42572253942489624, 0.4058762192726135, 0.40163668990135193, 0.45243871212005615, 0.45889467000961304, 0.4775286912918091, 0.45075076818466187, 0.4565914273262024], "mid_L2": [383.7917175292969, 373.7812805175781, 391.91015625, 394.6504211425781, 380.4365234375, 377.7176818847656, 378.2445373535156, 356.1298828125, 378.59466552734375, 363.1875305175781], "mid_cosine": [0.2550193667411804, 0.2742053270339966, 0.24660462141036987, 0.25192344188690186, 0.26272252202033997, 0.2766495943069458, 0.2769778370857239, 0.27765756845474243, 0.26338350772857666, 0.2809654474258423], "high_L2": [62.15707778930664, 60.4005012512207, 59.77954864501953, 58.66777420043945, 61.164817810058594, 62.877197265625, 62.411006927490234, 60.23262023925781, 60.55978012084961, 58.64641571044922], "high_cosine": [0.3125174045562744, 0.31525611877441406, 0.3357999324798584, 0.3474535048007965, 0.29187890887260437, 0.2882630228996277, 0.2895176112651825, 0.3417450785636902, 0.33867114782333374, 0.3595132827758789], "clip_cosine": [0.9986386299133301, 0.998570442199707, 0.9985482096672058, 0.9985544085502625, 0.9985144138336182, 0.9988185167312622, 0.9984382390975952, 0.9985726475715637, 0.9984052181243896, 0.9984084367752075], "dino_cosine": [0.9641153216362, 0.9655337929725647, 0.9529693126678467, 0.9519586563110352, 0.9608285427093506, 0.9658119678497314, 0.9618793725967407, 0.9608741402626038, 0.9502853155136108, 0.9506713151931763], "clip_L2": [12.769655227661133, 12.882135391235352, 12.698970794677734, 13.056963920593262, 13.12000560760498, 11.765829086303711, 13.673232078552246, 13.159706115722656, 13.327898025512695, 13.804170608520508], "dino_L2": [15.579665184020996, 15.080299377441406, 15.907195091247559, 16.74525260925293, 16.20075035095215, 14.637979507446289, 16.173601150512695, 16.098844528198242, 17.573884963989258, 16.97878646850586], "rcnn_confidence": [0.41115015745162964, 0.25394079089164734, 0.28491875529289246, 0.24694517254829407, 0.5842797756195068, 0.3066658079624176, 0.0, 0.0, 0.0, 0.0], "yolo_confidence": [0.0, 0.46909818053245544, 0.0, 0.0, 0.0, 0.4130132496356964, 0.0, 0.0, 0.0, 0.0]}