{"pixel_L2": [31007.68359375, 31056.00390625, 31023.38671875, 30985.74609375, 31084.654296875, 30955.099609375, 31053.091796875, 31132.08203125, 30976.873046875, 30926.712890625], "pixel_cosine": [0.4385021924972534, 0.4374930262565613, 0.4390139579772949, 0.4393288791179657, 0.43802976608276367, 0.4383401572704315, 0.43817391991615295, 0.43796831369400024, 0.4384884238243103, 0.43993115425109863], "low_L2": [546.4461669921875, 546.943115234375, 546.9430541992188, 546.6491088867188, 546.9943237304688, 546.561767578125, 546.7938232421875, 546.919921875, 546.3840942382812, 546.7094116210938], "low_cosine": [0.15493960678577423, 0.154058039188385, 0.15401813387870789, 0.15467166900634766, 0.15410959720611572, 0.1544758528470993, 0.15469346940517426, 0.1544536054134369, 0.15521515905857086, 0.15420016646385193], "mid_L2": [311.425048828125, 311.61566162109375, 311.7596130371094, 311.7194519042969, 311.5506591796875, 311.528076171875, 311.4487609863281, 311.6276550292969, 311.3492431640625, 311.8083190917969], "mid_cosine": [0.17274674773216248, 0.1726498305797577, 0.1714562624692917, 0.17192301154136658, 0.17220690846443176, 0.1729554384946823, 0.17302246391773224, 0.17229828238487244, 0.17358633875846863, 0.1718599498271942], "high_L2": [65.54839324951172, 65.6295166015625, 65.54805755615234, 65.68952178955078, 65.62801361083984, 65.68406677246094, 65.59404754638672, 65.51806640625, 65.47991180419922, 65.7130126953125], "high_cosine": [0.14972932636737823, 0.15003836154937744, 0.14913591742515564, 0.1462731659412384, 0.14655444025993347, 0.1465606987476349, 0.1492719203233719, 0.1528366357088089, 0.15083517134189606, 0.1478017270565033], "clip_cosine": [0.9980254769325256, 0.9980167150497437, 0.9980289936065674, 0.9980126619338989, 0.9980458617210388, 0.9979971647262573, 0.9980373978614807, 0.9980356693267822, 0.9980461597442627, 0.9980454444885254], "dino_cosine": [0.9371800422668457, 0.9382278919219971, 0.9346738457679749, 0.9372138977050781, 0.9385384321212769, 0.9368765950202942, 0.9369955062866211, 0.93628990650177, 0.9344075322151184, 0.9364287853240967], "clip_L2": [17.798728942871094, 17.898508071899414, 17.56136703491211, 17.99709129333496, 17.670576095581055, 18.02237892150879, 17.763633728027344, 17.486948013305664, 17.53117561340332, 17.715843200683594], "dino_L2": [21.20201301574707, 21.142498016357422, 21.00625991821289, 21.410472869873047, 21.28453826904297, 21.27337646484375, 21.32076644897461, 21.344417572021484, 21.26968002319336, 21.185346603393555], "rcnn_confidence": [0.0, 0.0, 0.0, 0.0, 0.0, 0.0, 0.0, 0.0, 0.0, 0.0], "yolo_confidence": [0.0, 0.0, 0.0, 0.0, 0.0, 0.0, 0.0, 0.0, 0.0, 0.0]}