{"pixel_L2": [16906.177734375, 17283.3828125, 17124.41015625, 20316.20703125, 18518.470703125, 17483.25390625, 16791.88671875, 16920.546875, 17886.51953125, 17705.296875], "pixel_cosine": [0.9266437292098999, 0.9285154938697815, 0.9247554540634155, 0.8937912583351135, 0.9102043509483337, 0.9229201078414917, 0.9289430379867554, 0.925735354423523, 0.9172147512435913, 0.9198338985443115], "low_L2": [226.56097412109375, 243.91627502441406, 219.049560546875, 367.92596435546875, 251.842529296875, 235.06089782714844, 214.857177734375, 233.78843688964844, 279.7624816894531, 258.1744079589844], "low_cosine": [0.653538703918457, 0.6292895078659058, 0.6610918641090393, 0.4985974431037903, 0.614902675151825, 0.6271752119064331, 0.6639196872711182, 0.6436964273452759, 0.5761064291000366, 0.5992326736450195], "mid_L2": [195.1685333251953, 210.87770080566406, 199.6503143310547, 254.29296875, 221.30319213867188, 221.4370880126953, 204.96702575683594, 204.38839721679688, 235.0843048095703, 240.28866577148438], "mid_cosine": [0.5322569608688354, 0.4564502239227295, 0.5137036442756653, 0.3658735454082489, 0.46420955657958984, 0.4475172460079193, 0.49513787031173706, 0.5049682855606079, 0.41025978326797485, 0.39657002687454224], "high_L2": [44.72694396972656, 50.53639602661133, 43.925228118896484, 50.95953369140625, 45.8485221862793, 44.60945129394531, 45.38050079345703, 44.10615158081055, 49.00187683105469, 49.11273193359375], "high_cosine": [0.5049604177474976, 0.36118844151496887, 0.5467928647994995, 0.32114377617836, 0.4699856638908386, 0.5117782354354858, 0.5310624837875366, 0.5529500246047974, 0.4214439392089844, 0.4166224002838135], "clip_cosine": [0.9984151124954224, 0.9980820417404175, 0.998744547367096, 0.9986605644226074, 0.9985674619674683, 0.9983929395675659, 0.9986036419868469, 0.9986931681632996, 0.9983511567115784, 0.9987189173698425], "dino_cosine": [0.9503841996192932, 0.9457510113716125, 0.9625930786132812, 0.9525569677352905, 0.9550811648368835, 0.962363064289093, 0.9505327939987183, 0.9448789954185486, 0.9541319608688354, 0.9418374300003052], "clip_L2": [14.5381498336792, 15.195727348327637, 12.762969017028809, 13.22814655303955, 13.73702621459961, 14.462150573730469, 13.85006332397461, 13.202784538269043, 14.093440055847168, 13.024779319763184], "dino_L2": [18.432933807373047, 18.884294509887695, 17.85125160217285, 18.912324905395508, 18.355581283569336, 17.63762092590332, 18.26077651977539, 19.163291931152344, 18.851360321044922, 18.203420639038086], "rcnn_confidence": [0.0, 0.0, 0.0, 0.27357083559036255, 0.0, 0.0, 0.0, 0.0, 0.0, 0.0], "yolo_confidence": [0.0, 0.0, 0.0, 0.0, 0.0, 0.0, 0.0, 0.0, 0.0, 0.0]}