{"pixel_L2": [28027.3828125, 29756.9765625, 26515.685546875, 28593.4609375, 29233.30859375, 30219.826171875, 29144.412109375, 29220.69921875, 26920.55078125, 28099.732421875], "pixel_cosine": [0.6081759929656982, 0.6106929779052734, 0.6525837182998657, 0.6262943744659424, 0.614588737487793, 0.6174555420875549, 0.6240209937095642, 0.6369994282722473, 0.6461144685745239, 0.630987286567688], "low_L2": [528.657470703125, 518.8665161132812, 487.5912780761719, 518.1302490234375, 493.90301513671875, 463.1637268066406, 491.8326416015625, 478.40728759765625, 474.19281005859375, 491.0879211425781], "low_cosine": [0.3573315739631653, 0.3429616093635559, 0.4022641181945801, 0.352661669254303, 0.3843517303466797, 0.4049408733844757, 0.39106982946395874, 0.4088704586029053, 0.41627031564712524, 0.39023372530937195], "mid_L2": [355.2921447753906, 357.3223571777344, 335.6737365722656, 347.99298095703125, 343.82470703125, 322.4964294433594, 342.1054382324219, 339.58038330078125, 339.9967956542969, 336.1404113769531], "mid_cosine": [0.2756458520889282, 0.2721424102783203, 0.29727548360824585, 0.29182809591293335, 0.28192368149757385, 0.3144296407699585, 0.29577571153640747, 0.3154635727405548, 0.29682672023773193, 0.2992696166038513], "high_L2": [58.937992095947266, 60.80849075317383, 56.86841583251953, 61.708316802978516, 59.66328430175781, 59.92755126953125, 60.47614288330078, 58.77024459838867, 57.4422607421875, 55.942867279052734], "high_cosine": [0.3270159959793091, 0.23974609375, 0.2814575433731079, 0.2642318606376648, 0.2145719677209854, 0.17610712349414825, 0.23617702722549438, 0.3001287579536438, 0.3385699391365051, 0.3170318603515625], "clip_cosine": [0.9990825653076172, 0.9992780685424805, 0.999299943447113, 0.9992982149124146, 0.9991254210472107, 0.9992155432701111, 0.9992731213569641, 0.9990960359573364, 0.999179482460022, 0.9992959499359131], "dino_cosine": [0.967299222946167, 0.968562126159668, 0.964349627494812, 0.961737871170044, 0.966522216796875, 0.9569913148880005, 0.9689162969589233, 0.9658948183059692, 0.9603365063667297, 0.9666685461997986], "clip_L2": [10.957762718200684, 9.907679557800293, 9.530599594116211, 9.454205513000488, 10.721981048583984, 10.2517671585083, 9.928170204162598, 10.710630416870117, 10.139115333557129, 9.602973937988281], "dino_L2": [15.3312349319458, 14.532785415649414, 15.26108169555664, 14.698419570922852, 15.828997611999512, 16.592172622680664, 14.720113754272461, 14.005295753479004, 14.954839706420898, 14.274660110473633], "rcnn_confidence": [0.777656078338623, 0.8301624655723572, 0.9434166550636292, 0.9625609517097473, 0.9452039003372192, 0.16602462530136108, 0.21562407910823822, 0.6941130757331848, 0.8267661333084106, 0.9314013719558716], "yolo_confidence": [0.0, 0.0, 0.602399468421936, 0.43020787835121155, 0.0, 0.0, 0.0, 0.3559768795967102, 0.0, 0.6634911894798279]}