{"pixel_L2": [19761.890625, 19761.890625, 19761.890625, 19761.890625, 19761.890625, 19761.890625, 19761.890625, 19761.890625, 19761.890625, 19761.890625], "pixel_cosine": [0.0, 0.0, 0.0, 0.0, 0.0, 0.0, 0.0, 0.0, 0.0, 0.0], "low_L2": [285.2923583984375, 285.2923583984375, 285.2923583984375, 285.2923583984375, 285.2923583984375, 285.2923583984375, 285.2923583984375, 285.2923583984375, 285.2923583984375, 285.2923583984375], "low_cosine": [0.3902953267097473, 0.3902953267097473, 0.3902953267097473, 0.3902953267097473, 0.3902953267097473, 0.3902953267097473, 0.3902953267097473, 0.3902953267097473, 0.3902953267097473, 0.3902953267097473], "mid_L2": [233.30979919433594, 233.30979919433594, 233.30979919433594, 233.30979919433594, 233.30979919433594, 233.30979919433594, 233.30979919433594, 233.30979919433594, 233.30979919433594, 233.30979919433594], "mid_cosine": [0.23560835421085358, 0.23560835421085358, 0.23560835421085358, 0.23560835421085358, 0.23560835421085358, 0.23560835421085358, 0.23560835421085358, 0.23560835421085358, 0.23560835421085358, 0.23560835421085358], "high_L2": [56.17176818847656, 56.17176818847656, 56.17176818847656, 56.17176818847656, 56.17176818847656, 56.17176818847656, 56.17176818847656, 56.17176818847656, 56.17176818847656, 56.17176818847656], "high_cosine": [0.051470063626766205, 0.051470063626766205, 0.051470063626766205, 0.051470063626766205, 0.051470063626766205, 0.051470063626766205, 0.051470063626766205, 0.051470063626766205, 0.051470063626766205, 0.051470063626766205], "clip_cosine": [0.9973969459533691, 0.9973969459533691, 0.9973969459533691, 0.9973969459533691, 0.9973969459533691, 0.9973969459533691, 0.9973969459533691, 0.9973969459533691, 0.9973969459533691, 0.9973969459533691], "dino_cosine": [0.9372282028198242, 0.9372282028198242, 0.9372282028198242, 0.9372282028198242, 0.9372282028198242, 0.9372282028198242, 0.9372282028198242, 0.9372282028198242, 0.9372282028198242, 0.9372282028198242], "clip_L2": [18.863046646118164, 18.863046646118164, 18.863046646118164, 18.863046646118164, 18.863046646118164, 18.863046646118164, 18.863046646118164, 18.863046646118164, 18.863046646118164, 18.863046646118164], "dino_L2": [23.355146408081055, 23.355146408081055, 23.355146408081055, 23.355146408081055, 23.355146408081055, 23.355146408081055, 23.355146408081055, 23.355146408081055, 23.355146408081055, 23.355146408081055], "rcnn_confidence": [0.0, 0.0, 0.0, 0.0, 0.0, 0.0, 0.0, 0.0, 0.0, 0.0], "yolo_confidence": [0.0, 0.0, 0.0, 0.0, 0.0, 0.0, 0.0, 0.0, 0.0, 0.0]}