{"pixel_L2": [17343.427734375, 20414.634765625, 17574.1953125, 21109.84375, 18194.7890625, 18501.0703125, 16876.296875, 17512.09375, 17930.35546875, 18265.708984375], "pixel_cosine": [0.9246556758880615, 0.9072610139846802, 0.9225276708602905, 0.8881743550300598, 0.9172321557998657, 0.9158461689949036, 0.930749237537384, 0.9231565594673157, 0.9195705056190491, 0.9167190790176392], "low_L2": [228.7037353515625, 280.3168640136719, 232.0765838623047, 387.5793762207031, 241.63864135742188, 251.34140014648438, 216.3001251220703, 244.23446655273438, 266.0331726074219, 266.95501708984375], "low_cosine": [0.4089964032173157, 0.3781667947769165, 0.38258713483810425, 0.30496788024902344, 0.3826606571674347, 0.39372867345809937, 0.4022360146045685, 0.3726925849914551, 0.37100040912628174, 0.37268301844596863], "mid_L2": [202.0121307373047, 235.55738830566406, 208.7666015625, 272.8875732421875, 219.19105529785156, 232.01292419433594, 202.78648376464844, 215.75807189941406, 228.87245178222656, 242.80239868164062], "mid_cosine": [0.3630257844924927, 0.3226827383041382, 0.33950766921043396, 0.2579933702945709, 0.32166820764541626, 0.31643161177635193, 0.35051673650741577, 0.3317432999610901, 0.30344098806381226, 0.2879043221473694], "high_L2": [44.60984420776367, 56.3604736328125, 43.373653411865234, 57.34270095825195, 48.6610221862793, 51.7532844543457, 44.502235412597656, 45.846435546875, 51.038787841796875, 47.58976745605469], "high_cosine": [0.5535340905189514, 0.3079400658607483, 0.5642573237419128, 0.2728680968284607, 0.4750639796257019, 0.43362778425216675, 0.5314470529556274, 0.5538456439971924, 0.45699653029441833, 0.5124163031578064], "clip_cosine": [0.9986207485198975, 0.9983166456222534, 0.9985738396644592, 0.9983680844306946, 0.9982015490531921, 0.9984652400016785, 0.9984440207481384, 0.9986519813537598, 0.9983648061752319, 0.9981848001480103], "dino_cosine": [0.9596418142318726, 0.9482080340385437, 0.9569634795188904, 0.9628155827522278, 0.9562438130378723, 0.9619946479797363, 0.9407609105110168, 0.9465157389640808, 0.9507353901863098, 0.9564416408538818], "clip_L2": [12.699749946594238, 13.700847625732422, 12.723630905151367, 13.674336433410645, 14.165548324584961, 13.19438648223877, 13.431750297546387, 12.780977249145508, 13.555488586425781, 14.216585159301758], "dino_L2": [16.727705001831055, 17.776552200317383, 16.76364517211914, 17.780702590942383, 16.90218734741211, 16.72276496887207, 18.142471313476562, 17.669795989990234, 17.25615692138672, 16.553926467895508], "rcnn_confidence": [0.0, 0.0, 0.0, 0.13906997442245483, 0.0, 0.0, 0.0, 0.0, 0.0, 0.0], "yolo_confidence": [0.0, 0.0, 0.0, 0.0, 0.0, 0.0, 0.0, 0.0, 0.0, 0.0]}