{"pixel_L2": [40184.9375, 40152.0, 40105.0390625, 40265.1875, 40167.1640625, 40348.6015625, 40096.8046875, 40122.3203125, 40156.75390625, 40501.9375], "pixel_cosine": [0.2679647207260132, 0.2730879783630371, 0.2724412977695465, 0.2650400400161743, 0.26773369312286377, 0.24960412085056305, 0.2732289135456085, 0.2742488980293274, 0.26833057403564453, 0.2526644766330719], "low_L2": [363.016357421875, 360.0935974121094, 359.2701110839844, 362.85986328125, 371.95050048828125, 376.5106506347656, 355.2404479980469, 358.63818359375, 359.8630065917969, 356.4490966796875], "low_cosine": [0.3824887275695801, 0.3986279368400574, 0.4033704400062561, 0.3984319865703583, 0.38416755199432373, 0.3778155446052551, 0.41687309741973877, 0.3936517834663391, 0.3877923786640167, 0.360078364610672], "mid_L2": [294.78582763671875, 292.407470703125, 293.7291259765625, 294.72210693359375, 296.47760009765625, 298.057373046875, 294.74285888671875, 290.8254699707031, 291.4461669921875, 288.2071228027344], "mid_cosine": [0.24051067233085632, 0.26329097151756287, 0.24873468279838562, 0.23638397455215454, 0.2495620846748352, 0.22658345103263855, 0.25045788288116455, 0.25785964727401733, 0.2553282380104065, 0.2570342719554901], "high_L2": [73.22283172607422, 71.03352355957031, 71.09444427490234, 72.82482147216797, 72.5057144165039, 73.12791442871094, 74.51568603515625, 72.57290649414062, 71.86431121826172, 70.0951919555664], "high_cosine": [0.16021162271499634, 0.17931653559207916, 0.16996486485004425, 0.14359603822231293, 0.1921822875738144, 0.13964000344276428, 0.13473087549209595, 0.14783106744289398, 0.16314738988876343, 0.16563649475574493], "clip_cosine": [0.9987215995788574, 0.9989853501319885, 0.9985371828079224, 0.9986693859100342, 0.9987409710884094, 0.9987457394599915, 0.9986085891723633, 0.9986298680305481, 0.9986209869384766, 0.998529851436615], "dino_cosine": [0.9614402055740356, 0.9639342427253723, 0.9619649052619934, 0.961749255657196, 0.9658987522125244, 0.9641173481941223, 0.9647996425628662, 0.9592162370681763, 0.9632267355918884, 0.9592382907867432], "clip_L2": [14.172962188720703, 12.785000801086426, 15.52148723602295, 14.59286880493164, 14.263223648071289, 14.587477684020996, 14.825520515441895, 14.942834854125977, 14.763514518737793, 15.421956062316895], "dino_L2": [17.955129623413086, 19.66340446472168, 18.467227935791016, 19.056983947753906, 18.554241180419922, 17.813875198364258, 19.22548484802246, 19.694740295410156, 18.988014221191406, 19.57596778869629], "rcnn_confidence": [0.0, 0.0, 0.0, 0.0, 0.0, 0.34903547167778015, 0.0, 0.05072059482336044, 0.0, 0.0], "yolo_confidence": [0.0, 0.0, 0.0, 0.0, 0.0, 0.0, 0.0, 0.0, 0.0, 0.0]}