{"pixel_L2": [23595.158203125, 23595.158203125, 23595.158203125, 23595.158203125, 23595.158203125, 23595.158203125, 23595.158203125, 23595.158203125, 23595.158203125, 23595.158203125], "pixel_cosine": [0.0, 0.0, 0.0, 0.0, 0.0, 0.0, 0.0, 0.0, 0.0, 0.0], "low_L2": [604.293701171875, 604.293701171875, 604.293701171875, 604.293701171875, 604.293701171875, 604.293701171875, 604.293701171875, 604.293701171875, 604.293701171875, 604.293701171875], "low_cosine": [0.26937928795814514, 0.26937928795814514, 0.26937928795814514, 0.26937928795814514, 0.26937928795814514, 0.26937928795814514, 0.26937928795814514, 0.26937928795814514, 0.26937928795814514, 0.26937928795814514], "mid_L2": [299.7725830078125, 299.7725830078125, 299.7725830078125, 299.7725830078125, 299.7725830078125, 299.7725830078125, 299.7725830078125, 299.7725830078125, 299.7725830078125, 299.7725830078125], "mid_cosine": [0.22513067722320557, 0.22513067722320557, 0.22513067722320557, 0.22513067722320557, 0.22513067722320557, 0.22513067722320557, 0.22513067722320557, 0.22513067722320557, 0.22513067722320557, 0.22513067722320557], "high_L2": [56.18558883666992, 56.18558883666992, 56.18558883666992, 56.18558883666992, 56.18558883666992, 56.18558883666992, 56.18558883666992, 56.18558883666992, 56.18558883666992, 56.18558883666992], "high_cosine": [0.19014622271060944, 0.19014622271060944, 0.19014622271060944, 0.19014622271060944, 0.19014622271060944, 0.19014622271060944, 0.19014622271060944, 0.19014622271060944, 0.19014622271060944, 0.19014622271060944], "clip_cosine": [0.9983027577400208, 0.9983027577400208, 0.9983027577400208, 0.9983027577400208, 0.9983027577400208, 0.9983027577400208, 0.9983027577400208, 0.9983027577400208, 0.9983027577400208, 0.9983027577400208], "dino_cosine": [0.9441316723823547, 0.9441316723823547, 0.9441316723823547, 0.9441316723823547, 0.9441316723823547, 0.9441316723823547, 0.9441316723823547, 0.9441316723823547, 0.9441316723823547, 0.9441316723823547], "clip_L2": [16.28862953186035, 16.28862953186035, 16.28862953186035, 16.28862953186035, 16.28862953186035, 16.28862953186035, 16.28862953186035, 16.28862953186035, 16.28862953186035, 16.28862953186035], "dino_L2": [21.32624626159668, 21.32624626159668, 21.32624626159668, 21.32624626159668, 21.32624626159668, 21.32624626159668, 21.32624626159668, 21.32624626159668, 21.32624626159668, 21.32624626159668], "rcnn_confidence": [0.0, 0.0, 0.0, 0.0, 0.0, 0.0, 0.0, 0.0, 0.0, 0.0], "yolo_confidence": [0.0, 0.0, 0.0, 0.0, 0.0, 0.0, 0.0, 0.0, 0.0, 0.0]}