{"pixel_L2": [31964.580078125, 34629.62890625, 38572.4453125, 35740.02734375, 35975.375, 36439.69140625, 33804.04296875, 34466.81640625, 36876.71875, 32468.693359375], "pixel_cosine": [0.7052019238471985, 0.680560290813446, 0.6694406270980835, 0.6850799918174744, 0.6835348606109619, 0.6836973428726196, 0.7004361152648926, 0.6876864433288574, 0.6744289994239807, 0.7048846483230591], "low_L2": [633.791015625, 623.5062866210938, 660.6019287109375, 623.3942260742188, 628.8637084960938, 615.5125122070312, 683.7158813476562, 635.411865234375, 616.5386962890625, 676.93603515625], "low_cosine": [0.37141692638397217, 0.35506290197372437, 0.376745343208313, 0.36533746123313904, 0.37557464838027954, 0.3540746569633484, 0.36502254009246826, 0.36994558572769165, 0.3803102970123291, 0.359605073928833], "mid_L2": [438.736328125, 414.63140869140625, 444.22833251953125, 412.7105712890625, 422.94610595703125, 410.71990966796875, 422.8776550292969, 434.2020568847656, 415.44061279296875, 452.878662109375], "mid_cosine": [0.17591452598571777, 0.19389739632606506, 0.1733502596616745, 0.17323991656303406, 0.18012964725494385, 0.1708960086107254, 0.19200223684310913, 0.18941551446914673, 0.1765107810497284, 0.18602123856544495], "high_L2": [62.2447395324707, 63.95366287231445, 61.68943786621094, 61.797054290771484, 63.68649673461914, 62.747188568115234, 60.87538146972656, 62.173213958740234, 61.546504974365234, 60.97635269165039], "high_cosine": [0.19418734312057495, 0.14540094137191772, 0.19437699019908905, 0.13947296142578125, 0.13005155324935913, 0.12227188795804977, 0.22442618012428284, 0.16724999248981476, 0.15229390561580658, 0.21830789744853973], "clip_cosine": [0.9983608722686768, 0.9984251856803894, 0.9985851049423218, 0.9983056783676147, 0.9983320236206055, 0.9984053373336792, 0.9985933899879456, 0.9984889030456543, 0.9985273480415344, 0.9986554384231567], "dino_cosine": [0.9495956301689148, 0.9542030692100525, 0.9589476585388184, 0.9555560350418091, 0.9537630081176758, 0.9538726806640625, 0.9549443125724792, 0.9595674276351929, 0.9519569873809814, 0.9604650735855103], "clip_L2": [14.611091613769531, 14.411932945251465, 13.333943367004395, 14.708185195922852, 14.866260528564453, 14.459864616394043, 13.505794525146484, 14.293923377990723, 13.940970420837402, 13.31835651397705], "dino_L2": [14.950223922729492, 14.559900283813477, 13.90420913696289, 14.776756286621094, 14.690614700317383, 14.824837684631348, 14.394311904907227, 13.777034759521484, 14.792012214660645, 13.686578750610352], "rcnn_confidence": [0.5049631595611572, 0.15820303559303284, 0.9201587438583374, 0.2327846884727478, 0.0, 0.0, 0.9002557396888733, 0.2868947684764862, 0.28131771087646484, 0.9159361720085144], "yolo_confidence": [0.0, 0.0, 0.3569079637527466, 0.0, 0.0, 0.0, 0.32943153381347656, 0.0, 0.0, 0.0]}