{"pixel_L2": [23643.025390625, 23523.07421875, 23493.509765625, 23644.103515625, 23588.0078125, 23535.927734375, 23533.1171875, 23497.0546875, 23453.66015625, 23513.087890625], "pixel_cosine": [0.9034742116928101, 0.9045720100402832, 0.9047004580497742, 0.9039120078086853, 0.9040598273277283, 0.9045748114585876, 0.9049145579338074, 0.90569669008255, 0.9054061770439148, 0.9046710729598999], "low_L2": [484.4573059082031, 485.55487060546875, 484.823974609375, 486.9644470214844, 485.665771484375, 486.7522888183594, 484.24969482421875, 486.9228515625, 485.864990234375, 486.1037902832031], "low_cosine": [0.32465463876724243, 0.3214820623397827, 0.3256717324256897, 0.31581172347068787, 0.32396507263183594, 0.3177160620689392, 0.3262311518192291, 0.3183203935623169, 0.32053881883621216, 0.31840354204177856], "mid_L2": [281.9149169921875, 282.5596008300781, 282.7399597167969, 283.6963195800781, 285.8675842285156, 281.82012939453125, 283.37847900390625, 282.7536926269531, 283.3651428222656, 281.72796630859375], "mid_cosine": [0.26080724596977234, 0.26335346698760986, 0.2618616223335266, 0.25704383850097656, 0.2526613473892212, 0.26146119832992554, 0.25536298751831055, 0.26264747977256775, 0.25936564803123474, 0.26577356457710266], "high_L2": [54.132102966308594, 53.906211853027344, 53.777565002441406, 53.590858459472656, 53.35609817504883, 53.575401306152344, 54.27824020385742, 54.076107025146484, 54.399566650390625, 52.8679084777832], "high_cosine": [0.3997182250022888, 0.3998945653438568, 0.40517324209213257, 0.39650750160217285, 0.3970704674720764, 0.40807896852493286, 0.38570883870124817, 0.3985520601272583, 0.4086676239967346, 0.4151279926300049], "clip_cosine": [0.9986350536346436, 0.9989070892333984, 0.9990186095237732, 0.998829185962677, 0.998862087726593, 0.9989823698997498, 0.99909508228302, 0.9989202618598938, 0.9990124702453613, 0.9991092085838318], "dino_cosine": [0.9514963626861572, 0.949425995349884, 0.9540261030197144, 0.9510361552238464, 0.947732150554657, 0.9543045163154602, 0.9502145051956177, 0.9479448795318604, 0.948674738407135, 0.9515653848648071], "clip_L2": [13.37153148651123, 12.07534408569336, 11.557316780090332, 12.767467498779297, 12.519606590270996, 11.759891510009766, 10.911419868469238, 12.111788749694824, 11.64847469329834, 10.92365550994873], "dino_L2": [18.365982055664062, 17.744749069213867, 17.853403091430664, 18.46790885925293, 18.097393035888672, 17.926767349243164, 18.623903274536133, 17.868160247802734, 18.21155548095703, 18.321063995361328], "rcnn_confidence": [0.0, 0.0, 0.0, 0.0, 0.0, 0.0, 0.0, 0.0, 0.0, 0.0], "yolo_confidence": [0.0, 0.0, 0.0, 0.0, 0.0, 0.0, 0.0, 0.0, 0.0, 0.0]}