{"pixel_L2": [31599.14453125, 31596.451171875, 31578.486328125, 31553.58203125, 31629.478515625, 31605.861328125, 31591.615234375, 31579.279296875, 31608.20703125, 31610.5], "pixel_cosine": [0.5996463298797607, 0.6003757119178772, 0.60027015209198, 0.600425660610199, 0.5994712710380554, 0.5996081829071045, 0.5997385382652283, 0.6001918315887451, 0.5999050736427307, 0.5998139977455139], "low_L2": [459.22161865234375, 459.3830871582031, 459.36279296875, 458.9124450683594, 458.9393615722656, 459.5301818847656, 459.43597412109375, 459.24169921875, 459.1634826660156, 459.2694091796875], "low_cosine": [0.5440375804901123, 0.5436268448829651, 0.5435620546340942, 0.5447746515274048, 0.5449023246765137, 0.5431183576583862, 0.5432900190353394, 0.5439246892929077, 0.5442066192626953, 0.5438928604125977], "mid_L2": [287.0019226074219, 287.07879638671875, 287.4189147949219, 287.2378845214844, 286.3933410644531, 286.696533203125, 286.83343505859375, 286.80029296875, 286.3014831542969, 287.0093688964844], "mid_cosine": [0.3919181823730469, 0.39121055603027344, 0.3902074694633484, 0.39168834686279297, 0.39560604095458984, 0.39309006929397583, 0.3927484154701233, 0.3930952548980713, 0.3954370617866516, 0.39254236221313477], "high_L2": [56.33586883544922, 56.34682846069336, 56.42313766479492, 56.248653411865234, 56.14185333251953, 56.130733489990234, 55.99003219604492, 56.28825378417969, 56.02629470825195, 56.4091682434082], "high_cosine": [0.3609105348587036, 0.3572641611099243, 0.35856032371520996, 0.3622500002384186, 0.35624074935913086, 0.35877352952957153, 0.36122918128967285, 0.3603005111217499, 0.366397500038147, 0.36096635460853577], "clip_cosine": [0.9985940456390381, 0.9985561370849609, 0.9985756874084473, 0.9984835386276245, 0.9985097050666809, 0.9984422326087952, 0.9984982013702393, 0.9985308647155762, 0.9984716773033142, 0.9984979629516602], "dino_cosine": [0.9551312327384949, 0.9532007575035095, 0.9563400149345398, 0.9510438442230225, 0.9548237323760986, 0.9535307884216309, 0.9559125900268555, 0.9509689807891846, 0.9552878737449646, 0.9550710320472717], "clip_L2": [14.944535255432129, 15.115506172180176, 15.000405311584473, 15.719146728515625, 15.604216575622559, 15.981976509094238, 15.587647438049316, 15.414729118347168, 15.860459327697754, 15.579507827758789], "dino_L2": [16.43487548828125, 16.467636108398438, 16.206140518188477, 16.61148452758789, 15.916237831115723, 16.284927368164062, 16.151338577270508, 16.7467041015625, 16.200279235839844, 16.16991424560547], "rcnn_confidence": [0.0, 0.0, 0.0, 0.0, 0.0, 0.0, 0.0, 0.0, 0.0, 0.0], "yolo_confidence": [0.0, 0.0, 0.0, 0.0, 0.0, 0.0, 0.0, 0.0, 0.0, 0.0]}