{"pixel_L2": [26375.818359375, 26375.818359375, 26375.818359375, 26375.818359375, 26375.818359375, 26375.818359375, 26375.818359375, 26375.818359375, 26375.818359375, 26375.818359375], "pixel_cosine": [0.0, 0.0, 0.0, 0.0, 0.0, 0.0, 0.0, 0.0, 0.0, 0.0], "low_L2": [324.5284118652344, 324.5284118652344, 324.5284118652344, 324.5284118652344, 324.5284118652344, 324.5284118652344, 324.5284118652344, 324.5284118652344, 324.5284118652344, 324.5284118652344], "low_cosine": [0.2996503412723541, 0.2996503412723541, 0.2996503412723541, 0.2996503412723541, 0.2996503412723541, 0.2996503412723541, 0.2996503412723541, 0.2996503412723541, 0.2996503412723541, 0.2996503412723541], "mid_L2": [196.16592407226562, 196.16592407226562, 196.16592407226562, 196.16592407226562, 196.16592407226562, 196.16592407226562, 196.16592407226562, 196.16592407226562, 196.16592407226562, 196.16592407226562], "mid_cosine": [0.23481795191764832, 0.23481795191764832, 0.23481795191764832, 0.23481795191764832, 0.23481795191764832, 0.23481795191764832, 0.23481795191764832, 0.23481795191764832, 0.23481795191764832, 0.23481795191764832], "high_L2": [48.745025634765625, 48.745025634765625, 48.745025634765625, 48.745025634765625, 48.745025634765625, 48.745025634765625, 48.745025634765625, 48.745025634765625, 48.745025634765625, 48.745025634765625], "high_cosine": [0.1018436849117279, 0.1018436849117279, 0.1018436849117279, 0.1018436849117279, 0.1018436849117279, 0.1018436849117279, 0.1018436849117279, 0.1018436849117279, 0.1018436849117279, 0.1018436849117279], "clip_cosine": [0.9977529048919678, 0.9977529048919678, 0.9977529048919678, 0.9977529048919678, 0.9977529048919678, 0.9977529048919678, 0.9977529048919678, 0.9977529048919678, 0.9977529048919678, 0.9977529048919678], "dino_cosine": [0.9114229083061218, 0.9114229083061218, 0.9114229083061218, 0.9114229083061218, 0.9114229083061218, 0.9114229083061218, 0.9114229083061218, 0.9114229083061218, 0.9114229083061218, 0.9114229083061218], "clip_L2": [17.702104568481445, 17.702104568481445, 17.702104568481445, 17.702104568481445, 17.702104568481445, 17.702104568481445, 17.702104568481445, 17.702104568481445, 17.702104568481445, 17.702104568481445], "dino_L2": [22.94632911682129, 22.94632911682129, 22.94632911682129, 22.94632911682129, 22.94632911682129, 22.94632911682129, 22.94632911682129, 22.94632911682129, 22.94632911682129, 22.94632911682129], "rcnn_confidence": [0.0, 0.0, 0.0, 0.0, 0.0, 0.0, 0.0, 0.0, 0.0, 0.0], "yolo_confidence": [0.0, 0.0, 0.0, 0.0, 0.0, 0.0, 0.0, 0.0, 0.0, 0.0]}