{"pixel_L2": [23052.744140625, 31858.2265625, 27144.84765625, 24150.412109375, 28713.8515625, 32724.791015625, 24128.93359375, 26963.646484375, 26750.96484375, 27635.69140625], "pixel_cosine": [0.6458684802055359, 0.6454257369041443, 0.6393382549285889, 0.6611781120300293, 0.6235698461532593, 0.6723151206970215, 0.6325708627700806, 0.6641383767127991, 0.6743500828742981, 0.6004403233528137], "low_L2": [368.8527526855469, 434.1434020996094, 414.159912109375, 379.7205505371094, 442.78912353515625, 450.9424133300781, 390.8724060058594, 386.41302490234375, 434.75775146484375, 511.975341796875], "low_cosine": [0.3579311966896057, 0.27851518988609314, 0.29680657386779785, 0.32617515325546265, 0.28488022089004517, 0.24374106526374817, 0.3199036717414856, 0.33020615577697754, 0.26955655217170715, 0.26484575867652893], "mid_L2": [344.2584533691406, 362.4082336425781, 354.5733337402344, 339.08526611328125, 372.0357666015625, 432.58123779296875, 341.3621520996094, 367.3551940917969, 395.3804626464844, 404.3117370605469], "mid_cosine": [0.22746387124061584, 0.2176794707775116, 0.22119402885437012, 0.20552009344100952, 0.21680259704589844, 0.18155458569526672, 0.22529339790344238, 0.22056196630001068, 0.19722728431224823, 0.18710103631019592], "high_L2": [59.529441833496094, 66.62811279296875, 60.18046951293945, 57.853981018066406, 54.3047981262207, 78.61827087402344, 59.45014190673828, 58.2807731628418, 63.1905517578125, 59.211219787597656], "high_cosine": [0.3061392605304718, 0.20554861426353455, 0.26162827014923096, 0.29819977283477783, 0.31634321808815, 0.12963040173053741, 0.28995561599731445, 0.3071213364601135, 0.20102818310260773, 0.21877235174179077], "clip_cosine": [0.9984942674636841, 0.9983708262443542, 0.9989132285118103, 0.9986466765403748, 0.99857497215271, 0.9984278678894043, 0.9983115196228027, 0.9987554550170898, 0.9988107681274414, 0.9985011219978333], "dino_cosine": [0.9373018145561218, 0.9412261247634888, 0.9443243145942688, 0.9549769163131714, 0.9453851580619812, 0.9339588284492493, 0.9444469213485718, 0.9321892261505127, 0.9343421459197998, 0.9505926966667175], "clip_L2": [14.484553337097168, 14.807476997375488, 12.600131034851074, 13.084360122680664, 13.091407775878906, 14.54415225982666, 14.081379890441895, 13.53961181640625, 13.42220401763916, 13.676077842712402], "dino_L2": [18.55308723449707, 18.278541564941406, 17.974491119384766, 16.24152183532715, 16.827484130859375, 18.455211639404297, 16.69820213317871, 19.514434814453125, 18.02021598815918, 17.962181091308594], "rcnn_confidence": [0.0, 0.0, 0.0, 0.935291588306427, 0.909194827079773, 0.0, 0.8206698298454285, 0.0, 0.0, 0.8110637664794922], "yolo_confidence": [0.0, 0.0, 0.0, 0.0, 0.0, 0.0, 0.0, 0.0, 0.0, 0.0]}