{"pixel_L2": [47828.16796875, 47873.33203125, 47813.5859375, 47851.625, 47801.55078125, 47837.07421875, 47881.59375, 47947.80078125, 47886.24609375, 47790.05078125], "pixel_cosine": [0.7490576505661011, 0.7503424882888794, 0.7498020529747009, 0.7500465512275696, 0.7497851848602295, 0.7494312524795532, 0.7497691512107849, 0.7503647804260254, 0.7495466470718384, 0.7502636909484863], "low_L2": [574.6821899414062, 575.3421020507812, 574.3785400390625, 574.0695190429688, 574.74462890625, 574.684326171875, 574.2713623046875, 573.5927124023438, 575.450439453125, 574.1031494140625], "low_cosine": [0.1389617919921875, 0.1384672373533249, 0.138952374458313, 0.13963328301906586, 0.13965274393558502, 0.1386159360408783, 0.13786651194095612, 0.1380564570426941, 0.13815811276435852, 0.1396687924861908], "mid_L2": [269.9917297363281, 269.62896728515625, 270.6786804199219, 268.58563232421875, 270.0187683105469, 269.6626892089844, 270.127197265625, 269.0951232910156, 269.68243408203125, 268.9053955078125], "mid_cosine": [0.20450523495674133, 0.20010727643966675, 0.1990879774093628, 0.20343351364135742, 0.19945105910301208, 0.20087429881095886, 0.1961868405342102, 0.19926679134368896, 0.19897843897342682, 0.2029353380203247], "high_L2": [46.3387565612793, 46.29387283325195, 47.20188522338867, 46.47929382324219, 46.20695495605469, 46.32717514038086, 47.1238899230957, 46.58797836303711, 46.076778411865234, 47.16880416870117], "high_cosine": [0.21567577123641968, 0.21551063656806946, 0.20686087012290955, 0.21489624679088593, 0.21854159235954285, 0.2147085815668106, 0.21199792623519897, 0.21057692170143127, 0.22142934799194336, 0.2132003754377365], "clip_cosine": [0.9982696771621704, 0.9982922077178955, 0.9983403086662292, 0.9983267188072205, 0.9981788992881775, 0.998291015625, 0.9982832074165344, 0.9982597231864929, 0.9982673525810242, 0.9983856678009033], "dino_cosine": [0.945445716381073, 0.9446576833724976, 0.944436252117157, 0.9456013441085815, 0.9420655965805054, 0.9474524259567261, 0.9439182281494141, 0.944974422454834, 0.9421613812446594, 0.9443190693855286], "clip_L2": [15.661870002746582, 15.715712547302246, 15.05152416229248, 15.35672664642334, 16.057809829711914, 15.569999694824219, 15.716442108154297, 15.596193313598633, 15.696014404296875, 15.25736141204834], "dino_L2": [17.331661224365234, 17.409358978271484, 17.193864822387695, 17.18110466003418, 17.1911563873291, 17.129941940307617, 17.467018127441406, 17.528553009033203, 17.394792556762695, 17.239953994750977], "rcnn_confidence": [0.0, 0.0, 0.0, 0.0, 0.0, 0.0, 0.0, 0.0, 0.0, 0.0], "yolo_confidence": [0.0, 0.0, 0.0, 0.0, 0.0, 0.0, 0.0, 0.0, 0.0, 0.0]}