{"pixel_L2": [30983.337890625, 30971.326171875, 30974.595703125, 30965.6640625, 30972.67578125, 30989.380859375, 30959.349609375, 30953.244140625, 30998.37109375, 30970.53125], "pixel_cosine": [0.5944211483001709, 0.5944022536277771, 0.5943815112113953, 0.5947418212890625, 0.5943478345870972, 0.5939077138900757, 0.5948477983474731, 0.5949143171310425, 0.5935794115066528, 0.594562828540802], "low_L2": [517.4673461914062, 517.8214111328125, 517.4885864257812, 517.4398193359375, 517.9342041015625, 517.7359619140625, 517.69970703125, 517.7330932617188, 517.5789184570312, 517.9208984375], "low_cosine": [0.2123701274394989, 0.21095339953899384, 0.21226485073566437, 0.21322768926620483, 0.20982274413108826, 0.21163149178028107, 0.21206818521022797, 0.21226173639297485, 0.2118566930294037, 0.21133050322532654], "mid_L2": [362.890380859375, 362.8434753417969, 363.0426025390625, 362.22271728515625, 361.9837341308594, 362.96746826171875, 362.6670837402344, 362.9807434082031, 362.55987548828125, 363.2191467285156], "mid_cosine": [0.20469695329666138, 0.2055480182170868, 0.20272260904312134, 0.2061634063720703, 0.20551013946533203, 0.20382258296012878, 0.20422422885894775, 0.20505589246749878, 0.20617353916168213, 0.2031531184911728], "high_L2": [61.795921325683594, 61.92156219482422, 61.8284912109375, 61.815834045410156, 61.7994499206543, 62.00719451904297, 61.74656295776367, 61.90542984008789, 61.84680938720703, 61.85102081298828], "high_cosine": [0.09400736540555954, 0.09437834471464157, 0.09516353160142899, 0.09407106041908264, 0.09632198512554169, 0.09478683769702911, 0.09576893597841263, 0.09357435256242752, 0.09306623041629791, 0.09632758796215057], "clip_cosine": [0.998322069644928, 0.9983547329902649, 0.9981926083564758, 0.9980720281600952, 0.9984118342399597, 0.9981279373168945, 0.9982795715332031, 0.9982393980026245, 0.9980847239494324, 0.9982321858406067], "dino_cosine": [0.9591922760009766, 0.9511356353759766, 0.9593406915664673, 0.9548931121826172, 0.9578233361244202, 0.9597616791725159, 0.9581431746482849, 0.9557304978370667, 0.9518744349479675, 0.9585934281349182], "clip_L2": [15.295350074768066, 15.556670188903809, 16.14202880859375, 16.58608055114746, 15.11645793914795, 16.58152198791504, 15.937503814697266, 16.180622100830078, 15.835590362548828, 16.502878189086914], "dino_L2": [15.988707542419434, 17.77400016784668, 16.39653205871582, 16.815351486206055, 16.759233474731445, 16.193571090698242, 16.819971084594727, 16.638370513916016, 17.720510482788086, 16.342769622802734], "rcnn_confidence": [0.0, 0.0, 0.0, 0.0, 0.0, 0.0, 0.0, 0.0, 0.0, 0.0], "yolo_confidence": [0.0, 0.0, 0.0, 0.0, 0.0, 0.0, 0.0, 0.0, 0.0, 0.0]}