{"pixel_L2": [26313.841796875, 26089.185546875, 26148.8828125, 26416.580078125, 25787.783203125, 26635.033203125, 26426.10546875, 26829.427734375, 27082.111328125, 26224.462890625], "pixel_cosine": [0.883059024810791, 0.8844664096832275, 0.884986162185669, 0.8827366828918457, 0.883917510509491, 0.885759711265564, 0.8833327293395996, 0.8875740766525269, 0.8821220993995667, 0.8687426447868347], "low_L2": [567.3536987304688, 564.3505859375, 568.7084350585938, 559.7888793945312, 564.7730102539062, 566.824462890625, 565.4661865234375, 567.8751220703125, 556.5296020507812, 575.8124389648438], "low_cosine": [0.6702337265014648, 0.675065815448761, 0.6684683561325073, 0.6809952259063721, 0.6741539239883423, 0.6710218191146851, 0.6729284524917603, 0.6695224642753601, 0.6855661869049072, 0.6597315073013306], "mid_L2": [337.4405517578125, 331.8485412597656, 331.39276123046875, 333.0686950683594, 333.3160400390625, 331.7987976074219, 333.1969299316406, 336.6667785644531, 322.63922119140625, 327.7896728515625], "mid_cosine": [0.4488353133201599, 0.4567180871963501, 0.4511122703552246, 0.44767147302627563, 0.45258796215057373, 0.45753079652786255, 0.45655810832977295, 0.4524058699607849, 0.4749698042869568, 0.4559096693992615], "high_L2": [59.13323211669922, 65.16970825195312, 60.26239013671875, 59.138153076171875, 63.54573440551758, 60.2188720703125, 62.071170806884766, 59.1640739440918, 56.141204833984375, 58.39885330200195], "high_cosine": [0.4723038673400879, 0.4408774971961975, 0.4574011564254761, 0.46025148034095764, 0.4558151364326477, 0.45359963178634644, 0.44143903255462646, 0.5092265009880066, 0.5111457705497742, 0.47699347138404846], "clip_cosine": [0.9979220628738403, 0.9975118041038513, 0.9978619813919067, 0.9980607032775879, 0.9977514743804932, 0.9980268478393555, 0.9981337785720825, 0.9977396130561829, 0.9981309175491333, 0.9976882934570312], "dino_cosine": [0.9593644142150879, 0.9610876441001892, 0.9571888446807861, 0.9597123861312866, 0.967243492603302, 0.963799238204956, 0.9604325294494629, 0.965950608253479, 0.964515745639801, 0.9565372467041016], "clip_L2": [15.204106330871582, 16.16264533996582, 16.272388458251953, 15.314615249633789, 16.034826278686523, 15.438426971435547, 15.06023120880127, 15.589035034179688, 14.832840919494629, 16.24932861328125], "dino_L2": [15.51605224609375, 16.062833786010742, 15.548699378967285, 14.850642204284668, 14.925228118896484, 14.554610252380371, 15.088492393493652, 14.42252254486084, 15.519047737121582, 15.461684226989746], "rcnn_confidence": [0.0, 0.10131405293941498, 0.0, 0.0, 0.0, 0.0, 0.17055395245552063, 0.0, 0.0, 0.0], "yolo_confidence": [0.0, 0.0, 0.0, 0.0, 0.0, 0.0, 0.0, 0.0, 0.0, 0.0]}