{"pixel_L2": [16578.7734375, 16232.1103515625, 16297.724609375, 16473.654296875, 16546.455078125, 16349.955078125, 16514.974609375, 16570.716796875, 16327.1728515625, 16336.310546875], "pixel_cosine": [0.8660827279090881, 0.871277391910553, 0.8706843256950378, 0.867011308670044, 0.8651400804519653, 0.8683806657791138, 0.8696542978286743, 0.8681123852729797, 0.8696752786636353, 0.8702511787414551], "low_L2": [270.0645446777344, 270.7049560546875, 268.6207275390625, 265.522216796875, 268.7390441894531, 269.1390686035156, 267.7357177734375, 269.0709228515625, 267.5660095214844, 267.6809387207031], "low_cosine": [0.4254223704338074, 0.4247901439666748, 0.4354591369628906, 0.44603243470191956, 0.433836430311203, 0.4341019093990326, 0.4364054203033447, 0.43019992113113403, 0.43576282262802124, 0.4387928247451782], "mid_L2": [233.0172576904297, 233.00685119628906, 232.8560333251953, 228.74501037597656, 233.68658447265625, 233.40599060058594, 232.92100524902344, 230.3699951171875, 230.3258514404297, 230.81982421875], "mid_cosine": [0.268748939037323, 0.27351877093315125, 0.2735891044139862, 0.2916514277458191, 0.2774248719215393, 0.2691539227962494, 0.27826952934265137, 0.2879874110221863, 0.2848244905471802, 0.28413981199264526], "high_L2": [50.83308410644531, 51.79393768310547, 52.357181549072266, 51.061519622802734, 50.403568267822266, 50.521236419677734, 50.4984130859375, 51.92995071411133, 50.956336975097656, 51.34538269042969], "high_cosine": [0.37422630190849304, 0.34116190671920776, 0.34275853633880615, 0.3696885406970978, 0.35598519444465637, 0.3458535075187683, 0.3686554431915283, 0.3371886610984802, 0.35556304454803467, 0.3547677993774414], "clip_cosine": [0.9988143444061279, 0.9987170100212097, 0.9986920356750488, 0.9987655878067017, 0.9988343119621277, 0.9986962676048279, 0.9988901615142822, 0.9988479018211365, 0.9988391995429993, 0.9986041784286499], "dino_cosine": [0.9635446667671204, 0.9626600742340088, 0.9606924057006836, 0.9704940319061279, 0.969566285610199, 0.9646742343902588, 0.9704645872116089, 0.9671342372894287, 0.9554563164710999, 0.96546471118927], "clip_L2": [11.778380393981934, 12.438748359680176, 12.491006851196289, 11.81441879272461, 12.021035194396973, 12.35400104522705, 11.34734058380127, 11.831839561462402, 11.754225730895996, 12.907423973083496], "dino_L2": [15.49625015258789, 14.96605396270752, 15.384515762329102, 13.660384178161621, 13.29888916015625, 14.824719429016113, 13.900819778442383, 13.421935081481934, 15.052044868469238, 15.088006019592285], "rcnn_confidence": [0.0, 0.0, 0.0, 0.0, 0.0, 0.0, 0.0, 0.0, 0.0, 0.0], "yolo_confidence": [0.0, 0.0, 0.0, 0.0, 0.0, 0.0, 0.0, 0.0, 0.0, 0.0]}