{"pixel_L2": [19223.7265625, 19241.220703125, 19252.05859375, 19298.857421875, 19158.0703125, 19247.361328125, 19098.576171875, 19116.587890625, 19182.560546875, 19335.138671875], "pixel_cosine": [0.7929173111915588, 0.7923721075057983, 0.7923128604888916, 0.7909367084503174, 0.7943992614746094, 0.792351484298706, 0.7958160638809204, 0.7953691482543945, 0.794097900390625, 0.790141224861145], "low_L2": [545.712158203125, 544.9236450195312, 547.0061645507812, 546.29150390625, 544.49609375, 545.6624145507812, 543.5565185546875, 543.9412841796875, 546.5829467773438, 547.3594360351562], "low_cosine": [0.6920393109321594, 0.6936366558074951, 0.6912293434143066, 0.6911776065826416, 0.694659948348999, 0.6931138038635254, 0.6956719160079956, 0.6941434144973755, 0.6902973651885986, 0.6877776384353638], "mid_L2": [272.71600341796875, 271.820068359375, 272.47955322265625, 273.7239685058594, 272.3057556152344, 272.1645812988281, 272.8470458984375, 272.6611633300781, 271.9786682128906, 272.475341796875], "mid_cosine": [0.4966696500778198, 0.49589893221855164, 0.49507778882980347, 0.4923185706138611, 0.4959859848022461, 0.49818021059036255, 0.49672794342041016, 0.4956129491329193, 0.49781283736228943, 0.49676409363746643], "high_L2": [70.67674255371094, 70.04872131347656, 70.56464385986328, 70.41477966308594, 70.51927947998047, 70.91421508789062, 70.9799575805664, 71.39720153808594, 70.95924377441406, 70.50454711914062], "high_cosine": [0.4212322235107422, 0.4203766882419586, 0.4212958812713623, 0.42107272148132324, 0.41999509930610657, 0.4184013605117798, 0.4174313545227051, 0.4204851984977722, 0.4197433292865753, 0.42204904556274414], "clip_cosine": [0.9987819194793701, 0.9987426996231079, 0.9984615445137024, 0.9986544847488403, 0.9984733462333679, 0.9984947443008423, 0.9986084699630737, 0.9981218576431274, 0.9984405636787415, 0.9986531734466553], "dino_cosine": [0.9624561667442322, 0.9668729305267334, 0.9610481262207031, 0.9646311402320862, 0.9631026983261108, 0.9621936678886414, 0.9651917815208435, 0.9617152214050293, 0.9646339416503906, 0.9630714058876038], "clip_L2": [12.735173225402832, 12.919931411743164, 13.800925254821777, 13.42479133605957, 13.829487800598145, 13.796331405639648, 13.643609046936035, 14.703182220458984, 13.648292541503906, 13.306938171386719], "dino_L2": [15.119667053222656, 14.520357131958008, 14.953755378723145, 14.578433990478516, 14.893428802490234, 14.777076721191406, 14.912878036499023, 14.954554557800293, 14.494898796081543, 14.745617866516113], "rcnn_confidence": [0.0, 0.0, 0.0, 0.0, 0.0, 0.0, 0.0, 0.0, 0.0, 0.0], "yolo_confidence": [0.0, 0.0, 0.0, 0.0, 0.0, 0.0, 0.0, 0.0, 0.0, 0.0]}