{"pixel_L2": [23341.05078125, 27084.171875, 27538.8515625, 24686.16015625, 25710.962890625, 26805.8515625, 22929.787109375, 24540.8125, 23872.279296875, 27348.318359375], "pixel_cosine": [0.8730657696723938, 0.8181806802749634, 0.8411102294921875, 0.8583309650421143, 0.8565070629119873, 0.8308511972427368, 0.8931195139884949, 0.8523784875869751, 0.8782963752746582, 0.8278126120567322], "low_L2": [611.9021606445312, 651.1835327148438, 629.6183471679688, 626.607421875, 614.3377075195312, 642.7803344726562, 629.152099609375, 658.371337890625, 605.5342407226562, 627.7510375976562], "low_cosine": [0.6773120164871216, 0.629200279712677, 0.6535804271697998, 0.6579036712646484, 0.6768981218338013, 0.6487077474594116, 0.6570901870727539, 0.6396620273590088, 0.6853922009468079, 0.6592897772789001], "mid_L2": [349.2850341796875, 358.1985778808594, 340.86700439453125, 329.44781494140625, 334.5119934082031, 345.3284912109375, 337.7875671386719, 357.41314697265625, 332.99847412109375, 346.8387145996094], "mid_cosine": [0.5321933031082153, 0.4864269196987152, 0.5238103866577148, 0.5591017603874207, 0.5339659452438354, 0.5222840309143066, 0.5429308414459229, 0.4981539249420166, 0.5558458566665649, 0.5117090940475464], "high_L2": [57.600791931152344, 59.53123474121094, 58.5467529296875, 51.85359191894531, 57.711368560791016, 58.73940658569336, 54.9305305480957, 59.50436019897461, 53.03239059448242, 52.43638610839844], "high_cosine": [0.6864809393882751, 0.6001051664352417, 0.6350734233856201, 0.7116358280181885, 0.6393986940383911, 0.6427380442619324, 0.7056053280830383, 0.5993611216545105, 0.7236287593841553, 0.7044142484664917], "clip_cosine": [0.9984462261199951, 0.9986780285835266, 0.9987992644309998, 0.998790442943573, 0.998814582824707, 0.998676061630249, 0.9986214637756348, 0.9987337589263916, 0.9985105991363525, 0.998686671257019], "dino_cosine": [0.9822552800178528, 0.9834729433059692, 0.9825500845909119, 0.9850257635116577, 0.979881763458252, 0.9825238585472107, 0.9828689098358154, 0.9855294823646545, 0.9852378368377686, 0.9846363067626953], "clip_L2": [13.161606788635254, 12.860370635986328, 11.750296592712402, 11.999271392822266, 11.97579574584961, 12.734540939331055, 12.898066520690918, 11.731743812561035, 13.08278751373291, 12.517183303833008], "dino_L2": [13.740615844726562, 13.222192764282227, 12.945595741271973, 13.138663291931152, 13.5184907913208, 12.790777206420898, 13.377549171447754, 12.804457664489746, 12.968062400817871, 12.460088729858398], "rcnn_confidence": [0.45821911096572876, 0.13397425413131714, 0.6391350030899048, 0.20941737294197083, 0.753336489200592, 0.2052215188741684, 0.10320348292589188, 0.7458519339561462, 0.6543588042259216, 0.7829543352127075], "yolo_confidence": [0.0, 0.0, 0.0, 0.0, 0.0, 0.0, 0.0, 0.0, 0.0, 0.0]}