{"pixel_L2": [21966.6015625, 22111.458984375, 22046.01953125, 22065.361328125, 22060.94921875, 21946.150390625, 22078.984375, 22076.583984375, 22012.90625, 22004.44140625], "pixel_cosine": [0.5354735851287842, 0.5353941321372986, 0.5355907678604126, 0.5354558229446411, 0.5356188416481018, 0.5362178683280945, 0.5351914167404175, 0.5355666279792786, 0.5358802676200867, 0.5357367992401123], "low_L2": [593.9196166992188, 594.3297729492188, 594.1842651367188, 594.11572265625, 594.1376342773438, 593.7059936523438, 594.4689331054688, 594.1287841796875, 594.0769653320312, 593.90625], "low_cosine": [0.5361329913139343, 0.5358738303184509, 0.5357986092567444, 0.5361478328704834, 0.5360998511314392, 0.5365511178970337, 0.5353884696960449, 0.5361448526382446, 0.5360623002052307, 0.5362454652786255], "mid_L2": [351.7552490234375, 352.1981201171875, 352.34417724609375, 352.10992431640625, 352.0267333984375, 352.00616455078125, 352.316650390625, 352.2011413574219, 352.546142578125, 351.8059997558594], "mid_cosine": [0.36720770597457886, 0.36621755361557007, 0.36553680896759033, 0.3661356270313263, 0.36642783880233765, 0.366105318069458, 0.36569100618362427, 0.3659898638725281, 0.36553114652633667, 0.36684083938598633], "high_L2": [77.22126007080078, 77.26766204833984, 77.2877197265625, 77.29576873779297, 77.24043273925781, 77.17945098876953, 77.19171142578125, 77.29534149169922, 77.47503662109375, 77.06778717041016], "high_cosine": [0.31629136204719543, 0.31559330224990845, 0.315620481967926, 0.31536492705345154, 0.31482139229774475, 0.31667405366897583, 0.3158811330795288, 0.31395071744918823, 0.3133477568626404, 0.3178916275501251], "clip_cosine": [0.9959726333618164, 0.9960856437683105, 0.9963161945343018, 0.9959574341773987, 0.9963954091072083, 0.9959661960601807, 0.9963280558586121, 0.9962494373321533, 0.996253252029419, 0.9962672591209412], "dino_cosine": [0.9225359559059143, 0.9193480610847473, 0.9206234812736511, 0.9219589829444885, 0.9225522875785828, 0.9207419157028198, 0.9223129153251648, 0.9213417172431946, 0.92192143201828, 0.9223887324333191], "clip_L2": [19.13750457763672, 19.025161743164062, 19.156003952026367, 19.102550506591797, 19.371084213256836, 18.94851303100586, 19.25316619873047, 19.2065486907959, 19.242944717407227, 19.204160690307617], "dino_L2": [19.35869598388672, 19.310287475585938, 19.117996215820312, 19.340864181518555, 19.255268096923828, 19.368820190429688, 19.127592086791992, 19.20999526977539, 19.313575744628906, 19.239042282104492], "rcnn_confidence": [0.0, 0.0, 0.0, 0.0, 0.0, 0.0, 0.0, 0.0, 0.0, 0.0], "yolo_confidence": [0.0, 0.0, 0.0, 0.0, 0.0, 0.0, 0.0, 0.0, 0.0, 0.0]}