{"pixel_L2": [11537.5263671875, 11504.1953125, 10905.1474609375, 11126.4111328125, 11134.4296875, 10838.310546875, 11585.29296875, 12232.685546875, 12770.8466796875, 10869.8662109375], "pixel_cosine": [0.9093809127807617, 0.9061640501022339, 0.9159179925918579, 0.9089422225952148, 0.9125769734382629, 0.9166870713233948, 0.9129243493080139, 0.9094350337982178, 0.8982006311416626, 0.913469135761261], "low_L2": [286.5873718261719, 287.644287109375, 283.8074035644531, 287.81756591796875, 291.54827880859375, 278.8898620605469, 283.13238525390625, 291.80889892578125, 302.5071105957031, 285.9684753417969], "low_cosine": [0.6950929164886475, 0.6921394467353821, 0.6974033117294312, 0.6929389834403992, 0.6833089590072632, 0.7095001935958862, 0.7016516327857971, 0.6866328120231628, 0.6699912548065186, 0.6939494609832764], "mid_L2": [223.14431762695312, 218.59378051757812, 216.857666015625, 222.68417358398438, 214.98849487304688, 213.25241088867188, 221.34486389160156, 223.18728637695312, 227.84381103515625, 210.75930786132812], "mid_cosine": [0.5437918305397034, 0.5420376062393188, 0.5515549778938293, 0.5300686955451965, 0.5583510398864746, 0.5642755031585693, 0.5425502061843872, 0.5437490940093994, 0.5202987194061279, 0.5609593391418457], "high_L2": [43.79593276977539, 44.418888092041016, 47.01539993286133, 47.21662902832031, 42.40696334838867, 46.412479400634766, 48.774723052978516, 40.49663543701172, 47.906707763671875, 46.25477981567383], "high_cosine": [0.6595100164413452, 0.6460555195808411, 0.6426851749420166, 0.598315954208374, 0.669653594493866, 0.6450828909873962, 0.6265684962272644, 0.6995691657066345, 0.5808424949645996, 0.637199342250824], "clip_cosine": [0.9978480935096741, 0.9976593255996704, 0.9978024959564209, 0.998184084892273, 0.9977615475654602, 0.9979361891746521, 0.9981880187988281, 0.997172474861145, 0.9982417821884155, 0.9978301525115967], "dino_cosine": [0.9600909948348999, 0.9643257260322571, 0.9559906721115112, 0.968359112739563, 0.9640159606933594, 0.9643487930297852, 0.9709290862083435, 0.9687720537185669, 0.9663537740707397, 0.9669639468193054], "clip_L2": [16.13709831237793, 16.910961151123047, 16.712526321411133, 14.834060668945312, 15.99122428894043, 15.841856002807617, 15.34134578704834, 16.934009552001953, 14.968825340270996, 16.240568161010742], "dino_L2": [15.768917083740234, 15.143850326538086, 16.108156204223633, 13.915284156799316, 15.080782890319824, 15.101888656616211, 14.023025512695312, 14.535224914550781, 15.33378791809082, 14.874390602111816], "rcnn_confidence": [0.0, 0.0, 0.0, 0.0, 0.0, 0.0, 0.0, 0.0, 0.0, 0.0], "yolo_confidence": [0.0, 0.0, 0.0, 0.0, 0.0, 0.0, 0.0, 0.0, 0.0, 0.0]}