{"pixel_L2": [17129.91796875, 17131.15625, 17376.27734375, 16936.130859375, 16813.16796875, 16989.75, 17086.291015625, 17314.041015625, 17176.0703125, 16928.0546875], "pixel_cosine": [0.7532985210418701, 0.756205141544342, 0.756310224533081, 0.7624017000198364, 0.7609164714813232, 0.7576723098754883, 0.764593780040741, 0.7599323987960815, 0.7537535429000854, 0.7619507908821106], "low_L2": [330.5810241699219, 320.29119873046875, 330.03887939453125, 317.0127868652344, 314.3127136230469, 318.8045654296875, 310.2322082519531, 320.1706848144531, 323.3770751953125, 317.56500244140625], "low_cosine": [0.6644070744514465, 0.6637986898422241, 0.6569526195526123, 0.667802095413208, 0.6704301834106445, 0.6669090986251831, 0.6799190044403076, 0.6717910766601562, 0.6667274236679077, 0.6710286736488342], "mid_L2": [226.5291748046875, 224.93182373046875, 236.9417724609375, 219.01893615722656, 217.7395477294922, 222.25286865234375, 225.0010223388672, 222.55323791503906, 229.46038818359375, 221.60586547851562], "mid_cosine": [0.5167415142059326, 0.5068575739860535, 0.4908575713634491, 0.5202852487564087, 0.5237988233566284, 0.5151885151863098, 0.5139048099517822, 0.5170938968658447, 0.5046332478523254, 0.523810625076294], "high_L2": [57.32381057739258, 57.26980972290039, 56.66975402832031, 56.62681579589844, 55.051700592041016, 56.69428634643555, 56.54214096069336, 58.54228973388672, 57.59906005859375, 56.271759033203125], "high_cosine": [0.45139992237091064, 0.44544321298599243, 0.4488007426261902, 0.4582127332687378, 0.49102458357810974, 0.44837522506713867, 0.4786541759967804, 0.4446248412132263, 0.4343227446079254, 0.4563126266002655], "clip_cosine": [0.9984174966812134, 0.9985419511795044, 0.9984269142150879, 0.9982766509056091, 0.9984697103500366, 0.9985299706459045, 0.9985827803611755, 0.9985314607620239, 0.9986001253128052, 0.9985176920890808], "dino_cosine": [0.9777194857597351, 0.9791381359100342, 0.9810585975646973, 0.9741226434707642, 0.9766806960105896, 0.9769553542137146, 0.9779893159866333, 0.9800430536270142, 0.9779433608055115, 0.9796066880226135], "clip_L2": [13.671415328979492, 13.386126518249512, 14.027351379394531, 14.271510124206543, 13.449738502502441, 13.381972312927246, 13.150633811950684, 13.324901580810547, 12.88568115234375, 13.486433982849121], "dino_L2": [14.34895133972168, 13.997119903564453, 14.022041320800781, 14.901764869689941, 14.259164810180664, 14.313555717468262, 14.269746780395508, 13.746061325073242, 14.007359504699707, 14.021174430847168], "rcnn_confidence": [0.0, 0.0, 0.8053426146507263, 0.0, 0.0, 0.0, 0.48019516468048096, 0.0, 0.6667417883872986, 0.0], "yolo_confidence": [0.0, 0.0, 0.0, 0.0, 0.0, 0.0, 0.0, 0.0, 0.0, 0.0]}