{"pixel_L2": [17488.712890625, 19375.234375, 19737.556640625, 18721.541015625, 19245.125, 18238.88671875, 19454.87109375, 20331.462890625, 18204.6796875, 18855.779296875], "pixel_cosine": [0.8160011172294617, 0.8335564136505127, 0.8263326287269592, 0.7957552671432495, 0.7821416258811951, 0.7906749248504639, 0.8357986211776733, 0.8205190896987915, 0.7785546779632568, 0.8186020851135254], "low_L2": [407.9944763183594, 398.78466796875, 416.12908935546875, 422.8280944824219, 428.7508850097656, 426.45855712890625, 403.8347473144531, 415.59124755859375, 430.36688232421875, 406.5028381347656], "low_cosine": [0.729931652545929, 0.7377316355705261, 0.7209488749504089, 0.7026926279067993, 0.7129549980163574, 0.7028744220733643, 0.736272931098938, 0.7200947999954224, 0.7039765119552612, 0.7283973097801208], "mid_L2": [281.97698974609375, 288.57965087890625, 273.0266418457031, 289.0584716796875, 276.23638916015625, 275.4572448730469, 283.4379577636719, 272.2400817871094, 270.8378601074219, 288.1197814941406], "mid_cosine": [0.522150993347168, 0.5247951149940491, 0.5519305467605591, 0.4794348180294037, 0.5354244112968445, 0.5283031463623047, 0.5298910140991211, 0.5484558343887329, 0.5208206176757812, 0.5284774303436279], "high_L2": [53.12348556518555, 60.85808563232422, 59.15868377685547, 52.79485321044922, 47.37530517578125, 58.632347106933594, 56.74936294555664, 55.27899169921875, 45.312198638916016, 60.582305908203125], "high_cosine": [0.633576512336731, 0.6393195390701294, 0.573161780834198, 0.6041033267974854, 0.7315587997436523, 0.535815954208374, 0.6111332178115845, 0.6051235795021057, 0.7188389301300049, 0.5690616965293884], "clip_cosine": [0.9977717995643616, 0.9977232813835144, 0.9980934858322144, 0.9979943037033081, 0.9974727630615234, 0.9978578090667725, 0.9975316524505615, 0.9977652430534363, 0.9979082345962524, 0.9980001449584961], "dino_cosine": [0.9809513092041016, 0.9777047634124756, 0.9794591665267944, 0.9796391129493713, 0.9745100140571594, 0.9695653915405273, 0.975983738899231, 0.9699440002441406, 0.9803006649017334, 0.9784723520278931], "clip_L2": [15.33500862121582, 15.240669250488281, 14.38150691986084, 14.609066009521484, 16.5083065032959, 15.08503532409668, 15.67905044555664, 15.707585334777832, 14.944616317749023, 15.237019538879395], "dino_L2": [12.624154090881348, 13.560002326965332, 13.108623504638672, 13.31714916229248, 14.5828857421875, 15.08510684967041, 14.794044494628906, 14.25833797454834, 12.046943664550781, 14.508899688720703], "rcnn_confidence": [0.13072215020656586, 0.054415784776210785, 0.20846639573574066, 0.5944463610649109, 0.10468047857284546, 0.0, 0.11262817680835724, 0.0, 0.2191738784313202, 0.0], "yolo_confidence": [0.0, 0.0, 0.0, 0.0, 0.0, 0.0, 0.0, 0.0, 0.0, 0.0]}