{"pixel_L2": [24354.5546875, 24152.439453125, 24372.638671875, 24441.203125, 24339.478515625, 24275.751953125, 24252.73828125, 24235.884765625, 24192.431640625, 24274.208984375], "pixel_cosine": [0.8248382806777954, 0.8271873593330383, 0.8240605592727661, 0.8239315152168274, 0.8247631788253784, 0.8252811431884766, 0.8269138336181641, 0.8277065753936768, 0.8271805644035339, 0.8254468441009521], "low_L2": [432.9606628417969, 427.1321105957031, 430.91168212890625, 426.3213806152344, 430.7906494140625, 430.31097412109375, 427.2830505371094, 430.1407470703125, 427.98858642578125, 427.1302490234375], "low_cosine": [0.49834996461868286, 0.5034669637680054, 0.4965404272079468, 0.5040212869644165, 0.5018237829208374, 0.491189181804657, 0.5005854368209839, 0.49559327960014343, 0.4987638592720032, 0.4988081157207489], "mid_L2": [269.0732421875, 270.09417724609375, 271.75604248046875, 271.44683837890625, 275.5298156738281, 274.6307067871094, 270.3296813964844, 272.64080810546875, 267.675537109375, 268.0570983886719], "mid_cosine": [0.23754680156707764, 0.24501490592956543, 0.2402234673500061, 0.23008990287780762, 0.22018826007843018, 0.22262299060821533, 0.23141010105609894, 0.21903759241104126, 0.23081782460212708, 0.2276158481836319], "high_L2": [62.60580062866211, 60.665435791015625, 62.67466354370117, 61.67050552368164, 64.47093200683594, 61.97603988647461, 63.53705978393555, 62.94826889038086, 62.04672622680664, 61.665016174316406], "high_cosine": [0.28092101216316223, 0.30357062816619873, 0.2682788074016571, 0.31967970728874207, 0.22909288108348846, 0.29209327697753906, 0.3098090887069702, 0.28250908851623535, 0.31305789947509766, 0.3190196454524994], "clip_cosine": [0.997916042804718, 0.9979077577590942, 0.997805118560791, 0.9978238344192505, 0.9977530837059021, 0.9978854060173035, 0.9977995157241821, 0.9978334903717041, 0.9977896809577942, 0.9979691505432129], "dino_cosine": [0.9334840178489685, 0.9396397471427917, 0.9390493035316467, 0.9403114318847656, 0.9376733899116516, 0.9370667934417725, 0.9375278949737549, 0.936134934425354, 0.940376877784729, 0.9365634322166443], "clip_L2": [14.996357917785645, 15.211238861083984, 15.329612731933594, 15.658041000366211, 15.619632720947266, 15.060750007629395, 15.627437591552734, 15.3204345703125, 15.281194686889648, 15.077415466308594], "dino_L2": [18.26104736328125, 18.1769962310791, 17.913667678833008, 18.186697006225586, 18.056209564208984, 18.039953231811523, 17.769149780273438, 17.96131706237793, 18.16695785522461, 17.972978591918945], "rcnn_confidence": [0.0, 0.0, 0.0, 0.0, 0.0, 0.0, 0.0, 0.0, 0.0, 0.0], "yolo_confidence": [0.0, 0.0, 0.0, 0.0, 0.0, 0.0, 0.0, 0.0, 0.0, 0.0]}