{"pixel_L2": [30163.47265625, 30082.427734375, 30078.751953125, 30095.76171875, 30323.869140625, 30077.826171875, 29997.12109375, 30173.634765625, 30198.279296875, 30073.951171875], "pixel_cosine": [0.8326661586761475, 0.8336567878723145, 0.8336977362632751, 0.8335047960281372, 0.8306995630264282, 0.8337153196334839, 0.834723174571991, 0.8325713276863098, 0.8322504758834839, 0.833756148815155], "low_L2": [420.7796630859375, 421.29229736328125, 421.54827880859375, 422.3348083496094, 420.79852294921875, 421.5395202636719, 421.0856628417969, 422.16070556640625, 421.3287353515625, 422.7124328613281], "low_cosine": [0.3195994198322296, 0.3152787387371063, 0.31698206067085266, 0.3120940029621124, 0.32201603055000305, 0.3153611421585083, 0.3145405948162079, 0.3166726231575012, 0.3122830390930176, 0.31173181533813477], "mid_L2": [226.80902099609375, 228.51918029785156, 229.2433319091797, 230.4838409423828, 226.28128051757812, 226.33847045898438, 225.61569213867188, 228.44908142089844, 225.96807861328125, 223.1587371826172], "mid_cosine": [0.22187790274620056, 0.21447700262069702, 0.22012218832969666, 0.2139560878276825, 0.2222108542919159, 0.2222917377948761, 0.2250053733587265, 0.218956857919693, 0.2285941243171692, 0.2227722406387329], "high_L2": [49.81735610961914, 53.13912582397461, 52.00897216796875, 52.47517013549805, 51.72255325317383, 49.89781188964844, 50.10081481933594, 53.31438064575195, 49.48185729980469, 49.232112884521484], "high_cosine": [0.3857435882091522, 0.37693241238594055, 0.4009755849838257, 0.3669572174549103, 0.38269954919815063, 0.3992171287536621, 0.4199346899986267, 0.37746331095695496, 0.41988155245780945, 0.39196643233299255], "clip_cosine": [0.9991664886474609, 0.9990318417549133, 0.9987879395484924, 0.9990516901016235, 0.9990907907485962, 0.9990098476409912, 0.9991046190261841, 0.9989786148071289, 0.9990535378456116, 0.9991147518157959], "dino_cosine": [0.9501591920852661, 0.9595620036125183, 0.959740936756134, 0.9573292136192322, 0.9634727239608765, 0.9567986130714417, 0.9550285935401917, 0.9560937285423279, 0.9594333171844482, 0.9566828608512878], "clip_L2": [11.989509582519531, 12.728978157043457, 13.693096160888672, 12.621805191040039, 12.362146377563477, 13.00438404083252, 12.488092422485352, 12.954163551330566, 12.536869049072266, 12.300737380981445], "dino_L2": [16.492345809936523, 15.25822925567627, 15.694369316101074, 15.522896766662598, 14.938430786132812, 15.929882049560547, 15.584970474243164, 15.914341926574707, 15.504097938537598, 15.24094295501709], "rcnn_confidence": [0.0, 0.0, 0.0, 0.0, 0.0, 0.0, 0.0, 0.0, 0.0, 0.0], "yolo_confidence": [0.0, 0.0, 0.0, 0.0, 0.0, 0.0, 0.0, 0.0, 0.0, 0.0]}