{"pixel_L2": [18688.591796875, 18149.71875, 16360.5458984375, 17401.109375, 18874.013671875, 15762.0322265625, 19547.095703125, 21416.55078125, 18608.314453125, 16147.9794921875], "pixel_cosine": [0.8455955982208252, 0.8588313460350037, 0.8696359395980835, 0.8636314868927002, 0.8539453744888306, 0.8723597526550293, 0.8358234167098999, 0.8109054565429688, 0.848694384098053, 0.8773482441902161], "low_L2": [398.2905578613281, 359.151611328125, 378.5809326171875, 391.8055419921875, 363.1418762207031, 368.4365539550781, 425.234130859375, 445.94927978515625, 412.20489501953125, 363.3543395996094], "low_cosine": [0.5706568956375122, 0.6165546178817749, 0.5815814733505249, 0.5801336765289307, 0.60356605052948, 0.5971685647964478, 0.5314902067184448, 0.5081714987754822, 0.564386785030365, 0.6066406965255737], "mid_L2": [253.8800811767578, 251.02926635742188, 248.96780395507812, 250.36447143554688, 245.32913208007812, 249.8267822265625, 268.5783386230469, 286.9112548828125, 258.56884765625, 249.89517211914062], "mid_cosine": [0.510438859462738, 0.48890504240989685, 0.5080188512802124, 0.5128078460693359, 0.5035465359687805, 0.4920887351036072, 0.47921502590179443, 0.45376962423324585, 0.5015788674354553, 0.5095518827438354], "high_L2": [46.7522087097168, 56.44561767578125, 50.25837707519531, 50.905696868896484, 51.85554122924805, 47.497344970703125, 47.98420715332031, 54.88780212402344, 49.19395065307617, 48.56678009033203], "high_cosine": [0.5560811758041382, 0.41175228357315063, 0.46965157985687256, 0.48908233642578125, 0.4705865979194641, 0.5135879516601562, 0.4719494879245758, 0.38992053270339966, 0.5545564293861389, 0.5061050057411194], "clip_cosine": [0.9989036321640015, 0.9987488985061646, 0.9986652135848999, 0.9988183975219727, 0.9987661242485046, 0.9987339377403259, 0.9989602565765381, 0.9988296031951904, 0.9988529086112976, 0.9989215731620789], "dino_cosine": [0.982864499092102, 0.9791829586029053, 0.9825668334960938, 0.9809011220932007, 0.97527676820755, 0.9782177209854126, 0.9853824377059937, 0.9780136346817017, 0.9769831895828247, 0.975606381893158], "clip_L2": [11.615009307861328, 12.910558700561523, 13.07323169708252, 12.7955961227417, 12.83128547668457, 13.215943336486816, 11.793166160583496, 12.663843154907227, 12.14772891998291, 12.367520332336426], "dino_L2": [14.311140060424805, 15.123027801513672, 14.786044120788574, 14.347588539123535, 16.169649124145508, 15.320674896240234, 14.454379081726074, 15.79134464263916, 14.720297813415527, 15.171587944030762], "rcnn_confidence": [0.0, 0.0, 0.21133893728256226, 0.0, 0.0, 0.06823084503412247, 0.09794642776250839, 0.07038310915231705, 0.0, 0.0], "yolo_confidence": [0.0, 0.0, 0.0, 0.0, 0.0, 0.0, 0.0, 0.0, 0.0, 0.0]}