{"pixel_L2": [49320.2265625, 49218.8515625, 49218.6171875, 49221.5078125, 49280.8828125, 49156.84375, 49221.53515625, 49206.6171875, 49175.34375, 49298.859375], "pixel_cosine": [0.6321823596954346, 0.6344387531280518, 0.6342208981513977, 0.6342729330062866, 0.6329940557479858, 0.634750247001648, 0.6343037486076355, 0.6348769068717957, 0.6350346803665161, 0.632086455821991], "low_L2": [708.9666137695312, 708.068603515625, 707.635009765625, 708.9234008789062, 709.1140747070312, 708.4616088867188, 707.6471557617188, 708.4094848632812, 708.0704345703125, 707.8883666992188], "low_cosine": [0.13417188823223114, 0.12866002321243286, 0.13164296746253967, 0.1294911503791809, 0.12843650579452515, 0.12820914387702942, 0.13093814253807068, 0.12688204646110535, 0.129593625664711, 0.13658416271209717], "mid_L2": [400.0129699707031, 398.7705993652344, 399.2275085449219, 401.0243835449219, 400.61773681640625, 400.1019592285156, 397.5745544433594, 399.0261535644531, 398.8808288574219, 403.3821716308594], "mid_cosine": [0.16728761792182922, 0.16258108615875244, 0.16709133982658386, 0.17415805160999298, 0.16636726260185242, 0.15890702605247498, 0.17211033403873444, 0.1562206745147705, 0.16287626326084137, 0.15785107016563416], "high_L2": [64.65763092041016, 66.18914031982422, 66.34821319580078, 66.73271179199219, 65.18413543701172, 65.50013732910156, 65.51531982421875, 65.75211334228516, 65.28067016601562, 64.88561248779297], "high_cosine": [0.07906395196914673, 0.05182761698961258, 0.06489632278680801, 0.06601104140281677, 0.05278892070055008, 0.06656257808208466, 0.055868975818157196, 0.04295064136385918, 0.06152455881237984, 0.09589705616235733], "clip_cosine": [0.9980447888374329, 0.9977045059204102, 0.997780978679657, 0.9979484677314758, 0.9978843927383423, 0.9975329637527466, 0.9976667761802673, 0.9976570010185242, 0.9976580739021301, 0.9978298544883728], "dino_cosine": [0.9561997652053833, 0.9575484991073608, 0.9565801024436951, 0.9562969207763672, 0.9550958275794983, 0.9513898491859436, 0.9573832154273987, 0.9554076790809631, 0.9598983526229858, 0.9436308145523071], "clip_L2": [16.05018424987793, 17.440847396850586, 16.04684829711914, 16.636537551879883, 16.904653549194336, 17.954498291015625, 17.584138870239258, 17.537431716918945, 17.61170196533203, 17.043359756469727], "dino_L2": [15.131218910217285, 16.687158584594727, 16.950334548950195, 15.976547241210938, 16.9268798828125, 17.879467010498047, 16.960073471069336, 17.27011489868164, 16.517179489135742, 17.666217803955078], "rcnn_confidence": [0.0, 0.0, 0.0, 0.0, 0.0, 0.0, 0.0, 0.0, 0.0, 0.0], "yolo_confidence": [0.0, 0.0, 0.0, 0.0, 0.0, 0.0, 0.0, 0.0, 0.0, 0.0]}