{"pixel_L2": [47244.1875, 47244.1875, 47244.1875, 47244.1875, 47244.1875, 47244.1875, 47244.1875, 47244.1875, 47244.1875, 47244.1875], "pixel_cosine": [0.0, 0.0, 0.0, 0.0, 0.0, 0.0, 0.0, 0.0, 0.0, 0.0], "low_L2": [505.4249572753906, 505.4249572753906, 505.4249572753906, 505.4249572753906, 505.4249572753906, 505.4249572753906, 505.4249572753906, 505.4249572753906, 505.4249572753906, 505.4249572753906], "low_cosine": [0.08691802620887756, 0.08691802620887756, 0.08691802620887756, 0.08691802620887756, 0.08691802620887756, 0.08691802620887756, 0.08691802620887756, 0.08691802620887756, 0.08691802620887756, 0.08691802620887756], "mid_L2": [253.51077270507812, 253.51077270507812, 253.51077270507812, 253.51077270507812, 253.51077270507812, 253.51077270507812, 253.51077270507812, 253.51077270507812, 253.51077270507812, 253.51077270507812], "mid_cosine": [0.1463855504989624, 0.1463855504989624, 0.1463855504989624, 0.1463855504989624, 0.1463855504989624, 0.1463855504989624, 0.1463855504989624, 0.1463855504989624, 0.1463855504989624, 0.1463855504989624], "high_L2": [52.7756462097168, 52.7756462097168, 52.7756462097168, 52.7756462097168, 52.7756462097168, 52.7756462097168, 52.7756462097168, 52.7756462097168, 52.7756462097168, 52.7756462097168], "high_cosine": [0.019697759300470352, 0.019697759300470352, 0.019697759300470352, 0.019697759300470352, 0.019697759300470352, 0.019697759300470352, 0.019697759300470352, 0.019697759300470352, 0.019697759300470352, 0.019697759300470352], "clip_cosine": [0.9979768991470337, 0.9979768991470337, 0.9979768991470337, 0.9979768991470337, 0.9979768991470337, 0.9979768991470337, 0.9979768991470337, 0.9979768991470337, 0.9979768991470337, 0.9979768991470337], "dino_cosine": [0.9277755618095398, 0.9277755618095398, 0.9277755618095398, 0.9277755618095398, 0.9277755618095398, 0.9277755618095398, 0.9277755618095398, 0.9277755618095398, 0.9277755618095398, 0.9277755618095398], "clip_L2": [17.585330963134766, 17.585330963134766, 17.585330963134766, 17.585330963134766, 17.585330963134766, 17.585330963134766, 17.585330963134766, 17.585330963134766, 17.585330963134766, 17.585330963134766], "dino_L2": [23.365062713623047, 23.365062713623047, 23.365062713623047, 23.365062713623047, 23.365062713623047, 23.365062713623047, 23.365062713623047, 23.365062713623047, 23.365062713623047, 23.365062713623047], "rcnn_confidence": [0.0, 0.0, 0.0, 0.0, 0.0, 0.0, 0.0, 0.0, 0.0, 0.0], "yolo_confidence": [0.0, 0.0, 0.0, 0.0, 0.0, 0.0, 0.0, 0.0, 0.0, 0.0]}