{"pixel_L2": [36071.37109375, 38042.08984375, 36757.03515625, 34154.83984375, 36103.29296875, 37351.6015625, 40644.12890625, 33733.1953125, 37389.421875, 32906.921875], "pixel_cosine": [0.8800418376922607, 0.878380537033081, 0.8803980350494385, 0.8874454498291016, 0.8819757699966431, 0.8874894380569458, 0.9214560985565186, 0.9010922908782959, 0.8698428869247437, 0.9166682362556458], "low_L2": [349.1533508300781, 325.8948669433594, 325.6744079589844, 329.48809814453125, 334.0658874511719, 351.21563720703125, 310.0081787109375, 321.868896484375, 330.4748840332031, 301.2915954589844], "low_cosine": [0.6524872779846191, 0.6781395673751831, 0.6811826825141907, 0.6819020509719849, 0.6721837520599365, 0.6407761573791504, 0.6965429186820984, 0.6913398504257202, 0.6843004822731018, 0.7208067178726196], "mid_L2": [319.6553649902344, 311.7870788574219, 306.0933532714844, 303.7560729980469, 310.1142578125, 314.3198547363281, 298.2488098144531, 304.3011779785156, 296.9278259277344, 295.6174011230469], "mid_cosine": [0.47742247581481934, 0.4827262759208679, 0.49723973870277405, 0.5099210143089294, 0.4903779625892639, 0.4625611901283264, 0.5084418654441833, 0.5172873735427856, 0.5323357582092285, 0.5464646220207214], "high_L2": [64.377197265625, 62.765052795410156, 62.46772003173828, 61.932289123535156, 59.02734375, 71.35352325439453, 70.86949157714844, 59.619232177734375, 70.28209686279297, 57.95433044433594], "high_cosine": [0.6899166107177734, 0.6984626054763794, 0.708132803440094, 0.7055678963661194, 0.7395066022872925, 0.5996872186660767, 0.6113511919975281, 0.7310982942581177, 0.6275975108146667, 0.7604168057441711], "clip_cosine": [0.9985911250114441, 0.9984563589096069, 0.9985594153404236, 0.9986943006515503, 0.9987171292304993, 0.9986943006515503, 0.9984343647956848, 0.9985679388046265, 0.9985941648483276, 0.9985395073890686], "dino_cosine": [0.9609153866767883, 0.9598212838172913, 0.9672462940216064, 0.9614018201828003, 0.9637702703475952, 0.9556816816329956, 0.9573253393173218, 0.968188464641571, 0.9649155139923096, 0.966259777545929], "clip_L2": [13.221443176269531, 13.819701194763184, 13.087693214416504, 12.51788330078125, 12.644031524658203, 12.802984237670898, 13.58484935760498, 13.1010160446167, 12.961519241333008, 13.143937110900879], "dino_L2": [15.166089057922363, 15.505698204040527, 14.751702308654785, 15.436293601989746, 13.53016471862793, 15.340492248535156, 15.19263744354248, 12.866573333740234, 15.191741943359375, 13.99268627166748], "rcnn_confidence": [0.0, 0.0, 0.0, 0.0, 0.05685190483927727, 0.0, 0.0, 0.0742979645729065, 0.0, 0.0], "yolo_confidence": [0.0, 0.0, 0.0, 0.0, 0.0, 0.0, 0.0, 0.0, 0.0, 0.0]}