{"pixel_L2": [52530.515625, 52555.78125, 52429.1640625, 52564.27734375, 52580.52734375, 52519.17578125, 52448.7734375, 52261.6953125, 52207.109375, 52611.52734375], "pixel_cosine": [0.8609785437583923, 0.8689981698989868, 0.8743317127227783, 0.8700847029685974, 0.8679995536804199, 0.8570948839187622, 0.8808240294456482, 0.8750925064086914, 0.8748462200164795, 0.8614455461502075], "low_L2": [384.32867431640625, 381.9552001953125, 379.4524230957031, 373.9641418457031, 379.0555419921875, 396.9869384765625, 382.8009948730469, 382.3662414550781, 385.812744140625, 384.6182861328125], "low_cosine": [0.4720911383628845, 0.4661603569984436, 0.4713370203971863, 0.4801173210144043, 0.469549298286438, 0.4513453245162964, 0.4601637125015259, 0.4635682702064514, 0.4644254446029663, 0.46339136362075806], "mid_L2": [277.5188293457031, 277.4864807128906, 275.3890686035156, 273.6679382324219, 274.2367248535156, 278.1183166503906, 274.5694274902344, 274.3194274902344, 276.8385314941406, 278.5211486816406], "mid_cosine": [0.4452340602874756, 0.4493284225463867, 0.4535561800003052, 0.45895642042160034, 0.45585888624191284, 0.44708046317100525, 0.4582851827144623, 0.4565489888191223, 0.44453126192092896, 0.44479575753211975], "high_L2": [66.48248291015625, 64.96676635742188, 65.83645629882812, 64.15630340576172, 65.66679382324219, 66.83880615234375, 64.67937469482422, 66.04634857177734, 65.51715087890625, 66.26627349853516], "high_cosine": [0.45944392681121826, 0.49299779534339905, 0.4632582664489746, 0.511677086353302, 0.48357412219047546, 0.45084741711616516, 0.49420166015625, 0.4736507833003998, 0.46885570883750916, 0.4648743271827698], "clip_cosine": [0.9986924529075623, 0.9985620975494385, 0.9986876249313354, 0.998619794845581, 0.9985851645469666, 0.9985712766647339, 0.9986189007759094, 0.9985566139221191, 0.9986758828163147, 0.9985846281051636], "dino_cosine": [0.9396416544914246, 0.9422669410705566, 0.9422929286956787, 0.9398022294044495, 0.9383324384689331, 0.9443098902702332, 0.9401243329048157, 0.9414446949958801, 0.9389070868492126, 0.9371123909950256], "clip_L2": [12.549373626708984, 12.872626304626465, 12.58790111541748, 12.728669166564941, 12.637105941772461, 13.112419128417969, 12.88873291015625, 12.92077350616455, 12.544180870056152, 13.04272174835205], "dino_L2": [19.130619049072266, 19.000635147094727, 19.068265914916992, 19.466224670410156, 19.215530395507812, 19.01341438293457, 18.717727661132812, 18.97530746459961, 18.666175842285156, 19.144094467163086], "rcnn_confidence": [0.0, 0.0, 0.0, 0.0, 0.0, 0.0, 0.0, 0.0, 0.0, 0.0], "yolo_confidence": [0.0, 0.0, 0.0, 0.0, 0.0, 0.0, 0.0, 0.0, 0.0, 0.0]}