{"pixel_L2": [29950.892578125, 30303.58984375, 30082.12890625, 30103.26953125, 30365.193359375, 29977.15625, 30122.705078125, 30363.837890625, 29998.60546875, 30158.037109375], "pixel_cosine": [0.760155200958252, 0.7534856200218201, 0.7579650282859802, 0.757300615310669, 0.752043604850769, 0.7600202560424805, 0.7568458914756775, 0.7526963949203491, 0.7596133947372437, 0.7560346722602844], "low_L2": [321.3482971191406, 332.889892578125, 331.7431335449219, 322.2522888183594, 323.64154052734375, 320.21746826171875, 321.915771484375, 321.54803466796875, 323.39569091796875, 322.0263977050781], "low_cosine": [0.37569305300712585, 0.4025237262248993, 0.3695931136608124, 0.3835137188434601, 0.3865776062011719, 0.38155436515808105, 0.372854083776474, 0.40113160014152527, 0.3683072328567505, 0.37410828471183777], "mid_L2": [251.5260772705078, 254.7707061767578, 256.8941345214844, 256.1438903808594, 260.04229736328125, 251.75668334960938, 256.2748718261719, 265.8597412109375, 250.33700561523438, 254.43113708496094], "mid_cosine": [0.271935373544693, 0.26953932642936707, 0.2551197409629822, 0.2697599530220032, 0.2694624662399292, 0.276802122592926, 0.2779931426048279, 0.25964027643203735, 0.2686176896095276, 0.2737806439399719], "high_L2": [54.47427749633789, 52.64152908325195, 56.82014465332031, 53.20918273925781, 54.507568359375, 55.379573822021484, 55.697776794433594, 53.74906921386719, 56.852699279785156, 54.84180450439453], "high_cosine": [0.3321354389190674, 0.3737034201622009, 0.30900368094444275, 0.34049469232559204, 0.31762808561325073, 0.333049476146698, 0.3208594024181366, 0.3349505066871643, 0.3022460341453552, 0.32130542397499084], "clip_cosine": [0.9985251426696777, 0.9987474679946899, 0.9986069798469543, 0.9986321330070496, 0.9986828565597534, 0.9985764622688293, 0.9984281063079834, 0.9988420605659485, 0.9986709356307983, 0.9985798597335815], "dino_cosine": [0.9503949880599976, 0.9522097706794739, 0.9517753720283508, 0.9502956867218018, 0.9564456939697266, 0.9547706842422485, 0.9555633068084717, 0.9473927021026611, 0.9407138824462891, 0.9531318545341492], "clip_L2": [14.054282188415527, 13.042296409606934, 13.640545845031738, 13.745016098022461, 13.283991813659668, 13.81760311126709, 14.377460479736328, 12.504196166992188, 13.477819442749023, 13.777420043945312], "dino_L2": [19.91472625732422, 20.198467254638672, 20.66038703918457, 19.507421493530273, 18.14826011657715, 20.196701049804688, 20.960756301879883, 19.4752140045166, 20.70197296142578, 20.232845306396484], "rcnn_confidence": [0.0, 0.0, 0.0, 0.0, 0.0, 0.0, 0.0, 0.0, 0.0, 0.0], "yolo_confidence": [0.0, 0.0, 0.0, 0.0, 0.0, 0.0, 0.0, 0.0, 0.0, 0.0]}