{"pixel_L2": [21411.91796875, 21784.794921875, 24095.490234375, 24220.17578125, 22311.79296875, 29513.328125, 28737.646484375, 20928.037109375, 22916.56640625, 23209.267578125], "pixel_cosine": [0.9548388123512268, 0.9512766599655151, 0.9391191601753235, 0.9360961318016052, 0.9497926235198975, 0.9138227105140686, 0.9121004343032837, 0.9537079334259033, 0.9477190971374512, 0.9498049020767212], "low_L2": [290.6471862792969, 318.85186767578125, 318.71466064453125, 356.2425842285156, 297.4701232910156, 325.5032958984375, 434.7911376953125, 281.8380432128906, 298.7579650878906, 354.1786193847656], "low_cosine": [0.40971988439559937, 0.3976568281650543, 0.38968268036842346, 0.35475707054138184, 0.42575690150260925, 0.36490845680236816, 0.2969434857368469, 0.4535844922065735, 0.4054718017578125, 0.3826230764389038], "mid_L2": [256.5733337402344, 271.320068359375, 262.4225769042969, 286.1239318847656, 267.392578125, 267.4963684082031, 299.8351745605469, 256.38470458984375, 262.84979248046875, 309.9321594238281], "mid_cosine": [0.2824622392654419, 0.2952173948287964, 0.2728291451931, 0.25357627868652344, 0.27163565158843994, 0.2727624773979187, 0.22790491580963135, 0.286797434091568, 0.27665114402770996, 0.21810489892959595], "high_L2": [55.68940734863281, 57.172386169433594, 55.74763488769531, 64.8637466430664, 56.78474426269531, 58.40597152709961, 62.39146423339844, 54.669437408447266, 52.859195709228516, 66.2831802368164], "high_cosine": [0.26789921522140503, 0.3601398169994354, 0.31077688932418823, 0.26231661438941956, 0.33185848593711853, 0.2800520062446594, 0.2986144721508026, 0.3246005177497864, 0.2705744504928589, 0.1648351103067398], "clip_cosine": [0.998893678188324, 0.9984615445137024, 0.9988548159599304, 0.9984943866729736, 0.9986211061477661, 0.9987713694572449, 0.9989587664604187, 0.9983737468719482, 0.9986541867256165, 0.9982353448867798], "dino_cosine": [0.9742758870124817, 0.9692087173461914, 0.9615845680236816, 0.9779491424560547, 0.97138512134552, 0.9646657705307007, 0.9678056240081787, 0.9733394384384155, 0.9645438194274902, 0.9595897197723389], "clip_L2": [11.64635944366455, 12.206165313720703, 10.765686988830566, 11.25039005279541, 11.679335594177246, 11.28824234008789, 10.707863807678223, 12.405228614807129, 11.828176498413086, 13.182307243347168], "dino_L2": [12.657779693603516, 13.645576477050781, 14.161307334899902, 11.504436492919922, 13.367860794067383, 14.912320137023926, 14.481232643127441, 12.119922637939453, 15.006699562072754, 15.723437309265137], "rcnn_confidence": [0.0, 0.0, 0.0, 0.10970025509595871, 0.0, 0.0699363425374031, 0.0, 0.0, 0.0, 0.0], "yolo_confidence": [0.0, 0.0, 0.0, 0.0, 0.0, 0.0, 0.0, 0.0, 0.0, 0.0]}