{"pixel_L2": [19643.33984375, 19741.96484375, 19799.197265625, 19750.193359375, 19821.9765625, 19689.02734375, 19810.763671875, 19572.451171875, 19793.8984375, 19764.2265625], "pixel_cosine": [0.8486005067825317, 0.8469347357749939, 0.8460948467254639, 0.8466970324516296, 0.8453331589698792, 0.8478345274925232, 0.8458858728408813, 0.8498187065124512, 0.8462016582489014, 0.8464915156364441], "low_L2": [321.09564208984375, 336.9971923828125, 337.77239990234375, 326.04632568359375, 333.18896484375, 329.7674255371094, 331.9016418457031, 326.9821472167969, 336.0310363769531, 327.2861328125], "low_cosine": [0.5447621941566467, 0.530997097492218, 0.5301622152328491, 0.5429710149765015, 0.5333415865898132, 0.5357882976531982, 0.5376176238059998, 0.5417926907539368, 0.530945897102356, 0.5418751239776611], "mid_L2": [258.14385986328125, 258.15740966796875, 262.1442565917969, 258.5071105957031, 258.98486328125, 262.3708801269531, 261.91912841796875, 259.2635498046875, 259.6985168457031, 257.9081115722656], "mid_cosine": [0.4153493046760559, 0.41754573583602905, 0.4059930443763733, 0.41662532091140747, 0.4131923317909241, 0.40697181224823, 0.41011348366737366, 0.41772910952568054, 0.4117429852485657, 0.41901344060897827], "high_L2": [57.607601165771484, 56.66158676147461, 58.49571228027344, 56.222747802734375, 56.89508819580078, 57.90489196777344, 58.25265884399414, 57.91097640991211, 57.25239944458008, 57.38271713256836], "high_cosine": [0.4008929133415222, 0.421387642621994, 0.39608532190322876, 0.40792518854141235, 0.41576096415519714, 0.38466691970825195, 0.39601826667785645, 0.4070040285587311, 0.4234318733215332, 0.40089550614356995], "clip_cosine": [0.9984239339828491, 0.9984358549118042, 0.9984310865402222, 0.998354971408844, 0.9983787536621094, 0.9984451532363892, 0.9983823895454407, 0.9983037710189819, 0.9984015226364136, 0.9983479976654053], "dino_cosine": [0.9513466954231262, 0.9493796229362488, 0.9442129135131836, 0.9447965621948242, 0.9372108578681946, 0.95262211561203, 0.9506886005401611, 0.9478529095649719, 0.945268988609314, 0.9430758357048035], "clip_L2": [13.427657127380371, 12.833906173706055, 13.470325469970703, 13.776050567626953, 13.789960861206055, 13.158597946166992, 13.585601806640625, 13.893539428710938, 13.685408592224121, 13.797118186950684], "dino_L2": [20.0224666595459, 20.051971435546875, 20.016050338745117, 20.06777000427246, 20.41301918029785, 19.748607635498047, 19.939464569091797, 20.13632583618164, 20.2451114654541, 20.002399444580078], "rcnn_confidence": [0.0, 0.0, 0.0, 0.0, 0.0, 0.0, 0.0, 0.0, 0.0, 0.0], "yolo_confidence": [0.0, 0.0, 0.0, 0.0, 0.0, 0.0, 0.0, 0.0, 0.0, 0.0]}