{"pixel_L2": [35643.47265625, 35939.6796875, 38953.953125, 35833.22265625, 36305.83203125, 34900.16796875, 35114.48046875, 36003.06640625, 38696.0703125, 37653.171875], "pixel_cosine": [0.8142637014389038, 0.799915075302124, 0.7557648420333862, 0.8052666187286377, 0.795670747756958, 0.8186279535293579, 0.8226091861724854, 0.8186158537864685, 0.7604261636734009, 0.772998571395874], "low_L2": [487.4759826660156, 460.2674560546875, 508.68121337890625, 430.6313781738281, 454.1247863769531, 430.47393798828125, 485.5917053222656, 443.80535888671875, 459.6663818359375, 479.1185607910156], "low_cosine": [0.20775991678237915, 0.21626479923725128, 0.22517262399196625, 0.22014135122299194, 0.2341119647026062, 0.21999093890190125, 0.20150595903396606, 0.20368149876594543, 0.20504650473594666, 0.22723595798015594], "mid_L2": [389.0059814453125, 395.33624267578125, 393.8896789550781, 384.5938720703125, 384.3281555175781, 384.2795104980469, 381.8969421386719, 363.478759765625, 388.2931823730469, 390.5280456542969], "mid_cosine": [0.19893977046012878, 0.1981084644794464, 0.20177826285362244, 0.2060154229402542, 0.20722711086273193, 0.22617341578006744, 0.2148652970790863, 0.2360343337059021, 0.20673716068267822, 0.20169055461883545], "high_L2": [70.18412780761719, 60.70024108886719, 75.19763946533203, 68.8470230102539, 70.45977020263672, 72.68257904052734, 68.77113342285156, 71.4081802368164, 69.4441146850586, 73.92749786376953], "high_cosine": [0.2174772322177887, 0.4318947196006775, 0.15564167499542236, 0.2775576412677765, 0.25745880603790283, 0.2636520564556122, 0.297147274017334, 0.2440175563097, 0.2594221532344818, 0.16328246891498566], "clip_cosine": [0.9989930987358093, 0.9989858865737915, 0.9989537000656128, 0.9988057017326355, 0.9989948272705078, 0.9987762570381165, 0.9989315271377563, 0.9992398023605347, 0.9988436102867126, 0.9986439347267151], "dino_cosine": [0.9597187042236328, 0.949749231338501, 0.9578205943107605, 0.948503851890564, 0.9526183009147644, 0.957782506942749, 0.9506736397743225, 0.9619916081428528, 0.9444708824157715, 0.9430732727050781], "clip_L2": [11.797613143920898, 11.788336753845215, 11.842507362365723, 12.801596641540527, 11.869060516357422, 12.792343139648438, 12.36585521697998, 10.13649845123291, 12.850640296936035, 13.750272750854492], "dino_L2": [16.7244815826416, 15.692879676818848, 15.372215270996094, 16.754959106445312, 16.9100399017334, 16.165544509887695, 15.693801879882812, 14.74172306060791, 18.28368377685547, 19.526792526245117], "rcnn_confidence": [0.7177135944366455, 0.6712426543235779, 0.8222394585609436, 0.22633010149002075, 0.7384999990463257, 0.13310731947422028, 0.13279354572296143, 0.526260256767273, 0.0, 0.0], "yolo_confidence": [0.0, 0.0, 0.0, 0.0, 0.0, 0.0, 0.0, 0.0, 0.0, 0.0]}