{"pixel_L2": [27984.31640625, 28259.125, 24287.544921875, 25727.931640625, 24624.224609375, 26824.998046875, 26823.7890625, 23437.765625, 22558.55078125, 32534.62890625], "pixel_cosine": [0.8632422685623169, 0.8392009735107422, 0.8744891285896301, 0.8689303994178772, 0.8847593069076538, 0.8494839668273926, 0.8687728643417358, 0.882790744304657, 0.8919687271118164, 0.7969158887863159], "low_L2": [329.557861328125, 377.7144775390625, 422.9897766113281, 336.851806640625, 329.5041198730469, 385.3431091308594, 334.6206970214844, 416.884033203125, 357.54229736328125, 324.0783996582031], "low_cosine": [0.369686484336853, 0.2961593270301819, 0.3333083689212799, 0.3610105514526367, 0.37022164463996887, 0.3375898003578186, 0.33928126096725464, 0.32514262199401855, 0.38209807872772217, 0.35295355319976807], "mid_L2": [326.0084533691406, 350.2410888671875, 361.49322509765625, 340.72137451171875, 337.93402099609375, 365.5384826660156, 337.8729553222656, 359.3089904785156, 352.8471374511719, 331.2566223144531], "mid_cosine": [0.3572423458099365, 0.26111525297164917, 0.2710810601711273, 0.2663373053073883, 0.2857411801815033, 0.25804734230041504, 0.24787792563438416, 0.2883664667606354, 0.30912137031555176, 0.23281599581241608], "high_L2": [61.203372955322266, 65.46980285644531, 61.434146881103516, 60.278099060058594, 60.625694274902344, 60.88581466674805, 62.15095520019531, 58.518394470214844, 58.27449417114258, 66.65258026123047], "high_cosine": [0.531430721282959, 0.4599846303462982, 0.5325868725776672, 0.5296010375022888, 0.5027222633361816, 0.4742599427700043, 0.4561540186405182, 0.5482690930366516, 0.5483174324035645, 0.3579674959182739], "clip_cosine": [0.998475193977356, 0.9984928369522095, 0.9987992644309998, 0.9982861876487732, 0.9990812540054321, 0.998528778553009, 0.9985997676849365, 0.9988430738449097, 0.998321533203125, 0.9982454776763916], "dino_cosine": [0.953237771987915, 0.9648954272270203, 0.9729000329971313, 0.9602246880531311, 0.9748003482818604, 0.9768165349960327, 0.9585464000701904, 0.9628913998603821, 0.9624353647232056, 0.9657407999038696], "clip_L2": [13.496581077575684, 13.159939765930176, 11.910350799560547, 14.294180870056152, 10.589927673339844, 13.130882263183594, 12.792296409606934, 11.424506187438965, 13.877620697021484, 14.265985488891602], "dino_L2": [16.595134735107422, 14.247310638427734, 11.924185752868652, 13.690083503723145, 11.57645320892334, 10.98616886138916, 15.661005020141602, 13.955388069152832, 13.469348907470703, 13.498867988586426], "rcnn_confidence": [0.0, 0.1175549179315567, 0.0, 0.0, 0.056615300476551056, 0.11869444698095322, 0.0, 0.0, 0.0, 0.0], "yolo_confidence": [0.0, 0.0, 0.0, 0.0, 0.0, 0.0, 0.0, 0.0, 0.0, 0.0]}