{"pixel_L2": [18210.255859375, 15002.712890625, 14777.0341796875, 16843.349609375, 15325.2373046875, 18211.93359375, 21264.11328125, 23142.48828125, 15234.0546875, 18797.328125], "pixel_cosine": [0.7697964906692505, 0.8006677627563477, 0.806106448173523, 0.7698282599449158, 0.778697669506073, 0.7724683284759521, 0.758020281791687, 0.7568831443786621, 0.8083154559135437, 0.7642683386802673], "low_L2": [321.10491943359375, 331.2667236328125, 310.6677551269531, 378.3347473144531, 368.2382507324219, 320.6739501953125, 322.7022399902344, 318.75799560546875, 332.6183776855469, 332.6816101074219], "low_cosine": [0.43360254168510437, 0.4346139430999756, 0.43608057498931885, 0.3691858649253845, 0.3912951350212097, 0.42822691798210144, 0.4316307306289673, 0.4222818911075592, 0.4287322163581848, 0.4265291690826416], "mid_L2": [314.1053771972656, 313.9205322265625, 298.40576171875, 320.4081115722656, 308.8392639160156, 316.76470947265625, 310.27716064453125, 319.2278137207031, 304.1805114746094, 316.7955017089844], "mid_cosine": [0.2756804823875427, 0.2696802616119385, 0.2889358699321747, 0.26082730293273926, 0.28552329540252686, 0.27564695477485657, 0.28477418422698975, 0.26544517278671265, 0.2823982238769531, 0.27211087942123413], "high_L2": [59.388614654541016, 63.67550277709961, 57.796287536621094, 56.40164566040039, 53.167396545410156, 56.3083381652832, 59.819175720214844, 59.984195709228516, 60.321533203125, 59.63227462768555], "high_cosine": [0.2575690448284149, 0.2551051080226898, 0.332192599773407, 0.32411766052246094, 0.3917485773563385, 0.30455106496810913, 0.22704917192459106, 0.2542554438114166, 0.2696012258529663, 0.2678508162498474], "clip_cosine": [0.9985730051994324, 0.9988203048706055, 0.9986492395401001, 0.9989784955978394, 0.9987853765487671, 0.9987537860870361, 0.9987449049949646, 0.9988212585449219, 0.9983532428741455, 0.9989867210388184], "dino_cosine": [0.9703812003135681, 0.97301185131073, 0.9801771640777588, 0.9732815623283386, 0.9771727323532104, 0.9773749113082886, 0.9769090414047241, 0.9780985713005066, 0.9727177023887634, 0.9719156622886658], "clip_L2": [13.055769920349121, 12.016334533691406, 12.870792388916016, 10.990262031555176, 12.210077285766602, 12.260364532470703, 12.254952430725098, 11.870222091674805, 14.10365104675293, 11.206231117248535], "dino_L2": [14.437233924865723, 11.377068519592285, 12.861795425415039, 11.719943046569824, 12.90358829498291, 13.351463317871094, 13.43568229675293, 13.884730339050293, 13.160490989685059, 12.504985809326172], "rcnn_confidence": [0.0, 0.0, 0.0, 0.0, 0.0, 0.0, 0.0, 0.0, 0.0, 0.0], "yolo_confidence": [0.0, 0.0, 0.0, 0.0, 0.0, 0.0, 0.0, 0.0, 0.0, 0.0]}