{"pixel_L2": [34943.0625, 35082.0078125, 35052.921875, 35104.6640625, 35265.171875, 34967.74609375, 35142.7265625, 35072.1953125, 35017.84375, 35058.5], "pixel_cosine": [0.5523883700370789, 0.548778772354126, 0.5486929416656494, 0.5480575561523438, 0.5427813529968262, 0.5511263012886047, 0.5455304980278015, 0.5490663051605225, 0.5489345192909241, 0.5484683513641357], "low_L2": [432.71563720703125, 451.8816833496094, 438.0450134277344, 449.49151611328125, 472.13360595703125, 439.1480712890625, 447.3105773925781, 445.57598876953125, 446.1483459472656, 447.61749267578125], "low_cosine": [0.2708609700202942, 0.27022096514701843, 0.27436932921409607, 0.2720472812652588, 0.265480637550354, 0.26972147822380066, 0.26259565353393555, 0.2727443277835846, 0.2646799683570862, 0.26571640372276306], "mid_L2": [320.02398681640625, 324.6986083984375, 323.0178527832031, 330.2186279296875, 338.0584716796875, 324.76470947265625, 324.52447509765625, 327.1847229003906, 325.52935791015625, 327.35101318359375], "mid_cosine": [0.24711231887340546, 0.22935456037521362, 0.22739851474761963, 0.22318071126937866, 0.21038874983787537, 0.2394137978553772, 0.23076733946800232, 0.22551341354846954, 0.23163646459579468, 0.24451439082622528], "high_L2": [62.070735931396484, 62.24427032470703, 60.90266036987305, 61.63795471191406, 61.612552642822266, 62.785736083984375, 62.36147689819336, 61.66549301147461, 63.34955978393555, 62.85856628417969], "high_cosine": [0.2945375442504883, 0.27687007188796997, 0.3050957918167114, 0.29433056712150574, 0.31522175669670105, 0.29236048460006714, 0.29652854800224304, 0.28585878014564514, 0.2755497395992279, 0.3009186089038849], "clip_cosine": [0.9985031485557556, 0.9983812570571899, 0.9985052347183228, 0.9985156059265137, 0.9985307455062866, 0.9984560012817383, 0.9986633062362671, 0.9982966184616089, 0.9985802173614502, 0.9984700679779053], "dino_cosine": [0.9549591541290283, 0.9564495086669922, 0.9604976177215576, 0.9597675800323486, 0.9583668112754822, 0.9531461000442505, 0.9618480801582336, 0.9620824456214905, 0.9498528838157654, 0.9588047862052917], "clip_L2": [14.307491302490234, 14.585880279541016, 14.398740768432617, 14.068947792053223, 14.09266471862793, 14.278884887695312, 13.465991973876953, 15.031943321228027, 13.720548629760742, 14.359041213989258], "dino_L2": [16.267812728881836, 15.86734676361084, 15.341238975524902, 14.940515518188477, 15.450946807861328, 16.58104705810547, 15.615889549255371, 15.36584186553955, 17.22832679748535, 16.100688934326172], "rcnn_confidence": [0.0, 0.0, 0.0, 0.0, 0.0, 0.0, 0.0, 0.0, 0.0, 0.0], "yolo_confidence": [0.0, 0.0, 0.0, 0.0, 0.0, 0.0, 0.0, 0.0, 0.0, 0.0]}