{"pixel_L2": [19562.9609375, 19504.087890625, 19377.095703125, 19706.08203125, 19654.3515625, 19558.6640625, 19288.34375, 19569.484375, 19347.49609375, 19588.767578125], "pixel_cosine": [0.732564389705658, 0.7324687838554382, 0.7377858757972717, 0.7279819250106812, 0.7278755307197571, 0.7299527525901794, 0.7390835285186768, 0.7330430150032043, 0.7379071116447449, 0.7301381230354309], "low_L2": [438.9283447265625, 437.81842041015625, 444.4264221191406, 445.9779357910156, 448.87445068359375, 435.76593017578125, 437.8904724121094, 441.5209045410156, 434.410888671875, 440.1446533203125], "low_cosine": [0.6092702150344849, 0.6097573041915894, 0.6047040224075317, 0.60450679063797, 0.5975446701049805, 0.6087912321090698, 0.6054751873016357, 0.6096845865249634, 0.61869215965271, 0.6108963489532471], "mid_L2": [318.4095764160156, 314.037841796875, 315.7753601074219, 313.8560791015625, 319.4180603027344, 318.4831848144531, 309.35284423828125, 321.23492431640625, 319.7764892578125, 314.6853332519531], "mid_cosine": [0.4516031742095947, 0.46360376477241516, 0.45844146609306335, 0.4688379168510437, 0.44342172145843506, 0.4474198818206787, 0.4677145183086395, 0.45109909772872925, 0.4592045545578003, 0.4558626711368561], "high_L2": [72.1714859008789, 70.52635192871094, 73.02009582519531, 69.39876556396484, 75.69639587402344, 71.38550567626953, 70.44440460205078, 71.67269897460938, 74.83102416992188, 69.6910171508789], "high_cosine": [0.49315762519836426, 0.5096533298492432, 0.4783877730369568, 0.5204290151596069, 0.44032934308052063, 0.4920165240764618, 0.513226330280304, 0.4953223764896393, 0.4742266535758972, 0.5101594924926758], "clip_cosine": [0.998226523399353, 0.998096227645874, 0.9982270002365112, 0.9979382157325745, 0.9979549050331116, 0.9981878995895386, 0.997893214225769, 0.9982186555862427, 0.9982318878173828, 0.9982072114944458], "dino_cosine": [0.9317255020141602, 0.9362234473228455, 0.935395359992981, 0.934967041015625, 0.9378264546394348, 0.9370118379592896, 0.9365922212600708, 0.9359811544418335, 0.942406952381134, 0.9261590242385864], "clip_L2": [13.281448364257812, 13.479923248291016, 13.204583168029785, 14.034889221191406, 14.493768692016602, 13.515074729919434, 15.21231460571289, 13.138875961303711, 13.01095962524414, 13.387177467346191], "dino_L2": [18.822826385498047, 19.353910446166992, 18.02435302734375, 18.305463790893555, 18.90633201599121, 18.412418365478516, 18.3336181640625, 18.20915985107422, 18.295286178588867, 18.880292892456055], "rcnn_confidence": [0.0, 0.0, 0.0, 0.0, 0.0, 0.0, 0.0, 0.0, 0.0, 0.0], "yolo_confidence": [0.0, 0.0, 0.0, 0.0, 0.0, 0.0, 0.0, 0.0, 0.0, 0.0]}