{"pixel_L2": [33214.140625, 33359.1953125, 32184.05859375, 32618.466796875, 36045.44921875, 33439.6328125, 32629.43359375, 32661.373046875, 34475.6875, 34254.76953125], "pixel_cosine": [0.842893660068512, 0.8349814414978027, 0.8541007041931152, 0.853857159614563, 0.8297169804573059, 0.8360714316368103, 0.848047137260437, 0.8446105718612671, 0.8224391341209412, 0.8350902795791626], "low_L2": [350.46881103515625, 351.48040771484375, 342.5234680175781, 343.59234619140625, 348.7719421386719, 358.4181823730469, 349.7368469238281, 350.02581787109375, 356.0385437011719, 345.6580505371094], "low_cosine": [0.2757571041584015, 0.2660008370876312, 0.2843102216720581, 0.2819708585739136, 0.2791982889175415, 0.266301691532135, 0.26897311210632324, 0.286901593208313, 0.264809250831604, 0.27171099185943604], "mid_L2": [289.6489562988281, 283.9903259277344, 279.456298828125, 273.4884338378906, 270.4693603515625, 284.45050048828125, 282.7989501953125, 285.6368713378906, 284.24005126953125, 279.72705078125], "mid_cosine": [0.21381151676177979, 0.2194250226020813, 0.23055674135684967, 0.23878595232963562, 0.24262508749961853, 0.2222643792629242, 0.2237418293952942, 0.21657967567443848, 0.20874983072280884, 0.22539813816547394], "high_L2": [56.471649169921875, 54.2174186706543, 56.540645599365234, 55.3254508972168, 57.055023193359375, 54.593963623046875, 53.510169982910156, 57.99483871459961, 53.454708099365234, 55.68718719482422], "high_cosine": [0.3627760708332062, 0.39812758564949036, 0.3556421101093292, 0.3912409543991089, 0.32734233140945435, 0.37506935000419617, 0.38974055647850037, 0.33890703320503235, 0.41030046343803406, 0.36126387119293213], "clip_cosine": [0.999303936958313, 0.9993909597396851, 0.9993976950645447, 0.9992059469223022, 0.9993444085121155, 0.9993319511413574, 0.999158501625061, 0.9993783831596375, 0.9994048476219177, 0.9993588924407959], "dino_cosine": [0.9811769127845764, 0.9801647663116455, 0.9797908067703247, 0.9820622205734253, 0.9783264398574829, 0.9749886989593506, 0.9792823791503906, 0.9764829277992249, 0.9814414978027344, 0.9803725481033325], "clip_L2": [10.211332321166992, 9.592358589172363, 9.702987670898438, 11.15732192993164, 10.107553482055664, 10.053699493408203, 11.50488567352295, 9.613890647888184, 9.599140167236328, 10.103999137878418], "dino_L2": [13.495572090148926, 11.09076976776123, 13.831437110900879, 11.729743003845215, 13.474189758300781, 13.474700927734375, 13.594696998596191, 13.414652824401855, 12.220542907714844, 11.890836715698242], "rcnn_confidence": [0.0, 0.0, 0.0, 0.0, 0.0, 0.0, 0.0, 0.0, 0.0, 0.0], "yolo_confidence": [0.0, 0.0, 0.0, 0.0, 0.0, 0.0, 0.0, 0.0, 0.0, 0.0]}