{"pixel_L2": [26039.603515625, 25820.90234375, 26475.31640625, 26196.9375, 26361.84375, 26171.642578125, 26363.455078125, 26739.48828125, 26636.634765625, 25847.125], "pixel_cosine": [0.8363736867904663, 0.838043212890625, 0.8379151821136475, 0.8329920172691345, 0.8363216519355774, 0.8287084102630615, 0.8330979943275452, 0.8367366790771484, 0.8114808201789856, 0.8408176302909851], "low_L2": [341.0703430175781, 351.7023010253906, 340.4977722167969, 348.9121398925781, 341.64703369140625, 351.7761535644531, 353.3519287109375, 340.6949157714844, 378.8731384277344, 333.33203125], "low_cosine": [0.705257773399353, 0.6881872415542603, 0.7039275169372559, 0.6931278705596924, 0.7060496807098389, 0.6915707588195801, 0.6896346807479858, 0.7037007808685303, 0.6716017127037048, 0.7202050089836121], "mid_L2": [339.489013671875, 340.0653991699219, 335.9023132324219, 353.1109924316406, 341.0634460449219, 350.00616455078125, 341.20306396484375, 334.89404296875, 361.6844482421875, 335.609375], "mid_cosine": [0.4278918504714966, 0.42077720165252686, 0.4391973614692688, 0.4093359708786011, 0.42790424823760986, 0.4189756512641907, 0.42495521903038025, 0.4355056583881378, 0.39844101667404175, 0.44190719723701477], "high_L2": [97.59480285644531, 95.74762725830078, 94.38577270507812, 98.34664154052734, 97.52924346923828, 91.99833679199219, 95.01485443115234, 97.15562438964844, 94.2014389038086, 99.436279296875], "high_cosine": [0.28215718269348145, 0.31593087315559387, 0.34488987922668457, 0.3035546541213989, 0.2967042922973633, 0.39019548892974854, 0.32502928376197815, 0.2814811170101166, 0.32117360830307007, 0.26155415177345276], "clip_cosine": [0.9989497661590576, 0.9984420537948608, 0.9989326000213623, 0.9989528656005859, 0.9988629221916199, 0.998860239982605, 0.9989595413208008, 0.9984618425369263, 0.9990075826644897, 0.9980805516242981], "dino_cosine": [0.9584004282951355, 0.9541257619857788, 0.9659907817840576, 0.9612686634063721, 0.9599145650863647, 0.9650238752365112, 0.9641251564025879, 0.9556580781936646, 0.9652183651924133, 0.9600845575332642], "clip_L2": [10.981005668640137, 13.291328430175781, 11.266053199768066, 10.815725326538086, 11.091706275939941, 10.721283912658691, 10.733489990234375, 12.773053169250488, 10.91823673248291, 14.500438690185547], "dino_L2": [16.351533889770508, 16.44436264038086, 15.618513107299805, 15.716168403625488, 15.526896476745605, 15.531510353088379, 15.366157531738281, 17.271791458129883, 16.699169158935547, 17.685827255249023], "rcnn_confidence": [0.20367978513240814, 0.0, 0.05387052521109581, 0.16108854115009308, 0.07371938228607178, 0.22394101321697235, 0.3688732385635376, 0.07162489742040634, 0.1382511705160141, 0.0], "yolo_confidence": [0.0, 0.0, 0.0, 0.0, 0.0, 0.31527626514434814, 0.0, 0.0, 0.0, 0.0]}