{"pixel_L2": [32849.53125, 33642.9921875, 34788.61328125, 34712.8984375, 34030.71484375, 32945.05078125, 32949.21875, 33297.1484375, 33025.62890625, 32981.28125], "pixel_cosine": [0.5083572268486023, 0.48246508836746216, 0.45057788491249084, 0.45362016558647156, 0.47213098406791687, 0.5048330426216125, 0.504971444606781, 0.49416583776474, 0.5010620355606079, 0.5040460824966431], "low_L2": [330.35992431640625, 340.68719482421875, 343.8283386230469, 345.0622863769531, 359.090576171875, 331.229736328125, 338.5706481933594, 335.4370422363281, 334.1558532714844, 338.52081298828125], "low_cosine": [0.29531481862068176, 0.274298757314682, 0.26340973377227783, 0.26141661405563354, 0.2502882480621338, 0.28961941599845886, 0.28158891201019287, 0.2798989415168762, 0.2889617085456848, 0.2797040641307831], "mid_L2": [342.3009948730469, 349.2713928222656, 348.1536865234375, 346.6706237792969, 353.6709289550781, 344.572509765625, 344.4340515136719, 341.5908203125, 342.9334411621094, 349.3968811035156], "mid_cosine": [0.20935240387916565, 0.1826111078262329, 0.18001088500022888, 0.18444450199604034, 0.1747736781835556, 0.2060457468032837, 0.2116575539112091, 0.1961742341518402, 0.2014307677745819, 0.19670158624649048], "high_L2": [68.63835906982422, 69.444091796875, 69.40641021728516, 70.50160217285156, 68.75814819335938, 68.28742980957031, 68.88838958740234, 69.90921020507812, 69.02116394042969, 69.56655883789062], "high_cosine": [0.13692426681518555, 0.1362244337797165, 0.09300404042005539, 0.1158638596534729, 0.13240300118923187, 0.13784275949001312, 0.13399839401245117, 0.1199779063463211, 0.14300289750099182, 0.11823073774576187], "clip_cosine": [0.9988961219787598, 0.9988051056861877, 0.9988044500350952, 0.9988604784011841, 0.998609185218811, 0.9987821578979492, 0.9990129470825195, 0.9989069700241089, 0.9988704323768616, 0.9987611770629883], "dino_cosine": [0.9572690725326538, 0.9613807201385498, 0.9503905773162842, 0.9629642963409424, 0.959589958190918, 0.9548481702804565, 0.9551036357879639, 0.9588723182678223, 0.9544367790222168, 0.9506945610046387], "clip_L2": [13.193414688110352, 13.924273490905762, 13.409529685974121, 13.37405776977539, 14.323885917663574, 13.718957901000977, 12.505895614624023, 13.079368591308594, 13.358946800231934, 14.218338012695312], "dino_L2": [15.9332914352417, 14.557759284973145, 17.393959045410156, 13.708052635192871, 14.953242301940918, 16.48330307006836, 16.381465911865234, 15.669583320617676, 16.840612411499023, 17.847148895263672], "rcnn_confidence": [0.0, 0.083055779337883, 0.8677889704704285, 0.48553699254989624, 0.8934788703918457, 0.0, 0.0, 0.0, 0.0, 0.0], "yolo_confidence": [0.0, 0.0, 0.0, 0.29915958642959595, 0.0, 0.0, 0.0, 0.0, 0.0, 0.0]}