{"pixel_L2": [29551.9921875, 29303.671875, 29248.615234375, 29008.3125, 29158.693359375, 29239.095703125, 29564.865234375, 29256.58984375, 29086.486328125, 29570.275390625], "pixel_cosine": [0.8652777075767517, 0.8678664565086365, 0.8682100176811218, 0.870509147644043, 0.8692634105682373, 0.8682703375816345, 0.8650020956993103, 0.8680934906005859, 0.8698626756668091, 0.8651562333106995], "low_L2": [426.193603515625, 427.9333801269531, 430.0196838378906, 420.0601806640625, 424.2082824707031, 427.9773864746094, 436.2386169433594, 428.4245300292969, 439.781494140625, 422.0378723144531], "low_cosine": [0.6115262508392334, 0.6132256388664246, 0.610904335975647, 0.618036687374115, 0.6164177060127258, 0.6100438833236694, 0.6009865999221802, 0.6110154986381531, 0.6049412488937378, 0.615135908126831], "mid_L2": [276.08453369140625, 280.8559875488281, 278.8883972167969, 274.232421875, 276.47088623046875, 279.1001281738281, 275.7508544921875, 276.0786437988281, 281.2538757324219, 276.9851989746094], "mid_cosine": [0.46129950881004333, 0.4527847170829773, 0.460427463054657, 0.463820219039917, 0.45745745301246643, 0.45979124307632446, 0.4575130343437195, 0.4580450654029846, 0.45154255628585815, 0.4592360854148865], "high_L2": [58.64532470703125, 58.338741302490234, 60.34757614135742, 59.46553421020508, 59.27500534057617, 61.91005325317383, 59.94535827636719, 60.59043884277344, 59.93730163574219, 58.94763946533203], "high_cosine": [0.5012528896331787, 0.5016684532165527, 0.45990151166915894, 0.48281314969062805, 0.46366381645202637, 0.4684760570526123, 0.4720210134983063, 0.4596065878868103, 0.45984071493148804, 0.4683986306190491], "clip_cosine": [0.9990979433059692, 0.9990845918655396, 0.9990577697753906, 0.9990794062614441, 0.999069094657898, 0.9990541934967041, 0.9988561272621155, 0.9991330504417419, 0.9990569353103638, 0.9989834427833557], "dino_cosine": [0.958919882774353, 0.9646782875061035, 0.9582165479660034, 0.961537778377533, 0.9621501564979553, 0.9605731964111328, 0.9608529210090637, 0.9603872299194336, 0.9641357660293579, 0.9613913297653198], "clip_L2": [11.269740104675293, 11.329283714294434, 11.461636543273926, 11.525172233581543, 11.47004222869873, 11.400131225585938, 12.974581718444824, 11.032859802246094, 11.739750862121582, 11.868904113769531], "dino_L2": [15.765434265136719, 14.919502258300781, 15.82973861694336, 15.762345314025879, 15.357089042663574, 15.694930076599121, 15.74168586730957, 15.406356811523438, 15.079181671142578, 15.489574432373047], "rcnn_confidence": [0.0, 0.0, 0.0, 0.0, 0.0, 0.0, 0.0, 0.0, 0.0, 0.0], "yolo_confidence": [0.0, 0.0, 0.0, 0.0, 0.0, 0.0, 0.0, 0.0, 0.0, 0.0]}