{"pixel_L2": [37126.765625, 37117.5625, 37118.50390625, 37126.67578125, 37121.515625, 37123.671875, 37124.61328125, 37131.1015625, 37117.23828125, 37118.50390625], "pixel_cosine": [0.0855250135064125, 0.0883030965924263, 0.08809487521648407, 0.08553730696439743, 0.08714786171913147, 0.08646882325410843, 0.08630762994289398, 0.0849904865026474, 0.0884304866194725, 0.08819300681352615], "low_L2": [294.4018249511719, 293.4045715332031, 293.3580017089844, 293.4586181640625, 292.9394836425781, 293.4988708496094, 294.2312927246094, 295.6148376464844, 293.1285095214844, 292.510986328125], "low_cosine": [0.24918115139007568, 0.25061631202697754, 0.2504212260246277, 0.25124767422676086, 0.25213822722435, 0.2511492073535919, 0.2500534951686859, 0.24823428690433502, 0.2501518130302429, 0.2523778975009918], "mid_L2": [266.80462646484375, 266.4224853515625, 266.3492736816406, 267.22137451171875, 266.18072509765625, 266.9404296875, 268.107177734375, 267.1986389160156, 265.9169616699219, 265.6076354980469], "mid_cosine": [0.2444453239440918, 0.24544046819210052, 0.24559620022773743, 0.24220140278339386, 0.24742820858955383, 0.24273312091827393, 0.23834434151649475, 0.2417566329240799, 0.24765807390213013, 0.2508995234966278], "high_L2": [56.99063491821289, 56.81663513183594, 57.14455032348633, 56.691532135009766, 57.2323112487793, 57.025875091552734, 57.12894058227539, 57.238521575927734, 57.074058532714844, 57.16960906982422], "high_cosine": [0.0763154998421669, 0.07758361846208572, 0.07926426827907562, 0.0768246054649353, 0.08384476602077484, 0.07540518045425415, 0.06968299299478531, 0.0737319067120552, 0.08033948391675949, 0.08389225602149963], "clip_cosine": [0.9985201358795166, 0.9984557628631592, 0.9984774589538574, 0.9984827041625977, 0.9984860420227051, 0.9984692335128784, 0.9984552264213562, 0.998413622379303, 0.9984883069992065, 0.9984753727912903], "dino_cosine": [0.9503583312034607, 0.9526462554931641, 0.9489117860794067, 0.9520035982131958, 0.9442901611328125, 0.9502488374710083, 0.948400616645813, 0.9541141986846924, 0.9481548070907593, 0.9485492706298828], "clip_L2": [15.935678482055664, 16.25499153137207, 16.189359664916992, 16.10073471069336, 16.30104637145996, 16.287527084350586, 16.17230987548828, 16.53472137451172, 16.211217880249023, 16.300357818603516], "dino_L2": [20.606998443603516, 20.54816246032715, 20.75153923034668, 20.24681854248047, 21.18324851989746, 20.86137580871582, 20.663780212402344, 20.470245361328125, 20.87598419189453, 20.67662811279297], "rcnn_confidence": [0.0, 0.0, 0.0, 0.0, 0.0, 0.0, 0.0, 0.0, 0.0, 0.0], "yolo_confidence": [0.0, 0.0, 0.0, 0.0, 0.0, 0.0, 0.0, 0.0, 0.0, 0.0]}