{"pixel_L2": [31587.740234375, 32397.412109375, 29076.53515625, 32191.443359375, 26151.453125, 34256.95703125, 31279.87890625, 30635.43359375, 32778.19921875, 31304.650390625], "pixel_cosine": [0.9162914156913757, 0.9162068963050842, 0.9320451021194458, 0.9235032796859741, 0.9431334137916565, 0.8950895667076111, 0.9275776147842407, 0.9160573482513428, 0.9061680436134338, 0.9211927652359009], "low_L2": [489.6376953125, 520.89501953125, 501.56707763671875, 540.6071166992188, 449.4755859375, 501.22998046875, 494.2403869628906, 467.1266784667969, 544.9348754882812, 468.57666015625], "low_cosine": [0.43197596073150635, 0.4096781611442566, 0.4342731535434723, 0.42961397767066956, 0.457406222820282, 0.4175150394439697, 0.4293711185455322, 0.45213401317596436, 0.41796839237213135, 0.4398692846298218], "mid_L2": [394.0543212890625, 430.3782043457031, 421.6802978515625, 434.93121337890625, 402.8869323730469, 426.1777038574219, 412.7915954589844, 409.9837646484375, 434.737548828125, 398.78668212890625], "mid_cosine": [0.24965187907218933, 0.24572250247001648, 0.24704931676387787, 0.24930879473686218, 0.27743059396743774, 0.25372397899627686, 0.2593826651573181, 0.2616513967514038, 0.22290661931037903, 0.2614911198616028], "high_L2": [77.40775299072266, 77.5513916015625, 77.1162338256836, 79.2574691772461, 60.241085052490234, 73.55093383789062, 70.08641815185547, 72.4462890625, 67.91529083251953, 74.8615493774414], "high_cosine": [0.13820256292819977, 0.21249504387378693, 0.17740795016288757, 0.2401471585035324, 0.4703439772129059, 0.2786642611026764, 0.3111341893672943, 0.2750566005706787, 0.3398894965648651, 0.20855265855789185], "clip_cosine": [0.9982084631919861, 0.9983693957328796, 0.998117208480835, 0.9985525608062744, 0.9983562231063843, 0.9981068968772888, 0.9983232021331787, 0.9982903599739075, 0.9983667731285095, 0.9980688095092773], "dino_cosine": [0.9517402052879333, 0.9661419987678528, 0.9563494920730591, 0.9649916291236877, 0.9665330052375793, 0.9656038880348206, 0.9687692523002625, 0.9667481184005737, 0.9665820002555847, 0.9535825252532959], "clip_L2": [13.567731857299805, 12.64445972442627, 13.420134544372559, 11.883524894714355, 12.584091186523438, 13.688772201538086, 12.211662292480469, 13.150980949401855, 12.591642379760742, 13.749429702758789], "dino_L2": [15.728545188903809, 12.748677253723145, 15.380952835083008, 13.784826278686523, 13.6597318649292, 13.804144859313965, 13.00890827178955, 13.751742362976074, 13.341283798217773, 16.08749008178711], "rcnn_confidence": [0.0, 0.8080776333808899, 0.209537073969841, 0.0, 0.07108654081821442, 0.6571125388145447, 0.43006548285484314, 0.15280504524707794, 0.59391850233078, 0.35162609815597534], "yolo_confidence": [0.0, 0.0, 0.0, 0.0, 0.0, 0.36289820075035095, 0.0, 0.0, 0.0, 0.0]}