{"pixel_L2": [21082.814453125, 19078.7890625, 18750.45703125, 18906.259765625, 21313.462890625, 18814.26953125, 18692.48828125, 20207.380859375, 20013.087890625, 18665.353515625], "pixel_cosine": [0.8484967947006226, 0.8392189741134644, 0.867329478263855, 0.8542778491973877, 0.8277041912078857, 0.8566510677337646, 0.8574986457824707, 0.855029821395874, 0.856279194355011, 0.8250960111618042], "low_L2": [280.3105773925781, 211.86471557617188, 214.74761962890625, 221.75363159179688, 251.75575256347656, 218.75253295898438, 214.86083984375, 224.52362060546875, 242.32398986816406, 218.90756225585938], "low_cosine": [0.650179922580719, 0.7411642670631409, 0.7403384447097778, 0.7310572862625122, 0.6766433715820312, 0.7294554710388184, 0.7404614686965942, 0.721948504447937, 0.6893668174743652, 0.7306350469589233], "mid_L2": [213.49876403808594, 189.8408966064453, 200.45492553710938, 204.5494842529297, 210.2676239013672, 198.67855834960938, 200.21620178222656, 206.29161071777344, 212.22579956054688, 194.7074432373047], "mid_cosine": [0.5095033645629883, 0.5573422908782959, 0.5188600420951843, 0.49770882725715637, 0.49997514486312866, 0.5203452110290527, 0.51044100522995, 0.49302855134010315, 0.4882465600967407, 0.5363426804542542], "high_L2": [47.607627868652344, 43.592525482177734, 48.63304138183594, 51.96837615966797, 40.671669006347656, 49.55260467529297, 49.47831726074219, 51.417327880859375, 46.015316009521484, 41.72176742553711], "high_cosine": [0.6203553080558777, 0.6271549463272095, 0.5575476884841919, 0.48909297585487366, 0.6841456890106201, 0.5153177976608276, 0.511522114276886, 0.4766693711280823, 0.5932067632675171, 0.664618968963623], "clip_cosine": [0.9993637800216675, 0.9990904331207275, 0.9993060231208801, 0.999020516872406, 0.9994125962257385, 0.9992765188217163, 0.9992528557777405, 0.9991462826728821, 0.9994247555732727, 0.999261736869812], "dino_cosine": [0.974592387676239, 0.9686066508293152, 0.9733896851539612, 0.9620836973190308, 0.9704554080963135, 0.9728752374649048, 0.9669570922851562, 0.9718498587608337, 0.9600773453712463, 0.9572011232376099], "clip_L2": [8.761453628540039, 10.534951210021973, 9.245502471923828, 10.57216739654541, 8.578672409057617, 9.487257957458496, 9.822941780090332, 10.751032829284668, 8.561028480529785, 9.654585838317871], "dino_L2": [11.794568061828613, 13.435565948486328, 12.317842483520508, 14.760890007019043, 12.324142456054688, 12.557629585266113, 14.0784330368042, 12.81791877746582, 14.088504791259766, 15.888592720031738], "rcnn_confidence": [0.0, 0.0, 0.0, 0.0, 0.0, 0.0, 0.0, 0.0, 0.07889784872531891, 0.0], "yolo_confidence": [0.0, 0.0, 0.0, 0.0, 0.0, 0.0, 0.0, 0.0, 0.0, 0.0]}