{"pixel_L2": [14673.84375, 14760.5, 14443.2724609375, 14487.3154296875, 14765.0, 14637.0498046875, 14303.2861328125, 14424.302734375, 14446.4091796875, 14578.4013671875], "pixel_cosine": [0.9332444667816162, 0.932415783405304, 0.935673177242279, 0.9349973201751709, 0.9327527284622192, 0.9334440231323242, 0.9372338652610779, 0.9353581070899963, 0.9355294704437256, 0.9340044260025024], "low_L2": [167.9138946533203, 171.67898559570312, 165.7017822265625, 166.14610290527344, 169.94337463378906, 166.9672088623047, 161.3831329345703, 164.93260192871094, 165.92181396484375, 167.2885284423828], "low_cosine": [0.8337254524230957, 0.8286913633346558, 0.8382869958877563, 0.8373572826385498, 0.8306030035018921, 0.8355015516281128, 0.8436940908432007, 0.8404141664505005, 0.8375225067138672, 0.8348369598388672], "mid_L2": [203.4286651611328, 206.98080444335938, 201.58543395996094, 204.8950653076172, 203.77586364746094, 207.16006469726562, 202.6422119140625, 203.07945251464844, 203.1143798828125, 204.35935974121094], "mid_cosine": [0.6834925413131714, 0.6699323654174805, 0.6890652179718018, 0.6814702153205872, 0.6811579465866089, 0.6736493706703186, 0.6822965145111084, 0.684356689453125, 0.6855579018592834, 0.6784110069274902], "high_L2": [49.932979583740234, 50.63654708862305, 47.93022918701172, 50.04465103149414, 49.42819595336914, 48.4765510559082, 49.496334075927734, 48.50027847290039, 48.17861557006836, 49.337432861328125], "high_cosine": [0.6995110511779785, 0.6891933083534241, 0.7283629775047302, 0.6988474130630493, 0.7058877944946289, 0.7193154096603394, 0.7072927355766296, 0.7190796732902527, 0.7230821847915649, 0.7099184989929199], "clip_cosine": [0.9978080987930298, 0.9977076053619385, 0.9976065754890442, 0.997807502746582, 0.99796062707901, 0.9978540539741516, 0.997734010219574, 0.9977185130119324, 0.9978916645050049, 0.9971563220024109], "dino_cosine": [0.9505969882011414, 0.9431067705154419, 0.940783679485321, 0.9555883407592773, 0.9527690410614014, 0.9445321559906006, 0.9477107524871826, 0.9486212730407715, 0.9513936638832092, 0.9470255374908447], "clip_L2": [13.616833686828613, 13.82843017578125, 14.328593254089355, 13.50625228881836, 12.659716606140137, 13.080826759338379, 13.928823471069336, 13.824298858642578, 13.206252098083496, 16.218507766723633], "dino_L2": [16.777036666870117, 16.674320220947266, 17.19853973388672, 16.012765884399414, 16.685422897338867, 16.845458984375, 16.443313598632812, 16.347925186157227, 16.326154708862305, 16.742589950561523], "rcnn_confidence": [0.0, 0.0, 0.0, 0.0, 0.0, 0.0, 0.0, 0.0, 0.0, 0.0], "yolo_confidence": [0.0, 0.0, 0.0, 0.0, 0.0, 0.0, 0.0, 0.0, 0.0, 0.0]}