{"pixel_L2": [42697.20703125, 42646.71484375, 42681.27734375, 42694.7265625, 42629.25, 42715.09765625, 42628.3359375, 42628.3046875, 42658.578125, 42689.62109375], "pixel_cosine": [0.7534143924713135, 0.7540518045425415, 0.7537493109703064, 0.7537041902542114, 0.7541325092315674, 0.7535451650619507, 0.7543157339096069, 0.7538174986839294, 0.75411456823349, 0.7536140084266663], "low_L2": [376.817138671875, 376.40106201171875, 377.6963195800781, 375.7245788574219, 377.0452575683594, 376.9756164550781, 375.357666015625, 375.840576171875, 375.252197265625, 375.49176025390625], "low_cosine": [0.6848347187042236, 0.6851849555969238, 0.6831767559051514, 0.6863678097724915, 0.6846901178359985, 0.6844521760940552, 0.6867619752883911, 0.6868669986724854, 0.686806321144104, 0.68642258644104], "mid_L2": [289.9876708984375, 287.69219970703125, 290.15948486328125, 287.5303039550781, 288.5625915527344, 288.0773010253906, 284.9721984863281, 288.38885498046875, 288.1817932128906, 288.6866149902344], "mid_cosine": [0.5714759826660156, 0.5755302906036377, 0.571699857711792, 0.5767074823379517, 0.5751473903656006, 0.576092004776001, 0.5813475847244263, 0.5769208669662476, 0.5758112668991089, 0.5750641822814941], "high_L2": [51.02859878540039, 50.33663558959961, 51.53184127807617, 50.47959518432617, 51.24052810668945, 51.90251922607422, 50.61076736450195, 50.96954345703125, 51.301509857177734, 51.71323013305664], "high_cosine": [0.675441563129425, 0.6854360103607178, 0.6775115132331848, 0.6813690066337585, 0.6810979843139648, 0.6771891117095947, 0.6818555593490601, 0.6868657469749451, 0.6828800439834595, 0.6761050820350647], "clip_cosine": [0.9983556270599365, 0.9985319375991821, 0.9985107779502869, 0.9985158443450928, 0.9984880089759827, 0.9984998106956482, 0.9985633492469788, 0.9984805583953857, 0.9985594749450684, 0.9984217286109924], "dino_cosine": [0.9624526500701904, 0.9628890156745911, 0.9622880816459656, 0.9632281064987183, 0.9627670049667358, 0.9623631834983826, 0.9628489017486572, 0.9618025422096252, 0.963137149810791, 0.9632899761199951], "clip_L2": [13.327483177185059, 13.271648406982422, 12.885638236999512, 13.136079788208008, 13.282598495483398, 13.210755348205566, 13.030445098876953, 13.057985305786133, 13.034358024597168, 13.204211235046387], "dino_L2": [18.339767456054688, 18.18113136291504, 18.508317947387695, 18.088537216186523, 18.203393936157227, 18.089488983154297, 18.450281143188477, 18.552892684936523, 18.382314682006836, 18.082914352416992], "rcnn_confidence": [0.0, 0.0, 0.0, 0.0, 0.0, 0.0, 0.0, 0.0, 0.0, 0.0], "yolo_confidence": [0.0, 0.0, 0.0, 0.0, 0.0, 0.0, 0.0, 0.0, 0.0, 0.0]}