{"pixel_L2": [24617.65625, 23956.63671875, 24196.556640625, 24079.26171875, 24708.673828125, 24544.3125, 23838.08203125, 25351.2109375, 23457.69140625, 25158.939453125], "pixel_cosine": [0.8891700506210327, 0.8952643871307373, 0.8958995938301086, 0.8924561738967896, 0.8871095776557922, 0.8849533796310425, 0.895172119140625, 0.8780521154403687, 0.8975436091423035, 0.8808372020721436], "low_L2": [389.51483154296875, 381.50372314453125, 379.31243896484375, 395.1971435546875, 381.95989990234375, 387.9192810058594, 386.7547607421875, 383.9817810058594, 394.58843994140625, 395.24151611328125], "low_cosine": [0.6323914527893066, 0.636520266532898, 0.6370497345924377, 0.6317378282546997, 0.6341856718063354, 0.6339129209518433, 0.6354588866233826, 0.6346492767333984, 0.6308504343032837, 0.622073769569397], "mid_L2": [340.6441650390625, 332.88818359375, 333.57684326171875, 327.14459228515625, 374.24981689453125, 334.8352355957031, 332.3412170410156, 341.8089294433594, 336.6337890625, 360.85211181640625], "mid_cosine": [0.4296157956123352, 0.4389190077781677, 0.44769087433815, 0.44295430183410645, 0.39201995730400085, 0.45101651549339294, 0.44841501116752625, 0.44131210446357727, 0.4437142610549927, 0.4020598232746124], "high_L2": [67.99464416503906, 70.02124786376953, 78.67560577392578, 70.38408660888672, 65.65948486328125, 64.90607452392578, 75.74677276611328, 69.8586196899414, 75.57653045654297, 65.38536834716797], "high_cosine": [0.613471269607544, 0.5620440244674683, 0.43607497215270996, 0.5686690807342529, 0.6378318667411804, 0.6380873918533325, 0.5089491009712219, 0.560257613658905, 0.5025392770767212, 0.6262993216514587], "clip_cosine": [0.9986010789871216, 0.9985180497169495, 0.998712956905365, 0.9986336827278137, 0.9988009333610535, 0.9987088441848755, 0.9986149668693542, 0.9984367489814758, 0.998591423034668, 0.9985587000846863], "dino_cosine": [0.9598263502120972, 0.9657517671585083, 0.9653258323669434, 0.9580192565917969, 0.9631561040878296, 0.9681571125984192, 0.9625951647758484, 0.9641438126564026, 0.9550842046737671, 0.9609796404838562], "clip_L2": [12.480781555175781, 12.216581344604492, 11.350032806396484, 12.118151664733887, 11.246438026428223, 11.36898136138916, 11.789902687072754, 12.308822631835938, 12.091545104980469, 12.019973754882812], "dino_L2": [14.626497268676758, 13.889851570129395, 13.57185173034668, 15.77230167388916, 14.344695091247559, 14.168888092041016, 14.378300666809082, 13.887622833251953, 15.35965347290039, 15.100215911865234], "rcnn_confidence": [0.23117390275001526, 0.0, 0.0, 0.0, 0.40510058403015137, 0.19878333806991577, 0.051532257348299026, 0.24282491207122803, 0.0, 0.12780313193798065], "yolo_confidence": [0.0, 0.0, 0.0, 0.0, 0.0, 0.0, 0.0, 0.0, 0.0, 0.0]}