{"pixel_L2": [33844.6328125, 35854.51171875, 40989.82421875, 41910.234375, 34517.4453125, 43190.8515625, 41111.39453125, 37383.52734375, 42032.47265625, 40967.24609375], "pixel_cosine": [0.8196934461593628, 0.8135752081871033, 0.7741901278495789, 0.7903330326080322, 0.8300086259841919, 0.7481936812400818, 0.7865339517593384, 0.8066904544830322, 0.7760690450668335, 0.7898108959197998], "low_L2": [357.1448059082031, 358.3321838378906, 377.5030517578125, 373.1533203125, 329.7065734863281, 394.9255065917969, 357.5793762207031, 355.6968688964844, 373.916015625, 364.41143798828125], "low_cosine": [0.5096387267112732, 0.5117868781089783, 0.4366239607334137, 0.4491688013076782, 0.5386890769004822, 0.3859661817550659, 0.4632014334201813, 0.45682191848754883, 0.43681877851486206, 0.491411030292511], "mid_L2": [280.0687561035156, 283.1907653808594, 282.2242431640625, 270.8832702636719, 261.44720458984375, 278.6607666015625, 275.1866149902344, 267.0667419433594, 274.68505859375, 276.35308837890625], "mid_cosine": [0.38279497623443604, 0.3891884684562683, 0.3654542565345764, 0.3872801661491394, 0.41641509532928467, 0.36277472972869873, 0.38462018966674805, 0.381229043006897, 0.38046157360076904, 0.3876846432685852], "high_L2": [48.1669807434082, 46.60758590698242, 51.28583526611328, 48.131736755371094, 51.76366424560547, 49.57855987548828, 49.95235061645508, 50.91144561767578, 50.771446228027344, 48.59961700439453], "high_cosine": [0.5191192030906677, 0.5527874231338501, 0.4916027784347534, 0.49771732091903687, 0.47754380106925964, 0.4999833106994629, 0.4671712815761566, 0.44035252928733826, 0.4813498258590698, 0.5055230259895325], "clip_cosine": [0.9995121955871582, 0.9994090795516968, 0.9992192387580872, 0.9994891881942749, 0.9994325637817383, 0.9994408488273621, 0.9994272589683533, 0.9993176460266113, 0.9992018342018127, 0.9993706941604614], "dino_cosine": [0.9677088260650635, 0.9774804711341858, 0.9744718074798584, 0.9594809412956238, 0.9734441041946411, 0.9651906490325928, 0.9701734781265259, 0.968173086643219, 0.961780846118927, 0.9688061475753784], "clip_L2": [8.771196365356445, 9.441141128540039, 10.604602813720703, 8.745525360107422, 9.35228157043457, 9.366562843322754, 9.401632308959961, 9.955780982971191, 10.778631210327148, 9.660331726074219], "dino_L2": [13.94455623626709, 11.101137161254883, 12.578964233398438, 14.282410621643066, 11.961357116699219, 13.229231834411621, 12.878724098205566, 13.222576141357422, 15.318872451782227, 13.928515434265137], "rcnn_confidence": [0.13573403656482697, 0.06513737142086029, 0.0, 0.09929651021957397, 0.07953604310750961, 0.06466372311115265, 0.06058778241276741, 0.050552960485219955, 0.1384417563676834, 0.0], "yolo_confidence": [0.0, 0.0, 0.0, 0.0, 0.0, 0.0, 0.0, 0.0, 0.0, 0.0]}