{"pixel_L2": [15893.388671875, 16096.779296875, 15980.0068359375, 15634.2802734375, 16074.9140625, 16061.1787109375, 16205.546875, 15866.2998046875, 15915.5185546875, 15982.6025390625], "pixel_cosine": [0.8440377116203308, 0.8417456746101379, 0.8424232602119446, 0.8494701385498047, 0.8426663279533386, 0.8414270877838135, 0.8400493860244751, 0.8485373258590698, 0.8446784019470215, 0.8436459302902222], "low_L2": [175.54566955566406, 174.99200439453125, 173.9826202392578, 173.78359985351562, 175.10948181152344, 174.50845336914062, 176.8748016357422, 174.02857971191406, 173.8629913330078, 174.2151336669922], "low_cosine": [0.40030014514923096, 0.4071507751941681, 0.41020262241363525, 0.4096379280090332, 0.40743863582611084, 0.4050467312335968, 0.3924550414085388, 0.4078931212425232, 0.4144916534423828, 0.40847188234329224], "mid_L2": [180.40721130371094, 180.45179748535156, 180.11045837402344, 179.60165405273438, 180.81289672851562, 180.1909942626953, 180.72500610351562, 179.49322509765625, 179.36724853515625, 179.77328491210938], "mid_cosine": [0.3584268391132355, 0.35789525508880615, 0.35684865713119507, 0.35970786213874817, 0.3571908175945282, 0.35735559463500977, 0.35642844438552856, 0.35627588629722595, 0.3611319065093994, 0.356137216091156], "high_L2": [52.24028396606445, 53.15763473510742, 52.685123443603516, 53.206695556640625, 52.0089225769043, 51.83430862426758, 52.15918731689453, 52.228485107421875, 52.927734375, 52.55624771118164], "high_cosine": [0.4399288296699524, 0.4305208623409271, 0.4332267642021179, 0.41698575019836426, 0.4379802346229553, 0.449506014585495, 0.4387325942516327, 0.4446839690208435, 0.42115145921707153, 0.4323735237121582], "clip_cosine": [0.9993129968643188, 0.99930340051651, 0.9993070363998413, 0.9993277788162231, 0.999272882938385, 0.9992729425430298, 0.9992897510528564, 0.9992826581001282, 0.9992949962615967, 0.9993024468421936], "dino_cosine": [0.9471538066864014, 0.9480255246162415, 0.9474635124206543, 0.9458598494529724, 0.9461445808410645, 0.9471396207809448, 0.9483808279037476, 0.947140097618103, 0.9472421407699585, 0.9484747648239136], "clip_L2": [10.499655723571777, 10.668295860290527, 10.58643627166748, 10.219703674316406, 10.622971534729004, 10.953904151916504, 10.77723217010498, 10.671378135681152, 10.509394645690918, 10.676783561706543], "dino_L2": [17.951326370239258, 17.85643768310547, 18.157798767089844, 17.832916259765625, 18.068483352661133, 17.811269760131836, 17.79166603088379, 17.966983795166016, 17.97284507751465, 17.63942527770996], "rcnn_confidence": [0.0, 0.0, 0.0, 0.0, 0.0, 0.0, 0.0, 0.0, 0.0, 0.0], "yolo_confidence": [0.0, 0.0, 0.0, 0.0, 0.0, 0.0, 0.0, 0.0, 0.0, 0.0]}