{"pixel_L2": [18891.615234375, 16721.34375, 19717.69140625, 21459.001953125, 19384.890625, 20093.99609375, 22167.19921875, 18352.2109375, 19635.404296875, 16551.033203125], "pixel_cosine": [0.93473881483078, 0.9550476670265198, 0.9257665872573853, 0.9119434356689453, 0.9280420541763306, 0.9229594469070435, 0.9082779288291931, 0.9407600164413452, 0.9259777069091797, 0.9483765363693237], "low_L2": [242.11180114746094, 224.5141143798828, 271.3876953125, 248.31771850585938, 250.11614990234375, 248.81727600097656, 262.6357421875, 248.51268005371094, 238.68218994140625, 238.03919982910156], "low_cosine": [0.37621861696243286, 0.40736639499664307, 0.333972692489624, 0.3687196671962738, 0.3723660707473755, 0.38553130626678467, 0.37702906131744385, 0.35992133617401123, 0.4048868715763092, 0.38092684745788574], "mid_L2": [267.68597412109375, 262.6800842285156, 272.8746337890625, 265.1332702636719, 266.3638610839844, 257.84149169921875, 269.356201171875, 263.3780822753906, 268.9527893066406, 254.1753692626953], "mid_cosine": [0.30639219284057617, 0.3059917688369751, 0.2825247645378113, 0.29572880268096924, 0.2917441725730896, 0.30723029375076294, 0.3286646008491516, 0.2938997745513916, 0.2888983488082886, 0.2896769046783447], "high_L2": [50.54939651489258, 54.28717803955078, 56.68421936035156, 53.127593994140625, 54.0781135559082, 56.41458511352539, 51.67288589477539, 54.24713897705078, 52.41387939453125, 53.993404388427734], "high_cosine": [0.5195619463920593, 0.48335665464401245, 0.4601109027862549, 0.49950477480888367, 0.5015503168106079, 0.4423232674598694, 0.5611130595207214, 0.46375155448913574, 0.5223833322525024, 0.43517714738845825], "clip_cosine": [0.9993807673454285, 0.9992395639419556, 0.998894453048706, 0.9993674159049988, 0.9989617466926575, 0.9992856979370117, 0.9992688298225403, 0.9993338584899902, 0.9993458986282349, 0.9992246627807617], "dino_cosine": [0.9574370384216309, 0.955325722694397, 0.9589784741401672, 0.9479020833969116, 0.9616380333900452, 0.9720887541770935, 0.9643250703811646, 0.9673752188682556, 0.9700136184692383, 0.9611352682113647], "clip_L2": [8.688363075256348, 9.31937313079834, 10.915411949157715, 8.86758041381836, 10.987126350402832, 9.382662773132324, 9.784093856811523, 8.7840576171875, 8.82752799987793, 9.650952339172363], "dino_L2": [14.055337905883789, 14.228485107421875, 14.793722152709961, 16.960905075073242, 14.296090126037598, 12.215914726257324, 13.689098358154297, 12.9741792678833, 12.514128684997559, 14.338896751403809], "rcnn_confidence": [0.0, 0.0, 0.0, 0.0, 0.0, 0.0, 0.0, 0.0, 0.0, 0.0], "yolo_confidence": [0.0, 0.0, 0.0, 0.0, 0.0, 0.0, 0.0, 0.0, 0.0, 0.0]}