{"pixel_L2": [38259.6015625, 38666.5234375, 41490.98828125, 39641.16796875, 41337.265625, 36451.09765625, 39353.85546875, 40743.8359375, 38761.85546875, 40404.40234375], "pixel_cosine": [0.8215305805206299, 0.8399531841278076, 0.822500467300415, 0.8343101739883423, 0.8441961407661438, 0.8375542163848877, 0.840361475944519, 0.8142839670181274, 0.8116978406906128, 0.7960696816444397], "low_L2": [429.2815856933594, 450.8428649902344, 436.2748107910156, 418.4890441894531, 398.6344909667969, 416.1330261230469, 461.6079406738281, 412.3912048339844, 440.4633483886719, 425.1922302246094], "low_cosine": [0.31457120180130005, 0.2526922821998596, 0.30252915620803833, 0.2928071618080139, 0.32402557134628296, 0.30575546622276306, 0.26910555362701416, 0.32115522027015686, 0.2775123417377472, 0.2970568537712097], "mid_L2": [398.5853576660156, 387.97119140625, 389.1521911621094, 388.4605407714844, 377.0961608886719, 382.59954833984375, 393.3693542480469, 386.035888671875, 396.0242004394531, 390.10540771484375], "mid_cosine": [0.1902737319469452, 0.18672259151935577, 0.20556531846523285, 0.19675801694393158, 0.21039101481437683, 0.19904638826847076, 0.1933993101119995, 0.21989402174949646, 0.1907869279384613, 0.19596710801124573], "high_L2": [57.025291442871094, 60.14677429199219, 61.781349182128906, 60.013179779052734, 58.85087585449219, 59.180355072021484, 60.531986236572266, 54.9842529296875, 53.56990432739258, 56.51953125], "high_cosine": [0.34454208612442017, 0.19791391491889954, 0.2728902995586395, 0.2959443926811218, 0.32596534490585327, 0.3002622425556183, 0.27371227741241455, 0.3553513288497925, 0.39771586656570435, 0.3469865024089813], "clip_cosine": [0.9991708993911743, 0.9988068342208862, 0.9987791180610657, 0.9987319707870483, 0.9989631175994873, 0.9991906881332397, 0.9990662932395935, 0.9989050030708313, 0.9990466237068176, 0.9986559152603149], "dino_cosine": [0.9716992378234863, 0.9638524651527405, 0.9693456292152405, 0.969480037689209, 0.9695578217506409, 0.9730132818222046, 0.9764266610145569, 0.9739552736282349, 0.9719005823135376, 0.9607546329498291], "clip_L2": [10.434000968933105, 12.59710693359375, 12.699792861938477, 12.516057014465332, 11.885383605957031, 10.293007850646973, 10.808632850646973, 12.105125427246094, 11.067763328552246, 13.362006187438965], "dino_L2": [13.259183883666992, 14.535423278808594, 13.334010124206543, 12.910374641418457, 13.327249526977539, 12.574339866638184, 12.1878080368042, 12.900626182556152, 12.335168838500977, 14.057915687561035], "rcnn_confidence": [0.0, 0.0, 0.0, 0.0, 0.0, 0.0, 0.0, 0.0, 0.0, 0.0], "yolo_confidence": [0.0, 0.0, 0.0, 0.0, 0.0, 0.0, 0.0, 0.0, 0.0, 0.0]}