{"pixel_L2": [47879.78125, 47879.78125, 47879.78125, 47879.78125, 47879.78125, 47879.78125, 47879.78125, 47879.78125, 47879.78125, 47879.78125], "pixel_cosine": [0.0, 0.0, 0.0, 0.0, 0.0, 0.0, 0.0, 0.0, 0.0, 0.0], "low_L2": [260.24176025390625, 260.24176025390625, 260.24176025390625, 260.24176025390625, 260.24176025390625, 260.24176025390625, 260.24176025390625, 260.24176025390625, 260.24176025390625, 260.24176025390625], "low_cosine": [0.388284295797348, 0.388284295797348, 0.388284295797348, 0.388284295797348, 0.388284295797348, 0.388284295797348, 0.388284295797348, 0.388284295797348, 0.388284295797348, 0.388284295797348], "mid_L2": [204.04275512695312, 204.04275512695312, 204.04275512695312, 204.04275512695312, 204.04275512695312, 204.04275512695312, 204.04275512695312, 204.04275512695312, 204.04275512695312, 204.04275512695312], "mid_cosine": [0.29872414469718933, 0.29872414469718933, 0.29872414469718933, 0.29872414469718933, 0.29872414469718933, 0.29872414469718933, 0.29872414469718933, 0.29872414469718933, 0.29872414469718933, 0.29872414469718933], "high_L2": [60.968536376953125, 60.968536376953125, 60.968536376953125, 60.968536376953125, 60.968536376953125, 60.968536376953125, 60.968536376953125, 60.968536376953125, 60.968536376953125, 60.968536376953125], "high_cosine": [0.1761043816804886, 0.1761043816804886, 0.1761043816804886, 0.1761043816804886, 0.1761043816804886, 0.1761043816804886, 0.1761043816804886, 0.1761043816804886, 0.1761043816804886, 0.1761043816804886], "clip_cosine": [0.9984757304191589, 0.9984757304191589, 0.9984757304191589, 0.9984757304191589, 0.9984757304191589, 0.9984757304191589, 0.9984757304191589, 0.9984757304191589, 0.9984757304191589, 0.9984757304191589], "dino_cosine": [0.9265183806419373, 0.9265183806419373, 0.9265183806419373, 0.9265183806419373, 0.9265183806419373, 0.9265183806419373, 0.9265183806419373, 0.9265183806419373, 0.9265183806419373, 0.9265183806419373], "clip_L2": [15.889304161071777, 15.889304161071777, 15.889304161071777, 15.889304161071777, 15.889304161071777, 15.889304161071777, 15.889304161071777, 15.889304161071777, 15.889304161071777, 15.889304161071777], "dino_L2": [23.881942749023438, 23.881942749023438, 23.881942749023438, 23.881942749023438, 23.881942749023438, 23.881942749023438, 23.881942749023438, 23.881942749023438, 23.881942749023438, 23.881942749023438], "rcnn_confidence": [0.0, 0.0, 0.0, 0.0, 0.0, 0.0, 0.0, 0.0, 0.0, 0.0], "yolo_confidence": [0.0, 0.0, 0.0, 0.0, 0.0, 0.0, 0.0, 0.0, 0.0, 0.0]}