{"pixel_L2": [20890.076171875, 25346.59765625, 21918.21484375, 25255.771484375, 21041.79296875, 22681.669921875, 23019.939453125, 20913.234375, 21488.6484375, 21729.607421875], "pixel_cosine": [0.9625245332717896, 0.954968273639679, 0.9628461599349976, 0.9583950042724609, 0.9667259454727173, 0.9611412286758423, 0.9580309391021729, 0.962206244468689, 0.9615600109100342, 0.962490439414978], "low_L2": [286.5408935546875, 357.3497009277344, 305.1970520019531, 328.33453369140625, 289.2828369140625, 306.4876403808594, 332.709716796875, 284.2828674316406, 297.59930419921875, 291.0927429199219], "low_cosine": [0.8045079112052917, 0.7216455936431885, 0.7776751518249512, 0.7539582252502441, 0.797028660774231, 0.783380389213562, 0.7542364597320557, 0.8118423223495483, 0.7938917279243469, 0.7986137866973877], "mid_L2": [265.9319152832031, 289.2460632324219, 276.65118408203125, 289.01641845703125, 274.31396484375, 278.72479248046875, 289.2882080078125, 271.24993896484375, 272.86846923828125, 274.19775390625], "mid_cosine": [0.5862911939620972, 0.5344411134719849, 0.5587563514709473, 0.5416991114616394, 0.5551527738571167, 0.566584587097168, 0.5431811809539795, 0.5880604982376099, 0.5684292316436768, 0.5605943202972412], "high_L2": [72.51813507080078, 75.19678497314453, 67.71880340576172, 77.33086395263672, 63.92093276977539, 69.37628173828125, 70.37693786621094, 73.1215591430664, 68.470947265625, 66.67417907714844], "high_cosine": [0.5715855956077576, 0.5069423913955688, 0.6127632856369019, 0.49704453349113464, 0.6523193120956421, 0.6056303977966309, 0.5977686643600464, 0.5792874097824097, 0.6037759780883789, 0.6266406774520874], "clip_cosine": [0.998803973197937, 0.9987393021583557, 0.9987610578536987, 0.9984519481658936, 0.9992891550064087, 0.9993085861206055, 0.9989672899246216, 0.9988559484481812, 0.999267578125, 0.9989926815032959], "dino_cosine": [0.9650397896766663, 0.9694234132766724, 0.9626327157020569, 0.9525788426399231, 0.9725873470306396, 0.9710495471954346, 0.9685283303260803, 0.9563660025596619, 0.967897891998291, 0.9592643976211548], "clip_L2": [12.922699928283691, 13.30457592010498, 13.009376525878906, 13.523748397827148, 9.875686645507812, 9.58485221862793, 11.432552337646484, 12.608332633972168, 9.977869033813477, 11.630600929260254], "dino_L2": [13.921270370483398, 15.516203880310059, 16.210214614868164, 16.902400970458984, 12.607452392578125, 13.016861915588379, 13.883609771728516, 15.297868728637695, 13.603808403015137, 14.62861156463623], "rcnn_confidence": [0.0, 0.127458855509758, 0.0, 0.2118099331855774, 0.0, 0.0, 0.0, 0.06918146461248398, 0.0, 0.0], "yolo_confidence": [0.0, 0.0, 0.0, 0.0, 0.0, 0.0, 0.0, 0.0, 0.0, 0.0]}