{"pixel_L2": [22333.423828125, 22437.724609375, 22536.5234375, 22300.337890625, 22444.869140625, 22464.513671875, 22441.5859375, 22260.703125, 22408.318359375, 22324.796875], "pixel_cosine": [0.923607587814331, 0.922622799873352, 0.9217615723609924, 0.9231686592102051, 0.9224362969398499, 0.9221515655517578, 0.9221939444541931, 0.9229711294174194, 0.9224633574485779, 0.9232128858566284], "low_L2": [407.23748779296875, 408.8357238769531, 406.5592346191406, 406.88372802734375, 409.2038879394531, 407.7579650878906, 409.77880859375, 409.11517333984375, 408.5821533203125, 406.93951416015625], "low_cosine": [0.306522011756897, 0.30013030767440796, 0.3057540953159332, 0.30723896622657776, 0.29767513275146484, 0.30419254302978516, 0.2976241409778595, 0.30112653970718384, 0.300584077835083, 0.3050394654273987], "mid_L2": [338.3501281738281, 337.80224609375, 336.21063232421875, 336.3109130859375, 339.01434326171875, 339.8093566894531, 336.39556884765625, 337.3960266113281, 338.95233154296875, 334.64361572265625], "mid_cosine": [0.19860604405403137, 0.19443802535533905, 0.1987387239933014, 0.19452962279319763, 0.19227981567382812, 0.19324839115142822, 0.1920168697834015, 0.1946253627538681, 0.1955903172492981, 0.19902077317237854], "high_L2": [84.1972427368164, 83.6417236328125, 84.14334869384766, 85.00672149658203, 82.41350555419922, 85.95216369628906, 84.36527252197266, 83.0256576538086, 84.03610229492188, 83.42251586914062], "high_cosine": [0.24928981065750122, 0.2587102949619293, 0.2568516135215759, 0.2461608499288559, 0.27053555846214294, 0.2365087866783142, 0.24247834086418152, 0.2564764618873596, 0.24836033582687378, 0.23986047506332397], "clip_cosine": [0.9971709251403809, 0.9970785975456238, 0.9969627857208252, 0.9967459440231323, 0.99692302942276, 0.9970898628234863, 0.9971296787261963, 0.9972618818283081, 0.996979296207428, 0.9972586631774902], "dino_cosine": [0.9337232112884521, 0.9367828369140625, 0.9425747394561768, 0.9398485422134399, 0.9374094605445862, 0.9374988675117493, 0.9383885264396667, 0.9386041760444641, 0.9356743097305298, 0.9381200075149536], "clip_L2": [14.619830131530762, 14.7012300491333, 15.060599327087402, 15.64134693145752, 15.334031105041504, 14.638404846191406, 14.635810852050781, 14.208296775817871, 15.086026191711426, 14.314704895019531], "dino_L2": [19.852380752563477, 20.40965461730957, 19.91805076599121, 20.178495407104492, 20.25343132019043, 20.246156692504883, 20.153156280517578, 19.88410758972168, 20.328332901000977, 20.246259689331055], "rcnn_confidence": [0.0, 0.0, 0.0, 0.0, 0.0, 0.0, 0.0, 0.0, 0.0, 0.0], "yolo_confidence": [0.0, 0.0, 0.0, 0.0, 0.0, 0.0, 0.0, 0.0, 0.0, 0.0]}