{"pixel_L2": [18520.169921875, 17991.052734375, 16900.716796875, 18295.892578125, 16427.29296875, 18225.8984375, 16002.8662109375, 15971.611328125, 17327.62890625, 21031.462890625], "pixel_cosine": [0.9387213587760925, 0.9450570344924927, 0.9455653429031372, 0.9483658075332642, 0.9570122957229614, 0.9423058032989502, 0.9566690921783447, 0.945135235786438, 0.9395942687988281, 0.9430055022239685], "low_L2": [237.74374389648438, 242.9647216796875, 228.29074096679688, 246.14215087890625, 225.1282958984375, 219.20494079589844, 235.52273559570312, 272.61541748046875, 220.5667266845703, 234.71461486816406], "low_cosine": [0.7734970450401306, 0.7645750045776367, 0.7897882461547852, 0.7595566511154175, 0.7964102625846863, 0.8045331239700317, 0.7836686372756958, 0.7326362133026123, 0.8040897250175476, 0.7731309533119202], "mid_L2": [287.3549499511719, 291.5031433105469, 286.5588684082031, 290.56884765625, 271.9770812988281, 277.4668273925781, 277.5615234375, 303.82135009765625, 283.4215087890625, 268.5378723144531], "mid_cosine": [0.5800700783729553, 0.5683990716934204, 0.5787303447723389, 0.5625143051147461, 0.6147856712341309, 0.6005840301513672, 0.6128026247024536, 0.5422096848487854, 0.5830570459365845, 0.6231233477592468], "high_L2": [54.210853576660156, 60.25651168823242, 60.323890686035156, 60.408016204833984, 61.048282623291016, 58.57700729370117, 58.559974670410156, 61.54460144042969, 63.86317443847656, 56.62980270385742], "high_cosine": [0.7562254071235657, 0.6935613751411438, 0.6777572631835938, 0.6763303875923157, 0.675662100315094, 0.7199068069458008, 0.7079826593399048, 0.6677725315093994, 0.6436158418655396, 0.7157255411148071], "clip_cosine": [0.998775839805603, 0.9988828301429749, 0.9987503886222839, 0.9985899925231934, 0.999006986618042, 0.9987009167671204, 0.9985963702201843, 0.9988176822662354, 0.9985042214393616, 0.9988651275634766], "dino_cosine": [0.9639108180999756, 0.9694986939430237, 0.9649084806442261, 0.9638473391532898, 0.9668601751327515, 0.9664263725280762, 0.9609564542770386, 0.9611583352088928, 0.946622371673584, 0.9639501571655273], "clip_L2": [11.55928897857666, 10.920270919799805, 11.73421859741211, 12.526866912841797, 10.60331916809082, 12.13817310333252, 12.360860824584961, 11.401599884033203, 12.518855094909668, 11.368279457092285], "dino_L2": [15.683366775512695, 14.602583885192871, 14.582752227783203, 15.386740684509277, 14.69100284576416, 14.461258888244629, 15.174569129943848, 15.4381685256958, 16.70824432373047, 15.660719871520996], "rcnn_confidence": [0.0, 0.0, 0.0, 0.0, 0.0, 0.0, 0.0, 0.0, 0.0, 0.0], "yolo_confidence": [0.0, 0.0, 0.0, 0.0, 0.0, 0.0, 0.0, 0.0, 0.0, 0.0]}