{"pixel_L2": [28332.3515625, 29038.59765625, 27549.484375, 28837.083984375, 28261.615234375, 27585.224609375, 28797.830078125, 26873.53515625, 28819.544921875, 29299.828125], "pixel_cosine": [0.7962020635604858, 0.7624969482421875, 0.797713041305542, 0.7673876881599426, 0.7734073400497437, 0.7980588674545288, 0.7773141264915466, 0.800576388835907, 0.7941371202468872, 0.7637228965759277], "low_L2": [440.5531311035156, 485.1547546386719, 416.4878234863281, 441.8382263183594, 433.5282287597656, 410.00323486328125, 427.1504821777344, 412.29736328125, 414.17486572265625, 411.3417663574219], "low_cosine": [0.29177945852279663, 0.29916560649871826, 0.31289568543434143, 0.31722182035446167, 0.28717541694641113, 0.29876336455345154, 0.28200042247772217, 0.3019126057624817, 0.304506778717041, 0.3146933913230896], "mid_L2": [397.9496765136719, 397.25396728515625, 386.1690368652344, 395.2616882324219, 396.97918701171875, 388.2107849121094, 395.6292724609375, 396.857421875, 383.6473083496094, 390.509521484375], "mid_cosine": [0.18369121849536896, 0.19477662444114685, 0.19844067096710205, 0.18004682660102844, 0.18642820417881012, 0.19187217950820923, 0.1799498051404953, 0.18104040622711182, 0.20778879523277283, 0.19390347599983215], "high_L2": [74.73475646972656, 74.32746887207031, 68.75180053710938, 75.57445526123047, 71.50682067871094, 67.10298919677734, 74.96519470214844, 69.46569061279297, 71.25609588623047, 72.25877380371094], "high_cosine": [0.10271448642015457, 0.17076463997364044, 0.24125972390174866, 0.1557459533214569, 0.224455326795578, 0.2898384630680084, 0.14684364199638367, 0.2157374769449234, 0.18979670107364655, 0.24257351458072662], "clip_cosine": [0.998822033405304, 0.9988219738006592, 0.9989099502563477, 0.9985052943229675, 0.9986917972564697, 0.9989147186279297, 0.9985661506652832, 0.9991081953048706, 0.9991061091423035, 0.9985320568084717], "dino_cosine": [0.9500754475593567, 0.9646018743515015, 0.9676637053489685, 0.9637472629547119, 0.963167667388916, 0.961333155632019, 0.9590394496917725, 0.9688692688941956, 0.9583128690719604, 0.9642482995986938], "clip_L2": [12.054046630859375, 12.26764965057373, 11.629711151123047, 13.404960632324219, 12.856529235839844, 11.385929107666016, 13.46129035949707, 10.67642879486084, 10.56733226776123, 13.63652515411377], "dino_L2": [17.131378173828125, 14.287708282470703, 14.14768123626709, 14.224590301513672, 15.462943077087402, 15.908157348632812, 16.084436416625977, 14.097915649414062, 15.87017822265625, 14.616294860839844], "rcnn_confidence": [0.06848324090242386, 0.0, 0.0, 0.07307971268892288, 0.0, 0.0, 0.1093294769525528, 0.0, 0.5259277820587158, 0.5137410163879395], "yolo_confidence": [0.0, 0.0, 0.0, 0.0, 0.0, 0.0, 0.0, 0.0, 0.0, 0.0]}