{"pixel_L2": [12737.50390625, 12184.5029296875, 11460.1484375, 11856.884765625, 12855.947265625, 12282.2392578125, 11395.41015625, 12783.474609375, 12499.861328125, 11556.4443359375], "pixel_cosine": [0.9329904913902283, 0.9389679431915283, 0.9464784860610962, 0.9423235654830933, 0.9317256808280945, 0.9379257559776306, 0.9470997452735901, 0.9328112602233887, 0.9355543255805969, 0.9455780386924744], "low_L2": [241.90957641601562, 272.3179626464844, 238.4282684326172, 250.7179412841797, 247.80035400390625, 245.85606384277344, 239.33868408203125, 247.9298553466797, 246.5238494873047, 240.21788024902344], "low_cosine": [0.7461044788360596, 0.7041436433792114, 0.7473629713058472, 0.7354711294174194, 0.7375964522361755, 0.7399289608001709, 0.7515470385551453, 0.7401629686355591, 0.7386878728866577, 0.7482582330703735], "mid_L2": [252.2221221923828, 260.6031188964844, 255.28143310546875, 259.8612060546875, 257.44061279296875, 259.0538330078125, 250.1317901611328, 254.58177185058594, 257.42724609375, 252.7550811767578], "mid_cosine": [0.5798630714416504, 0.5584878325462341, 0.5750203728675842, 0.5779656767845154, 0.5687808394432068, 0.5650371313095093, 0.5920974612236023, 0.5775893926620483, 0.5732647776603699, 0.5885680317878723], "high_L2": [68.54694366455078, 69.76902770996094, 66.67738342285156, 67.6100082397461, 69.9873275756836, 70.63604736328125, 61.01658630371094, 67.7105941772461, 69.77660369873047, 66.8017807006836], "high_cosine": [0.5337684750556946, 0.5103174448013306, 0.5599885582923889, 0.5507075190544128, 0.5156610012054443, 0.5068520903587341, 0.6295162439346313, 0.5385946035385132, 0.5165842771530151, 0.5550513863563538], "clip_cosine": [0.9986335039138794, 0.9980528354644775, 0.9984031319618225, 0.9986265897750854, 0.9987117052078247, 0.9980401396751404, 0.9988737106323242, 0.9987305402755737, 0.998200535774231, 0.9990236759185791], "dino_cosine": [0.976222574710846, 0.9604582190513611, 0.9757897257804871, 0.971037745475769, 0.9741056561470032, 0.9670578837394714, 0.9781877398490906, 0.971300482749939, 0.9688688516616821, 0.9786113500595093], "clip_L2": [11.948151588439941, 14.361391067504883, 12.521355628967285, 12.15185260772705, 11.483953475952148, 13.900851249694824, 10.740052223205566, 11.934579849243164, 13.771147727966309, 10.408799171447754], "dino_L2": [14.829041481018066, 16.563045501708984, 15.616621017456055, 15.390934944152832, 15.381454467773438, 16.7121524810791, 14.580860137939453, 14.167194366455078, 17.195741653442383, 14.159404754638672], "rcnn_confidence": [0.0, 0.1383584439754486, 0.3612028956413269, 0.30659472942352295, 0.2811479866504669, 0.0, 0.8930469751358032, 0.8247871994972229, 0.05022096261382103, 0.20704525709152222], "yolo_confidence": [0.0, 0.0, 0.0, 0.0, 0.0, 0.0, 0.0, 0.0, 0.0, 0.0]}