{"pixel_L2": [21195.310546875, 21147.681640625, 21259.630859375, 21359.84375, 21273.61328125, 21119.3203125, 21259.603515625, 21333.998046875, 21396.580078125, 21110.505859375], "pixel_cosine": [0.9205392599105835, 0.919856071472168, 0.9204367399215698, 0.9205737113952637, 0.9181767702102661, 0.9210874438285828, 0.9202110767364502, 0.9197104573249817, 0.9209064245223999, 0.9198005199432373], "low_L2": [255.4186553955078, 260.21966552734375, 261.38946533203125, 259.78662109375, 262.5481262207031, 261.1844177246094, 259.42120361328125, 257.9092102050781, 262.1253356933594, 260.50213623046875], "low_cosine": [0.7622935771942139, 0.7564240097999573, 0.7557570934295654, 0.7594038844108582, 0.7548415064811707, 0.7556129693984985, 0.7596870064735413, 0.7601413726806641, 0.7570801973342896, 0.7567433714866638], "mid_L2": [240.5067901611328, 244.07208251953125, 242.7005157470703, 240.05726623535156, 244.6665802001953, 243.38223266601562, 241.7089080810547, 242.52169799804688, 243.2254180908203, 240.64193725585938], "mid_cosine": [0.6349753141403198, 0.6297168135643005, 0.6309909820556641, 0.6396154761314392, 0.626775860786438, 0.6265949010848999, 0.6336203813552856, 0.632575273513794, 0.6304046511650085, 0.6343190670013428], "high_L2": [72.2855224609375, 73.72100830078125, 73.19010925292969, 70.89298248291016, 73.75753021240234, 73.39551544189453, 72.4109878540039, 73.29547119140625, 73.95799255371094, 73.11318969726562], "high_cosine": [0.411881685256958, 0.38424283266067505, 0.39257436990737915, 0.4353218674659729, 0.38319337368011475, 0.38861432671546936, 0.4115959107875824, 0.3941812515258789, 0.38735121488571167, 0.40044543147087097], "clip_cosine": [0.9988411664962769, 0.9989852905273438, 0.9989665746688843, 0.9988665580749512, 0.9988970756530762, 0.9987884759902954, 0.998814582824707, 0.9988139271736145, 0.9989801645278931, 0.9988151788711548], "dino_cosine": [0.9751536846160889, 0.9727691411972046, 0.9720694422721863, 0.974699854850769, 0.9747828841209412, 0.9731292128562927, 0.9750979542732239, 0.9741517305374146, 0.974923849105835, 0.9736643433570862], "clip_L2": [10.366689682006836, 9.340505599975586, 9.16141414642334, 10.065757751464844, 9.114616394042969, 10.427289009094238, 9.728144645690918, 10.109159469604492, 9.121420860290527, 10.364197731018066], "dino_L2": [12.509793281555176, 13.137014389038086, 13.396589279174805, 12.602180480957031, 12.675175666809082, 13.058605194091797, 12.562238693237305, 12.914209365844727, 12.641273498535156, 12.97941780090332], "rcnn_confidence": [0.0, 0.0, 0.0, 0.0, 0.0, 0.0, 0.0, 0.0, 0.0, 0.0], "yolo_confidence": [0.0, 0.0, 0.0, 0.0, 0.0, 0.0, 0.0, 0.0, 0.0, 0.0]}