{"pixel_L2": [26448.34375, 26309.470703125, 26276.73828125, 26458.80859375, 26163.93359375, 26464.19921875, 26301.294921875, 26519.587890625, 26377.35546875, 26476.244140625], "pixel_cosine": [0.8444463014602661, 0.8441271781921387, 0.8466724157333374, 0.8441877365112305, 0.8467625379562378, 0.8426144123077393, 0.8466210961341858, 0.8441982865333557, 0.8442962765693665, 0.8443136215209961], "low_L2": [354.376953125, 352.2452392578125, 360.792724609375, 353.57672119140625, 348.4970397949219, 356.51739501953125, 349.88079833984375, 353.3197326660156, 347.2034912109375, 355.83453369140625], "low_cosine": [0.6061894297599792, 0.6040717363357544, 0.5968989729881287, 0.6062973737716675, 0.6055411100387573, 0.5964456796646118, 0.610763430595398, 0.6012051105499268, 0.6110304594039917, 0.5940086841583252], "mid_L2": [277.4559326171875, 275.40728759765625, 276.3865051269531, 273.9629211425781, 269.20233154296875, 271.59954833984375, 274.86602783203125, 270.9758605957031, 270.92291259765625, 274.8016052246094], "mid_cosine": [0.4707027077674866, 0.4748517870903015, 0.4705733060836792, 0.47845420241355896, 0.49014511704444885, 0.4769499897956848, 0.4811226427555084, 0.489568829536438, 0.4892825484275818, 0.47405898571014404], "high_L2": [70.16777801513672, 66.58124542236328, 66.58955383300781, 65.87435150146484, 64.83067321777344, 65.75028228759766, 65.67108917236328, 66.62159729003906, 65.80657196044922, 67.337646484375], "high_cosine": [0.48829489946365356, 0.5153165459632874, 0.5142387747764587, 0.5248078107833862, 0.5409281253814697, 0.522272527217865, 0.5311539769172668, 0.5374032258987427, 0.5266501307487488, 0.5192365646362305], "clip_cosine": [0.9987161755561829, 0.9988185167312622, 0.998969554901123, 0.998917818069458, 0.9986197352409363, 0.9988979697227478, 0.9987494349479675, 0.998812735080719, 0.9986225366592407, 0.998820960521698], "dino_cosine": [0.9502980709075928, 0.9529590606689453, 0.9502035975456238, 0.9492449760437012, 0.9530089497566223, 0.9510642290115356, 0.9539228677749634, 0.9543759226799011, 0.9541807174682617, 0.9508721828460693], "clip_L2": [12.560835838317871, 12.201213836669922, 11.359614372253418, 11.435497283935547, 12.839487075805664, 11.846916198730469, 12.542502403259277, 12.077410697937012, 12.40719985961914, 12.267613410949707], "dino_L2": [16.384883880615234, 16.482648849487305, 16.607152938842773, 16.38939666748047, 16.832834243774414, 16.64657211303711, 16.39182472229004, 15.93087387084961, 16.209522247314453, 16.874679565429688], "rcnn_confidence": [0.0, 0.0, 0.0, 0.0, 0.0, 0.0, 0.0, 0.0, 0.0, 0.0], "yolo_confidence": [0.0, 0.0, 0.0, 0.0, 0.0, 0.0, 0.0, 0.0, 0.0, 0.0]}