{"pixel_L2": [27654.96875, 27666.73046875, 27596.79296875, 26898.599609375, 27973.310546875, 28307.208984375, 27311.0234375, 27033.310546875, 27097.8671875, 27905.203125], "pixel_cosine": [0.8994255661964417, 0.9002286195755005, 0.9009398818016052, 0.9043558239936829, 0.8983445763587952, 0.8964438438415527, 0.9031676054000854, 0.9036224484443665, 0.9036359786987305, 0.8993698954582214], "low_L2": [400.2745056152344, 389.1224060058594, 395.5426330566406, 380.30413818359375, 401.17657470703125, 415.29986572265625, 377.9034118652344, 381.2459716796875, 369.9385070800781, 402.633544921875], "low_cosine": [0.6800150871276855, 0.6887673139572144, 0.6593039631843567, 0.7052469253540039, 0.677115797996521, 0.6416374444961548, 0.701180100440979, 0.7033708095550537, 0.709016740322113, 0.6642258167266846], "mid_L2": [313.95208740234375, 309.8354187011719, 313.7750244140625, 308.130859375, 317.6827697753906, 327.6667785644531, 307.84552001953125, 305.462158203125, 299.1021728515625, 320.75933837890625], "mid_cosine": [0.510724663734436, 0.5132282972335815, 0.5054150819778442, 0.5303735733032227, 0.5005288124084473, 0.47485822439193726, 0.5307180881500244, 0.53264319896698, 0.5492891073226929, 0.4866066575050354], "high_L2": [76.43822479248047, 80.2765121459961, 77.38943481445312, 78.32196044921875, 80.07823181152344, 82.69713592529297, 78.4954605102539, 76.91133117675781, 78.06861114501953, 82.68279266357422], "high_cosine": [0.5858807563781738, 0.532612144947052, 0.573578953742981, 0.5597836971282959, 0.5364183187484741, 0.4910448491573334, 0.5589193105697632, 0.5793881416320801, 0.5645073652267456, 0.49018606543540955], "clip_cosine": [0.998921275138855, 0.9984388947486877, 0.9985800981521606, 0.9988834857940674, 0.9985537528991699, 0.9984169006347656, 0.9984003305435181, 0.9988439083099365, 0.9988113045692444, 0.9987654089927673], "dino_cosine": [0.9557266235351562, 0.9449262022972107, 0.9657706022262573, 0.9537769556045532, 0.9523201584815979, 0.9539194107055664, 0.9572744369506836, 0.9579823017120361, 0.9342080950737, 0.9450092315673828], "clip_L2": [11.450785636901855, 13.659208297729492, 12.999221801757812, 11.449313163757324, 13.393166542053223, 14.185957908630371, 14.005885124206543, 11.968374252319336, 11.926745414733887, 12.171140670776367], "dino_L2": [17.815311431884766, 17.64087677001953, 17.944984436035156, 17.406963348388672, 18.05182456970215, 18.548404693603516, 18.245010375976562, 17.172618865966797, 18.181076049804688, 18.2989444732666], "rcnn_confidence": [0.0, 0.0, 0.0, 0.0, 0.0, 0.0, 0.0, 0.0, 0.0, 0.0], "yolo_confidence": [0.0, 0.0, 0.0, 0.0, 0.0, 0.0, 0.0, 0.0, 0.0, 0.0]}