{"pixel_L2": [22720.658203125, 22777.734375, 22623.576171875, 22522.2734375, 22692.279296875, 22745.75, 22534.46484375, 22590.482421875, 22631.291015625, 22756.359375], "pixel_cosine": [0.8915197253227234, 0.8906775712966919, 0.8923282027244568, 0.8936825394630432, 0.8916050791740417, 0.8913348913192749, 0.89308762550354, 0.8923883438110352, 0.8923265337944031, 0.891081690788269], "low_L2": [427.94482421875, 432.0812683105469, 427.3111572265625, 424.9164123535156, 430.3840637207031, 429.78851318359375, 427.2892150878906, 428.8814392089844, 430.4312744140625, 429.0104675292969], "low_cosine": [0.5960952043533325, 0.58760666847229, 0.5978567600250244, 0.6020947694778442, 0.5904805660247803, 0.5920107364654541, 0.5974705219268799, 0.5945594310760498, 0.5909409523010254, 0.5934807062149048], "mid_L2": [345.92413330078125, 348.5178527832031, 347.5276184082031, 346.90777587890625, 344.9744873046875, 346.7086486816406, 345.88763427734375, 344.3233337402344, 347.56317138671875, 344.7776794433594], "mid_cosine": [0.464004248380661, 0.4553239345550537, 0.46144548058509827, 0.4644668698310852, 0.4629320800304413, 0.4623178243637085, 0.4654026925563812, 0.4659244418144226, 0.4563635587692261, 0.46465253829956055], "high_L2": [83.58905029296875, 85.69036865234375, 84.76167297363281, 83.23539733886719, 85.21153259277344, 85.07928466796875, 83.64622497558594, 83.73712158203125, 85.05925750732422, 83.94197082519531], "high_cosine": [0.4953193962574005, 0.46451976895332336, 0.48126739263534546, 0.5066483616828918, 0.47747230529785156, 0.477363646030426, 0.5017378330230713, 0.49937477707862854, 0.4763098657131195, 0.4938850402832031], "clip_cosine": [0.9977291226387024, 0.9977633953094482, 0.9977079629898071, 0.9977449774742126, 0.9978765249252319, 0.9978076219558716, 0.9976977109909058, 0.9977884292602539, 0.9977715015411377, 0.9978363513946533], "dino_cosine": [0.9184214472770691, 0.9265103340148926, 0.9258613586425781, 0.9223170280456543, 0.9282508492469788, 0.925308108329773, 0.9320981502532959, 0.9168252944946289, 0.9259529113769531, 0.9246718883514404], "clip_L2": [14.532155990600586, 14.365508079528809, 14.443774223327637, 14.467103004455566, 13.995993614196777, 14.244063377380371, 14.627838134765625, 14.28957462310791, 14.430190086364746, 14.242711067199707], "dino_L2": [19.95884132385254, 20.037370681762695, 19.714303970336914, 19.773149490356445, 20.03510856628418, 19.66239356994629, 19.609636306762695, 19.975299835205078, 19.85986328125, 19.946271896362305], "rcnn_confidence": [0.0, 0.0, 0.0, 0.0, 0.0, 0.0, 0.0, 0.0, 0.0, 0.0], "yolo_confidence": [0.0, 0.0, 0.0, 0.0, 0.0, 0.0, 0.0, 0.0, 0.0, 0.0]}