{"pixel_L2": [28106.0625, 27533.931640625, 26328.177734375, 29190.62109375, 26785.9609375, 26699.01171875, 30372.900390625, 26226.51953125, 27039.0546875, 28036.98828125], "pixel_cosine": [0.8656746745109558, 0.8743379712104797, 0.8813583254814148, 0.852849006652832, 0.8779219388961792, 0.878908634185791, 0.8410552144050598, 0.8831194639205933, 0.8785450458526611, 0.869279682636261], "low_L2": [349.6994934082031, 334.4390563964844, 337.8043518066406, 341.40283203125, 350.5552673339844, 327.6606140136719, 341.9989929199219, 326.82867431640625, 339.10638427734375, 338.19647216796875], "low_cosine": [0.36692705750465393, 0.3842526972293854, 0.3682764768600464, 0.3836733102798462, 0.3617928624153137, 0.38011279702186584, 0.41216927766799927, 0.36728885769844055, 0.3790397047996521, 0.38538894057273865], "mid_L2": [269.38922119140625, 260.2554931640625, 265.00653076171875, 268.22589111328125, 255.37039184570312, 263.8229675292969, 284.79925537109375, 261.0756530761719, 263.6877746582031, 263.4037780761719], "mid_cosine": [0.2757719159126282, 0.27480968832969666, 0.26760703325271606, 0.2846738398075104, 0.2765659987926483, 0.26093053817749023, 0.2671494483947754, 0.2558593153953552, 0.26614707708358765, 0.27055710554122925], "high_L2": [59.75936508178711, 54.455413818359375, 49.29344940185547, 49.375701904296875, 53.57370376586914, 53.71171569824219, 50.37412643432617, 54.48177719116211, 58.452003479003906, 54.84144592285156], "high_cosine": [0.3434810936450958, 0.44539588689804077, 0.5333849787712097, 0.48697423934936523, 0.4281146228313446, 0.4289337694644928, 0.45185673236846924, 0.44981300830841064, 0.3805740177631378, 0.4348406195640564], "clip_cosine": [0.998693585395813, 0.998825192451477, 0.998830258846283, 0.9983221292495728, 0.9986539483070374, 0.9988605976104736, 0.9985557794570923, 0.998845100402832, 0.998789370059967, 0.9989231824874878], "dino_cosine": [0.9429119825363159, 0.9471190571784973, 0.9392268061637878, 0.9340430498123169, 0.9377511739730835, 0.9466773271560669, 0.9328791499137878, 0.9394958019256592, 0.9454414248466492, 0.9440658688545227], "clip_L2": [13.232932090759277, 12.445425987243652, 12.313714981079102, 14.600496292114258, 13.471864700317383, 12.398143768310547, 13.641075134277344, 12.6174898147583, 12.79288101196289, 12.408150672912598], "dino_L2": [19.21746253967285, 19.402095794677734, 20.01660919189453, 19.832822799682617, 19.553421020507812, 19.008628845214844, 19.78787612915039, 19.579418182373047, 20.206579208374023, 19.34127426147461], "rcnn_confidence": [0.0, 0.0, 0.0, 0.0, 0.0, 0.0, 0.0, 0.0, 0.0, 0.0], "yolo_confidence": [0.0, 0.0, 0.0, 0.0, 0.0, 0.0, 0.0, 0.0, 0.0, 0.0]}