{"pixel_L2": [15031.904296875, 12224.03125, 14760.5068359375, 14819.3095703125, 18991.869140625, 12154.3779296875, 18429.623046875, 11905.0380859375, 11735.9453125, 12739.1357421875], "pixel_cosine": [0.9642724394798279, 0.9728846549987793, 0.9650828838348389, 0.9612310528755188, 0.9392106533050537, 0.9749170541763306, 0.9390184879302979, 0.9747577905654907, 0.9744875431060791, 0.9711377620697021], "low_L2": [209.86749267578125, 191.9687957763672, 259.7132873535156, 279.2353820800781, 340.4389343261719, 187.22254943847656, 392.9886779785156, 211.50462341308594, 181.06597900390625, 218.6833038330078], "low_cosine": [0.8387377262115479, 0.8616806268692017, 0.7690186500549316, 0.7527292966842651, 0.6741513013839722, 0.8686078786849976, 0.6166295409202576, 0.8383164405822754, 0.8770128488540649, 0.8293026685714722], "mid_L2": [246.0967254638672, 241.40621948242188, 291.41326904296875, 282.2166748046875, 319.76312255859375, 235.33909606933594, 330.0104675292969, 267.2747802734375, 247.67691040039062, 274.53778076171875], "mid_cosine": [0.6592344045639038, 0.6708203554153442, 0.5615941882133484, 0.5885825157165527, 0.5259770750999451, 0.6869385242462158, 0.5139608979225159, 0.6261388063430786, 0.6609178781509399, 0.6176318526268005], "high_L2": [54.89580154418945, 59.9890022277832, 66.2287826538086, 73.88298034667969, 78.02291107177734, 53.200042724609375, 84.06428527832031, 59.255332946777344, 55.1530647277832, 61.45916748046875], "high_cosine": [0.6899909973144531, 0.603406548500061, 0.5491563081741333, 0.3877573013305664, 0.33627089858055115, 0.7037771344184875, 0.29858553409576416, 0.6405263543128967, 0.6851931214332581, 0.6239722371101379], "clip_cosine": [0.9985456466674805, 0.9981033802032471, 0.9990764260292053, 0.9987172484397888, 0.9988293051719666, 0.9990723133087158, 0.9983687996864319, 0.998958945274353, 0.9986804723739624, 0.9988471865653992], "dino_cosine": [0.9670825600624084, 0.9566561579704285, 0.963275671005249, 0.9693050980567932, 0.959237813949585, 0.9772863388061523, 0.952329158782959, 0.958965003490448, 0.9643829464912415, 0.9644600749015808], "clip_L2": [13.41157341003418, 14.862777709960938, 11.014145851135254, 13.211819648742676, 12.421765327453613, 11.067071914672852, 13.924033164978027, 11.672022819519043, 13.075712203979492, 12.194303512573242], "dino_L2": [15.704261779785156, 16.876127243041992, 17.816997528076172, 16.16094398498535, 18.457366943359375, 14.170361518859863, 19.56728172302246, 16.632722854614258, 16.601085662841797, 16.369535446166992], "rcnn_confidence": [0.0, 0.0, 0.0, 0.0, 0.0, 0.0, 0.0, 0.0, 0.0, 0.0], "yolo_confidence": [0.0, 0.0, 0.0, 0.0, 0.0, 0.0, 0.0, 0.0, 0.0, 0.0]}