{"pixel_L2": [30100.126953125, 27327.837890625, 26894.123046875, 28450.076171875, 26588.38671875, 27244.12109375, 26058.03125, 26097.634765625, 27446.830078125, 26478.5625], "pixel_cosine": [0.9162826538085938, 0.9283920526504517, 0.9336519241333008, 0.9229592680931091, 0.9333511590957642, 0.9310755729675293, 0.9365758895874023, 0.9364959001541138, 0.9285153746604919, 0.9335147142410278], "low_L2": [321.3800048828125, 316.912353515625, 311.546875, 336.1652526855469, 322.6695861816406, 310.0121154785156, 306.62255859375, 325.039794921875, 344.0466003417969, 319.04876708984375], "low_cosine": [0.36467093229293823, 0.4163629114627838, 0.37714383006095886, 0.4029882550239563, 0.4178798496723175, 0.3691195249557495, 0.38615596294403076, 0.3681059181690216, 0.36648064851760864, 0.43159219622612], "mid_L2": [299.4229431152344, 316.40557861328125, 316.04833984375, 368.4269714355469, 328.1414489746094, 333.29791259765625, 307.4960021972656, 347.9735412597656, 331.06097412109375, 331.7880554199219], "mid_cosine": [0.28880876302719116, 0.35955917835235596, 0.25147581100463867, 0.30328887701034546, 0.31141164898872375, 0.26124024391174316, 0.2736264169216156, 0.260006308555603, 0.2682175636291504, 0.3398677408695221], "high_L2": [49.159297943115234, 50.50127029418945, 46.6236686706543, 55.52131652832031, 54.209068298339844, 43.2470817565918, 43.29312515258789, 37.750240325927734, 45.99042892456055, 52.20420837402344], "high_cosine": [0.5931297540664673, 0.5399340987205505, 0.5796833038330078, 0.4475993514060974, 0.5002907514572144, 0.6375699639320374, 0.6055371165275574, 0.7434023022651672, 0.6057472229003906, 0.4935557544231415], "clip_cosine": [0.9990697503089905, 0.9993715882301331, 0.9994131326675415, 0.9990382194519043, 0.9993409514427185, 0.999419629573822, 0.9991792440414429, 0.99933922290802, 0.999332845211029, 0.9993314743041992], "dino_cosine": [0.9614067673683167, 0.9785754084587097, 0.9863751530647278, 0.9861400127410889, 0.9836604595184326, 0.9823124408721924, 0.983367919921875, 0.9810529351234436, 0.9848020672798157, 0.9845952987670898], "clip_L2": [11.015748023986816, 9.066963195800781, 8.837797164916992, 11.206687927246094, 9.2318696975708, 8.899405479431152, 10.620579719543457, 9.2533597946167, 9.61900520324707, 9.394518852233887], "dino_L2": [15.182170867919922, 11.63680648803711, 9.959102630615234, 10.529091835021973, 10.905088424682617, 12.076969146728516, 11.12718677520752, 11.14232349395752, 10.952179908752441, 11.373851776123047], "rcnn_confidence": [0.5106162428855896, 0.3966188430786133, 0.6130353808403015, 0.1755753755569458, 0.6647305488586426, 0.2658468782901764, 0.2595018744468689, 0.2281457483768463, 0.292897492647171, 0.5508042573928833], "yolo_confidence": [0.0, 0.0, 0.3560986816883087, 0.34397071599960327, 0.3435070812702179, 0.0, 0.0, 0.0, 0.0, 0.0]}