{"pixel_L2": [23890.82421875, 20891.0234375, 21631.955078125, 22710.607421875, 23197.724609375, 21330.7578125, 23304.626953125, 22405.609375, 20653.00390625, 22619.51953125], "pixel_cosine": [0.9658365249633789, 0.9710018634796143, 0.9704558849334717, 0.9661755561828613, 0.9667472839355469, 0.9709634184837341, 0.9621808528900146, 0.9663515090942383, 0.9720607995986938, 0.9663776755332947], "low_L2": [394.164794921875, 355.2413024902344, 356.5777282714844, 372.16107177734375, 378.49517822265625, 361.6084289550781, 392.83953857421875, 372.68609619140625, 353.5859375, 401.7442932128906], "low_cosine": [0.7618063688278198, 0.8040943741798401, 0.8016799688339233, 0.7845065593719482, 0.7802723050117493, 0.7970744967460632, 0.765060544013977, 0.7847480773925781, 0.8073426485061646, 0.7608127593994141], "mid_L2": [351.21527099609375, 341.4006652832031, 344.1513977050781, 355.2779541015625, 354.2059020996094, 353.2733459472656, 354.22650146484375, 348.6310119628906, 348.40264892578125, 353.2644958496094], "mid_cosine": [0.5366314053535461, 0.5659117102622986, 0.5548986196517944, 0.5287018418312073, 0.5330979824066162, 0.5344969034194946, 0.5290597677230835, 0.5441021919250488, 0.5508671998977661, 0.5428851246833801], "high_L2": [83.44178771972656, 85.35626983642578, 87.60951232910156, 90.3829574584961, 86.95682525634766, 87.22994232177734, 86.40424346923828, 82.74931335449219, 82.6116943359375, 85.1087646484375], "high_cosine": [0.5836421847343445, 0.5663226842880249, 0.5323788523674011, 0.5161815285682678, 0.5451846718788147, 0.5486327409744263, 0.5469576716423035, 0.5934817790985107, 0.5933867692947388, 0.5824266672134399], "clip_cosine": [0.9989731311798096, 0.9987070560455322, 0.9988598227500916, 0.9988394975662231, 0.9988736510276794, 0.9987014532089233, 0.9988425970077515, 0.9988360404968262, 0.9987337589263916, 0.9988048672676086], "dino_cosine": [0.9567673802375793, 0.9529133439064026, 0.9521535634994507, 0.9540030360221863, 0.9463250637054443, 0.9596908688545227, 0.9445437788963318, 0.9590259194374084, 0.9588971138000488, 0.941947340965271], "clip_L2": [11.271966934204102, 12.048068046569824, 11.858232498168945, 11.87582015991211, 11.76693058013916, 12.184623718261719, 11.654182434082031, 11.616427421569824, 12.199918746948242, 12.157690048217773], "dino_L2": [16.565631866455078, 16.90215301513672, 17.283132553100586, 16.7110595703125, 17.034814834594727, 16.165977478027344, 17.67411994934082, 15.673473358154297, 15.813015937805176, 17.387176513671875], "rcnn_confidence": [0.20419517159461975, 0.0963631197810173, 0.08070500195026398, 0.07422865182161331, 0.2721860408782959, 0.08448431640863419, 0.15652133524417877, 0.11440977454185486, 0.11783396452665329, 0.0], "yolo_confidence": [0.0, 0.0, 0.0, 0.0, 0.0, 0.0, 0.0, 0.0, 0.0, 0.0]}