{"pixel_L2": [14894.9501953125, 14805.912109375, 14640.3583984375, 14641.09765625, 14671.19921875, 14685.70703125, 14646.7919921875, 14677.25390625, 14603.6123046875, 14940.595703125], "pixel_cosine": [0.9796417355537415, 0.980049192905426, 0.9800500869750977, 0.9805153608322144, 0.9807000160217285, 0.9803990125656128, 0.9801771640777588, 0.9797309637069702, 0.9797329902648926, 0.9797049760818481], "low_L2": [244.4893798828125, 252.1396026611328, 249.1197967529297, 248.7807159423828, 247.79685974121094, 247.49745178222656, 248.7455596923828, 249.5309600830078, 248.1898956298828, 247.62986755371094], "low_cosine": [0.8552805185317993, 0.8461846113204956, 0.8498390913009644, 0.8501467704772949, 0.8511914610862732, 0.8516578674316406, 0.8504289984703064, 0.8494575023651123, 0.8512316942214966, 0.851504921913147], "mid_L2": [261.1404113769531, 259.8529357910156, 258.7931213378906, 259.8375244140625, 256.4187927246094, 257.01959228515625, 258.1174011230469, 259.8806457519531, 259.8243408203125, 257.5372314453125], "mid_cosine": [0.639601469039917, 0.6422783136367798, 0.6451982259750366, 0.6436562538146973, 0.6516334414482117, 0.6499791145324707, 0.6476629972457886, 0.6429598331451416, 0.6439176797866821, 0.6484047770500183], "high_L2": [47.20976638793945, 51.338829040527344, 47.618675231933594, 48.76345443725586, 47.39528274536133, 48.89369583129883, 47.630069732666016, 48.58656311035156, 49.01858139038086, 47.99759292602539], "high_cosine": [0.6943817138671875, 0.6362077593803406, 0.6863567233085632, 0.677034854888916, 0.6884961128234863, 0.6710801124572754, 0.6899917125701904, 0.6787346601486206, 0.6697702407836914, 0.6800857782363892], "clip_cosine": [0.9986532926559448, 0.9985239505767822, 0.9986124634742737, 0.9983884692192078, 0.9985889792442322, 0.9985142946243286, 0.998566746711731, 0.9984720945358276, 0.9984819293022156, 0.9985364675521851], "dino_cosine": [0.9572997093200684, 0.9608153104782104, 0.9591131210327148, 0.9602563381195068, 0.9611756801605225, 0.9620475172996521, 0.9609459638595581, 0.9535719156265259, 0.9571400880813599, 0.9584718942642212], "clip_L2": [13.836564064025879, 14.342425346374512, 13.794028282165527, 14.713656425476074, 14.002767562866211, 14.132433891296387, 13.789987564086914, 14.180041313171387, 14.576776504516602, 14.24301528930664], "dino_L2": [17.469560623168945, 17.626630783081055, 17.900110244750977, 17.220909118652344, 17.600570678710938, 17.39204978942871, 17.01674461364746, 17.497920989990234, 18.02907371520996, 17.89516258239746], "rcnn_confidence": [0.0, 0.0, 0.0, 0.0, 0.0, 0.0, 0.0, 0.0, 0.0, 0.0], "yolo_confidence": [0.0, 0.0, 0.0, 0.0, 0.0, 0.0, 0.0, 0.0, 0.0, 0.0]}