{"pixel_L2": [38574.3515625, 38508.34375, 38381.296875, 38430.5390625, 38229.87109375, 38563.77734375, 38599.91796875, 38471.58984375, 38440.76171875, 38287.17578125], "pixel_cosine": [0.6239362359046936, 0.6255529522895813, 0.6272091269493103, 0.6274468302726746, 0.628892719745636, 0.6251267194747925, 0.6293926239013672, 0.6304903030395508, 0.6302444934844971, 0.6293774843215942], "low_L2": [616.577392578125, 621.5828857421875, 625.943603515625, 629.7330932617188, 623.1558227539062, 618.8789672851562, 616.9114990234375, 612.4420776367188, 613.3615112304688, 623.5455322265625], "low_cosine": [0.3658095896244049, 0.3572056293487549, 0.3587731719017029, 0.35594138503074646, 0.3590319752693176, 0.36019402742385864, 0.36521393060684204, 0.36138856410980225, 0.3608357906341553, 0.3600902259349823], "mid_L2": [370.995361328125, 368.387451171875, 371.52392578125, 366.1516418457031, 369.6999816894531, 370.6401062011719, 370.0093688964844, 365.1836242675781, 364.9905700683594, 372.941650390625], "mid_cosine": [0.2321636974811554, 0.2275165170431137, 0.2289324700832367, 0.22985640168190002, 0.2286389023065567, 0.22472238540649414, 0.2255972921848297, 0.23266837000846863, 0.23103798925876617, 0.22497877478599548], "high_L2": [60.48706817626953, 59.71426010131836, 59.737953186035156, 62.22941970825195, 60.77100372314453, 61.91981887817383, 60.48678207397461, 59.93550491333008, 63.881710052490234, 60.533138275146484], "high_cosine": [0.5784600973129272, 0.5733112692832947, 0.5665549635887146, 0.530637800693512, 0.5694288015365601, 0.5448634028434753, 0.5647477507591248, 0.5573188662528992, 0.5337932109832764, 0.5663720965385437], "clip_cosine": [0.9994853734970093, 0.9995023608207703, 0.9996079802513123, 0.9995523691177368, 0.9994732141494751, 0.9995931386947632, 0.9995321035385132, 0.9994206428527832, 0.9994322061538696, 0.9995484352111816], "dino_cosine": [0.9797148704528809, 0.9787754416465759, 0.9769243597984314, 0.9772878885269165, 0.9727715849876404, 0.9737021923065186, 0.9769867658615112, 0.9771369099617004, 0.9781308770179749, 0.9721783399581909], "clip_L2": [8.959806442260742, 8.938175201416016, 7.8845319747924805, 8.229931831359863, 9.151765823364258, 8.071231842041016, 8.772771835327148, 9.319415092468262, 9.321276664733887, 8.709100723266602], "dino_L2": [15.351154327392578, 15.488326072692871, 15.630317687988281, 15.984076499938965, 16.046781539916992, 15.891295433044434, 14.792155265808105, 15.096244812011719, 15.582306861877441, 16.007558822631836], "rcnn_confidence": [0.0, 0.0, 0.0, 0.0, 0.0, 0.0, 0.0, 0.0, 0.0, 0.0], "yolo_confidence": [0.0, 0.0, 0.0, 0.0, 0.0, 0.0, 0.0, 0.0, 0.0, 0.0]}