{"pixel_L2": [25397.44140625, 22123.48828125, 29514.5546875, 26249.720703125, 26411.13671875, 24712.85546875, 26852.44921875, 23741.185546875, 32971.20703125, 22697.39453125], "pixel_cosine": [0.8942266702651978, 0.9082584977149963, 0.8926615715026855, 0.8798872232437134, 0.8947767019271851, 0.9032041430473328, 0.8694687485694885, 0.9099190831184387, 0.8860253691673279, 0.8869720101356506], "low_L2": [391.2693786621094, 368.55877685546875, 377.15008544921875, 371.4696044921875, 416.1575622558594, 384.1838684082031, 385.1090393066406, 363.6218566894531, 365.3777770996094, 377.3877868652344], "low_cosine": [0.4260714650154114, 0.4568096101284027, 0.42323535680770874, 0.47830456495285034, 0.3988610506057739, 0.41564100980758667, 0.4451425075531006, 0.4375925660133362, 0.45050907135009766, 0.48697376251220703], "mid_L2": [298.4784240722656, 292.42620849609375, 284.22021484375, 301.27679443359375, 290.4384765625, 291.18890380859375, 308.9986877441406, 275.9526062011719, 289.63348388671875, 304.4140625], "mid_cosine": [0.321795791387558, 0.34051281213760376, 0.3426588177680969, 0.32753437757492065, 0.3412235379219055, 0.33473607897758484, 0.31198567152023315, 0.3426368236541748, 0.3252655565738678, 0.32746952772140503], "high_L2": [68.18514251708984, 63.47831726074219, 59.30343246459961, 61.26095962524414, 60.67487335205078, 61.0213508605957, 64.17373657226562, 61.193389892578125, 60.04928207397461, 63.450340270996094], "high_cosine": [0.4307286739349365, 0.4719756543636322, 0.528400182723999, 0.510001540184021, 0.5179476141929626, 0.4855141043663025, 0.40756410360336304, 0.5228466987609863, 0.4605565667152405, 0.4439924359321594], "clip_cosine": [0.9991337060928345, 0.9990893006324768, 0.999072790145874, 0.9990881681442261, 0.999296247959137, 0.9991812109947205, 0.998725175857544, 0.9990928769111633, 0.9991577863693237, 0.9992818832397461], "dino_cosine": [0.9661467671394348, 0.97077476978302, 0.9729102849960327, 0.9786181449890137, 0.9796027541160583, 0.9753084182739258, 0.9717574715614319, 0.972332239151001, 0.9706581234931946, 0.9691458940505981], "clip_L2": [10.697901725769043, 10.631011962890625, 10.619755744934082, 10.693157196044922, 9.610489845275879, 10.234623908996582, 12.203011512756348, 10.524177551269531, 10.234304428100586, 9.627542495727539], "dino_L2": [14.099202156066895, 13.081062316894531, 11.831197738647461, 11.119787216186523, 11.515921592712402, 11.75217342376709, 13.441465377807617, 12.344797134399414, 12.643272399902344, 12.845548629760742], "rcnn_confidence": [0.0, 0.0, 0.0, 0.0, 0.0, 0.0, 0.0, 0.0, 0.0, 0.0], "yolo_confidence": [0.0, 0.0, 0.0, 0.0, 0.0, 0.0, 0.0, 0.0, 0.0, 0.0]}