{"pixel_L2": [15838.1279296875, 15875.783203125, 15621.6953125, 15912.548828125, 15812.828125, 15720.4736328125, 16084.7001953125, 16125.7158203125, 15836.263671875, 15930.5810546875], "pixel_cosine": [0.958842396736145, 0.9586561918258667, 0.9590985774993896, 0.9587507247924805, 0.9581205248832703, 0.9590109586715698, 0.9579703211784363, 0.9593519568443298, 0.9584875106811523, 0.9587019681930542], "low_L2": [124.09146881103516, 124.06950378417969, 124.21294403076172, 125.37484741210938, 124.09185791015625, 124.10712432861328, 125.54117584228516, 125.22537231445312, 124.37664031982422, 125.20166778564453], "low_cosine": [0.9434223771095276, 0.943649172782898, 0.943169116973877, 0.9426991939544678, 0.9431333541870117, 0.9432437419891357, 0.941992998123169, 0.9429115056991577, 0.9428412914276123, 0.9431477785110474], "mid_L2": [187.8330841064453, 187.35011291503906, 189.75172424316406, 189.51089477539062, 189.4549102783203, 189.198974609375, 190.74403381347656, 189.53494262695312, 188.85386657714844, 187.9669952392578], "mid_cosine": [0.7932093143463135, 0.7945408821105957, 0.7887897491455078, 0.7909403443336487, 0.78858482837677, 0.7903132438659668, 0.7872361540794373, 0.7911805510520935, 0.7899734377861023, 0.7934783697128296], "high_L2": [42.72179412841797, 42.519649505615234, 44.14708709716797, 42.89507293701172, 43.47523498535156, 42.748600006103516, 43.33168411254883, 43.40797805786133, 42.50699234008789, 42.13410568237305], "high_cosine": [0.8143467903137207, 0.8166038393974304, 0.8032748699188232, 0.8150352835655212, 0.8060076236724854, 0.8161823749542236, 0.8080230355262756, 0.8094773292541504, 0.8156949281692505, 0.8196852803230286], "clip_cosine": [0.9982908964157104, 0.9985271692276001, 0.998573899269104, 0.9983198642730713, 0.9979723691940308, 0.9983106255531311, 0.9981077313423157, 0.997882068157196, 0.9980496168136597, 0.9976548552513123], "dino_cosine": [0.9683663845062256, 0.9698302149772644, 0.9697497487068176, 0.9717342853546143, 0.9692654609680176, 0.969284176826477, 0.9691356420516968, 0.9699686169624329, 0.9682787656784058, 0.968399703502655], "clip_L2": [10.359281539916992, 9.873000144958496, 9.83980941772461, 10.48367977142334, 11.859067916870117, 9.997218132019043, 10.929402351379395, 10.337796211242676, 11.99951457977295, 12.429344177246094], "dino_L2": [14.628229141235352, 14.325716972351074, 14.516644477844238, 14.01600456237793, 14.204183578491211, 14.245620727539062, 14.247368812561035, 14.190362930297852, 14.786210060119629, 15.045711517333984], "rcnn_confidence": [0.0, 0.0, 0.0, 0.0, 0.0, 0.0, 0.0, 0.0, 0.0, 0.0], "yolo_confidence": [0.0, 0.0, 0.0, 0.0, 0.0, 0.0, 0.0, 0.0, 0.0, 0.0]}