{"pixel_L2": [50159.921875, 50990.66015625, 51151.62109375, 50530.40234375, 49833.8515625, 51207.51953125, 50467.51171875, 50918.0234375, 50273.765625, 50627.53125], "pixel_cosine": [0.7350478172302246, 0.734012246131897, 0.7327507138252258, 0.7346441745758057, 0.7258656024932861, 0.7356375455856323, 0.7282606363296509, 0.7261404991149902, 0.7310158610343933, 0.7308956384658813], "low_L2": [739.13427734375, 735.670166015625, 741.2620849609375, 730.193603515625, 740.54248046875, 748.5636596679688, 750.71142578125, 755.4019775390625, 741.342041015625, 744.9873046875], "low_cosine": [0.36383891105651855, 0.36454737186431885, 0.3481512665748596, 0.36454394459724426, 0.3786112368106842, 0.33614295721054077, 0.3496773838996887, 0.3658994436264038, 0.37245649099349976, 0.3885195255279541], "mid_L2": [511.28033447265625, 514.5377807617188, 510.7108154296875, 512.8843383789062, 513.5626220703125, 511.42919921875, 521.0076293945312, 518.454345703125, 513.7208862304688, 507.2872314453125], "mid_cosine": [0.15083229541778564, 0.13641436398029327, 0.15071818232536316, 0.13336093723773956, 0.15573590993881226, 0.1484215259552002, 0.16004477441310883, 0.14747802913188934, 0.15194612741470337, 0.19051745533943176], "high_L2": [68.05095672607422, 68.64974975585938, 67.05743408203125, 67.65229797363281, 66.44586181640625, 68.08137512207031, 67.20111083984375, 69.20287322998047, 66.76454162597656, 67.222900390625], "high_cosine": [0.14575745165348053, 0.1387248933315277, 0.165963277220726, 0.12991181015968323, 0.1911405473947525, 0.13197311758995056, 0.22677214443683624, 0.14689131081104279, 0.14105331897735596, 0.16064801812171936], "clip_cosine": [0.9985763430595398, 0.9984157681465149, 0.9984506368637085, 0.998475193977356, 0.9986332058906555, 0.9985436201095581, 0.9986163973808289, 0.9984728693962097, 0.9984362125396729, 0.9984543919563293], "dino_cosine": [0.9336950182914734, 0.9412830471992493, 0.9425214529037476, 0.9418842792510986, 0.9433987140655518, 0.9342327117919922, 0.9357631802558899, 0.9340615272521973, 0.946894645690918, 0.9283968806266785], "clip_L2": [14.904179573059082, 15.252474784851074, 14.82962417602539, 15.336785316467285, 14.657922744750977, 14.890581130981445, 14.2675142288208, 15.00649642944336, 15.230147361755371, 15.094168663024902], "dino_L2": [19.51061248779297, 19.411161422729492, 17.959592819213867, 19.503870010375977, 19.324731826782227, 19.185985565185547, 18.170705795288086, 19.390687942504883, 18.840099334716797, 20.105857849121094], "rcnn_confidence": [0.0, 0.0, 0.0, 0.0, 0.0, 0.0, 0.0, 0.0, 0.0, 0.0], "yolo_confidence": [0.0, 0.0, 0.0, 0.0, 0.0, 0.0, 0.0, 0.0, 0.0, 0.0]}