{"pixel_L2": [36076.48046875, 39045.48828125, 44403.765625, 41412.10546875, 38439.84765625, 40620.51953125, 36113.08984375, 37822.37109375, 40409.45703125, 42158.5625], "pixel_cosine": [0.8064014911651611, 0.770369827747345, 0.7247328758239746, 0.7390525341033936, 0.7628210783004761, 0.7548640370368958, 0.8221368193626404, 0.8007953763008118, 0.7683559060096741, 0.7227652072906494], "low_L2": [1054.2613525390625, 976.1130981445312, 1076.0338134765625, 1016.7416381835938, 989.0849609375, 981.122314453125, 931.7787475585938, 1028.9237060546875, 1003.1356811523438, 984.1143188476562], "low_cosine": [0.3447512984275818, 0.2969280779361725, 0.2700175642967224, 0.2984142303466797, 0.2842327058315277, 0.301211953163147, 0.311141699552536, 0.34857285022735596, 0.33360958099365234, 0.2527592182159424], "mid_L2": [776.7236328125, 619.0310668945312, 752.2219848632812, 652.389404296875, 689.7506103515625, 723.077880859375, 606.5092163085938, 788.2931518554688, 681.768310546875, 755.8757934570312], "mid_cosine": [0.13022193312644958, 0.12249897420406342, 0.19145342707633972, 0.21496841311454773, 0.16087178885936737, 0.15021023154258728, 0.14697086811065674, 0.1557663381099701, 0.18192899227142334, 0.10627827793359756], "high_L2": [63.03770446777344, 64.75527954101562, 74.62886810302734, 68.2125015258789, 78.5334701538086, 77.62578582763672, 75.10140228271484, 71.30008697509766, 76.12196350097656, 88.94801330566406], "high_cosine": [0.6200436949729919, 0.5184190273284912, 0.3807995915412903, 0.4598139524459839, 0.30791419744491577, 0.4015282392501831, 0.33906662464141846, 0.46177494525909424, 0.3479853570461273, 0.19966024160385132], "clip_cosine": [0.9978792071342468, 0.9983103275299072, 0.9972236752510071, 0.9986422061920166, 0.9963135719299316, 0.9977194666862488, 0.997866153717041, 0.9979923963546753, 0.9979653358459473, 0.9979077577590942], "dino_cosine": [0.9525260925292969, 0.9662153124809265, 0.9407389163970947, 0.9588456153869629, 0.9505557417869568, 0.9500816464424133, 0.962273895740509, 0.942218542098999, 0.9587831497192383, 0.9424983859062195], "clip_L2": [13.564520835876465, 13.005213737487793, 15.63878059387207, 12.959693908691406, 16.185279846191406, 14.669517517089844, 15.327779769897461, 13.98168659210205, 14.51977252960205, 15.220653533935547], "dino_L2": [15.987226486206055, 14.717890739440918, 17.940841674804688, 15.829363822937012, 16.824867248535156, 16.244430541992188, 16.283771514892578, 17.2250919342041, 16.42414665222168, 17.577550888061523], "rcnn_confidence": [0.8336478471755981, 0.977661669254303, 0.0, 0.0, 0.0, 0.12851963937282562, 0.17342692613601685, 0.0, 0.0, 0.0], "yolo_confidence": [0.4842223525047302, 0.251141220331192, 0.0, 0.0, 0.0, 0.0, 0.0, 0.4758211076259613, 0.0, 0.0]}