{"pixel_L2": [40970.078125, 41090.61328125, 41036.56640625, 41006.5625, 41075.01171875, 41018.12890625, 41132.7578125, 41092.4453125, 40998.92578125, 41021.14453125], "pixel_cosine": [0.3728301227092743, 0.37266218662261963, 0.37256449460983276, 0.3731004595756531, 0.3726077675819397, 0.3729592561721802, 0.37244728207588196, 0.37352654337882996, 0.3720878064632416, 0.3730379641056061], "low_L2": [698.251220703125, 699.383056640625, 698.9451904296875, 699.0542602539062, 698.822509765625, 698.8660278320312, 699.4885864257812, 698.8248901367188, 698.5612182617188, 698.466796875], "low_cosine": [0.2612673044204712, 0.25918179750442505, 0.25966304540634155, 0.26002734899520874, 0.2601398825645447, 0.25971439480781555, 0.2599228620529175, 0.2595733404159546, 0.2602977752685547, 0.2606923282146454], "mid_L2": [473.5948486328125, 473.984375, 473.5058288574219, 473.74603271484375, 474.06634521484375, 474.2173767089844, 473.9690856933594, 472.9763488769531, 473.93328857421875, 472.8099060058594], "mid_cosine": [0.22249934077262878, 0.2218809574842453, 0.22267752885818481, 0.22168216109275818, 0.22157226502895355, 0.22048364579677582, 0.22144824266433716, 0.22344768047332764, 0.2216697335243225, 0.22417673468589783], "high_L2": [73.42528533935547, 73.35945129394531, 73.36007690429688, 73.19340515136719, 73.34300231933594, 73.5416030883789, 73.3021011352539, 73.05998229980469, 73.5567626953125, 73.26595306396484], "high_cosine": [0.10744236409664154, 0.10836715996265411, 0.10639413446187973, 0.10832010209560394, 0.10777738690376282, 0.10660739988088608, 0.10697545111179352, 0.10806684195995331, 0.10720331966876984, 0.10889929533004761], "clip_cosine": [0.9980250000953674, 0.998035728931427, 0.9980381727218628, 0.9980167746543884, 0.998033344745636, 0.9980036616325378, 0.9979690313339233, 0.997978150844574, 0.9980332255363464, 0.9980063438415527], "dino_cosine": [0.9378588795661926, 0.9400995969772339, 0.9432827234268188, 0.9380521774291992, 0.9412041306495667, 0.9410249590873718, 0.9399499893188477, 0.9396390914916992, 0.9416496157646179, 0.9386684894561768], "clip_L2": [16.478670120239258, 16.776443481445312, 16.680761337280273, 16.64080810546875, 16.75434112548828, 16.84501075744629, 16.86081886291504, 16.815414428710938, 16.75724983215332, 16.832250595092773], "dino_L2": [18.47249984741211, 18.557762145996094, 18.248249053955078, 18.584571838378906, 18.450801849365234, 18.8212833404541, 18.60738754272461, 18.53665542602539, 18.306535720825195, 18.550142288208008], "rcnn_confidence": [0.0, 0.0, 0.0, 0.0, 0.0, 0.0, 0.0, 0.0, 0.0, 0.0], "yolo_confidence": [0.0, 0.0, 0.0, 0.0, 0.0, 0.0, 0.0, 0.0, 0.0, 0.0]}