{"pixel_L2": [33692.8984375, 32979.35546875, 32979.8125, 33388.8046875, 35674.44921875, 32768.68359375, 34237.8984375, 36443.51171875, 32723.482421875, 33170.890625], "pixel_cosine": [0.5976685285568237, 0.7262819409370422, 0.6429271101951599, 0.6112437844276428, 0.5540763139724731, 0.6469048857688904, 0.6368399262428284, 0.5366856455802917, 0.6321736574172974, 0.6191756129264832], "low_L2": [758.8153076171875, 726.1956176757812, 736.956298828125, 735.8820190429688, 741.2689819335938, 738.0735473632812, 752.8314208984375, 743.7147216796875, 738.74267578125, 736.51806640625], "low_cosine": [0.35961130261421204, 0.4589581787586212, 0.4284743666648865, 0.4296852946281433, 0.3986542522907257, 0.42821478843688965, 0.3634006679058075, 0.3911926746368408, 0.416057825088501, 0.42109590768814087], "mid_L2": [511.93524169921875, 482.9591979980469, 486.1758117675781, 485.6474914550781, 491.4177551269531, 483.677734375, 499.97210693359375, 490.9706115722656, 486.97576904296875, 489.7579650878906], "mid_cosine": [0.1829957664012909, 0.23512768745422363, 0.2183385193347931, 0.22316096723079681, 0.21093136072158813, 0.23798270523548126, 0.18251684308052063, 0.20909973978996277, 0.2215450257062912, 0.2137323021888733], "high_L2": [75.66893768310547, 77.94947052001953, 78.15778350830078, 80.21479034423828, 79.94066619873047, 77.98379516601562, 79.41153717041016, 80.59879302978516, 78.05819702148438, 77.8700180053711], "high_cosine": [0.24075627326965332, 0.1761126071214676, 0.12191600352525711, 0.13390697538852692, 0.12058191001415253, 0.1517278105020523, 0.16186966001987457, 0.1320909857749939, 0.19283045828342438, 0.17809751629829407], "clip_cosine": [0.9987253546714783, 0.9987102150917053, 0.9986639022827148, 0.9986773133277893, 0.998575747013092, 0.998622715473175, 0.9985325336456299, 0.9986331462860107, 0.9985350966453552, 0.9985570311546326], "dino_cosine": [0.9427212476730347, 0.9507265090942383, 0.9445633888244629, 0.9341291189193726, 0.950384795665741, 0.9452510476112366, 0.9455474019050598, 0.9483264684677124, 0.9530527591705322, 0.9366276264190674], "clip_L2": [13.730369567871094, 13.751975059509277, 14.209343910217285, 14.087471008300781, 14.622092247009277, 14.63941764831543, 14.78709602355957, 14.485655784606934, 14.634320259094238, 14.637539863586426], "dino_L2": [17.54827308654785, 17.457359313964844, 17.848840713500977, 19.892427444458008, 17.999229431152344, 18.045129776000977, 18.426280975341797, 18.985021591186523, 16.815338134765625, 18.656049728393555], "rcnn_confidence": [0.0, 0.0, 0.0, 0.0, 0.0, 0.0, 0.0, 0.0, 0.0, 0.0], "yolo_confidence": [0.0, 0.0, 0.0, 0.0, 0.0, 0.0, 0.0, 0.0, 0.0, 0.0]}