{"pixel_L2": [20394.208984375, 20157.5703125, 20291.83203125, 19987.9296875, 20175.9765625, 20259.30859375, 20169.611328125, 41663.42578125, 20275.0546875, 20223.33203125], "pixel_cosine": [0.8864327073097229, 0.8869407773017883, 0.8875083327293396, 0.889104962348938, 0.8889827728271484, 0.8870355486869812, 0.886601448059082, 0.0, 0.8845414519309998, 0.887761116027832], "low_L2": [403.19329833984375, 403.5096740722656, 404.8324890136719, 404.5536804199219, 404.0821838378906, 404.2939453125, 403.6506652832031, 482.650146484375, 408.2136535644531, 405.08453369140625], "low_cosine": [0.5846942663192749, 0.5800890326499939, 0.5761927962303162, 0.5776810646057129, 0.5824011564254761, 0.5772936344146729, 0.5802788138389587, 0.229995459318161, 0.5615612268447876, 0.5740213990211487], "mid_L2": [296.98333740234375, 298.54541015625, 301.57958984375, 297.842529296875, 298.49359130859375, 297.2236633300781, 299.685546875, 309.7795715332031, 301.3404846191406, 300.9750061035156], "mid_cosine": [0.4208385646343231, 0.41950854659080505, 0.412315309047699, 0.42248618602752686, 0.41547921299934387, 0.4248688220977783, 0.4169696569442749, 0.24727460741996765, 0.41019517183303833, 0.4148401618003845], "high_L2": [80.19987487792969, 77.96815490722656, 77.40743255615234, 80.8258285522461, 81.0434799194336, 79.75066375732422, 80.1776351928711, 80.63999938964844, 78.74771118164062, 78.38238525390625], "high_cosine": [0.24177822470664978, 0.2761518359184265, 0.29620781540870667, 0.22981096804141998, 0.21023665368556976, 0.24579328298568726, 0.22867710888385773, 0.1225305125117302, 0.2590784728527069, 0.27048689126968384], "clip_cosine": [0.9968624711036682, 0.9968851804733276, 0.9968281984329224, 0.996705174446106, 0.9968056678771973, 0.9968183636665344, 0.9968011379241943, 0.9964590072631836, 0.9967650771141052, 0.9968054890632629], "dino_cosine": [0.954481840133667, 0.9628223776817322, 0.955825924873352, 0.9562953114509583, 0.9561724066734314, 0.9534540772438049, 0.9585469961166382, 0.9400979280471802, 0.9544589519500732, 0.9570159912109375], "clip_L2": [17.79945182800293, 17.638723373413086, 17.834550857543945, 18.032440185546875, 17.80653953552246, 18.062664031982422, 18.067304611206055, 19.601415634155273, 18.14581871032715, 18.11014747619629], "dino_L2": [17.7050838470459, 16.521772384643555, 18.144271850585938, 18.781496047973633, 18.111164093017578, 18.96504020690918, 18.5710391998291, 23.696741104125977, 18.930204391479492, 17.475385665893555], "rcnn_confidence": [0.0, 0.0, 0.0, 0.0, 0.0, 0.0, 0.0, 0.0, 0.0, 0.0], "yolo_confidence": [0.0, 0.0, 0.0, 0.0, 0.0, 0.0, 0.0, 0.0, 0.0, 0.0]}