{"pixel_L2": [41767.8359375, 40942.1796875, 41695.3046875, 40798.15234375, 41583.30078125, 41302.7578125, 41196.390625, 40747.234375, 40820.8515625, 40938.71484375], "pixel_cosine": [0.6323353052139282, 0.6544046401977539, 0.6324447393417358, 0.6537160277366638, 0.6370141506195068, 0.6438544392585754, 0.6452570557594299, 0.6560803055763245, 0.6570008397102356, 0.6549060344696045], "low_L2": [964.8411865234375, 954.9125366210938, 960.0579833984375, 948.4889526367188, 958.0933837890625, 961.3036499023438, 953.8116455078125, 957.0421142578125, 954.4725952148438, 957.4916381835938], "low_cosine": [0.400962233543396, 0.40178999304771423, 0.4023764729499817, 0.413165807723999, 0.40622371435165405, 0.3992760181427002, 0.40832436084747314, 0.4027978181838989, 0.40384286642074585, 0.4004977345466614], "mid_L2": [670.7515869140625, 669.8408813476562, 669.4071044921875, 672.2658081054688, 671.1361083984375, 670.7908325195312, 666.7767333984375, 668.009765625, 669.030517578125, 667.2518310546875], "mid_cosine": [0.1218729317188263, 0.1156623363494873, 0.1332283318042755, 0.1258595585823059, 0.1129111647605896, 0.11961573362350464, 0.12885186076164246, 0.1267578899860382, 0.11963105201721191, 0.12359383702278137], "high_L2": [88.05113220214844, 89.06533813476562, 87.7139663696289, 86.40324401855469, 88.21776580810547, 88.31474304199219, 88.4775619506836, 87.61539459228516, 87.8506088256836, 88.7245101928711], "high_cosine": [0.12330617010593414, 0.11656251549720764, 0.1511969268321991, 0.21866005659103394, 0.12501637637615204, 0.12128210067749023, 0.1124185100197792, 0.13560263812541962, 0.12492114305496216, 0.11754924058914185], "clip_cosine": [0.9984933137893677, 0.9983494281768799, 0.9986118078231812, 0.9986553192138672, 0.998623788356781, 0.9984520673751831, 0.9984131455421448, 0.9987123012542725, 0.9985146522521973, 0.9980326294898987], "dino_cosine": [0.9348222017288208, 0.9336501955986023, 0.9531112909317017, 0.9594029784202576, 0.9458363652229309, 0.9307814836502075, 0.9304959774017334, 0.950682520866394, 0.9248915314674377, 0.9233176708221436], "clip_L2": [15.397528648376465, 15.681697845458984, 14.448799133300781, 14.332171440124512, 14.675468444824219, 15.556134223937988, 15.621785163879395, 14.007667541503906, 15.289709091186523, 16.365238189697266], "dino_L2": [19.028188705444336, 18.99422836303711, 16.5479793548584, 15.548986434936523, 16.838167190551758, 20.219690322875977, 20.133705139160156, 16.10805892944336, 20.736040115356445, 20.415483474731445], "rcnn_confidence": [0.0, 0.0, 0.0, 0.0, 0.0, 0.0, 0.0, 0.0, 0.0, 0.0], "yolo_confidence": [0.0, 0.0, 0.0, 0.0, 0.0, 0.0, 0.0, 0.0, 0.0, 0.0]}