{"pixel_L2": [43941.05078125, 44343.1640625, 44249.38671875, 43172.21875, 44681.42578125, 45623.5703125, 44085.51953125, 42731.5859375, 46250.33984375, 44938.6171875], "pixel_cosine": [0.7292612791061401, 0.6831557750701904, 0.7408480048179626, 0.7409051060676575, 0.7181229591369629, 0.7650229930877686, 0.7501653432846069, 0.7138308882713318, 0.7482607960700989, 0.7516552209854126], "low_L2": [799.6867065429688, 807.5599975585938, 807.804443359375, 803.070068359375, 806.1819458007812, 804.863525390625, 796.1246948242188, 812.3761596679688, 802.6324462890625, 795.9931030273438], "low_cosine": [0.43065738677978516, 0.4125767946243286, 0.4105123281478882, 0.4226468801498413, 0.4146263301372528, 0.42986375093460083, 0.4397815465927124, 0.40997087955474854, 0.43392813205718994, 0.4452736973762512], "mid_L2": [436.70257568359375, 441.8795471191406, 436.60595703125, 434.1918029785156, 436.1931457519531, 433.152099609375, 437.3255310058594, 442.84063720703125, 429.00482177734375, 433.02532958984375], "mid_cosine": [0.26417869329452515, 0.24874573945999146, 0.2513790726661682, 0.25885963439941406, 0.26092463731765747, 0.25292283296585083, 0.25910308957099915, 0.27550995349884033, 0.27173325419425964, 0.25831228494644165], "high_L2": [81.63040924072266, 90.7629165649414, 87.07905578613281, 88.18855285644531, 84.8320541381836, 84.7455825805664, 82.6037826538086, 80.78014373779297, 85.62305450439453, 86.14615631103516], "high_cosine": [0.2873907685279846, 0.19244180619716644, 0.20273369550704956, 0.19247980415821075, 0.23138836026191711, 0.228500097990036, 0.2814696729183197, 0.3272691071033478, 0.2285289466381073, 0.20961958169937134], "clip_cosine": [0.9959603548049927, 0.9958094358444214, 0.995550811290741, 0.9956684708595276, 0.995682418346405, 0.9958176016807556, 0.9957457184791565, 0.995937705039978, 0.9956156015396118, 0.9957945942878723], "dino_cosine": [0.9466516971588135, 0.9460343718528748, 0.9359493851661682, 0.9427059292793274, 0.9432302713394165, 0.9396217465400696, 0.9485428333282471, 0.9479142427444458, 0.9340750575065613, 0.9381950497627258], "clip_L2": [17.872140884399414, 17.761280059814453, 18.485200881958008, 18.653715133666992, 18.33376693725586, 18.30326271057129, 18.242765426635742, 18.13817024230957, 18.365968704223633, 17.81185531616211], "dino_L2": [18.22639274597168, 18.388286590576172, 19.62797737121582, 18.804828643798828, 18.689485549926758, 19.17478370666504, 18.44017219543457, 18.01456642150879, 19.53976058959961, 19.34127426147461], "rcnn_confidence": [0.0, 0.0, 0.0, 0.0, 0.0, 0.0, 0.0, 0.0, 0.0, 0.0], "yolo_confidence": [0.0, 0.0, 0.0, 0.0, 0.0, 0.0, 0.0, 0.0, 0.0, 0.0]}