{"pixel_L2": [20819.59765625, 24379.244140625, 20888.5859375, 23511.330078125, 21358.8515625, 21588.26953125, 25412.75, 37854.18359375, 22780.984375, 21550.34765625], "pixel_cosine": [0.7245736122131348, 0.7133625745773315, 0.7382563352584839, 0.7394607663154602, 0.7209680080413818, 0.735970139503479, 0.7364665865898132, 0.6972451210021973, 0.7169328331947327, 0.7154958844184875], "low_L2": [365.27764892578125, 373.4869384765625, 362.35723876953125, 365.4111022949219, 362.662841796875, 363.2549743652344, 358.8523254394531, 394.4792785644531, 368.4637756347656, 364.98590087890625], "low_cosine": [0.5354735851287842, 0.5285866856575012, 0.5461862087249756, 0.5441871881484985, 0.5457338094711304, 0.5576419830322266, 0.562904953956604, 0.5021250247955322, 0.5391454696655273, 0.5427365303039551], "mid_L2": [308.3390808105469, 314.7596740722656, 306.2264709472656, 321.3606872558594, 307.3377685546875, 318.18719482421875, 309.9269104003906, 325.5464172363281, 320.5188293457031, 308.5188903808594], "mid_cosine": [0.3855251669883728, 0.39199739694595337, 0.40524911880493164, 0.3636537194252014, 0.3998936414718628, 0.3770069479942322, 0.40773606300354004, 0.3567240238189697, 0.37281423807144165, 0.4015478789806366], "high_L2": [77.93904113769531, 78.01023864746094, 78.04827117919922, 79.3674087524414, 76.20945739746094, 74.65030670166016, 74.97964477539062, 79.7127685546875, 78.19845581054688, 77.10661315917969], "high_cosine": [0.1525871455669403, 0.19720879197120667, 0.1541518270969391, 0.1476614773273468, 0.1992361694574356, 0.26577672362327576, 0.29128003120422363, 0.1362462192773819, 0.17532773315906525, 0.17172226309776306], "clip_cosine": [0.9988082051277161, 0.9988425970077515, 0.9988495111465454, 0.9986702799797058, 0.9987413287162781, 0.9990043044090271, 0.9988347291946411, 0.9989648461341858, 0.9986982345581055, 0.9986734390258789], "dino_cosine": [0.9545282125473022, 0.944186270236969, 0.9499890208244324, 0.9515602588653564, 0.9497650861740112, 0.9557420015335083, 0.9503812789916992, 0.9473690986633301, 0.9564234614372253, 0.9447205066680908], "clip_L2": [13.238895416259766, 13.333989143371582, 13.114819526672363, 14.299068450927734, 13.55360221862793, 12.447888374328613, 13.186541557312012, 12.708946228027344, 14.60090446472168, 13.558063507080078], "dino_L2": [17.630380630493164, 18.74248695373535, 18.732988357543945, 17.44185447692871, 18.754955291748047, 16.81413459777832, 17.858036041259766, 18.99074935913086, 16.521862030029297, 18.166120529174805], "rcnn_confidence": [0.0, 0.0, 0.0, 0.0, 0.0, 0.0, 0.0, 0.0, 0.0, 0.0], "yolo_confidence": [0.0, 0.0, 0.0, 0.0, 0.0, 0.0, 0.0, 0.0, 0.0, 0.0]}