{"pixel_L2": [47388.68359375, 44770.68359375, 39928.390625, 41420.65234375, 39116.27734375, 38525.88671875, 43454.0625, 41712.87109375, 40223.01171875, 40900.97265625], "pixel_cosine": [0.6832783818244934, 0.607770562171936, 0.7109142541885376, 0.7222585678100586, 0.722851037979126, 0.7374321222305298, 0.7185556292533875, 0.6924124360084534, 0.7180458903312683, 0.6837823390960693], "low_L2": [1143.4775390625, 1144.5125732421875, 1137.74755859375, 1168.4783935546875, 1142.744873046875, 1126.09521484375, 1123.3905029296875, 1195.4854736328125, 1119.9715576171875, 1114.9246826171875], "low_cosine": [0.4223092198371887, 0.40561679005622864, 0.4752047657966614, 0.42429786920547485, 0.47293561697006226, 0.46599411964416504, 0.43192678689956665, 0.47965168952941895, 0.4890490174293518, 0.4626806080341339], "mid_L2": [701.806884765625, 715.9126586914062, 672.7450561523438, 697.2600708007812, 743.97998046875, 743.307373046875, 651.241455078125, 673.6787719726562, 673.507080078125, 669.9510498046875], "mid_cosine": [0.21133193373680115, 0.20419958233833313, 0.2852225601673126, 0.22624850273132324, 0.1960807740688324, 0.18028685450553894, 0.257560133934021, 0.23586544394493103, 0.2493690401315689, 0.2505982518196106], "high_L2": [93.58141326904297, 94.93236541748047, 81.92459869384766, 82.71842193603516, 81.11254119873047, 84.40435791015625, 88.31758880615234, 83.88203430175781, 83.37987518310547, 86.39427185058594], "high_cosine": [0.3028208613395691, 0.31146669387817383, 0.507489025592804, 0.5009427666664124, 0.5446153283119202, 0.46364259719848633, 0.3799014687538147, 0.47234293818473816, 0.4863177537918091, 0.4449542760848999], "clip_cosine": [0.9971360564231873, 0.998279333114624, 0.9978517293930054, 0.9962530732154846, 0.9969441294670105, 0.9981614351272583, 0.9975631237030029, 0.9967002868652344, 0.9951808452606201, 0.9967595338821411], "dino_cosine": [0.9590530395507812, 0.9715461134910583, 0.9705451726913452, 0.9766128063201904, 0.9808453917503357, 0.9828859567642212, 0.9744418859481812, 0.9668543338775635, 0.9750770330429077, 0.9712904691696167], "clip_L2": [15.867838859558105, 13.682779312133789, 14.3865966796875, 15.781615257263184, 15.10856819152832, 13.634711265563965, 14.98165225982666, 16.534740447998047, 16.32305908203125, 16.54961585998535], "dino_L2": [16.771507263183594, 13.082189559936523, 14.204554557800293, 11.741463661193848, 11.14975357055664, 10.773175239562988, 12.625558853149414, 14.320549964904785, 12.749977111816406, 12.857455253601074], "rcnn_confidence": [0.0, 0.0, 0.0, 0.2306974083185196, 0.0, 0.3713703453540802, 0.0, 0.0, 0.0, 0.0], "yolo_confidence": [0.0, 0.0, 0.0, 0.0, 0.0, 0.0, 0.0, 0.0, 0.0, 0.0]}