{"pixel_L2": [20847.484375, 20847.484375, 20847.484375, 20847.484375, 20847.484375, 20847.484375, 20847.484375, 20847.484375, 20847.484375, 20847.484375], "pixel_cosine": [0.0, 0.0, 0.0, 0.0, 0.0, 0.0, 0.0, 0.0, 0.0, 0.0], "low_L2": [272.42535400390625, 272.42535400390625, 272.42535400390625, 272.42535400390625, 272.42535400390625, 272.42535400390625, 272.42535400390625, 272.42535400390625, 272.42535400390625, 272.42535400390625], "low_cosine": [0.3502213954925537, 0.3502213954925537, 0.3502213954925537, 0.3502213954925537, 0.3502213954925537, 0.3502213954925537, 0.3502213954925537, 0.3502213954925537, 0.3502213954925537, 0.3502213954925537], "mid_L2": [265.45135498046875, 265.45135498046875, 265.45135498046875, 265.45135498046875, 265.45135498046875, 265.45135498046875, 265.45135498046875, 265.45135498046875, 265.45135498046875, 265.45135498046875], "mid_cosine": [0.17201927304267883, 0.17201927304267883, 0.17201927304267883, 0.17201927304267883, 0.17201927304267883, 0.17201927304267883, 0.17201927304267883, 0.17201927304267883, 0.17201927304267883, 0.17201927304267883], "high_L2": [66.35289764404297, 66.35289764404297, 66.35289764404297, 66.35289764404297, 66.35289764404297, 66.35289764404297, 66.35289764404297, 66.35289764404297, 66.35289764404297, 66.35289764404297], "high_cosine": [0.056306950747966766, 0.056306950747966766, 0.056306950747966766, 0.056306950747966766, 0.056306950747966766, 0.056306950747966766, 0.056306950747966766, 0.056306950747966766, 0.056306950747966766, 0.056306950747966766], "clip_cosine": [0.9982776641845703, 0.9982776641845703, 0.9982776641845703, 0.9982776641845703, 0.9982776641845703, 0.9982776641845703, 0.9982776641845703, 0.9982776641845703, 0.9982776641845703, 0.9982776641845703], "dino_cosine": [0.936866044998169, 0.936866044998169, 0.936866044998169, 0.936866044998169, 0.936866044998169, 0.936866044998169, 0.936866044998169, 0.936866044998169, 0.936866044998169, 0.936866044998169], "clip_L2": [16.342777252197266, 16.342777252197266, 16.342777252197266, 16.342777252197266, 16.342777252197266, 16.342777252197266, 16.342777252197266, 16.342777252197266, 16.342777252197266, 16.342777252197266], "dino_L2": [23.66094970703125, 23.66094970703125, 23.66094970703125, 23.66094970703125, 23.66094970703125, 23.66094970703125, 23.66094970703125, 23.66094970703125, 23.66094970703125, 23.66094970703125], "rcnn_confidence": [0.0, 0.0, 0.0, 0.0, 0.0, 0.0, 0.0, 0.0, 0.0, 0.0], "yolo_confidence": [0.0, 0.0, 0.0, 0.0, 0.0, 0.0, 0.0, 0.0, 0.0, 0.0]}