{"pixel_L2": [40149.421875, 40072.19140625, 40170.48046875, 40120.2578125, 40033.39453125, 40130.92578125, 40050.69921875, 39992.37109375, 40247.38671875, 40196.734375], "pixel_cosine": [0.4819577932357788, 0.4802403748035431, 0.4740408957004547, 0.4728388786315918, 0.4861971139907837, 0.4831186830997467, 0.4899338483810425, 0.4825745224952698, 0.4698442220687866, 0.4774593114852905], "low_L2": [813.1547241210938, 813.2266845703125, 812.97900390625, 812.9785766601562, 811.2500610351562, 812.1306762695312, 811.3944091796875, 811.71337890625, 814.3605346679688, 814.074951171875], "low_cosine": [0.29920440912246704, 0.2984985113143921, 0.2980947196483612, 0.29745838046073914, 0.30613017082214355, 0.30265942215919495, 0.3061404526233673, 0.30369073152542114, 0.292232483625412, 0.29385286569595337], "mid_L2": [461.3056335449219, 462.4059143066406, 462.7735290527344, 465.0997009277344, 464.0528259277344, 464.4322509765625, 462.96783447265625, 463.8114929199219, 462.5856628417969, 464.78131103515625], "mid_cosine": [0.17061199247837067, 0.17082726955413818, 0.1739165186882019, 0.1587047427892685, 0.16406939923763275, 0.1598949432373047, 0.17195609211921692, 0.17023786902427673, 0.1695960909128189, 0.16577009856700897], "high_L2": [72.65441131591797, 74.12442779541016, 72.56663513183594, 73.62525939941406, 72.78240966796875, 74.14259338378906, 72.85869598388672, 74.05931091308594, 73.27857208251953, 73.21725463867188], "high_cosine": [0.1545788198709488, 0.1384240835905075, 0.15760844945907593, 0.14074604213237762, 0.1430244892835617, 0.13004443049430847, 0.13954195380210876, 0.13977280259132385, 0.13102442026138306, 0.14921481907367706], "clip_cosine": [0.9972829818725586, 0.9973654747009277, 0.9973688125610352, 0.9973774552345276, 0.9973514080047607, 0.997384250164032, 0.9973013997077942, 0.9974658489227295, 0.9972093105316162, 0.9973704218864441], "dino_cosine": [0.9362415671348572, 0.9340373277664185, 0.9359152913093567, 0.9315699934959412, 0.9360857605934143, 0.930001974105835, 0.932409942150116, 0.9305356740951538, 0.9381441473960876, 0.938769519329071], "clip_L2": [16.68069076538086, 16.88332176208496, 17.20272445678711, 16.60077476501465, 16.618389129638672, 16.308753967285156, 16.890954971313477, 16.774869918823242, 17.174177169799805, 16.76170539855957], "dino_L2": [17.527128219604492, 17.371925354003906, 16.994558334350586, 17.55507469177246, 17.51921844482422, 17.534290313720703, 17.332855224609375, 17.669042587280273, 16.700950622558594, 16.676647186279297], "rcnn_confidence": [0.0, 0.0, 0.0, 0.0, 0.0, 0.0, 0.0, 0.0, 0.0, 0.0], "yolo_confidence": [0.0, 0.0, 0.0, 0.0, 0.0, 0.0, 0.0, 0.0, 0.0, 0.0]}