{"pixel_L2": [28049.830078125, 29924.240234375, 20900.81640625, 27340.58203125, 24866.40625, 28837.720703125, 28207.283203125, 25070.3671875, 24050.9609375, 20282.57421875], "pixel_cosine": [0.9088747501373291, 0.8961813449859619, 0.9516968727111816, 0.9145088791847229, 0.9292623996734619, 0.9033418297767639, 0.9080763459205627, 0.9285085797309875, 0.9338409304618835, 0.954120934009552], "low_L2": [667.9325561523438, 697.5025024414062, 437.7738037109375, 796.6373901367188, 597.5155639648438, 731.8762817382812, 668.2814331054688, 800.3399658203125, 634.4796142578125, 422.7878112792969], "low_cosine": [0.3569839894771576, 0.3473387658596039, 0.43637722730636597, 0.315321683883667, 0.35946452617645264, 0.3390939235687256, 0.38119053840637207, 0.31925034523010254, 0.3954777717590332, 0.45463821291923523], "mid_L2": [487.17535400390625, 365.7176513671875, 312.9646911621094, 442.53741455078125, 392.8486328125, 475.15435791015625, 408.72344970703125, 459.0864562988281, 388.3043212890625, 312.16900634765625], "mid_cosine": [0.14149576425552368, 0.19101257622241974, 0.214799702167511, 0.13824285566806793, 0.19857443869113922, 0.13775286078453064, 0.1848611980676651, 0.1647658497095108, 0.19796355068683624, 0.22116349637508392], "high_L2": [62.01060485839844, 60.12836837768555, 61.19422912597656, 64.06595611572266, 62.83301544189453, 62.57210159301758, 58.988380432128906, 70.67510223388672, 56.21639633178711, 58.17905807495117], "high_cosine": [0.26806360483169556, 0.3236044943332672, 0.3902246057987213, 0.27168869972229004, 0.30648258328437805, 0.2822531759738922, 0.4120187759399414, 0.20603977143764496, 0.3310348391532898, 0.3759177029132843], "clip_cosine": [0.9980676174163818, 0.9981981515884399, 0.9982122182846069, 0.997603178024292, 0.9985010027885437, 0.9983379244804382, 0.9986851215362549, 0.9984158873558044, 0.9977076649665833, 0.9980308413505554], "dino_cosine": [0.9426770210266113, 0.9521723985671997, 0.9537062048912048, 0.9642517566680908, 0.9355649352073669, 0.9570204019546509, 0.9623883366584778, 0.9485823512077332, 0.9368035197257996, 0.9549559354782104], "clip_L2": [13.526800155639648, 13.010115623474121, 14.241997718811035, 14.006375312805176, 12.585384368896484, 12.751989364624023, 11.636643409729004, 12.988001823425293, 14.796629905700684, 14.810843467712402], "dino_L2": [19.152244567871094, 16.96904945373535, 17.209888458251953, 15.597329139709473, 19.270490646362305, 17.244136810302734, 17.067468643188477, 18.142601013183594, 18.577289581298828, 17.57954216003418], "rcnn_confidence": [0.0, 0.0, 0.0, 0.05943424627184868, 0.0, 0.09568779915571213, 0.12616267800331116, 0.0, 0.0, 0.0], "yolo_confidence": [0.0, 0.0, 0.0, 0.0, 0.0, 0.0, 0.0, 0.0, 0.0, 0.0]}