{"pixel_L2": [37400.50390625, 33115.62890625, 38391.90625, 37946.16796875, 35947.65234375, 34440.02734375, 35265.11328125, 38351.01171875, 35422.3671875, 36097.65625], "pixel_cosine": [0.7651978731155396, 0.7793304920196533, 0.7693376541137695, 0.7481433153152466, 0.7763940095901489, 0.7854557037353516, 0.771212637424469, 0.757742702960968, 0.757922887802124, 0.7798397541046143], "low_L2": [849.3583374023438, 815.4407958984375, 779.3734130859375, 798.0407104492188, 823.559326171875, 781.45556640625, 778.5420532226562, 783.4843139648438, 786.6478271484375, 837.9653930664062], "low_cosine": [0.42119771242141724, 0.420074462890625, 0.3754763603210449, 0.3534153997898102, 0.3586018979549408, 0.38325241208076477, 0.37907713651657104, 0.3675956130027771, 0.3791307806968689, 0.3974181115627289], "mid_L2": [582.865966796875, 538.38525390625, 532.3243408203125, 519.58251953125, 535.0503540039062, 507.0169372558594, 518.29931640625, 536.5327758789062, 534.4658203125, 555.5972290039062], "mid_cosine": [0.20017680525779724, 0.18462896347045898, 0.17664021253585815, 0.1854286938905716, 0.1643681824207306, 0.19022014737129211, 0.1865542232990265, 0.1810080111026764, 0.169291153550148, 0.18630684912204742], "high_L2": [84.1676254272461, 93.93852233886719, 90.55438232421875, 87.21692657470703, 83.4018783569336, 89.47960662841797, 83.5013656616211, 90.25348663330078, 92.07148742675781, 89.42609405517578], "high_cosine": [0.1957559883594513, 0.13470560312271118, 0.12530560791492462, 0.1328369528055191, 0.22231192886829376, 0.15694180130958557, 0.20484726130962372, 0.1599654257297516, 0.15444140136241913, 0.18775154650211334], "clip_cosine": [0.99844890832901, 0.9983263611793518, 0.9982388615608215, 0.9981505870819092, 0.9983108043670654, 0.9982820749282837, 0.9980734586715698, 0.9983841180801392, 0.9983116388320923, 0.9981808066368103], "dino_cosine": [0.9340367913246155, 0.9511699676513672, 0.9388644695281982, 0.9328197836875916, 0.9357514381408691, 0.9399571418762207, 0.9441456198692322, 0.9460285305976868, 0.9407480955123901, 0.9458298683166504], "clip_L2": [14.258047103881836, 14.216683387756348, 15.113883018493652, 15.346921920776367, 14.935200691223145, 14.853516578674316, 15.06165885925293, 14.712908744812012, 14.770827293395996, 15.128260612487793], "dino_L2": [18.99457550048828, 17.952112197875977, 20.129045486450195, 19.935266494750977, 18.60032081604004, 19.114423751831055, 17.193145751953125, 18.56659698486328, 17.21599006652832, 17.786392211914062], "rcnn_confidence": [0.0, 0.0, 0.0, 0.0, 0.0, 0.0, 0.0, 0.0, 0.093207448720932, 0.0], "yolo_confidence": [0.0, 0.0, 0.0, 0.0, 0.0, 0.0, 0.0, 0.0, 0.0, 0.0]}