{"pixel_L2": [49236.97265625, 49236.97265625, 49236.97265625, 49236.97265625, 49236.97265625, 49236.97265625, 49236.97265625, 49236.97265625, 49236.97265625, 49236.97265625], "pixel_cosine": [0.0, 0.0, 0.0, 0.0, 0.0, 0.0, 0.0, 0.0, 0.0, 0.0], "low_L2": [1032.4849853515625, 1032.4849853515625, 1032.4849853515625, 1032.4849853515625, 1032.4849853515625, 1032.4849853515625, 1032.4849853515625, 1032.4849853515625, 1032.4849853515625, 1032.4849853515625], "low_cosine": [0.16509827971458435, 0.16509827971458435, 0.16509827971458435, 0.16509827971458435, 0.16509827971458435, 0.16509827971458435, 0.16509827971458435, 0.16509827971458435, 0.16509827971458435, 0.16509827971458435], "mid_L2": [410.7705078125, 410.7705078125, 410.7705078125, 410.7705078125, 410.7705078125, 410.7705078125, 410.7705078125, 410.7705078125, 410.7705078125, 410.7705078125], "mid_cosine": [0.1615319550037384, 0.1615319550037384, 0.1615319550037384, 0.1615319550037384, 0.1615319550037384, 0.1615319550037384, 0.1615319550037384, 0.1615319550037384, 0.1615319550037384, 0.1615319550037384], "high_L2": [78.6292495727539, 78.6292495727539, 78.6292495727539, 78.6292495727539, 78.6292495727539, 78.6292495727539, 78.6292495727539, 78.6292495727539, 78.6292495727539, 78.6292495727539], "high_cosine": [0.062484510242938995, 0.062484510242938995, 0.062484510242938995, 0.062484510242938995, 0.062484510242938995, 0.062484510242938995, 0.062484510242938995, 0.062484510242938995, 0.062484510242938995, 0.062484510242938995], "clip_cosine": [0.9982481002807617, 0.9982481002807617, 0.9982481002807617, 0.9982481002807617, 0.9982481002807617, 0.9982481002807617, 0.9982481002807617, 0.9982481002807617, 0.9982481002807617, 0.9982481002807617], "dino_cosine": [0.9334613680839539, 0.9334613680839539, 0.9334613680839539, 0.9334613680839539, 0.9334613680839539, 0.9334613680839539, 0.9334613680839539, 0.9334613680839539, 0.9334613680839539, 0.9334613680839539], "clip_L2": [16.752365112304688, 16.752365112304688, 16.752365112304688, 16.752365112304688, 16.752365112304688, 16.752365112304688, 16.752365112304688, 16.752365112304688, 16.752365112304688, 16.752365112304688], "dino_L2": [23.57660675048828, 23.57660675048828, 23.57660675048828, 23.57660675048828, 23.57660675048828, 23.57660675048828, 23.57660675048828, 23.57660675048828, 23.57660675048828, 23.57660675048828], "rcnn_confidence": [0.0, 0.0, 0.0, 0.0, 0.0, 0.0, 0.0, 0.0, 0.0, 0.0], "yolo_confidence": [0.0, 0.0, 0.0, 0.0, 0.0, 0.0, 0.0, 0.0, 0.0, 0.0]}