{"pixel_L2": [41468.4765625, 41750.4296875, 41775.6953125, 41757.828125, 41967.421875, 41597.08203125, 41956.16015625, 41693.046875, 41815.86328125, 42378.84375], "pixel_cosine": [0.7045885920524597, 0.7015022039413452, 0.7004644274711609, 0.7016274929046631, 0.6979710459709167, 0.7037199139595032, 0.7038667798042297, 0.7040972113609314, 0.7008424997329712, 0.6896921992301941], "low_L2": [1048.333984375, 1047.7388916015625, 1049.393798828125, 1051.18310546875, 1051.1942138671875, 1046.158935546875, 1042.96923828125, 1047.130615234375, 1050.9326171875, 1033.738037109375], "low_cosine": [0.19331485033035278, 0.19502654671669006, 0.1911967694759369, 0.18699634075164795, 0.1958678662776947, 0.1997232437133789, 0.24231919646263123, 0.19692900776863098, 0.1869107484817505, 0.27843284606933594], "mid_L2": [553.74560546875, 550.8361206054688, 551.4180297851562, 555.7567138671875, 558.2628784179688, 549.1660766601562, 559.9791870117188, 550.10400390625, 551.707763671875, 578.2432861328125], "mid_cosine": [0.13831612467765808, 0.14360374212265015, 0.14420130848884583, 0.12871046364307404, 0.13495305180549622, 0.14818255603313446, 0.1495150625705719, 0.14691749215126038, 0.14381557703018188, 0.1645827293395996], "high_L2": [78.20833587646484, 78.50904846191406, 78.71114349365234, 78.79972076416016, 77.54054260253906, 76.85566711425781, 77.11666870117188, 77.0617904663086, 77.81011962890625, 77.13397979736328], "high_cosine": [0.18852193653583527, 0.16246137022972107, 0.15761424601078033, 0.1628420650959015, 0.23520255088806152, 0.19884595274925232, 0.25589877367019653, 0.20616593956947327, 0.19258122146129608, 0.3314222991466522], "clip_cosine": [0.9992370009422302, 0.9991036653518677, 0.9990510940551758, 0.9991368055343628, 0.999150812625885, 0.9991216659545898, 0.9991279244422913, 0.9991904497146606, 0.9990559816360474, 0.999247670173645], "dino_cosine": [0.9652712345123291, 0.963304877281189, 0.962640643119812, 0.9758437871932983, 0.9725717306137085, 0.9547289609909058, 0.9464529752731323, 0.9635737538337708, 0.9677398204803467, 0.9703443050384521], "clip_L2": [11.186126708984375, 11.962166786193848, 12.681129455566406, 11.869500160217285, 11.812597274780273, 12.07831859588623, 11.713733673095703, 11.574394226074219, 12.291852951049805, 11.068007469177246], "dino_L2": [14.792624473571777, 15.771036148071289, 14.592403411865234, 13.088396072387695, 13.644104957580566, 16.928564071655273, 18.51304054260254, 16.03856658935547, 14.604644775390625, 13.599088668823242], "rcnn_confidence": [0.0, 0.0, 0.0, 0.0, 0.0, 0.0, 0.0, 0.0, 0.0, 0.0], "yolo_confidence": [0.0, 0.0, 0.0, 0.0, 0.0, 0.0, 0.0, 0.0, 0.0, 0.0]}