{"pixel_L2": [45254.20703125, 45254.20703125, 45254.20703125, 45254.20703125, 45254.20703125, 45254.20703125, 45254.20703125, 45254.20703125, 45254.20703125, 45254.20703125], "pixel_cosine": [0.0, 0.0, 0.0, 0.0, 0.0, 0.0, 0.0, 0.0, 0.0, 0.0], "low_L2": [778.720703125, 778.720703125, 778.720703125, 778.720703125, 778.720703125, 778.720703125, 778.720703125, 778.720703125, 778.720703125, 778.720703125], "low_cosine": [0.16966462135314941, 0.16966462135314941, 0.16966462135314941, 0.16966462135314941, 0.16966462135314941, 0.16966462135314941, 0.16966462135314941, 0.16966462135314941, 0.16966462135314941, 0.16966462135314941], "mid_L2": [455.94146728515625, 455.94146728515625, 455.94146728515625, 455.94146728515625, 455.94146728515625, 455.94146728515625, 455.94146728515625, 455.94146728515625, 455.94146728515625, 455.94146728515625], "mid_cosine": [0.21156921982765198, 0.21156921982765198, 0.21156921982765198, 0.21156921982765198, 0.21156921982765198, 0.21156921982765198, 0.21156921982765198, 0.21156921982765198, 0.21156921982765198, 0.21156921982765198], "high_L2": [75.07949829101562, 75.07949829101562, 75.07949829101562, 75.07949829101562, 75.07949829101562, 75.07949829101562, 75.07949829101562, 75.07949829101562, 75.07949829101562, 75.07949829101562], "high_cosine": [0.16364459693431854, 0.16364459693431854, 0.16364459693431854, 0.16364459693431854, 0.16364459693431854, 0.16364459693431854, 0.16364459693431854, 0.16364459693431854, 0.16364459693431854, 0.16364459693431854], "clip_cosine": [0.9986081123352051, 0.9986081123352051, 0.9986081123352051, 0.9986081123352051, 0.9986081123352051, 0.9986081123352051, 0.9986081123352051, 0.9986081123352051, 0.9986081123352051, 0.9986081123352051], "dino_cosine": [0.9175803065299988, 0.9175803065299988, 0.9175803065299988, 0.9175803065299988, 0.9175803065299988, 0.9175803065299988, 0.9175803065299988, 0.9175803065299988, 0.9175803065299988, 0.9175803065299988], "clip_L2": [15.264334678649902, 15.264334678649902, 15.264334678649902, 15.264334678649902, 15.264334678649902, 15.264334678649902, 15.264334678649902, 15.264334678649902, 15.264334678649902, 15.264334678649902], "dino_L2": [24.278709411621094, 24.278709411621094, 24.278709411621094, 24.278709411621094, 24.278709411621094, 24.278709411621094, 24.278709411621094, 24.278709411621094, 24.278709411621094, 24.278709411621094], "rcnn_confidence": [0.0, 0.0, 0.0, 0.0, 0.0, 0.0, 0.0, 0.0, 0.0, 0.0], "yolo_confidence": [0.0, 0.0, 0.0, 0.0, 0.0, 0.0, 0.0, 0.0, 0.0, 0.0]}