{"pixel_L2": [16312.88671875, 16447.86328125, 26066.615234375, 34217.27734375, 35985.390625, 17180.107421875, 24540.34765625, 25497.779296875, 35849.76953125, 35291.23046875], "pixel_cosine": [0.5794035792350769, 0.5344765782356262, 0.33295950293540955, 0.37255531549453735, 0.35094109177589417, 0.2937903106212616, 0.32218244671821594, 0.3482956886291504, 0.33090728521347046, 0.34572160243988037], "low_L2": [346.65283203125, 345.5570983886719, 411.80743408203125, 454.32342529296875, 440.27728271484375, 349.5367431640625, 426.8702087402344, 385.90655517578125, 488.7431945800781, 478.9419860839844], "low_cosine": [0.46742936968803406, 0.4725361168384552, 0.34947845339775085, 0.33416786789894104, 0.32696452736854553, 0.45855844020843506, 0.3342891335487366, 0.40014582872390747, 0.3146727383136749, 0.29641199111938477], "mid_L2": [276.31500244140625, 275.7080383300781, 294.4316101074219, 325.2175598144531, 326.865966796875, 277.5059814453125, 302.53533935546875, 297.62744140625, 330.1763000488281, 325.6559753417969], "mid_cosine": [0.2935551702976227, 0.29997938871383667, 0.27609264850616455, 0.2218714952468872, 0.21347695589065552, 0.3132728338241577, 0.2619417905807495, 0.2596709728240967, 0.2154718041419983, 0.1905210316181183], "high_L2": [67.93917846679688, 68.01890563964844, 61.46107864379883, 65.60006713867188, 66.9836196899414, 65.03492736816406, 64.06641387939453, 63.906105041503906, 69.10269165039062, 71.76285552978516], "high_cosine": [0.21488294005393982, 0.21334517002105713, 0.42269426584243774, 0.3659716844558716, 0.33081433176994324, 0.29990583658218384, 0.38726168870925903, 0.3721781373023987, 0.30417415499687195, 0.2316543161869049], "clip_cosine": [0.9981942176818848, 0.9982836842536926, 0.9984211921691895, 0.9985021948814392, 0.9984889030456543, 0.9984869360923767, 0.9986896514892578, 0.9985705614089966, 0.9985281825065613, 0.9986076354980469], "dino_cosine": [0.9372903108596802, 0.9317430257797241, 0.9324401021003723, 0.9258337020874023, 0.9326040148735046, 0.9258599877357483, 0.922187328338623, 0.9231127500534058, 0.9293874502182007, 0.9237017035484314], "clip_L2": [15.512870788574219, 15.441983222961426, 15.056828498840332, 14.09955883026123, 14.514925956726074, 15.612618446350098, 13.764671325683594, 14.797210693359375, 14.403762817382812, 14.072561264038086], "dino_L2": [19.086912155151367, 18.80610466003418, 19.89922523498535, 19.576833724975586, 19.414953231811523, 18.939350128173828, 20.086198806762695, 20.16895294189453, 20.149131774902344, 20.229637145996094], "rcnn_confidence": [0.0, 0.0, 0.0, 0.0, 0.0, 0.0, 0.0, 0.0, 0.0, 0.0], "yolo_confidence": [0.0, 0.0, 0.0, 0.0, 0.0, 0.0, 0.0, 0.0, 0.0, 0.0]}