{"pixel_L2": [23676.392578125, 21900.869140625, 21391.275390625, 25471.44921875, 23848.73828125, 22559.662109375, 21905.716796875, 26614.224609375, 22006.83984375, 23673.42578125], "pixel_cosine": [0.8514304161071777, 0.8739078044891357, 0.881402313709259, 0.830020546913147, 0.8486208915710449, 0.8652787804603577, 0.8732001185417175, 0.8171646595001221, 0.8718961477279663, 0.8526259660720825], "low_L2": [278.15057373046875, 287.2220458984375, 283.7755432128906, 288.9233703613281, 305.27197265625, 278.52020263671875, 283.0635070800781, 352.22064208984375, 309.0601501464844, 308.5714416503906], "low_cosine": [0.41696423292160034, 0.3952311873435974, 0.40549832582473755, 0.41439390182495117, 0.3755040466785431, 0.4167183041572571, 0.40079307556152344, 0.3342900276184082, 0.378066748380661, 0.3799310624599457], "mid_L2": [293.5260925292969, 298.54876708984375, 286.247802734375, 320.8551330566406, 309.9073486328125, 300.7912292480469, 288.5909423828125, 330.40338134765625, 303.4833068847656, 329.4441223144531], "mid_cosine": [0.2105930745601654, 0.20651361346244812, 0.2225540578365326, 0.1887628138065338, 0.20632648468017578, 0.20075300335884094, 0.22739851474761963, 0.17978668212890625, 0.21982994675636292, 0.18822383880615234], "high_L2": [52.14505386352539, 50.884029388427734, 51.984764099121094, 54.054439544677734, 52.20029830932617, 55.2156982421875, 50.79954528808594, 51.77134704589844, 48.296791076660156, 53.17827606201172], "high_cosine": [0.4737204909324646, 0.4944291114807129, 0.40157538652420044, 0.4516332149505615, 0.4489287734031677, 0.4005616307258606, 0.4731926918029785, 0.40487372875213623, 0.5058956742286682, 0.42816638946533203], "clip_cosine": [0.9988837838172913, 0.9987673759460449, 0.998542845249176, 0.9990090131759644, 0.9990478157997131, 0.9989911913871765, 0.9988371133804321, 0.9988112449645996, 0.9989219903945923, 0.9990721344947815], "dino_cosine": [0.9766997694969177, 0.9810295701026917, 0.9786547422409058, 0.973061203956604, 0.981829047203064, 0.9756708145141602, 0.9799699783325195, 0.9748831391334534, 0.9819629192352295, 0.9747770428657532], "clip_L2": [11.923484802246094, 12.606402397155762, 13.05972671508789, 11.735469818115234, 11.376852989196777, 11.872791290283203, 12.414765357971191, 12.640969276428223, 12.063299179077148, 11.10612964630127], "dino_L2": [12.747407913208008, 12.287199020385742, 12.320585250854492, 12.868271827697754, 11.712355613708496, 13.236148834228516, 12.152074813842773, 12.491472244262695, 12.0879487991333, 12.952134132385254], "rcnn_confidence": [0.9258312582969666, 0.9271063804626465, 0.22384898364543915, 0.9207937717437744, 0.9940305352210999, 0.9440780282020569, 0.9061134457588196, 0.937903106212616, 0.8868598937988281, 0.9968808889389038], "yolo_confidence": [0.0, 0.0, 0.0, 0.0, 0.0, 0.0, 0.0, 0.0, 0.0, 0.0]}