{"pixel_L2": [35260.5625, 35402.88671875, 35299.19921875, 35386.484375, 35406.796875, 35204.33984375, 35191.31640625, 35387.41796875, 35183.3203125, 35064.6953125], "pixel_cosine": [0.8054466247558594, 0.805385410785675, 0.806628406047821, 0.8064976930618286, 0.8059079647064209, 0.806501030921936, 0.8071751594543457, 0.808111310005188, 0.8069170713424683, 0.806462287902832], "low_L2": [465.43426513671875, 466.7068176269531, 465.7740478515625, 465.5858459472656, 465.22808837890625, 464.5810241699219, 465.0363464355469, 465.07000732421875, 465.4466552734375, 464.8731994628906], "low_cosine": [0.3051084578037262, 0.2972164750099182, 0.30253177881240845, 0.3039211630821228, 0.30564314126968384, 0.30859676003456116, 0.3065902888774872, 0.30581533908843994, 0.3038593828678131, 0.30681923031806946], "mid_L2": [323.483154296875, 323.6612548828125, 320.784912109375, 322.9016418457031, 324.06390380859375, 322.6454772949219, 323.7930603027344, 322.11956787109375, 323.244873046875, 321.8359375], "mid_cosine": [0.24787521362304688, 0.2442135214805603, 0.2594994902610779, 0.24779707193374634, 0.24315465986728668, 0.2479231059551239, 0.24847733974456787, 0.2468055635690689, 0.2436182051897049, 0.2495034635066986], "high_L2": [68.67388916015625, 69.23880004882812, 66.85719299316406, 68.38410949707031, 67.1063461303711, 67.50125885009766, 69.8037338256836, 68.15769958496094, 68.62083435058594, 68.80850219726562], "high_cosine": [0.3507955074310303, 0.3365323841571808, 0.38222381472587585, 0.3521053194999695, 0.3759324848651886, 0.3686632812023163, 0.3456327021121979, 0.3631536662578583, 0.35079795122146606, 0.3422391414642334], "clip_cosine": [0.9981006979942322, 0.998037576675415, 0.9981280565261841, 0.9980762600898743, 0.9984073042869568, 0.9983315467834473, 0.9981867074966431, 0.9982691407203674, 0.9980931282043457, 0.9982262253761292], "dino_cosine": [0.9481369256973267, 0.9450517892837524, 0.9581826329231262, 0.9527140259742737, 0.9507128000259399, 0.9570644497871399, 0.9418748617172241, 0.9558683633804321, 0.9513953924179077, 0.9498946666717529], "clip_L2": [13.407078742980957, 13.716338157653809, 13.685242652893066, 13.646618843078613, 12.248400688171387, 12.85372543334961, 13.288680076599121, 12.924925804138184, 13.658111572265625, 13.299187660217285], "dino_L2": [16.585865020751953, 16.433427810668945, 16.233352661132812, 16.251026153564453, 16.56439208984375, 15.858577728271484, 16.997173309326172, 16.0393123626709, 16.029611587524414, 16.371580123901367], "rcnn_confidence": [0.0, 0.0, 0.0, 0.0, 0.06405248492956161, 0.0, 0.0, 0.06626198440790176, 0.0, 0.0], "yolo_confidence": [0.0, 0.0, 0.0, 0.0, 0.0, 0.0, 0.0, 0.0, 0.0, 0.0]}