{"pixel_L2": [32359.455078125, 32262.47265625, 32302.53515625, 32249.0390625, 32120.7890625, 32166.90234375, 32223.0859375, 32354.806640625, 32174.322265625, 32366.052734375], "pixel_cosine": [0.4601725935935974, 0.4666060209274292, 0.46126770973205566, 0.46916937828063965, 0.467673659324646, 0.4666329622268677, 0.4654931128025055, 0.45799481868743896, 0.46946385502815247, 0.4585007131099701], "low_L2": [255.13363647460938, 256.87176513671875, 256.9404602050781, 253.2955322265625, 256.53094482421875, 257.4136962890625, 256.1539611816406, 256.62457275390625, 255.28213500976562, 258.86712646484375], "low_cosine": [0.4724414050579071, 0.4680909514427185, 0.4697688817977905, 0.4756597876548767, 0.47272491455078125, 0.4696424603462219, 0.4717130959033966, 0.46915626525878906, 0.4729136526584625, 0.46318963170051575], "mid_L2": [237.4255828857422, 237.2649383544922, 240.92364501953125, 237.1703338623047, 236.81243896484375, 237.7074737548828, 237.47572326660156, 236.52940368652344, 238.582763671875, 237.83212280273438], "mid_cosine": [0.36953669786453247, 0.3747696876525879, 0.3610765337944031, 0.3758659362792969, 0.3794203996658325, 0.3730393648147583, 0.37533965706825256, 0.3755435347557068, 0.3679019808769226, 0.37221336364746094], "high_L2": [63.939697265625, 63.3025016784668, 63.06806564331055, 63.47941970825195, 63.31287384033203, 63.581233978271484, 62.37639236450195, 62.95875930786133, 63.342620849609375, 63.71714401245117], "high_cosine": [0.2464645504951477, 0.2700918912887573, 0.2642996907234192, 0.26381129026412964, 0.2714024484157562, 0.26660168170928955, 0.28466272354125977, 0.270595908164978, 0.26054516434669495, 0.2651529014110565], "clip_cosine": [0.9989122152328491, 0.998857855796814, 0.9989307522773743, 0.9988788366317749, 0.998900294303894, 0.9988716244697571, 0.9988791942596436, 0.998864471912384, 0.9989078044891357, 0.9988728165626526], "dino_cosine": [0.9493416547775269, 0.9483590126037598, 0.9502190351486206, 0.941051721572876, 0.9506855607032776, 0.9445620775222778, 0.9469143152236938, 0.9396719932556152, 0.9492214918136597, 0.9471157193183899], "clip_L2": [13.786118507385254, 14.011553764343262, 13.533638000488281, 14.01375675201416, 13.545120239257812, 13.889898300170898, 13.786334037780762, 13.998132705688477, 13.674738883972168, 13.81289005279541], "dino_L2": [18.649629592895508, 18.72791862487793, 18.504199981689453, 19.256071090698242, 18.41107177734375, 19.316036224365234, 18.822072982788086, 19.363386154174805, 18.712818145751953, 19.06761360168457], "rcnn_confidence": [0.0, 0.0, 0.0, 0.0, 0.0, 0.0, 0.0, 0.0, 0.0, 0.0], "yolo_confidence": [0.0, 0.0, 0.0, 0.0, 0.0, 0.0, 0.0, 0.0, 0.0, 0.0]}