{"pixel_L2": [20677.623046875, 16446.359375, 18070.966796875, 15749.0, 17524.369140625, 18753.791015625, 18232.328125, 18906.521484375, 15763.75, 16643.298828125], "pixel_cosine": [0.8194007277488708, 0.875224232673645, 0.8456540703773499, 0.8802146911621094, 0.8642433881759644, 0.8520034551620483, 0.8564144372940063, 0.854922890663147, 0.8812719583511353, 0.8753412961959839], "low_L2": [222.4809112548828, 209.03248596191406, 228.5723876953125, 213.7520294189453, 218.66720581054688, 252.34878540039062, 235.69552612304688, 264.7754211425781, 247.17926025390625, 225.5479278564453], "low_cosine": [0.5164483785629272, 0.5563742518424988, 0.5074427723884583, 0.5455671548843384, 0.533002495765686, 0.475710928440094, 0.5020813941955566, 0.4372054934501648, 0.4807203412055969, 0.5344983339309692], "mid_L2": [270.903564453125, 268.7729797363281, 274.1913146972656, 276.82965087890625, 278.3539123535156, 300.9024963378906, 283.5278015136719, 316.8023986816406, 296.96044921875, 289.3337097167969], "mid_cosine": [0.3364110589027405, 0.35097306966781616, 0.3234228491783142, 0.3158417344093323, 0.333726704120636, 0.3100796937942505, 0.31842416524887085, 0.30024537444114685, 0.3331823945045471, 0.3195134699344635], "high_L2": [46.260581970214844, 43.28076171875, 48.406700134277344, 37.6541862487793, 42.04995346069336, 45.068504333496094, 49.53741455078125, 40.380592346191406, 41.64915466308594, 38.711769104003906], "high_cosine": [0.6464698314666748, 0.7060097455978394, 0.6303600668907166, 0.7782034873962402, 0.7270143628120422, 0.699748158454895, 0.6185661554336548, 0.7445492148399353, 0.7155044078826904, 0.7640405893325806], "clip_cosine": [0.999030351638794, 0.9990812540054321, 0.9989131689071655, 0.9992311000823975, 0.9990431070327759, 0.9993005990982056, 0.9991723299026489, 0.9990898966789246, 0.9992936253547668, 0.9991941452026367], "dino_cosine": [0.9725987911224365, 0.9781023263931274, 0.9737247228622437, 0.9758450984954834, 0.9760476350784302, 0.9713532328605652, 0.9698585867881775, 0.97505784034729, 0.9737708568572998, 0.9743000864982605], "clip_L2": [10.657975196838379, 10.315890312194824, 11.612859725952148, 9.483744621276855, 10.172298431396484, 9.079562187194824, 10.100244522094727, 10.413735389709473, 9.085477828979492, 9.705989837646484], "dino_L2": [12.299460411071777, 10.644482612609863, 11.848860740661621, 11.380036354064941, 11.406305313110352, 12.359797477722168, 12.899615287780762, 11.525701522827148, 11.455582618713379, 11.855948448181152], "rcnn_confidence": [0.8137987852096558, 0.8829843997955322, 0.8215032815933228, 0.6077255010604858, 0.9024479985237122, 0.9942730069160461, 0.6689570546150208, 0.9965215921401978, 0.9083172082901001, 0.9242062568664551], "yolo_confidence": [0.0, 0.0, 0.0, 0.0, 0.0, 0.7355667352676392, 0.0, 0.0, 0.0, 0.0]}