{"pixel_L2": [15973.1376953125, 16325.08984375, 16234.787109375, 16122.8388671875, 16068.73828125, 16040.703125, 16136.7138671875, 16317.041015625, 16311.384765625, 16122.5205078125], "pixel_cosine": [0.9440042972564697, 0.941979169845581, 0.9418236613273621, 0.9435919523239136, 0.9436599016189575, 0.9437965154647827, 0.9433732032775879, 0.9426764249801636, 0.9421737790107727, 0.9438213109970093], "low_L2": [242.4200439453125, 248.1613311767578, 246.69154357910156, 245.49966430664062, 245.9830780029297, 243.54727172851562, 243.65823364257812, 243.63275146484375, 246.57675170898438, 246.5510711669922], "low_cosine": [0.7501907348632812, 0.7414184808731079, 0.7414200305938721, 0.7460564374923706, 0.7452069520950317, 0.7491441965103149, 0.7508965134620667, 0.7487360835075378, 0.7433791756629944, 0.7462597489356995], "mid_L2": [230.26451110839844, 231.09255981445312, 231.81375122070312, 229.1202850341797, 230.8697509765625, 231.4735565185547, 228.89389038085938, 230.58248901367188, 233.21702575683594, 231.1072235107422], "mid_cosine": [0.6032516360282898, 0.597380518913269, 0.5981179475784302, 0.6034085154533386, 0.598929762840271, 0.6004341840744019, 0.6053057909011841, 0.6048265695571899, 0.596765398979187, 0.6008049249649048], "high_L2": [64.31449890136719, 62.08295440673828, 64.31791687011719, 63.238040924072266, 64.80499267578125, 63.54556655883789, 61.88501739501953, 64.26201629638672, 64.78540802001953, 63.78526306152344], "high_cosine": [0.5665546655654907, 0.5770965814590454, 0.547472357749939, 0.5611118078231812, 0.5460634231567383, 0.5697265267372131, 0.5706438422203064, 0.5563889741897583, 0.5357165336608887, 0.5434701442718506], "clip_cosine": [0.9974729418754578, 0.9977537393569946, 0.9979113936424255, 0.9975780844688416, 0.9973462224006653, 0.9974991083145142, 0.997646689414978, 0.9976101517677307, 0.9976507425308228, 0.9976449012756348], "dino_cosine": [0.9504246115684509, 0.9474517107009888, 0.949344277381897, 0.9519819617271423, 0.9490609765052795, 0.949795663356781, 0.9526352882385254, 0.9479719400405884, 0.9482061266899109, 0.9500460028648376], "clip_L2": [16.197431564331055, 15.623885154724121, 14.869736671447754, 15.951520919799805, 16.505319595336914, 16.053955078125, 15.889472007751465, 15.659719467163086, 15.667304992675781, 15.889248847961426], "dino_L2": [19.002119064331055, 19.09888458251953, 19.05548095703125, 18.825515747070312, 18.974380493164062, 18.582759857177734, 18.149826049804688, 18.42721176147461, 19.202213287353516, 18.584171295166016], "rcnn_confidence": [0.0, 0.0, 0.0, 0.0, 0.0, 0.0, 0.0, 0.0, 0.0, 0.0], "yolo_confidence": [0.0, 0.0, 0.0, 0.0, 0.0, 0.0, 0.0, 0.0, 0.0, 0.0]}