{"pixel_L2": [45301.15234375, 45301.15234375, 45301.15234375, 45301.15234375, 45301.15234375, 45301.15234375, 45301.15234375, 45301.15234375, 45301.15234375, 45301.15234375], "pixel_cosine": [0.0, 0.0, 0.0, 0.0, 0.0, 0.0, 0.0, 0.0, 0.0, 0.0], "low_L2": [493.7334899902344, 493.7334899902344, 493.7334899902344, 493.7334899902344, 493.7334899902344, 493.7334899902344, 493.7334899902344, 493.7334899902344, 493.7334899902344, 493.7334899902344], "low_cosine": [0.20494048297405243, 0.20494048297405243, 0.20494048297405243, 0.20494048297405243, 0.20494048297405243, 0.20494048297405243, 0.20494048297405243, 0.20494048297405243, 0.20494048297405243, 0.20494048297405243], "mid_L2": [326.12408447265625, 326.12408447265625, 326.12408447265625, 326.12408447265625, 326.12408447265625, 326.12408447265625, 326.12408447265625, 326.12408447265625, 326.12408447265625, 326.12408447265625], "mid_cosine": [0.2368306815624237, 0.2368306815624237, 0.2368306815624237, 0.2368306815624237, 0.2368306815624237, 0.2368306815624237, 0.2368306815624237, 0.2368306815624237, 0.2368306815624237, 0.2368306815624237], "high_L2": [73.63890075683594, 73.63890075683594, 73.63890075683594, 73.63890075683594, 73.63890075683594, 73.63890075683594, 73.63890075683594, 73.63890075683594, 73.63890075683594, 73.63890075683594], "high_cosine": [0.16000020503997803, 0.16000020503997803, 0.16000020503997803, 0.16000020503997803, 0.16000020503997803, 0.16000020503997803, 0.16000020503997803, 0.16000020503997803, 0.16000020503997803, 0.16000020503997803], "clip_cosine": [0.9984778761863708, 0.9984778761863708, 0.9984778761863708, 0.9984778761863708, 0.9984778761863708, 0.9984778761863708, 0.9984778761863708, 0.9984778761863708, 0.9984778761863708, 0.9984778761863708], "dino_cosine": [0.9419293999671936, 0.9419293999671936, 0.9419293999671936, 0.9419293999671936, 0.9419293999671936, 0.9419293999671936, 0.9419293999671936, 0.9419293999671936, 0.9419293999671936, 0.9419293999671936], "clip_L2": [15.791885375976562, 15.791885375976562, 15.791885375976562, 15.791885375976562, 15.791885375976562, 15.791885375976562, 15.791885375976562, 15.791885375976562, 15.791885375976562, 15.791885375976562], "dino_L2": [23.4107666015625, 23.4107666015625, 23.4107666015625, 23.4107666015625, 23.4107666015625, 23.4107666015625, 23.4107666015625, 23.4107666015625, 23.4107666015625, 23.4107666015625], "rcnn_confidence": [0.0, 0.0, 0.0, 0.0, 0.0, 0.0, 0.0, 0.0, 0.0, 0.0], "yolo_confidence": [0.0, 0.0, 0.0, 0.0, 0.0, 0.0, 0.0, 0.0, 0.0, 0.0]}