{"pixel_L2": [77245.5703125, 77245.5703125, 77245.5703125, 77245.5703125, 77245.5703125, 77245.5703125, 77245.5703125, 77245.5703125, 77245.5703125, 77245.5703125], "pixel_cosine": [0.0, 0.0, 0.0, 0.0, 0.0, 0.0, 0.0, 0.0, 0.0, 0.0], "low_L2": [378.25201416015625, 378.25201416015625, 378.25201416015625, 378.25201416015625, 378.25201416015625, 378.25201416015625, 378.25201416015625, 378.25201416015625, 378.25201416015625, 378.25201416015625], "low_cosine": [0.09113527089357376, 0.09113527089357376, 0.09113527089357376, 0.09113527089357376, 0.09113527089357376, 0.09113527089357376, 0.09113527089357376, 0.09113527089357376, 0.09113527089357376, 0.09113527089357376], "mid_L2": [274.34466552734375, 274.34466552734375, 274.34466552734375, 274.34466552734375, 274.34466552734375, 274.34466552734375, 274.34466552734375, 274.34466552734375, 274.34466552734375, 274.34466552734375], "mid_cosine": [0.1987636834383011, 0.1987636834383011, 0.1987636834383011, 0.1987636834383011, 0.1987636834383011, 0.1987636834383011, 0.1987636834383011, 0.1987636834383011, 0.1987636834383011, 0.1987636834383011], "high_L2": [64.26797485351562, 64.26797485351562, 64.26797485351562, 64.26797485351562, 64.26797485351562, 64.26797485351562, 64.26797485351562, 64.26797485351562, 64.26797485351562, 64.26797485351562], "high_cosine": [0.0904276967048645, 0.0904276967048645, 0.0904276967048645, 0.0904276967048645, 0.0904276967048645, 0.0904276967048645, 0.0904276967048645, 0.0904276967048645, 0.0904276967048645, 0.0904276967048645], "clip_cosine": [0.9980787038803101, 0.9980787038803101, 0.9980787038803101, 0.9980787038803101, 0.9980787038803101, 0.9980787038803101, 0.9980787038803101, 0.9980787038803101, 0.9980787038803101, 0.9980787038803101], "dino_cosine": [0.9256210923194885, 0.9256210923194885, 0.9256210923194885, 0.9256210923194885, 0.9256210923194885, 0.9256210923194885, 0.9256210923194885, 0.9256210923194885, 0.9256210923194885, 0.9256210923194885], "clip_L2": [17.358142852783203, 17.358142852783203, 17.358142852783203, 17.358142852783203, 17.358142852783203, 17.358142852783203, 17.358142852783203, 17.358142852783203, 17.358142852783203, 17.358142852783203], "dino_L2": [23.892602920532227, 23.892602920532227, 23.892602920532227, 23.892602920532227, 23.892602920532227, 23.892602920532227, 23.892602920532227, 23.892602920532227, 23.892602920532227, 23.892602920532227], "rcnn_confidence": [0.0, 0.0, 0.0, 0.0, 0.0, 0.0, 0.0, 0.0, 0.0, 0.0], "yolo_confidence": [0.0, 0.0, 0.0, 0.0, 0.0, 0.0, 0.0, 0.0, 0.0, 0.0]}