{"pixel_L2": [16864.146484375, 16396.15234375, 20231.609375, 19873.505859375, 17822.833984375, 17732.755859375, 15743.6435546875, 21119.578125, 21402.681640625, 16979.626953125], "pixel_cosine": [0.9423348903656006, 0.9470891356468201, 0.9280639886856079, 0.9312084317207336, 0.9402029514312744, 0.9409645795822144, 0.9496921896934509, 0.9230518341064453, 0.923490583896637, 0.9401572346687317], "low_L2": [211.7384033203125, 207.1632080078125, 220.71514892578125, 212.7480010986328, 216.66238403320312, 204.41827392578125, 226.04940795898438, 226.35739135742188, 226.42379760742188, 251.5447998046875], "low_cosine": [0.29530227184295654, 0.2935723066329956, 0.26657694578170776, 0.2796744704246521, 0.27507317066192627, 0.2992526590824127, 0.2710910141468048, 0.2662124037742615, 0.2858842611312866, 0.25204193592071533], "mid_L2": [232.62232971191406, 225.20223999023438, 233.45614624023438, 227.70266723632812, 227.9049072265625, 221.39337158203125, 231.22901916503906, 246.99591064453125, 245.49122619628906, 246.8168487548828], "mid_cosine": [0.2697341740131378, 0.27389949560165405, 0.2709624767303467, 0.28178587555885315, 0.2785830795764923, 0.27814680337905884, 0.27733954787254333, 0.2580045759677887, 0.2663722038269043, 0.2626166343688965], "high_L2": [52.55592346191406, 57.11483383178711, 59.72600173950195, 61.04726791381836, 58.2943115234375, 60.046775817871094, 55.1360969543457, 62.32188034057617, 57.915035247802734, 62.81501388549805], "high_cosine": [0.4482595920562744, 0.34079766273498535, 0.27417856454849243, 0.24648776650428772, 0.30495119094848633, 0.27183791995048523, 0.4012180268764496, 0.27619603276252747, 0.3782937228679657, 0.21938349306583405], "clip_cosine": [0.9993532299995422, 0.9992045164108276, 0.998910665512085, 0.9989576935768127, 0.9992231726646423, 0.9990909695625305, 0.9991965293884277, 0.999386191368103, 0.9993500709533691, 0.9989414811134338], "dino_cosine": [0.9757170081138611, 0.9748790860176086, 0.9727584719657898, 0.9639005064964294, 0.9699101448059082, 0.966495931148529, 0.9579582214355469, 0.9731003046035767, 0.9810749292373657, 0.959956169128418], "clip_L2": [9.1632661819458, 10.059829711914062, 12.220515251159668, 12.244437217712402, 9.964552879333496, 11.0299654006958, 10.160162925720215, 8.911365509033203, 9.209232330322266, 11.94477653503418], "dino_L2": [12.319388389587402, 12.288782119750977, 12.492112159729004, 14.9221773147583, 13.608132362365723, 14.280582427978516, 14.387158393859863, 12.507761001586914, 10.919032096862793, 15.679213523864746], "rcnn_confidence": [0.30482444167137146, 0.0, 0.0, 0.0, 0.0, 0.0, 0.0, 0.204710453748703, 0.8037160634994507, 0.0], "yolo_confidence": [0.0, 0.0, 0.0, 0.0, 0.0, 0.0, 0.0, 0.0, 0.0, 0.0]}