{"pixel_L2": [18754.90625, 19644.443359375, 17385.048828125, 17689.390625, 19176.271484375, 21327.857421875, 20074.490234375, 18750.150390625, 23470.583984375, 23147.50390625], "pixel_cosine": [0.9188024997711182, 0.907852292060852, 0.9520331025123596, 0.945174515247345, 0.9127725958824158, 0.8825279474258423, 0.8962277173995972, 0.9209506511688232, 0.8639510869979858, 0.867510199546814], "low_L2": [231.29566955566406, 255.25381469726562, 225.22450256347656, 229.24127197265625, 235.61859130859375, 269.006103515625, 254.4870147705078, 225.416748046875, 296.45220947265625, 274.4397277832031], "low_cosine": [0.2881042957305908, 0.27951064705848694, 0.301538348197937, 0.308457612991333, 0.2709543704986572, 0.2236241102218628, 0.2373695969581604, 0.3303993046283722, 0.2151319682598114, 0.24160236120224], "mid_L2": [284.2919006347656, 319.46307373046875, 269.7373046875, 279.9003601074219, 294.04876708984375, 341.3626403808594, 312.30975341796875, 299.2549743652344, 335.51141357421875, 335.8059997558594], "mid_cosine": [0.27782177925109863, 0.21879464387893677, 0.3006899952888489, 0.29786592721939087, 0.24203059077262878, 0.20057415962219238, 0.23704510927200317, 0.243666872382164, 0.23439736664295197, 0.23544076085090637], "high_L2": [54.121707916259766, 62.48345947265625, 68.2525405883789, 67.09390258789062, 51.719627380371094, 53.5178337097168, 49.10406494140625, 56.6132698059082, 48.765403747558594, 46.48762512207031], "high_cosine": [0.5735132694244385, 0.4033157229423523, 0.28957509994506836, 0.35442471504211426, 0.6243517398834229, 0.5842088460922241, 0.6639172434806824, 0.5186640024185181, 0.6702295541763306, 0.7109476327896118], "clip_cosine": [0.9994509220123291, 0.9993454217910767, 0.9983185529708862, 0.9991738796234131, 0.9994381666183472, 0.9994938969612122, 0.9994864463806152, 0.9991664290428162, 0.9994887709617615, 0.9993417263031006], "dino_cosine": [0.9731382727622986, 0.9625107049942017, 0.9498821496963501, 0.9551429152488708, 0.9650489091873169, 0.9700500965118408, 0.9700320363044739, 0.9487218260765076, 0.9729397296905518, 0.9511785507202148], "clip_L2": [8.834678649902344, 9.41024112701416, 15.458999633789062, 11.066397666931152, 8.924595832824707, 8.451573371887207, 8.4710054397583, 10.985294342041016, 8.46021556854248, 9.721577644348145], "dino_L2": [12.331005096435547, 13.845189094543457, 16.712411880493164, 15.160843849182129, 13.347620964050293, 12.534529685974121, 12.569701194763184, 17.15066146850586, 12.239184379577637, 16.235403060913086], "rcnn_confidence": [0.997292697429657, 0.8494428992271423, 0.10306943207979202, 0.3779022693634033, 0.9943529367446899, 0.9980127811431885, 0.9945671558380127, 0.5744549632072449, 0.9846245050430298, 0.9784512519836426], "yolo_confidence": [0.7539277076721191, 0.0, 0.0, 0.0, 0.8686065673828125, 0.895271897315979, 0.8549741506576538, 0.3793734312057495, 0.8932759761810303, 0.5402424335479736]}