{"pixel_L2": [8544.783203125, 8675.5263671875, 8723.1904296875, 8743.23046875, 8426.5068359375, 8728.9658203125, 8857.9970703125, 8800.912109375, 8594.4921875, 8692.4482421875], "pixel_cosine": [0.9878257513046265, 0.9878672957420349, 0.9876195192337036, 0.9878348708152771, 0.9882882237434387, 0.9878053069114685, 0.9876452684402466, 0.9878733158111572, 0.9880355596542358, 0.9876963496208191], "low_L2": [191.82130432128906, 192.7234344482422, 193.76565551757812, 193.41354370117188, 187.21456909179688, 192.7750701904297, 195.00511169433594, 192.669921875, 192.432373046875, 193.0108642578125], "low_cosine": [0.8857698440551758, 0.8853656649589539, 0.8843257427215576, 0.8852362632751465, 0.8898657560348511, 0.8851983547210693, 0.8835874795913696, 0.8857748508453369, 0.8856530785560608, 0.8850438594818115], "mid_L2": [229.80972290039062, 230.57981872558594, 229.9691162109375, 230.1970977783203, 227.09765625, 229.0900115966797, 229.33279418945312, 230.18850708007812, 228.17855834960938, 229.493896484375], "mid_cosine": [0.707747220993042, 0.7054016590118408, 0.7064779996871948, 0.7072597742080688, 0.7136027812957764, 0.708595871925354, 0.7076724767684937, 0.7072736024856567, 0.7119371294975281, 0.7084250450134277], "high_L2": [53.37539291381836, 53.24628448486328, 52.46356201171875, 52.61859130859375, 53.39642333984375, 52.47043991088867, 53.69895935058594, 52.56546401977539, 53.748348236083984, 53.690616607666016], "high_cosine": [0.7065012454986572, 0.7042455077171326, 0.7088647484779358, 0.7086504697799683, 0.7104958891868591, 0.7103568315505981, 0.7020870447158813, 0.7091283202171326, 0.7013367414474487, 0.6986965537071228], "clip_cosine": [0.9979885220527649, 0.998022735118866, 0.9980521202087402, 0.9979432821273804, 0.9980348348617554, 0.998097836971283, 0.9982181191444397, 0.9982534646987915, 0.9980564713478088, 0.9980624318122864], "dino_cosine": [0.9574755430221558, 0.9582477807998657, 0.9573394656181335, 0.9608854651451111, 0.961460292339325, 0.9594601988792419, 0.9591686129570007, 0.9618222117424011, 0.9593245387077332, 0.9591476917266846], "clip_L2": [16.106950759887695, 15.998628616333008, 15.948372840881348, 16.121747970581055, 15.871697425842285, 15.824605941772461, 15.700493812561035, 15.508280754089355, 15.88805103302002, 15.902193069458008], "dino_L2": [19.63742446899414, 19.619632720947266, 19.262582778930664, 19.240501403808594, 19.041894912719727, 19.52322769165039, 19.688762664794922, 19.105382919311523, 19.33669662475586, 19.553083419799805], "rcnn_confidence": [0.0, 0.0, 0.0, 0.0, 0.0, 0.0, 0.0, 0.0, 0.0, 0.0], "yolo_confidence": [0.0, 0.0, 0.0, 0.0, 0.0, 0.0, 0.0, 0.0, 0.0, 0.0]}