{"pixel_L2": [14717.01171875, 15031.490234375, 14939.2451171875, 15400.3828125, 14559.5673828125, 15037.8955078125, 15057.4384765625, 15225.8876953125, 14710.3857421875, 14981.8359375], "pixel_cosine": [0.9781887531280518, 0.9780887961387634, 0.97802734375, 0.9771402478218079, 0.97834712266922, 0.977933406829834, 0.9782117605209351, 0.9778063893318176, 0.9785633087158203, 0.9778513312339783], "low_L2": [272.9280700683594, 273.1429138183594, 273.0972595214844, 273.7440185546875, 269.5169982910156, 272.6566162109375, 272.4415588378906, 272.3375244140625, 272.2535095214844, 271.3609619140625], "low_cosine": [0.2638973593711853, 0.2629929184913635, 0.2624508738517761, 0.2851699888706207, 0.2745671570301056, 0.26284170150756836, 0.2659974694252014, 0.2659308910369873, 0.2662883400917053, 0.27028965950012207], "mid_L2": [252.90353393554688, 252.45347595214844, 251.83883666992188, 259.8990478515625, 250.7196044921875, 251.94082641601562, 251.71527099609375, 252.1699981689453, 252.036865234375, 251.4934539794922], "mid_cosine": [0.26213061809539795, 0.25860756635665894, 0.2600938379764557, 0.24969327449798584, 0.2559545636177063, 0.2566808760166168, 0.258320689201355, 0.25504472851753235, 0.26604998111724854, 0.26140516996383667], "high_L2": [57.06438446044922, 55.771270751953125, 56.79985809326172, 55.03456497192383, 57.145301818847656, 57.106021881103516, 57.02988815307617, 55.75563430786133, 55.96816635131836, 56.51163864135742], "high_cosine": [0.20190481841564178, 0.2043510377407074, 0.19703812897205353, 0.2598167359828949, 0.19221970438957214, 0.19450511038303375, 0.18969623744487762, 0.198868989944458, 0.2140105664730072, 0.2028244137763977], "clip_cosine": [0.998484194278717, 0.9984160661697388, 0.9986885190010071, 0.9987921118736267, 0.9987486004829407, 0.998711884021759, 0.9986258745193481, 0.9986233711242676, 0.9988288879394531, 0.9987319707870483], "dino_cosine": [0.9452359080314636, 0.94329833984375, 0.9463926553726196, 0.9346315860748291, 0.9430027008056641, 0.9433053135871887, 0.9436260461807251, 0.9465646147727966, 0.9345059394836426, 0.9378100633621216], "clip_L2": [14.356443405151367, 14.959498405456543, 13.622068405151367, 13.797679901123047, 14.146759986877441, 13.94616413116455, 14.540111541748047, 14.261621475219727, 13.400235176086426, 14.065962791442871], "dino_L2": [20.596120834350586, 21.06684112548828, 19.926712036132812, 19.388673782348633, 19.652795791625977, 20.727514266967773, 21.198863983154297, 20.615718841552734, 20.541894912719727, 21.3127498626709], "rcnn_confidence": [0.0, 0.0, 0.0, 0.0, 0.0, 0.0, 0.0, 0.0, 0.0, 0.0], "yolo_confidence": [0.0, 0.0, 0.0, 0.0, 0.0, 0.0, 0.0, 0.0, 0.0, 0.0]}