{"pixel_L2": [22595.16015625, 22080.935546875, 21581.255859375, 20507.615234375, 21300.8046875, 21295.1328125, 20441.486328125, 21826.369140625, 20703.6328125, 21436.333984375], "pixel_cosine": [0.9096307754516602, 0.906269371509552, 0.9098669290542603, 0.9189995527267456, 0.9143602252006531, 0.9157990217208862, 0.9197360277175903, 0.9088137745857239, 0.9180073738098145, 0.9113835692405701], "low_L2": [319.9239807128906, 358.02703857421875, 370.09320068359375, 384.74029541015625, 378.9430236816406, 342.22357177734375, 407.045654296875, 395.56842041015625, 343.9110412597656, 370.6236572265625], "low_cosine": [0.7567876577377319, 0.7168022394180298, 0.7007640600204468, 0.6829761266708374, 0.6952003240585327, 0.7332590818405151, 0.6617404222488403, 0.6736592650413513, 0.7400424480438232, 0.7015587091445923], "mid_L2": [328.619140625, 343.81463623046875, 349.11663818359375, 346.5247802734375, 336.8011474609375, 321.9748229980469, 341.09686279296875, 362.1351623535156, 304.5747375488281, 351.4758605957031], "mid_cosine": [0.5304693579673767, 0.5313533544540405, 0.5150821208953857, 0.5251833200454712, 0.5075415968894958, 0.536899209022522, 0.5221418142318726, 0.48434704542160034, 0.5837664604187012, 0.501535952091217], "high_L2": [48.71949005126953, 53.31285858154297, 46.98388671875, 54.25592041015625, 56.06201171875, 57.773311614990234, 55.71784210205078, 50.88406753540039, 56.70653533935547, 53.463958740234375], "high_cosine": [0.8367941379547119, 0.8032723069190979, 0.8518140912055969, 0.7929584383964539, 0.7768094539642334, 0.7598860263824463, 0.779242992401123, 0.8248445987701416, 0.7698135375976562, 0.7998279333114624], "clip_cosine": [0.9988960027694702, 0.9994340538978577, 0.9992424249649048, 0.9995178580284119, 0.9990766048431396, 0.9988974928855896, 0.9994338154792786, 0.9994493722915649, 0.9993578195571899, 0.9994791150093079], "dino_cosine": [0.954805314540863, 0.9686625599861145, 0.9679712057113647, 0.9769309759140015, 0.9704423546791077, 0.9627784490585327, 0.9748145937919617, 0.9698183536529541, 0.9645626544952393, 0.9687057733535767], "clip_L2": [11.682559967041016, 8.857950210571289, 10.10110855102539, 8.30704116821289, 10.810087203979492, 11.648046493530273, 8.855573654174805, 8.872953414916992, 9.605046272277832, 8.635290145874023], "dino_L2": [16.94707679748535, 13.328583717346191, 13.680662155151367, 12.216675758361816, 14.328680992126465, 14.61094856262207, 12.66024112701416, 13.161148071289062, 14.05923843383789, 13.15466022491455], "rcnn_confidence": [0.0, 0.9537875056266785, 0.57108074426651, 0.24185867607593536, 0.9018189311027527, 0.9407654404640198, 0.24946358799934387, 0.19797782599925995, 0.49360814690589905, 0.07935623079538345], "yolo_confidence": [0.0, 0.0, 0.0, 0.0, 0.0, 0.0, 0.0, 0.0, 0.0, 0.0]}