{"pixel_L2": [24671.423828125, 24674.943359375, 24554.228515625, 24590.248046875, 24608.8203125, 24666.880859375, 24592.830078125, 24384.70703125, 24301.744140625, 24624.33203125], "pixel_cosine": [0.9590733051300049, 0.960221529006958, 0.9594088196754456, 0.958965539932251, 0.9602353572845459, 0.9594545364379883, 0.9595346450805664, 0.9595136642456055, 0.960580587387085, 0.9593724608421326], "low_L2": [261.7207946777344, 257.8963928222656, 259.60382080078125, 258.0603332519531, 254.3238983154297, 255.6446990966797, 258.0570983886719, 252.7909698486328, 257.0340270996094, 260.62359619140625], "low_cosine": [0.7755452990531921, 0.7798066735267639, 0.7794198393821716, 0.7812879085540771, 0.7850675582885742, 0.7840523719787598, 0.7810481786727905, 0.7889007329940796, 0.7833315134048462, 0.777850866317749], "mid_L2": [279.173095703125, 279.4386901855469, 276.6602478027344, 280.1138916015625, 279.06427001953125, 277.5332336425781, 276.2958068847656, 278.0185241699219, 274.230712890625, 277.115966796875], "mid_cosine": [0.530719518661499, 0.5274343490600586, 0.5364206433296204, 0.5309953689575195, 0.5262606143951416, 0.5353214144706726, 0.5371280312538147, 0.5352469682693481, 0.5448468327522278, 0.5324503183364868], "high_L2": [68.25591278076172, 65.77643585205078, 67.26285552978516, 65.61376953125, 67.9555435180664, 64.85582733154297, 66.95353698730469, 66.876220703125, 67.73329162597656, 66.5516128540039], "high_cosine": [0.5834869146347046, 0.6116934418678284, 0.5943875312805176, 0.624821662902832, 0.5754227638244629, 0.6209031343460083, 0.5897069573402405, 0.5994395017623901, 0.5848767161369324, 0.6057783365249634], "clip_cosine": [0.9975675344467163, 0.9978151321411133, 0.9975119829177856, 0.9977673292160034, 0.9976029992103577, 0.997743546962738, 0.9976814389228821, 0.9977396726608276, 0.9975153803825378, 0.9977485537528992], "dino_cosine": [0.9549411535263062, 0.9433133602142334, 0.9547825455665588, 0.9574408531188965, 0.9536370635032654, 0.9444196820259094, 0.9591527581214905, 0.9611718654632568, 0.9513164758682251, 0.952559232711792], "clip_L2": [16.79122543334961, 15.708727836608887, 17.158161163330078, 16.227947235107422, 17.04001235961914, 16.415687561035156, 16.699954986572266, 16.278533935546875, 17.40123748779297, 16.213346481323242], "dino_L2": [19.802751541137695, 19.753942489624023, 19.83888053894043, 19.410017013549805, 19.65073585510254, 19.418054580688477, 19.584897994995117, 19.748952865600586, 19.54801368713379, 19.76219367980957], "rcnn_confidence": [0.0, 0.0, 0.0, 0.0, 0.0, 0.0, 0.0, 0.0, 0.0, 0.0], "yolo_confidence": [0.0, 0.0, 0.0, 0.0, 0.0, 0.0, 0.0, 0.0, 0.0, 0.0]}