{"pixel_L2": [18098.791015625, 23545.634765625, 22582.958984375, 21446.58984375, 17862.5078125, 21735.263671875, 23851.193359375, 18664.29296875, 23520.13671875, 19818.30078125], "pixel_cosine": [0.9286733865737915, 0.8787545561790466, 0.8861325979232788, 0.8986824154853821, 0.9306797981262207, 0.8944425582885742, 0.8741621971130371, 0.9282099008560181, 0.8823966383934021, 0.9180746674537659], "low_L2": [253.3885955810547, 253.13148498535156, 287.836669921875, 302.5877685546875, 260.79766845703125, 263.0863342285156, 274.5020446777344, 263.78070068359375, 327.4786682128906, 252.33746337890625], "low_cosine": [0.30890607833862305, 0.26922208070755005, 0.2586619555950165, 0.2758367657661438, 0.30657142400741577, 0.24794629216194153, 0.23954549431800842, 0.26353979110717773, 0.25411516427993774, 0.2883654832839966], "mid_L2": [265.6454162597656, 282.56005859375, 312.0894470214844, 291.0390625, 270.5455017089844, 292.1900329589844, 286.9245910644531, 284.22479248046875, 333.3101501464844, 274.9316101074219], "mid_cosine": [0.29791951179504395, 0.25262612104415894, 0.24514275789260864, 0.26652801036834717, 0.28139033913612366, 0.22721856832504272, 0.2494918256998062, 0.27974027395248413, 0.22637957334518433, 0.2823948860168457], "high_L2": [48.1179084777832, 50.611270904541016, 51.78300094604492, 52.21748733520508, 49.12204360961914, 52.874603271484375, 48.158138275146484, 44.058677673339844, 48.08172607421875, 51.90597152709961], "high_cosine": [0.49833276867866516, 0.5640830397605896, 0.5971817970275879, 0.5291441679000854, 0.5319450497627258, 0.49408942461013794, 0.5527985095977783, 0.6787183880805969, 0.6133601665496826, 0.47799137234687805], "clip_cosine": [0.9995177388191223, 0.9994703531265259, 0.9995033740997314, 0.9990978837013245, 0.9993617534637451, 0.9994652271270752, 0.9994255304336548, 0.999360203742981, 0.9992162585258484, 0.999458372592926], "dino_cosine": [0.9802800416946411, 0.9805341362953186, 0.9754624366760254, 0.9738077521324158, 0.9773087501525879, 0.9783169031143188, 0.9803886413574219, 0.968843400478363, 0.9684760570526123, 0.9729534387588501], "clip_L2": [7.867974281311035, 8.442283630371094, 8.235355377197266, 10.521573066711426, 9.474750518798828, 8.322318077087402, 8.902502059936523, 9.295975685119629, 10.06083869934082, 8.64060115814209], "dino_L2": [10.696512222290039, 10.53503131866455, 11.974037170410156, 11.99561882019043, 10.839755058288574, 10.710991859436035, 9.793193817138672, 12.256708145141602, 12.197955131530762, 11.703869819641113], "rcnn_confidence": [0.9185274243354797, 0.976095974445343, 0.9925251007080078, 0.8963479995727539, 0.959362268447876, 0.743046760559082, 0.8256757259368896, 0.9922939538955688, 0.9208763241767883, 0.6826590895652771], "yolo_confidence": [0.0, 0.42846226692199707, 0.7566344738006592, 0.0, 0.0, 0.4286855459213257, 0.0, 0.38919031620025635, 0.5761680006980896, 0.0]}