{"pixel_L2": [39279.6875, 31480.7109375, 32374.814453125, 29704.314453125, 30214.546875, 30405.87890625, 32776.25, 34161.2265625, 29523.275390625, 30502.853515625], "pixel_cosine": [0.6995234489440918, 0.8178024291992188, 0.8208214044570923, 0.8380851745605469, 0.8311197757720947, 0.8285540342330933, 0.8005950450897217, 0.8001579642295837, 0.8395028114318848, 0.828952968120575], "low_L2": [517.778564453125, 380.7931823730469, 412.765380859375, 435.77679443359375, 421.2834777832031, 444.58538818359375, 485.8150634765625, 446.7205810546875, 431.853515625, 469.6758728027344], "low_cosine": [0.2854215204715729, 0.5284520983695984, 0.5211436152458191, 0.4540838599205017, 0.4780116081237793, 0.469501793384552, 0.4088107645511627, 0.41460758447647095, 0.4866984486579895, 0.4479500949382782], "mid_L2": [409.3562316894531, 353.4919738769531, 366.6667785644531, 375.6549072265625, 384.8661804199219, 398.93670654296875, 396.4273376464844, 358.9842224121094, 356.5045166015625, 381.7897033691406], "mid_cosine": [0.2919134199619293, 0.44796738028526306, 0.41521793603897095, 0.4375360608100891, 0.42339664697647095, 0.36887437105178833, 0.35135984420776367, 0.3889369070529938, 0.4542340636253357, 0.42947283387184143], "high_L2": [62.97865295410156, 57.940284729003906, 65.83436584472656, 60.441871643066406, 59.68206024169922, 65.86079406738281, 68.64691925048828, 63.3432502746582, 53.94245147705078, 68.00370025634766], "high_cosine": [0.5881446003913879, 0.6434673070907593, 0.5804648399353027, 0.6199175119400024, 0.6429663896560669, 0.5538492202758789, 0.5279073715209961, 0.6229736804962158, 0.6936339139938354, 0.5677007436752319], "clip_cosine": [0.9991494417190552, 0.9995632171630859, 0.9995996952056885, 0.9996191263198853, 0.9994811415672302, 0.9995191097259521, 0.9994913339614868, 0.9994545578956604, 0.9994329214096069, 0.999534547328949], "dino_cosine": [0.9792772531509399, 0.9875932931900024, 0.986839771270752, 0.9900673627853394, 0.9895030856132507, 0.9761951565742493, 0.9826564192771912, 0.9868992567062378, 0.9886264801025391, 0.9885070323944092], "clip_L2": [10.64061450958252, 7.655880451202393, 7.353634834289551, 7.238251686096191, 8.282679557800293, 8.034027099609375, 8.348845481872559, 8.65827465057373, 8.842409133911133, 7.8919854164123535], "dino_L2": [14.122082710266113, 10.856366157531738, 11.896419525146484, 10.950666427612305, 10.898419380187988, 13.015295028686523, 12.601346969604492, 12.500975608825684, 10.864083290100098, 10.934807777404785], "rcnn_confidence": [0.9323975443840027, 0.9874023795127869, 0.9773610830307007, 0.9707490801811218, 0.996926486492157, 0.9918504357337952, 0.9815612435340881, 0.8159646391868591, 0.9204486012458801, 0.9733480215072632], "yolo_confidence": [0.5086532831192017, 0.0, 0.35677051544189453, 0.0, 0.5949691534042358, 0.8833662271499634, 0.0, 0.0, 0.0, 0.640629231929779]}