{"pixel_L2": [12092.0361328125, 11636.802734375, 12034.875, 13660.0634765625, 12054.771484375, 11545.373046875, 11837.197265625, 17277.345703125, 13426.9169921875, 11681.7978515625], "pixel_cosine": [0.9493422508239746, 0.9517810344696045, 0.95066237449646, 0.9388146996498108, 0.9504203796386719, 0.9513554573059082, 0.9516440629959106, 0.9161921739578247, 0.9423726797103882, 0.9503470659255981], "low_L2": [139.66123962402344, 139.08700561523438, 137.68515014648438, 160.13031005859375, 138.76414489746094, 136.89552307128906, 138.5844268798828, 154.18292236328125, 143.93441772460938, 140.7442626953125], "low_cosine": [0.4911095201969147, 0.5048866868019104, 0.4936235547065735, 0.4519686698913574, 0.5025011897087097, 0.5079010725021362, 0.5046130418777466, 0.439596027135849, 0.49915701150894165, 0.49236229062080383], "mid_L2": [197.5937957763672, 198.14564514160156, 197.75936889648438, 215.39523315429688, 199.2156524658203, 198.30604553222656, 199.9348602294922, 210.92434692382812, 211.11891174316406, 205.13372802734375], "mid_cosine": [0.3096137046813965, 0.30871880054473877, 0.307224839925766, 0.27813059091567993, 0.29645878076553345, 0.3072099983692169, 0.29504308104515076, 0.2711777091026306, 0.27444979548454285, 0.2860904335975647], "high_L2": [53.409847259521484, 53.35321807861328, 55.38274002075195, 55.61197280883789, 54.28515625, 53.38154983520508, 54.147422790527344, 53.19456100463867, 52.061893463134766, 54.577091217041016], "high_cosine": [0.3712487518787384, 0.3881186842918396, 0.3701593577861786, 0.34772172570228577, 0.3780650198459625, 0.3758006691932678, 0.3680296838283539, 0.369633287191391, 0.420963853597641, 0.3140970468521118], "clip_cosine": [0.998863697052002, 0.9989376664161682, 0.9989262223243713, 0.9988378286361694, 0.9989920854568481, 0.9989123344421387, 0.9989143013954163, 0.9989529848098755, 0.9990699291229248, 0.9988011121749878], "dino_cosine": [0.9484440684318542, 0.9486873745918274, 0.952755331993103, 0.9526060819625854, 0.9505825042724609, 0.951353132724762, 0.939976692199707, 0.9635036587715149, 0.9642444849014282, 0.9471181631088257], "clip_L2": [12.41650104522705, 11.80140495300293, 12.071799278259277, 12.01225757598877, 11.267735481262207, 12.176549911499023, 12.096718788146973, 11.505960464477539, 10.992191314697266, 12.382760047912598], "dino_L2": [17.38068962097168, 16.992712020874023, 16.512813568115234, 16.4799747467041, 17.68450355529785, 16.927249908447266, 17.921728134155273, 14.816874504089355, 14.27815055847168, 17.17525863647461], "rcnn_confidence": [0.0, 0.0, 0.0, 0.0, 0.0, 0.0, 0.0, 0.13651815056800842, 0.5808604955673218, 0.0], "yolo_confidence": [0.0, 0.0, 0.0, 0.0, 0.0, 0.0, 0.0, 0.0, 0.0, 0.0]}