{"pixel_L2": [42340.57421875, 42587.91015625, 42627.1171875, 42674.484375, 42676.50390625, 42370.62109375, 42660.9296875, 42822.00390625, 42503.59765625, 42471.14453125], "pixel_cosine": [0.7609654664993286, 0.7605901956558228, 0.7607086300849915, 0.7628965377807617, 0.7606204152107239, 0.7607144117355347, 0.7576297521591187, 0.7619135975837708, 0.7596687078475952, 0.7600735425949097], "low_L2": [251.5069122314453, 251.72811889648438, 252.36282348632812, 250.18443298339844, 251.75588989257812, 250.37168884277344, 252.75732421875, 250.0826873779297, 251.72833251953125, 250.07962036132812], "low_cosine": [0.46797794103622437, 0.46237534284591675, 0.4678603410720825, 0.46633023023605347, 0.46172523498535156, 0.4657941460609436, 0.46229860186576843, 0.4588388204574585, 0.46526116132736206, 0.4655722975730896], "mid_L2": [233.61026000976562, 232.25927734375, 231.40957641601562, 231.88232421875, 230.51370239257812, 230.39895629882812, 229.077880859375, 230.9349365234375, 230.8739013671875, 230.348388671875], "mid_cosine": [0.31656527519226074, 0.31113457679748535, 0.31912821531295776, 0.31332629919052124, 0.3146686255931854, 0.31614476442337036, 0.3182966709136963, 0.31096386909484863, 0.31454572081565857, 0.31555473804473877], "high_L2": [55.82075119018555, 56.02716827392578, 56.2680549621582, 56.24115753173828, 54.99599838256836, 57.4793701171875, 54.18202209472656, 56.76551818847656, 56.34085464477539, 56.47353744506836], "high_cosine": [0.34800809621810913, 0.3365620970726013, 0.34215590357780457, 0.335845023393631, 0.34829145669937134, 0.32584547996520996, 0.35100147128105164, 0.3285520672798157, 0.32460400462150574, 0.3373415768146515], "clip_cosine": [0.9984861016273499, 0.9984062910079956, 0.9984346032142639, 0.998322606086731, 0.9984496831893921, 0.9983693957328796, 0.9985454082489014, 0.9984012246131897, 0.9984176754951477, 0.9983776807785034], "dino_cosine": [0.9513768553733826, 0.9526582360267639, 0.9508273601531982, 0.955531656742096, 0.9530083537101746, 0.9522287249565125, 0.9481996297836304, 0.9538745880126953, 0.9566301107406616, 0.952672004699707], "clip_L2": [12.519889831542969, 13.590259552001953, 13.003948211669922, 13.620457649230957, 12.92819881439209, 13.226454734802246, 12.835466384887695, 13.47307014465332, 13.008265495300293, 13.43043327331543], "dino_L2": [18.632497787475586, 18.352670669555664, 18.440364837646484, 18.074098587036133, 18.52535629272461, 18.449960708618164, 18.493480682373047, 18.14389991760254, 17.924055099487305, 18.496919631958008], "rcnn_confidence": [0.0, 0.0, 0.0, 0.0, 0.0, 0.0, 0.0, 0.0, 0.0, 0.0], "yolo_confidence": [0.0, 0.0, 0.0, 0.0, 0.0, 0.0, 0.0, 0.0, 0.0, 0.0]}