{"pixel_L2": [20795.958984375, 24367.810546875, 21739.75, 20412.873046875, 23747.94921875, 21720.89453125, 21770.87109375, 23578.083984375, 22147.802734375, 19411.85546875], "pixel_cosine": [0.8396435379981995, 0.7910680770874023, 0.820999801158905, 0.858763575553894, 0.8052300214767456, 0.8253802061080933, 0.8206340670585632, 0.8330768346786499, 0.8134527206420898, 0.8739446401596069], "low_L2": [264.7732238769531, 281.4335021972656, 266.98492431640625, 265.3858642578125, 269.66448974609375, 264.6929016113281, 275.1652526855469, 258.8363952636719, 284.2252502441406, 255.6497344970703], "low_cosine": [0.36487385630607605, 0.31372013688087463, 0.3741655945777893, 0.37011170387268066, 0.3404415249824524, 0.341280460357666, 0.36752933263778687, 0.35874924063682556, 0.32643383741378784, 0.3788411021232605], "mid_L2": [287.61566162109375, 283.9375915527344, 284.5840148925781, 279.4990234375, 286.7357177734375, 285.2485656738281, 291.8193664550781, 287.1121826171875, 278.74169921875, 284.1734313964844], "mid_cosine": [0.24593013525009155, 0.2433132827281952, 0.26057735085487366, 0.2515297830104828, 0.2451649308204651, 0.24017368257045746, 0.2526153326034546, 0.2335350513458252, 0.2506144642829895, 0.24702179431915283], "high_L2": [64.61808013916016, 62.60762023925781, 60.97129440307617, 65.04236602783203, 66.78300476074219, 62.86133575439453, 65.23936462402344, 59.683135986328125, 61.77180099487305, 60.7116813659668], "high_cosine": [0.23978926241397858, 0.2542699873447418, 0.3050130307674408, 0.23493939638137817, 0.18843311071395874, 0.24730753898620605, 0.2782577872276306, 0.3986133933067322, 0.2711718678474426, 0.32511889934539795], "clip_cosine": [0.998188316822052, 0.9979531168937683, 0.998321533203125, 0.9975219964981079, 0.997796356678009, 0.9982681274414062, 0.9983456134796143, 0.998049795627594, 0.997580885887146, 0.998230516910553], "dino_cosine": [0.9715999364852905, 0.9621648788452148, 0.9708930253982544, 0.950448751449585, 0.9692979454994202, 0.9652327299118042, 0.9635141491889954, 0.9791158437728882, 0.9483345150947571, 0.9626532793045044], "clip_L2": [13.516114234924316, 14.673598289489746, 13.506060600280762, 15.359551429748535, 15.269920349121094, 13.806695938110352, 12.632326126098633, 14.643467903137207, 15.901443481445312, 13.814854621887207], "dino_L2": [12.736125946044922, 14.714997291564941, 13.609850883483887, 17.81249237060547, 14.008883476257324, 13.960840225219727, 15.797276496887207, 11.878155708312988, 18.27131462097168, 14.917381286621094], "rcnn_confidence": [0.0, 0.5728645920753479, 0.16020406782627106, 0.12194538116455078, 0.44059693813323975, 0.12149928510189056, 0.2027527540922165, 0.7630009651184082, 0.0, 0.07902791351079941], "yolo_confidence": [0.0, 0.0, 0.0, 0.0, 0.0, 0.0, 0.0, 0.0, 0.0, 0.0]}