{"pixel_L2": [21005.50390625, 20942.75390625, 20606.388671875, 20465.5078125, 20374.986328125, 20266.3671875, 20496.697265625, 20707.15234375, 19794.248046875, 21802.541015625], "pixel_cosine": [0.8914035558700562, 0.8921431303024292, 0.8991488814353943, 0.8977410793304443, 0.8993051648139954, 0.9002495408058167, 0.897776186466217, 0.8947646021842957, 0.9058060050010681, 0.8833390474319458], "low_L2": [273.9787292480469, 270.2850341796875, 267.4069519042969, 270.7991027832031, 265.9938049316406, 267.8810729980469, 272.9287109375, 268.2206726074219, 267.2684326171875, 276.72564697265625], "low_cosine": [0.25968852639198303, 0.27305060625076294, 0.25407153367996216, 0.2546701431274414, 0.28803837299346924, 0.27808040380477905, 0.2672936022281647, 0.30316025018692017, 0.27859196066856384, 0.26230379939079285], "mid_L2": [247.8135223388672, 258.3253479003906, 240.48876953125, 252.70034790039062, 249.21568298339844, 250.54539489746094, 252.87498474121094, 250.8207550048828, 249.76181030273438, 265.6737060546875], "mid_cosine": [0.22172874212265015, 0.19340038299560547, 0.23558549582958221, 0.20409013330936432, 0.22365717589855194, 0.21480931341648102, 0.2083660066127777, 0.22088570892810822, 0.22386935353279114, 0.18877217173576355], "high_L2": [53.75798034667969, 55.185646057128906, 60.33442687988281, 53.56740951538086, 51.77924728393555, 54.856117248535156, 54.12929153442383, 52.81098556518555, 50.28340148925781, 48.74590301513672], "high_cosine": [0.32015419006347656, 0.3476775884628296, 0.1770729124546051, 0.3593830466270447, 0.3984391987323761, 0.33409082889556885, 0.32154518365859985, 0.38579434156417847, 0.40281933546066284, 0.46031874418258667], "clip_cosine": [0.9992572069168091, 0.9992105960845947, 0.9986966252326965, 0.9993481636047363, 0.9992877840995789, 0.9993512034416199, 0.9992109537124634, 0.9991713166236877, 0.9991333484649658, 0.9992514848709106], "dino_cosine": [0.9801323413848877, 0.9800693988800049, 0.9525824189186096, 0.9786564707756042, 0.9780155420303345, 0.9814391732215881, 0.9738843441009521, 0.9672977328300476, 0.9829292297363281, 0.9815183877944946], "clip_L2": [9.628803253173828, 10.065408706665039, 13.288978576660156, 9.09355640411377, 9.610491752624512, 9.093788146972656, 9.837785720825195, 10.277483940124512, 10.650607109069824, 9.627516746520996], "dino_L2": [11.2495698928833, 11.099353790283203, 16.969892501831055, 11.743631362915039, 11.75304126739502, 10.986860275268555, 13.038935661315918, 14.839383125305176, 10.757360458374023, 10.35742473602295], "rcnn_confidence": [0.0, 0.0, 0.0, 0.0, 0.061823464930057526, 0.24001306295394897, 0.8404937982559204, 0.0, 0.3634813725948334, 0.46339115500450134], "yolo_confidence": [0.0, 0.0, 0.0, 0.0, 0.0, 0.0, 0.0, 0.0, 0.0, 0.0]}