{"pixel_L2": [20676.634765625, 19331.11328125, 19162.6875, 19968.322265625, 20492.052734375, 24717.078125, 18731.015625, 18995.91796875, 18819.431640625, 18679.970703125], "pixel_cosine": [0.8732764720916748, 0.8880678415298462, 0.9219464659690857, 0.8888799548149109, 0.8765478730201721, 0.8104408383369446, 0.9140227437019348, 0.913554310798645, 0.9157782196998596, 0.9162540435791016], "low_L2": [314.6062316894531, 299.53460693359375, 258.80316162109375, 317.84490966796875, 319.46563720703125, 291.3347473144531, 283.7274169921875, 261.4664611816406, 265.75054931640625, 268.7232666015625], "low_cosine": [0.3005261719226837, 0.28502827882766724, 0.3727726340293884, 0.34042486548423767, 0.29429948329925537, 0.2817464768886566, 0.29637792706489563, 0.3297244608402252, 0.3556920886039734, 0.3284270167350769], "mid_L2": [351.52154541015625, 333.0138854980469, 306.8951110839844, 325.0210266113281, 357.1170654296875, 326.95263671875, 306.87750244140625, 300.7621765136719, 310.6441650390625, 302.96929931640625], "mid_cosine": [0.25825804471969604, 0.2701297402381897, 0.3164342939853668, 0.2632567882537842, 0.2534920871257782, 0.25193914771080017, 0.3121175169944763, 0.3117331862449646, 0.2908644676208496, 0.32058000564575195], "high_L2": [66.458984375, 61.14347839355469, 72.67195892333984, 63.653377532958984, 57.961856842041016, 61.2403678894043, 63.16945266723633, 68.02473449707031, 67.27409362792969, 65.3931655883789], "high_cosine": [0.40749114751815796, 0.41368091106414795, 0.17837762832641602, 0.31843870878219604, 0.5037827491760254, 0.42028725147247314, 0.34957578778266907, 0.26113268733024597, 0.2817532420158386, 0.3264645040035248], "clip_cosine": [0.9990503191947937, 0.9994688034057617, 0.9993784427642822, 0.9991912841796875, 0.9993218779563904, 0.9993798732757568, 0.9992356300354004, 0.9991390109062195, 0.9992190599441528, 0.9990941882133484], "dino_cosine": [0.9803962707519531, 0.9816493391990662, 0.9767516851425171, 0.9717877507209778, 0.9752659201622009, 0.9721182584762573, 0.9729142189025879, 0.951949954032898, 0.9555989503860474, 0.9595757722854614], "clip_L2": [10.518454551696777, 8.671490669250488, 9.252961158752441, 10.692814826965332, 9.499984741210938, 9.530184745788574, 10.505023002624512, 11.6436767578125, 10.729124069213867, 11.68947696685791], "dino_L2": [10.996637344360352, 11.10595703125, 11.94677448272705, 12.015850067138672, 12.614115715026855, 13.336533546447754, 12.976313591003418, 16.186180114746094, 15.396028518676758, 15.013016700744629], "rcnn_confidence": [0.9721648097038269, 0.9959361553192139, 0.09899042546749115, 0.9932214021682739, 0.9987447261810303, 0.9670384526252747, 0.24638524651527405, 0.0646832063794136, 0.23062439262866974, 0.0], "yolo_confidence": [0.8684536814689636, 0.8714025616645813, 0.0, 0.0, 0.8328470587730408, 0.302382230758667, 0.0, 0.0, 0.0, 0.0]}