{"pixel_L2": [32230.32421875, 31775.69140625, 32135.203125, 31975.822265625, 32012.314453125, 31420.4453125, 32657.09765625, 30743.1640625, 31317.4296875, 32808.9609375], "pixel_cosine": [0.8193456530570984, 0.8406044244766235, 0.849329948425293, 0.8372406959533691, 0.8391997814178467, 0.8493748307228088, 0.8145401477813721, 0.8261405825614929, 0.8562884330749512, 0.8309978246688843], "low_L2": [486.8188781738281, 481.06365966796875, 469.49139404296875, 487.7293701171875, 466.1111145019531, 470.40570068359375, 482.565185546875, 491.77093505859375, 467.17401123046875, 467.1116943359375], "low_cosine": [0.3129729628562927, 0.33071625232696533, 0.34542316198349, 0.3082641363143921, 0.353439062833786, 0.32319843769073486, 0.31495726108551025, 0.3072452247142792, 0.3269791901111603, 0.38094770908355713], "mid_L2": [327.7818908691406, 321.7781982421875, 320.0682373046875, 329.8599548339844, 323.7283020019531, 318.24090576171875, 326.2598876953125, 330.2481384277344, 308.8443298339844, 321.9971008300781], "mid_cosine": [0.2543199956417084, 0.27139443159103394, 0.26557132601737976, 0.2492923140525818, 0.25187811255455017, 0.25320199131965637, 0.24219554662704468, 0.2446497231721878, 0.26004981994628906, 0.2560265064239502], "high_L2": [63.56956481933594, 56.355018615722656, 60.78507614135742, 61.4764289855957, 60.455936431884766, 60.24304962158203, 56.08435821533203, 61.60304641723633, 62.765907287597656, 57.60221481323242], "high_cosine": [0.15650123357772827, 0.24183686077594757, 0.17322681844234467, 0.17001493275165558, 0.19530341029167175, 0.15883687138557434, 0.20354126393795013, 0.17190568149089813, 0.14013689756393433, 0.24840764701366425], "clip_cosine": [0.998856782913208, 0.9988383650779724, 0.9988672733306885, 0.9987509846687317, 0.9987771511077881, 0.9988406896591187, 0.9989404678344727, 0.9988042712211609, 0.9987949132919312, 0.998969316482544], "dino_cosine": [0.9538536667823792, 0.9508293867111206, 0.9493526220321655, 0.9409764409065247, 0.9398736953735352, 0.9414898753166199, 0.9597977995872498, 0.9536310434341431, 0.9349154829978943, 0.9521760940551758], "clip_L2": [13.143515586853027, 13.384759902954102, 13.238539695739746, 13.636407852172852, 13.98623275756836, 13.816903114318848, 12.758781433105469, 13.148341178894043, 14.2593994140625, 12.776252746582031], "dino_L2": [19.533235549926758, 19.75788116455078, 18.76381492614746, 20.238412857055664, 19.268259048461914, 20.374238967895508, 18.254119873046875, 18.55726432800293, 20.898170471191406, 18.383710861206055], "rcnn_confidence": [0.0, 0.0, 0.0, 0.0, 0.0, 0.0, 0.0, 0.0, 0.0, 0.0], "yolo_confidence": [0.0, 0.0, 0.0, 0.0, 0.0, 0.0, 0.0, 0.0, 0.0, 0.0]}