{"pixel_L2": [26281.36328125, 26184.11328125, 26255.380859375, 26718.470703125, 26430.75, 26198.5546875, 26580.57421875, 27062.341796875, 26449.6640625, 26371.908203125], "pixel_cosine": [0.8572864532470703, 0.8566604852676392, 0.8573117852210999, 0.8577648997306824, 0.856317400932312, 0.8564674258232117, 0.8556751608848572, 0.85540771484375, 0.8581538200378418, 0.8542853593826294], "low_L2": [229.48019409179688, 226.88478088378906, 228.6949920654297, 230.76136779785156, 230.28094482421875, 227.7894744873047, 230.433837890625, 231.41729736328125, 228.0648193359375, 229.9580535888672], "low_cosine": [0.5346494317054749, 0.5381220579147339, 0.5349768400192261, 0.5330692529678345, 0.533164381980896, 0.5367560386657715, 0.5338172912597656, 0.5323250889778137, 0.5379643440246582, 0.5333251953125], "mid_L2": [204.7631378173828, 203.32931518554688, 204.89382934570312, 204.37799072265625, 204.15982055664062, 203.83001708984375, 203.18441772460938, 206.2604522705078, 203.43606567382812, 204.6760711669922], "mid_cosine": [0.4401225745677948, 0.4433988630771637, 0.4417649209499359, 0.43991801142692566, 0.44176536798477173, 0.44261735677719116, 0.4459916055202484, 0.43890583515167236, 0.4431127905845642, 0.4391089081764221], "high_L2": [45.32865905761719, 45.289886474609375, 45.80237579345703, 45.1707763671875, 44.80776596069336, 45.35068893432617, 44.727054595947266, 45.7408561706543, 45.01556396484375, 45.534244537353516], "high_cosine": [0.5175043940544128, 0.5169984698295593, 0.5085170865058899, 0.5246796607971191, 0.5232783555984497, 0.5162032842636108, 0.524751603603363, 0.5064517855644226, 0.5279374718666077, 0.5148874521255493], "clip_cosine": [0.9975094795227051, 0.9976667165756226, 0.997361421585083, 0.9975121021270752, 0.9977770447731018, 0.9971296787261963, 0.997344434261322, 0.9974350929260254, 0.996767520904541, 0.9972912073135376], "dino_cosine": [0.9463961720466614, 0.948186993598938, 0.9480215907096863, 0.9457306265830994, 0.948819637298584, 0.948063313961029, 0.9471834301948547, 0.9463844895362854, 0.9469279646873474, 0.9452142715454102], "clip_L2": [17.03020477294922, 17.150043487548828, 17.060184478759766, 17.22759246826172, 16.78030776977539, 17.34857940673828, 17.3085994720459, 17.41569709777832, 17.508602142333984, 17.478710174560547], "dino_L2": [17.097511291503906, 16.708526611328125, 17.069368362426758, 16.96687126159668, 16.460588455200195, 16.742021560668945, 16.609127044677734, 16.960508346557617, 16.585451126098633, 17.68332862854004], "rcnn_confidence": [0.09716510772705078, 0.05905356630682945, 0.11177525669336319, 0.05983294919133186, 0.08745299279689789, 0.1479649543762207, 0.05999171361327171, 0.06940983980894089, 0.09473823010921478, 0.09143185615539551], "yolo_confidence": [0.0, 0.0, 0.0, 0.0, 0.0, 0.0, 0.0, 0.0, 0.0, 0.0]}