{"pixel_L2": [48311.296875, 50649.8984375, 51143.01171875, 47695.47265625, 52250.51171875, 50167.23828125, 42286.56640625, 42023.7109375, 47194.05078125, 50203.390625], "pixel_cosine": [0.6946909427642822, 0.5669740438461304, 0.567054271697998, 0.6482321619987488, 0.5377377271652222, 0.5782113075256348, 0.7271879315376282, 0.7474148273468018, 0.6392615437507629, 0.6114495992660522], "low_L2": [574.658935546875, 471.41412353515625, 477.9364929199219, 505.6080322265625, 477.4949645996094, 467.53277587890625, 466.6786193847656, 493.50958251953125, 472.20562744140625, 470.7330017089844], "low_cosine": [0.38762742280960083, 0.3461214303970337, 0.33793002367019653, 0.36664652824401855, 0.34667256474494934, 0.37738001346588135, 0.37387868762016296, 0.42545726895332336, 0.4034009575843811, 0.38421595096588135], "mid_L2": [418.70245361328125, 262.3560791015625, 261.8415832519531, 306.88427734375, 272.7726745605469, 281.0701599121094, 263.84271240234375, 351.8970031738281, 345.0605773925781, 267.5548400878906], "mid_cosine": [0.23401129245758057, 0.30802756547927856, 0.32025614380836487, 0.28612619638442993, 0.2912370562553406, 0.31414419412612915, 0.3356426954269409, 0.2807214558124542, 0.25816017389297485, 0.32569727301597595], "high_L2": [65.23741912841797, 48.81334686279297, 47.3049201965332, 59.666297912597656, 50.551029205322266, 58.34418869018555, 47.59895706176758, 60.0701789855957, 70.40581512451172, 48.39033889770508], "high_cosine": [0.20986631512641907, 0.3649939000606537, 0.3725702464580536, 0.34332725405693054, 0.3075883686542511, 0.2885206341743469, 0.3491905629634857, 0.3032064139842987, 0.21958336234092712, 0.3425515592098236], "clip_cosine": [0.9988456964492798, 0.998658299446106, 0.9988263845443726, 0.9986051321029663, 0.9987075328826904, 0.9988000392913818, 0.9987783432006836, 0.9986600875854492, 0.9987709522247314, 0.9984872341156006], "dino_cosine": [0.949637770652771, 0.963280439376831, 0.9670208096504211, 0.9613643884658813, 0.9590103030204773, 0.9444573521614075, 0.9594995975494385, 0.954751193523407, 0.9484485983848572, 0.9690123200416565], "clip_L2": [13.200389862060547, 14.162498474121094, 13.063921928405762, 13.933479309082031, 13.824090957641602, 13.144835472106934, 13.804899215698242, 13.947031021118164, 13.351887702941895, 14.196809768676758], "dino_L2": [18.773542404174805, 18.03429412841797, 17.345497131347656, 16.063446044921875, 17.630292892456055, 19.48189353942871, 18.462356567382812, 17.67934226989746, 19.585432052612305, 17.64565658569336], "rcnn_confidence": [0.08596524596214294, 0.5153692960739136, 0.6863760352134705, 0.7563285827636719, 0.430556982755661, 0.3174658417701721, 0.43250101804733276, 0.316838800907135, 0.10231021046638489, 0.27357423305511475], "yolo_confidence": [0.0, 0.2623607814311981, 0.3766750693321228, 0.8149186372756958, 0.0, 0.0, 0.0, 0.49278905987739563, 0.0, 0.3206137418746948]}