{"pixel_L2": [35196.2578125, 39779.20703125, 42357.51953125, 35119.484375, 38603.15234375, 35934.68359375, 32912.6796875, 39635.46875, 36608.90234375, 40136.62109375], "pixel_cosine": [0.5989253520965576, 0.587396502494812, 0.5776270031929016, 0.6078933477401733, 0.5950347185134888, 0.6050591468811035, 0.5956552028656006, 0.5934997797012329, 0.5813372135162354, 0.5922867059707642], "low_L2": [599.9588012695312, 611.0304565429688, 637.2174682617188, 601.9044799804688, 641.8945922851562, 629.4236450195312, 589.0042724609375, 611.3406372070312, 597.391845703125, 625.417236328125], "low_cosine": [0.4575921297073364, 0.43809980154037476, 0.4245193302631378, 0.4586566984653473, 0.42788565158843994, 0.4416097402572632, 0.45637866854667664, 0.45850104093551636, 0.4519108533859253, 0.44590532779693604], "mid_L2": [306.92156982421875, 307.0262145996094, 316.3058776855469, 304.2950744628906, 320.3789367675781, 313.1017761230469, 311.9850158691406, 318.1151123046875, 307.7467346191406, 320.92041015625], "mid_cosine": [0.3526950478553772, 0.361261248588562, 0.34246593713760376, 0.35795652866363525, 0.34029626846313477, 0.34784531593322754, 0.34826526045799255, 0.34621429443359375, 0.3531649708747864, 0.3542528748512268], "high_L2": [52.711116790771484, 53.206119537353516, 53.396297454833984, 48.26350784301758, 47.33860778808594, 48.709877014160156, 44.65129470825195, 53.81615447998047, 52.56584167480469, 55.56690979003906], "high_cosine": [0.39614367485046387, 0.37283363938331604, 0.4012315273284912, 0.44514745473861694, 0.480289101600647, 0.44658762216567993, 0.5505791902542114, 0.3144920766353607, 0.3511144816875458, 0.39942431449890137], "clip_cosine": [0.9978408813476562, 0.9976780414581299, 0.9979087114334106, 0.9976460933685303, 0.9977315664291382, 0.9977798461914062, 0.9979333281517029, 0.9977540969848633, 0.9979051351547241, 0.9978768825531006], "dino_cosine": [0.9681962728500366, 0.9648817181587219, 0.9539891481399536, 0.9629523158073425, 0.9529503583908081, 0.9568077325820923, 0.9510887265205383, 0.9572833180427551, 0.9691148400306702, 0.9673561453819275], "clip_L2": [16.568286895751953, 17.643157958984375, 16.3905029296875, 17.209678649902344, 17.482908248901367, 16.98046112060547, 16.129249572753906, 17.091503143310547, 16.37202262878418, 16.65342140197754], "dino_L2": [15.148000717163086, 16.596446990966797, 16.50943946838379, 15.75998592376709, 16.483051300048828, 15.94665241241455, 17.566143035888672, 17.083179473876953, 14.000447273254395, 15.162163734436035], "rcnn_confidence": [0.09901096671819687, 0.2904115617275238, 0.0, 0.744730532169342, 0.06562647223472595, 0.0556013248860836, 0.08141028881072998, 0.0, 0.0, 0.17678704857826233], "yolo_confidence": [0.0, 0.0, 0.0, 0.0, 0.0, 0.0, 0.0, 0.0, 0.0, 0.0]}