{"pixel_L2": [32596.330078125, 32732.474609375, 32191.330078125, 32439.7265625, 32399.94921875, 32342.470703125, 33454.15234375, 32359.845703125, 32442.21484375, 32221.2890625], "pixel_cosine": [0.4356192350387573, 0.4363914728164673, 0.4596254229545593, 0.4652794897556305, 0.4666418135166168, 0.4451415240764618, 0.4352142810821533, 0.46873247623443604, 0.4457452893257141, 0.4538930058479309], "low_L2": [395.4145812988281, 415.0992126464844, 395.8564758300781, 409.780517578125, 392.3423156738281, 397.6365051269531, 432.93670654296875, 403.95294189453125, 394.3543701171875, 396.981689453125], "low_cosine": [0.25269773602485657, 0.25013813376426697, 0.2541833221912384, 0.2653546929359436, 0.2575944662094116, 0.2359110713005066, 0.2369529902935028, 0.2650185525417328, 0.24719958007335663, 0.2534218728542328], "mid_L2": [321.74005126953125, 337.0038146972656, 323.2119140625, 327.78765869140625, 321.096435546875, 315.8930969238281, 331.9610595703125, 328.59466552734375, 315.54119873046875, 315.6321716308594], "mid_cosine": [0.18325471878051758, 0.17415635287761688, 0.17270269989967346, 0.17598563432693481, 0.1753581166267395, 0.1795845329761505, 0.16174563765525818, 0.176722452044487, 0.1793844997882843, 0.18731755018234253], "high_L2": [57.44174575805664, 57.51091003417969, 56.269615173339844, 57.92078399658203, 56.296688079833984, 56.69823455810547, 59.80440139770508, 55.78602981567383, 56.289615631103516, 58.73849105834961], "high_cosine": [0.19944831728935242, 0.23151682317256927, 0.22003918886184692, 0.2034599334001541, 0.2344379425048828, 0.23068618774414062, 0.18865248560905457, 0.20359404385089874, 0.2147720605134964, 0.16231955587863922], "clip_cosine": [0.9987939596176147, 0.9986149072647095, 0.9988032579421997, 0.9982845783233643, 0.9988205432891846, 0.9986945986747742, 0.9989500641822815, 0.9987282752990723, 0.9985865354537964, 0.9986107349395752], "dino_cosine": [0.9504106044769287, 0.9189938902854919, 0.9547812938690186, 0.9422832727432251, 0.9426600933074951, 0.9426039457321167, 0.9618401527404785, 0.9475756287574768, 0.9419238567352295, 0.9583650827407837], "clip_L2": [13.373680114746094, 14.631996154785156, 13.50169563293457, 15.802897453308105, 13.262505531311035, 14.106731414794922, 12.713409423828125, 13.69299030303955, 14.255781173706055, 14.643784523010254], "dino_L2": [17.92780876159668, 21.868595123291016, 15.617924690246582, 19.926692962646484, 20.45404624938965, 18.72634506225586, 16.525545120239258, 18.051631927490234, 18.148269653320312, 18.70970916748047], "rcnn_confidence": [0.0842716321349144, 0.11879564076662064, 0.0, 0.0, 0.32345083355903625, 0.09574120491743088, 0.06729456782341003, 0.16575665771961212, 0.18141375482082367, 0.0], "yolo_confidence": [0.0, 0.0, 0.0, 0.0, 0.0, 0.0, 0.0, 0.0, 0.0, 0.0]}