{"pixel_L2": [40153.4609375, 40247.20703125, 37494.40625, 36909.59375, 39845.78515625, 40635.30859375, 39557.1640625, 38925.125, 37654.87890625, 39712.37109375], "pixel_cosine": [0.704544186592102, 0.7066929340362549, 0.7499885559082031, 0.7597414255142212, 0.7119241952896118, 0.6958780884742737, 0.7184994220733643, 0.728412389755249, 0.7456786036491394, 0.7166821360588074], "low_L2": [757.3209838867188, 757.8966674804688, 757.8833618164062, 757.3128662109375, 772.5396728515625, 752.575439453125, 757.3983154296875, 747.3447875976562, 761.365478515625, 759.0396728515625], "low_cosine": [0.31086045503616333, 0.3735167980194092, 0.3519107699394226, 0.3055739998817444, 0.3335477113723755, 0.3317890465259552, 0.3699779510498047, 0.3752228617668152, 0.2984752058982849, 0.37407076358795166], "mid_L2": [362.8240661621094, 376.15350341796875, 378.2394714355469, 353.48297119140625, 378.5267639160156, 359.63043212890625, 374.1446228027344, 379.87957763671875, 364.4347839355469, 370.2005310058594], "mid_cosine": [0.1500861942768097, 0.14850622415542603, 0.14745333790779114, 0.1437513828277588, 0.130679190158844, 0.1571095734834671, 0.1566055417060852, 0.15599703788757324, 0.14914032816886902, 0.1480991393327713], "high_L2": [67.02983093261719, 69.63209533691406, 64.79379272460938, 78.63101959228516, 71.1815185546875, 76.12342071533203, 72.83672332763672, 68.64451599121094, 74.8578109741211, 74.56222534179688], "high_cosine": [0.21540623903274536, 0.22716428339481354, 0.28057563304901123, 0.120902419090271, 0.13625884056091309, 0.09331507235765457, 0.22635193169116974, 0.2205623835325241, 0.11452490091323853, 0.16482391953468323], "clip_cosine": [0.9973834156990051, 0.9975664019584656, 0.9982218742370605, 0.9974244236946106, 0.997811496257782, 0.9974290132522583, 0.9976968765258789, 0.9975020289421082, 0.9975727796554565, 0.9976251721382141], "dino_cosine": [0.9631055593490601, 0.9551464915275574, 0.9460963606834412, 0.9477007389068604, 0.9535531997680664, 0.9428074359893799, 0.9547311663627625, 0.958075761795044, 0.9331864714622498, 0.9533768892288208], "clip_L2": [16.940452575683594, 15.71250057220459, 13.444058418273926, 16.198707580566406, 14.995867729187012, 16.26576805114746, 15.26850700378418, 15.986612319946289, 15.952587127685547, 15.878946304321289], "dino_L2": [14.199426651000977, 15.099092483520508, 14.851481437683105, 16.139944076538086, 15.36089038848877, 17.44966697692871, 15.355598449707031, 14.919647216796875, 17.35664176940918, 16.28683853149414], "rcnn_confidence": [0.0, 0.0, 0.0, 0.0, 0.0, 0.0, 0.0, 0.0, 0.0, 0.0], "yolo_confidence": [0.0, 0.0, 0.0, 0.0, 0.0, 0.0, 0.0, 0.0, 0.0, 0.0]}