{"pixel_L2": [34786.57421875, 39463.2578125, 35443.765625, 33076.7734375, 37938.3515625, 37473.80859375, 35905.625, 48053.37890625, 39452.93359375, 37087.09375], "pixel_cosine": [0.8343906402587891, 0.7925107479095459, 0.8649730682373047, 0.8699427247047424, 0.79931640625, 0.8613590002059937, 0.8225299119949341, 0.8512756824493408, 0.8423470854759216, 0.8139163255691528], "low_L2": [615.6515502929688, 649.5079345703125, 623.5184936523438, 612.4681396484375, 626.2320556640625, 647.7640380859375, 616.5798950195312, 620.6484985351562, 776.4561157226562, 606.6524047851562], "low_cosine": [0.34530186653137207, 0.30665069818496704, 0.3300619423389435, 0.37747055292129517, 0.3508446514606476, 0.35552555322647095, 0.35394802689552307, 0.311246395111084, 0.3363129496574402, 0.34217125177383423], "mid_L2": [315.82989501953125, 323.7354736328125, 328.9446716308594, 334.37481689453125, 321.879638671875, 342.9574279785156, 316.8263244628906, 313.5677185058594, 389.0221862792969, 319.2131042480469], "mid_cosine": [0.24320349097251892, 0.23178093135356903, 0.24703745543956757, 0.26111364364624023, 0.23851168155670166, 0.25649258494377136, 0.2500637471675873, 0.24370713531970978, 0.20518195629119873, 0.2456275224685669], "high_L2": [54.93456268310547, 55.077415466308594, 57.19374084472656, 55.075008392333984, 54.48427963256836, 52.42330551147461, 52.18138122558594, 55.89208984375, 60.32169723510742, 54.32322692871094], "high_cosine": [0.37182438373565674, 0.36655500531196594, 0.35802924633026123, 0.4163738191127777, 0.3707990348339081, 0.45905575156211853, 0.4413190186023712, 0.3869178295135498, 0.3631015419960022, 0.4012775421142578], "clip_cosine": [0.9973756074905396, 0.9982022047042847, 0.9979438781738281, 0.9977262020111084, 0.9980190992355347, 0.997824490070343, 0.9980705976486206, 0.9982056617736816, 0.9981915950775146, 0.9980264902114868], "dino_cosine": [0.9614418745040894, 0.9617599248886108, 0.9631196856498718, 0.9695996046066284, 0.9591283798217773, 0.9667194485664368, 0.956511378288269, 0.9607876539230347, 0.97284996509552, 0.9575088620185852], "clip_L2": [14.888399124145508, 14.113816261291504, 14.751813888549805, 14.888345718383789, 14.56352710723877, 14.552775382995605, 14.507926940917969, 13.751497268676758, 13.639290809631348, 14.148429870605469], "dino_L2": [15.323469161987305, 15.11219310760498, 15.631206512451172, 14.778064727783203, 15.249215126037598, 15.037005424499512, 14.949837684631348, 15.194661140441895, 13.83116340637207, 15.06637954711914], "rcnn_confidence": [0.5414280295372009, 0.7670461535453796, 0.5456352829933167, 0.0, 0.8411679267883301, 0.8352721929550171, 0.6230517625808716, 0.0, 0.7511832118034363, 0.5652489066123962], "yolo_confidence": [0.0, 0.6130232214927673, 0.0, 0.0, 0.3372005522251129, 0.0, 0.0, 0.0, 0.0, 0.2515801787376404]}