{"pixel_L2": [34350.2890625, 34356.31640625, 36350.49609375, 33139.51171875, 33916.6015625, 35222.23828125, 35592.99609375, 33154.98828125, 33769.1171875, 34495.31640625], "pixel_cosine": [0.8135932683944702, 0.8142171502113342, 0.7990385890007019, 0.8281015753746033, 0.8192670345306396, 0.8031833171844482, 0.8016759753227234, 0.8286409974098206, 0.8204115629196167, 0.8116806149482727], "low_L2": [615.1456909179688, 587.191650390625, 626.6712036132812, 594.4773559570312, 594.506591796875, 602.5374755859375, 617.8599853515625, 577.8976440429688, 613.4012451171875, 605.6085205078125], "low_cosine": [0.44449490308761597, 0.41911208629608154, 0.40054863691329956, 0.4028371572494507, 0.43206608295440674, 0.42567211389541626, 0.43196311593055725, 0.41559308767318726, 0.430763840675354, 0.44423481822013855], "mid_L2": [339.8992919921875, 315.9415283203125, 332.37774658203125, 320.11895751953125, 329.4508361816406, 328.7838134765625, 337.4144287109375, 310.1846618652344, 330.86248779296875, 334.1894226074219], "mid_cosine": [0.3350733518600464, 0.35873767733573914, 0.32689785957336426, 0.3486143946647644, 0.34748464822769165, 0.34847137331962585, 0.3370260000228882, 0.3618254065513611, 0.3440888822078705, 0.3263937830924988], "high_L2": [60.3995246887207, 52.08960723876953, 51.82962417602539, 54.67182922363281, 51.31285858154297, 49.413230895996094, 47.67097473144531, 56.769866943359375, 56.11705780029297, 50.69059753417969], "high_cosine": [0.33242568373680115, 0.4566904306411743, 0.4350602924823761, 0.35562369227409363, 0.43856462836265564, 0.4554934501647949, 0.4974200129508972, 0.37959131598472595, 0.3803814649581909, 0.437239408493042], "clip_cosine": [0.9985005855560303, 0.9982482194900513, 0.9984171390533447, 0.9981999397277832, 0.9981365203857422, 0.998124897480011, 0.9985781908035278, 0.9981225728988647, 0.9983431100845337, 0.9979031085968018], "dino_cosine": [0.9669656753540039, 0.9569828510284424, 0.9639824628829956, 0.9571771621704102, 0.955919623374939, 0.9629042148590088, 0.9612969756126404, 0.958231508731842, 0.9567911028862, 0.9664265513420105], "clip_L2": [13.814637184143066, 15.124320030212402, 14.348241806030273, 14.905136108398438, 15.347920417785645, 15.539761543273926, 13.457342147827148, 15.457980155944824, 14.181254386901855, 16.35193634033203], "dino_L2": [15.81695556640625, 17.78095054626465, 14.85278606414795, 16.168413162231445, 15.80031681060791, 14.90943717956543, 15.007423400878906, 15.778188705444336, 15.670065879821777, 15.102370262145996], "rcnn_confidence": [0.0, 0.3872004747390747, 0.4960753917694092, 0.0, 0.21617864072322845, 0.6539599895477295, 0.6371891498565674, 0.2207523137331009, 0.0, 0.1482914686203003], "yolo_confidence": [0.0, 0.0, 0.0, 0.0, 0.0, 0.29450300335884094, 0.736445426940918, 0.0, 0.0, 0.4214051067829132]}