{"pixel_L2": [41292.0859375, 41565.52734375, 41085.46875, 41345.5, 41175.515625, 42599.34375, 41308.34375, 41964.62890625, 41254.27734375, 41173.3046875], "pixel_cosine": [0.6411523818969727, 0.6871798038482666, 0.6591510772705078, 0.6463329792022705, 0.6599239110946655, 0.6882063150405884, 0.6706721782684326, 0.6811910271644592, 0.6675541400909424, 0.6512340307235718], "low_L2": [607.0496826171875, 597.0345458984375, 599.3164672851562, 601.84228515625, 607.2819213867188, 614.4193115234375, 593.8914794921875, 591.5375366210938, 605.446533203125, 596.1717529296875], "low_cosine": [0.4592897295951843, 0.4827464818954468, 0.4515495002269745, 0.45957422256469727, 0.46149909496307373, 0.4708523154258728, 0.4677639901638031, 0.4773275852203369, 0.46323126554489136, 0.45683223009109497], "mid_L2": [339.86962890625, 355.8955993652344, 346.6940002441406, 357.4376220703125, 346.19525146484375, 358.8266296386719, 347.43914794921875, 349.0267639160156, 382.53424072265625, 363.88580322265625], "mid_cosine": [0.3068646192550659, 0.28610628843307495, 0.2935792803764343, 0.2770746946334839, 0.30048084259033203, 0.29726654291152954, 0.30953872203826904, 0.2927069067955017, 0.27092692255973816, 0.2674731910228729], "high_L2": [37.90029525756836, 43.48257827758789, 39.03831100463867, 41.805294036865234, 39.473663330078125, 42.292030334472656, 39.478267669677734, 42.29631042480469, 44.46294403076172, 45.15813064575195], "high_cosine": [0.5689816474914551, 0.45107319951057434, 0.5463173985481262, 0.4938083291053772, 0.5393068194389343, 0.4945818781852722, 0.5607688426971436, 0.49690553545951843, 0.48596256971359253, 0.4467173218727112], "clip_cosine": [0.9978975653648376, 0.9978771805763245, 0.9979777336120605, 0.9978336691856384, 0.9979047775268555, 0.9979232549667358, 0.9980291128158569, 0.9979254007339478, 0.9979278445243835, 0.9978982210159302], "dino_cosine": [0.934170126914978, 0.9408007860183716, 0.954647421836853, 0.9398694038391113, 0.9449101686477661, 0.9489160180091858, 0.9399120211601257, 0.9412713050842285, 0.9370269775390625, 0.9340112209320068], "clip_L2": [16.102182388305664, 15.890274047851562, 15.3257474899292, 15.896721839904785, 15.524788856506348, 16.059457778930664, 15.162015914916992, 15.472450256347656, 15.742900848388672, 15.578302383422852], "dino_L2": [18.143735885620117, 17.81363868713379, 16.036087036132812, 17.385284423828125, 16.349075317382812, 17.220319747924805, 17.519723892211914, 17.719785690307617, 18.00135612487793, 17.73406410217285], "rcnn_confidence": [0.21987693011760712, 0.0, 0.2348853349685669, 0.10865767300128937, 0.12351416051387787, 0.3131251931190491, 0.0974578931927681, 0.3407856822013855, 0.13105110824108124, 0.21396033465862274], "yolo_confidence": [0.0, 0.0, 0.0, 0.4026590883731842, 0.0, 0.4363681972026825, 0.0, 0.33527010679244995, 0.0, 0.0]}