{"pixel_L2": [61495.984375, 61244.39453125, 64156.0703125, 59274.17578125, 58464.2578125, 58919.6875, 63427.34375, 58607.625, 58909.671875, 59191.58203125], "pixel_cosine": [0.372220516204834, 0.36583200097084045, 0.37320375442504883, 0.39572903513908386, 0.35400429368019104, 0.388307124376297, 0.398240327835083, 0.37727028131484985, 0.37838807702064514, 0.36743438243865967], "low_L2": [677.298828125, 568.895263671875, 588.2750244140625, 537.852783203125, 548.9265747070312, 529.5172119140625, 627.5501708984375, 531.2267456054688, 562.7235717773438, 561.359619140625], "low_cosine": [0.324256956577301, 0.3295785188674927, 0.3572418689727783, 0.37364280223846436, 0.32726365327835083, 0.38838350772857666, 0.3995172381401062, 0.35028767585754395, 0.36749404668807983, 0.33775514364242554], "mid_L2": [347.5301513671875, 309.5212707519531, 314.7017517089844, 311.5472106933594, 302.95843505859375, 295.6541442871094, 357.4469909667969, 310.1557922363281, 310.572998046875, 321.52197265625], "mid_cosine": [0.33606210350990295, 0.36758068203926086, 0.35886150598526, 0.3807987570762634, 0.3558935523033142, 0.3865993618965149, 0.34586840867996216, 0.3710395097732544, 0.3534949719905853, 0.3489527702331543], "high_L2": [57.52231979370117, 50.82242965698242, 55.123878479003906, 50.8752555847168, 50.26585006713867, 50.606204986572266, 63.60746765136719, 49.60356140136719, 52.788822174072266, 53.888206481933594], "high_cosine": [0.36913353204727173, 0.38346847891807556, 0.3491017818450928, 0.3754004240036011, 0.3609992265701294, 0.3482864797115326, 0.3198153078556061, 0.40514782071113586, 0.3177250325679779, 0.32680317759513855], "clip_cosine": [0.9989873766899109, 0.9988917708396912, 0.9989416003227234, 0.9989425539970398, 0.9988952279090881, 0.9989253282546997, 0.9991278648376465, 0.9989764094352722, 0.9990754127502441, 0.998977780342102], "dino_cosine": [0.9635713696479797, 0.9680091142654419, 0.9683343172073364, 0.9569133520126343, 0.9659640192985535, 0.9545496702194214, 0.9535447359085083, 0.9663894772529602, 0.9669016599655151, 0.9635821580886841], "clip_L2": [12.352192878723145, 12.552250862121582, 12.809014320373535, 12.743722915649414, 12.562368392944336, 12.606221199035645, 11.306442260742188, 12.396751403808594, 11.799208641052246, 12.977896690368652], "dino_L2": [15.771031379699707, 15.48194408416748, 17.73395538330078, 17.238718032836914, 17.285661697387695, 17.96595001220703, 18.794767379760742, 15.049079895019531, 16.72173309326172, 17.063203811645508], "rcnn_confidence": [0.9537904262542725, 0.6606614589691162, 0.356056809425354, 0.3884703516960144, 0.7405709028244019, 0.20187069475650787, 0.9944280385971069, 0.33693286776542664, 0.5737940073013306, 0.341778963804245], "yolo_confidence": [0.5475273728370667, 0.8086503744125366, 0.3385652005672455, 0.5908586978912354, 0.5476807355880737, 0.3041185736656189, 0.65444415807724, 0.579033374786377, 0.49476686120033264, 0.8619320392608643]}