{"pixel_L2": [52936.13671875, 53199.36328125, 53238.265625, 53289.7421875, 53204.42578125, 53314.49609375, 53085.33203125, 53263.44921875, 53324.05078125, 53095.88671875], "pixel_cosine": [0.6328952312469482, 0.6334735751152039, 0.6305772662162781, 0.6332689523696899, 0.6324810981750488, 0.6294378042221069, 0.6332447528839111, 0.6325585842132568, 0.6322206258773804, 0.6319547891616821], "low_L2": [465.6564636230469, 467.41827392578125, 465.4482421875, 468.39019775390625, 463.47186279296875, 465.7304382324219, 463.4915466308594, 467.1482238769531, 467.8797302246094, 462.73553466796875], "low_cosine": [0.2932352125644684, 0.287533700466156, 0.2882763147354126, 0.28326061367988586, 0.28922954201698303, 0.2862604558467865, 0.2892080545425415, 0.28710436820983887, 0.29198646545410156, 0.2925344407558441], "mid_L2": [286.4270935058594, 284.50006103515625, 286.01910400390625, 285.6640319824219, 283.66839599609375, 285.9504699707031, 282.2019348144531, 285.7795104980469, 283.2960510253906, 281.50506591796875], "mid_cosine": [0.24114982783794403, 0.24652603268623352, 0.24340246617794037, 0.2494402527809143, 0.25353503227233887, 0.24687637388706207, 0.2549822926521301, 0.24607771635055542, 0.2466895878314972, 0.2544039785861969], "high_L2": [47.392269134521484, 50.773887634277344, 48.77462387084961, 49.941795349121094, 50.3695068359375, 48.270477294921875, 47.62629699707031, 47.98145294189453, 49.116661071777344, 49.039730072021484], "high_cosine": [0.4095567464828491, 0.3533133864402771, 0.39540165662765503, 0.39077484607696533, 0.38733646273612976, 0.3926007151603699, 0.40312299132347107, 0.40102148056030273, 0.37526288628578186, 0.3987996578216553], "clip_cosine": [0.9985578060150146, 0.9986175894737244, 0.9986035823822021, 0.998639702796936, 0.9987952709197998, 0.9985999464988708, 0.9985946416854858, 0.9986452460289001, 0.9986491203308105, 0.9986411333084106], "dino_cosine": [0.9562158584594727, 0.9539005756378174, 0.9568078517913818, 0.953984260559082, 0.9525500535964966, 0.9550324082374573, 0.9501757621765137, 0.9501940011978149, 0.9522225260734558, 0.9537373781204224], "clip_L2": [13.91430377960205, 13.612293243408203, 13.822162628173828, 13.587986946105957, 12.8710298538208, 13.838497161865234, 13.508157730102539, 13.582820892333984, 13.444650650024414, 13.593951225280762], "dino_L2": [17.482467651367188, 18.159589767456055, 17.512556076049805, 17.67692756652832, 17.492652893066406, 17.703123092651367, 17.395639419555664, 17.75546646118164, 17.59890365600586, 17.290843963623047], "rcnn_confidence": [0.0, 0.0, 0.053614333271980286, 0.0, 0.05460045114159584, 0.05186609551310539, 0.05414672940969467, 0.0, 0.0, 0.0], "yolo_confidence": [0.0, 0.0, 0.0, 0.0, 0.0, 0.0, 0.0, 0.0, 0.0, 0.0]}