{"pixel_L2": [16116.1484375, 16372.51171875, 17168.939453125, 35384.91796875, 17319.484375, 15804.56640625, 28617.7578125, 32244.462890625, 21660.037109375, 29726.001953125], "pixel_cosine": [0.25135964155197144, 0.24845649302005768, 0.24908769130706787, 0.2982257902622223, 0.27978450059890747, 0.2567560374736786, 0.26261869072914124, 0.24750974774360657, 0.2723623812198639, 0.26198843121528625], "low_L2": [253.9972381591797, 255.33470153808594, 245.75518798828125, 469.151123046875, 261.5860595703125, 230.96800231933594, 329.34869384765625, 384.38677978515625, 532.2539672851562, 424.7588806152344], "low_cosine": [0.44353559613227844, 0.446772038936615, 0.4504454433917999, 0.2800493538379669, 0.4339902997016907, 0.4848394989967346, 0.34021955728530884, 0.30081504583358765, 0.2982393801212311, 0.28832629323005676], "mid_L2": [208.71266174316406, 213.1875457763672, 208.6385955810547, 287.5228576660156, 223.72349548339844, 195.86404418945312, 251.6435089111328, 267.68157958984375, 267.5780334472656, 308.548828125], "mid_cosine": [0.2865273654460907, 0.2850014567375183, 0.28300511837005615, 0.1983388066291809, 0.2636227309703827, 0.30463409423828125, 0.23801235854625702, 0.23120936751365662, 0.24667176604270935, 0.20471793413162231], "high_L2": [34.96096420288086, 35.9365348815918, 36.022193908691406, 53.91415786743164, 44.45774459838867, 38.14548110961914, 42.0438117980957, 42.227108001708984, 44.081642150878906, 47.05513000488281], "high_cosine": [0.5263740420341492, 0.503027081489563, 0.49123167991638184, 0.2982669174671173, 0.3996719717979431, 0.4641629755496979, 0.4211854636669159, 0.41651907563209534, 0.378378301858902, 0.366604745388031], "clip_cosine": [0.9990676641464233, 0.9994094967842102, 0.9992233514785767, 0.9988723993301392, 0.999230146408081, 0.9989773631095886, 0.999077558517456, 0.9991657137870789, 0.9990285634994507, 0.9991499185562134], "dino_cosine": [0.9398466944694519, 0.9373824596405029, 0.9471634030342102, 0.9303088784217834, 0.9439441561698914, 0.9444618821144104, 0.9228261709213257, 0.9332869052886963, 0.9479684233665466, 0.9404137134552002], "clip_L2": [12.064537048339844, 9.920639991760254, 11.003130912780762, 13.082808494567871, 11.116761207580566, 12.535662651062012, 11.790937423706055, 11.483781814575195, 12.184234619140625, 11.590392112731934], "dino_L2": [15.875466346740723, 16.621994018554688, 15.979702949523926, 19.17913055419922, 16.201078414916992, 16.02028465270996, 18.30183982849121, 18.831926345825195, 16.140594482421875, 18.553211212158203], "rcnn_confidence": [0.8060920238494873, 0.5875486135482788, 0.20774182677268982, 0.0, 0.8555516600608826, 0.5468145608901978, 0.16337691247463226, 0.2301376461982727, 0.0, 0.10328921675682068], "yolo_confidence": [0.0, 0.0, 0.4639742970466614, 0.0, 0.4628128111362457, 0.0, 0.0, 0.4019990861415863, 0.0, 0.0]}