{"pixel_L2": [43637.84765625, 41452.50390625, 37287.04296875, 36687.21875, 44553.7421875, 34310.484375, 38953.49609375, 40562.859375, 31954.712890625, 37838.99609375], "pixel_cosine": [0.5960029363632202, 0.6455690860748291, 0.7349645495414734, 0.7386441826820374, 0.5712321996688843, 0.7761723399162292, 0.6972154974937439, 0.8241385817527771, 0.8083069324493408, 0.7427263259887695], "low_L2": [714.5836791992188, 699.8890991210938, 745.3980712890625, 754.3758544921875, 722.9827880859375, 720.2523193359375, 752.4149169921875, 801.5478515625, 741.0364990234375, 726.4514770507812], "low_cosine": [0.37531524896621704, 0.4120452105998993, 0.42070436477661133, 0.4032418727874756, 0.33306950330734253, 0.44195473194122314, 0.3571285009384155, 0.33779746294021606, 0.49476853013038635, 0.41276347637176514], "mid_L2": [391.591552734375, 374.44525146484375, 390.7694396972656, 399.0123291015625, 360.51519775390625, 399.0715026855469, 393.1989440917969, 382.1617431640625, 398.4652404785156, 379.4417419433594], "mid_cosine": [0.3298490643501282, 0.33617520332336426, 0.34742966294288635, 0.3509623408317566, 0.3598731756210327, 0.3472251892089844, 0.3161318600177765, 0.38558802008628845, 0.3579014241695404, 0.38570988178253174], "high_L2": [81.4041748046875, 75.09767150878906, 87.2142105102539, 86.46379852294922, 85.85260009765625, 72.60527801513672, 81.16232299804688, 80.96983337402344, 75.43694305419922, 79.69503784179688], "high_cosine": [0.4016193747520447, 0.48658835887908936, 0.29021674394607544, 0.2781798541545868, 0.2790045738220215, 0.5426104068756104, 0.36427536606788635, 0.4128463864326477, 0.5114339590072632, 0.4236530661582947], "clip_cosine": [0.9964417219161987, 0.9959570169448853, 0.995622992515564, 0.9955766201019287, 0.9957616329193115, 0.9958911538124084, 0.9958402514457703, 0.9960484504699707, 0.9960131645202637, 0.996309757232666], "dino_cosine": [0.9562631845474243, 0.9484459757804871, 0.9428121447563171, 0.9203240275382996, 0.9305617213249207, 0.9201622009277344, 0.9443584084510803, 0.9357632994651794, 0.9449282884597778, 0.9453335404396057], "clip_L2": [15.861995697021484, 17.114429473876953, 17.19731330871582, 17.40226173400879, 17.702167510986328, 16.5710391998291, 16.715099334716797, 17.074203491210938, 16.702978134155273, 16.48841667175293], "dino_L2": [17.56472396850586, 16.922685623168945, 18.407041549682617, 21.71588706970215, 20.322084426879883, 19.859134674072266, 18.803665161132812, 18.867177963256836, 17.091815948486328, 18.32727813720703], "rcnn_confidence": [0.5331725478172302, 0.39686304330825806, 0.17008060216903687, 0.0, 0.14151810109615326, 0.8048216700553894, 0.0, 0.688948392868042, 0.6552682518959045, 0.9377329349517822], "yolo_confidence": [0.3648228645324707, 0.0, 0.0, 0.0, 0.0, 0.5483704805374146, 0.0, 0.0, 0.0, 0.6582450866699219]}