{"pixel_L2": [33649.5234375, 34077.30078125, 33602.171875, 33990.57421875, 33502.03125, 33512.87109375, 34065.703125, 33761.7734375, 33437.73828125, 34036.6953125], "pixel_cosine": [0.7922203540802002, 0.786297619342804, 0.792108952999115, 0.7869200110435486, 0.7937909364700317, 0.7936548590660095, 0.7848445177078247, 0.790194034576416, 0.7944973111152649, 0.786450207233429], "low_L2": [573.41650390625, 574.1554565429688, 575.0662231445312, 575.186279296875, 571.9497680664062, 576.3134155273438, 579.7605590820312, 570.355712890625, 572.8474731445312, 575.1233520507812], "low_cosine": [0.18743520975112915, 0.1904970407485962, 0.1935347616672516, 0.1925877332687378, 0.19088530540466309, 0.188020259141922, 0.19075128436088562, 0.21210439503192902, 0.1968935877084732, 0.19145505130290985], "mid_L2": [318.8162536621094, 320.00384521484375, 316.9005126953125, 317.1177062988281, 313.67218017578125, 317.0545654296875, 323.2425537109375, 319.77044677734375, 320.21978759765625, 319.4012451171875], "mid_cosine": [0.17432865500450134, 0.17693495750427246, 0.18045547604560852, 0.17737378180027008, 0.18581199645996094, 0.17781496047973633, 0.17580075562000275, 0.19290074706077576, 0.17639130353927612, 0.17350441217422485], "high_L2": [58.86853790283203, 58.10742950439453, 59.86195755004883, 58.71952438354492, 59.379798889160156, 58.04130935668945, 57.532371520996094, 58.45563888549805, 59.00083541870117, 59.12975311279297], "high_cosine": [0.20283924043178558, 0.2212935835123062, 0.2333660125732422, 0.21767058968544006, 0.23372980952262878, 0.23465916514396667, 0.23986341059207916, 0.20716577768325806, 0.2303125560283661, 0.23021940886974335], "clip_cosine": [0.9979059100151062, 0.9981001615524292, 0.9981211423873901, 0.998065173625946, 0.9981556534767151, 0.9980841875076294, 0.9981842041015625, 0.9981862306594849, 0.9980975389480591, 0.9981315732002258], "dino_cosine": [0.9515272974967957, 0.9525115489959717, 0.9530209898948669, 0.9550811648368835, 0.9583105444908142, 0.9498594403266907, 0.94577556848526, 0.9519948959350586, 0.9532613754272461, 0.9558855891227722], "clip_L2": [16.262115478515625, 15.822619438171387, 15.746928215026855, 15.715434074401855, 15.559669494628906, 15.983774185180664, 15.493539810180664, 15.863429069519043, 15.684072494506836, 15.678564071655273], "dino_L2": [19.45003890991211, 20.594051361083984, 19.695877075195312, 19.165830612182617, 19.938894271850586, 19.709606170654297, 19.68943214416504, 18.93673324584961, 19.687929153442383, 19.806594848632812], "rcnn_confidence": [0.0, 0.0, 0.0, 0.0, 0.0, 0.0, 0.0, 0.0, 0.0, 0.0], "yolo_confidence": [0.0, 0.0, 0.0, 0.0, 0.0, 0.0, 0.0, 0.0, 0.0, 0.0]}