{"pixel_L2": [31964.9765625, 34910.94921875, 23486.421875, 33187.94140625, 28861.306640625, 34431.90625, 35753.23046875, 27296.828125, 36186.203125, 26646.072265625], "pixel_cosine": [0.7286890745162964, 0.6504657864570618, 0.9071842432022095, 0.7144131660461426, 0.772087037563324, 0.68018639087677, 0.654224157333374, 0.8600162863731384, 0.626726508140564, 0.8654777407646179], "low_L2": [397.9896545410156, 421.4898376464844, 311.4087219238281, 428.20147705078125, 372.8724060058594, 419.24285888671875, 404.30987548828125, 388.9234619140625, 418.8223571777344, 376.9289245605469], "low_cosine": [0.6077182292938232, 0.6104963421821594, 0.7659592032432556, 0.5702182650566101, 0.6608141660690308, 0.5911344289779663, 0.6075713038444519, 0.6580764055252075, 0.5574490427970886, 0.6844262480735779], "mid_L2": [319.4949951171875, 320.69085693359375, 301.6064758300781, 338.9342346191406, 295.9866638183594, 325.8009948730469, 335.94769287109375, 377.69964599609375, 314.3778381347656, 330.6646728515625], "mid_cosine": [0.3959656059741974, 0.39432471990585327, 0.49398863315582275, 0.35699987411499023, 0.48139119148254395, 0.3732566833496094, 0.3493080735206604, 0.36241334676742554, 0.395467609167099, 0.41484329104423523], "high_L2": [57.028892517089844, 52.889801025390625, 67.83055114746094, 69.65081024169922, 58.37953186035156, 59.408607482910156, 63.13954162597656, 71.40678405761719, 59.85200119018555, 65.14533996582031], "high_cosine": [0.5083229541778564, 0.5755290985107422, 0.3484214246273041, 0.3024955093860626, 0.4928625226020813, 0.44505774974823, 0.3780350089073181, 0.2821766138076782, 0.43579673767089844, 0.378681480884552], "clip_cosine": [0.9990588426589966, 0.9985798597335815, 0.9984027743339539, 0.9981648325920105, 0.9987900257110596, 0.9987297654151917, 0.9987787008285522, 0.9987626075744629, 0.9986612200737, 0.9986851215362549], "dino_cosine": [0.9716676473617554, 0.9592613577842712, 0.9606637358665466, 0.9600767493247986, 0.9574092030525208, 0.9703615307807922, 0.9578673243522644, 0.957507312297821, 0.9621354937553406, 0.9471378326416016], "clip_L2": [11.191373825073242, 13.561070442199707, 14.741945266723633, 14.932909965515137, 12.502639770507812, 12.390384674072266, 12.96755313873291, 13.001215934753418, 13.403020858764648, 13.339119911193848], "dino_L2": [14.651619911193848, 18.175662994384766, 18.1700439453125, 18.92816162109375, 18.072620391845703, 15.131918907165527, 17.740156173706055, 18.007064819335938, 18.273696899414062, 19.675762176513672], "rcnn_confidence": [0.2897771894931793, 0.6390455961227417, 0.0, 0.07158230245113373, 0.713996171951294, 0.11491912603378296, 0.708780825138092, 0.0, 0.6421974897384644, 0.11108946055173874], "yolo_confidence": [0.0, 0.0, 0.0, 0.0, 0.0, 0.0, 0.0, 0.2578887939453125, 0.0, 0.0]}