{"pixel_L2": [30389.107421875, 30360.349609375, 30300.220703125, 30591.77734375, 30665.708984375, 30336.55859375, 30794.953125, 30785.52734375, 30576.19921875, 30239.65234375], "pixel_cosine": [0.7464331388473511, 0.7495741248130798, 0.746579647064209, 0.7466744780540466, 0.7470568418502808, 0.7470608949661255, 0.7477905750274658, 0.7483425140380859, 0.7473176121711731, 0.7454330921173096], "low_L2": [301.5880432128906, 298.6155700683594, 301.6223449707031, 312.0032653808594, 301.9739074707031, 293.01690673828125, 302.7962646484375, 297.894775390625, 301.6681823730469, 300.8214111328125], "low_cosine": [0.30452167987823486, 0.30438941717147827, 0.3017476201057434, 0.2918771803379059, 0.30278730392456055, 0.3057851791381836, 0.29775869846343994, 0.3045918345451355, 0.29867151379585266, 0.3029974699020386], "mid_L2": [245.6587371826172, 244.5297393798828, 241.3686981201172, 241.45584106445312, 242.25392150878906, 240.65719604492188, 240.66958618164062, 241.82205200195312, 242.2921905517578, 241.05264282226562], "mid_cosine": [0.26259922981262207, 0.2708531618118286, 0.2716871500015259, 0.25818076729774475, 0.2668389081954956, 0.26161685585975647, 0.26557695865631104, 0.2661944627761841, 0.2677525281906128, 0.26955267786979675], "high_L2": [60.106937408447266, 61.955535888671875, 59.50856018066406, 59.35696792602539, 61.3253059387207, 59.8830451965332, 59.90140151977539, 59.89583206176758, 60.48162078857422, 59.53738784790039], "high_cosine": [0.23732170462608337, 0.24842873215675354, 0.2502283751964569, 0.2467602640390396, 0.24712581932544708, 0.23871996998786926, 0.2475416362285614, 0.23795495927333832, 0.2444121539592743, 0.24190522730350494], "clip_cosine": [0.9982445240020752, 0.9983881115913391, 0.9983090162277222, 0.9986386299133301, 0.9984756112098694, 0.9986413717269897, 0.9984341859817505, 0.998648464679718, 0.998604416847229, 0.9985150098800659], "dino_cosine": [0.9387991428375244, 0.934927225112915, 0.9445122480392456, 0.939697802066803, 0.9434374570846558, 0.9424182176589966, 0.9397081136703491, 0.9417501091957092, 0.942379891872406, 0.9395159482955933], "clip_L2": [14.234979629516602, 13.69299030303955, 14.011907577514648, 12.98117446899414, 13.658504486083984, 12.9694185256958, 13.689207077026367, 13.048813819885254, 13.294170379638672, 13.505109786987305], "dino_L2": [18.035959243774414, 17.44304084777832, 17.554487228393555, 17.632966995239258, 17.222919464111328, 17.068429946899414, 18.137954711914062, 17.438833236694336, 17.51763343811035, 17.379610061645508], "rcnn_confidence": [0.0, 0.0, 0.0, 0.0, 0.0, 0.0, 0.0, 0.0, 0.0, 0.0], "yolo_confidence": [0.0, 0.0, 0.0, 0.0, 0.0, 0.0, 0.0, 0.0, 0.0, 0.0]}