{"pixel_L2": [34153.98828125, 30073.822265625, 37235.296875, 32930.04296875, 32102.65234375, 35720.640625, 46985.32421875, 30120.80859375, 33281.07421875, 37937.94140625], "pixel_cosine": [0.5535692572593689, 0.49604180455207825, 0.5850081443786621, 0.5527762174606323, 0.5258088111877441, 0.5670923590660095, 0.556587815284729, 0.5324492454528809, 0.5547532439231873, 0.5461870431900024], "low_L2": [612.5137329101562, 593.1893920898438, 679.2608032226562, 587.7249145507812, 626.5734252929688, 635.740478515625, 692.2327270507812, 589.3926391601562, 618.1044311523438, 664.0374145507812], "low_cosine": [0.42168545722961426, 0.30848294496536255, 0.3738490641117096, 0.36142683029174805, 0.38419491052627563, 0.3664379119873047, 0.29884472489356995, 0.32102319598197937, 0.3842410445213318, 0.41569221019744873], "mid_L2": [304.1141357421875, 251.37982177734375, 334.8066711425781, 279.58929443359375, 295.37518310546875, 308.591796875, 313.8464050292969, 250.7559356689453, 297.435546875, 313.680419921875], "mid_cosine": [0.2574215233325958, 0.2895168662071228, 0.23233965039253235, 0.27413204312324524, 0.2709941267967224, 0.2525436580181122, 0.2504327893257141, 0.29485052824020386, 0.260838121175766, 0.25234657526016235], "high_L2": [57.15138626098633, 52.0757942199707, 56.3629150390625, 60.667701721191406, 47.36341094970703, 51.89726257324219, 56.99918746948242, 54.8548698425293, 50.081356048583984, 48.67706298828125], "high_cosine": [0.33505722880363464, 0.2204166054725647, 0.3737642765045166, 0.18660612404346466, 0.3930620849132538, 0.3293571472167969, 0.3432503938674927, 0.16758029162883759, 0.3605327606201172, 0.4964480400085449], "clip_cosine": [0.9976235628128052, 0.9969179630279541, 0.9974125623703003, 0.9976308345794678, 0.9976805448532104, 0.9974268674850464, 0.997679591178894, 0.9972992539405823, 0.9977675080299377, 0.9973906874656677], "dino_cosine": [0.9334431886672974, 0.9368134140968323, 0.9438004493713379, 0.9423078894615173, 0.9427140951156616, 0.93860924243927, 0.9507395029067993, 0.9387032389640808, 0.9489765167236328, 0.9448944926261902], "clip_L2": [16.536823272705078, 18.28580665588379, 16.9232120513916, 16.170434951782227, 16.134578704833984, 16.84777069091797, 16.042444229125977, 17.290571212768555, 15.409402847290039, 16.895235061645508], "dino_L2": [16.976181030273438, 18.430767059326172, 16.381423950195312, 16.967098236083984, 15.895130157470703, 17.643718719482422, 16.795869827270508, 17.496639251708984, 15.981348037719727, 15.745123863220215], "rcnn_confidence": [0.21779203414916992, 0.0974348932504654, 0.8649330735206604, 0.10031997412443161, 0.44310081005096436, 0.7282354831695557, 0.9824643731117249, 0.0, 0.29960957169532776, 0.9511582255363464], "yolo_confidence": [0.5856608748435974, 0.0, 0.42691925168037415, 0.0, 0.0, 0.4534209072589874, 0.489658385515213, 0.0, 0.7102426290512085, 0.6936140060424805]}