{"pixel_L2": [52175.5625, 52764.3046875, 52521.296875, 52203.7890625, 52613.6484375, 52593.24609375, 52489.3828125, 51955.40625, 51873.33203125, 52530.63671875], "pixel_cosine": [0.4711344838142395, 0.4556567668914795, 0.47013741731643677, 0.4553903341293335, 0.4431709349155426, 0.45138153433799744, 0.43033137917518616, 0.4475630223751068, 0.4768073856830597, 0.46258628368377686], "low_L2": [915.9456176757812, 910.1700439453125, 911.9091186523438, 922.123291015625, 928.7088012695312, 917.1865844726562, 912.4706420898438, 898.5658569335938, 913.9152221679688, 913.3690795898438], "low_cosine": [0.3273138403892517, 0.3350370228290558, 0.3328731060028076, 0.32771730422973633, 0.31053316593170166, 0.3267148733139038, 0.3332193195819855, 0.3654579818248749, 0.3352530598640442, 0.3276040554046631], "mid_L2": [397.9613342285156, 400.10137939453125, 401.9870910644531, 417.1607971191406, 401.69549560546875, 401.4240417480469, 404.322021484375, 409.2480773925781, 408.7840576171875, 399.524169921875], "mid_cosine": [0.19569742679595947, 0.19215451180934906, 0.1834365278482437, 0.18495604395866394, 0.1916610449552536, 0.19374950230121613, 0.17479869723320007, 0.17903763055801392, 0.18323004245758057, 0.18914394080638885], "high_L2": [66.7227783203125, 68.12557983398438, 68.52242279052734, 66.78142547607422, 68.7629623413086, 68.58121490478516, 66.17403411865234, 68.07075500488281, 67.8743896484375, 68.43751525878906], "high_cosine": [0.2656558156013489, 0.254925012588501, 0.22144627571105957, 0.3079470694065094, 0.24347758293151855, 0.2506864070892334, 0.2683669328689575, 0.25198861956596375, 0.2576647996902466, 0.24329397082328796], "clip_cosine": [0.9975826740264893, 0.9972820281982422, 0.9972885251045227, 0.997337818145752, 0.9973862767219543, 0.9972608089447021, 0.9974254965782166, 0.9975204467773438, 0.997352659702301, 0.9971657395362854], "dino_cosine": [0.9563579559326172, 0.954770565032959, 0.9492067694664001, 0.9496307969093323, 0.9599013328552246, 0.9534119963645935, 0.942562460899353, 0.9627804756164551, 0.9574755430221558, 0.9606461524963379], "clip_L2": [16.075050354003906, 17.04505157470703, 17.306541442871094, 16.614974975585938, 16.2871150970459, 17.033674240112305, 16.042190551757812, 16.51146697998047, 16.373531341552734, 17.2113094329834], "dino_L2": [17.900156021118164, 18.393253326416016, 16.970945358276367, 18.209732055664062, 17.251800537109375, 17.847339630126953, 17.083755493164062, 18.31336784362793, 19.07814598083496, 17.8886775970459], "rcnn_confidence": [0.5958917140960693, 0.0, 0.10448242723941803, 0.0, 0.1394290179014206, 0.0736105665564537, 0.11773917078971863, 0.07290732860565186, 0.9572181701660156, 0.06904111057519913], "yolo_confidence": [0.0, 0.0, 0.0, 0.0, 0.0, 0.0, 0.0, 0.0, 0.0, 0.0]}