{"pixel_L2": [20295.40625, 20194.47265625, 20305.345703125, 20376.8203125, 20319.2421875, 20451.552734375, 20513.166015625, 20661.19140625, 20521.595703125, 20489.205078125], "pixel_cosine": [0.7933884859085083, 0.7951413989067078, 0.7943775653839111, 0.7994650602340698, 0.792602002620697, 0.7926800847053528, 0.7962707281112671, 0.7965609431266785, 0.7945107221603394, 0.791879415512085], "low_L2": [150.0356903076172, 149.31307983398438, 150.9841766357422, 152.21519470214844, 152.42062377929688, 152.60980224609375, 151.162353515625, 150.99717712402344, 151.68453979492188, 152.2109832763672], "low_cosine": [0.46797311305999756, 0.46943020820617676, 0.46570417284965515, 0.46136975288391113, 0.46106064319610596, 0.4613826870918274, 0.46232280135154724, 0.46764105558395386, 0.46245598793029785, 0.46068283915519714], "mid_L2": [144.77220153808594, 145.68971252441406, 146.0711669921875, 146.98062133789062, 145.58811950683594, 145.94827270507812, 145.68899536132812, 143.39833068847656, 145.91612243652344, 145.22486877441406], "mid_cosine": [0.37691229581832886, 0.375919908285141, 0.3774576783180237, 0.37079235911369324, 0.37896621227264404, 0.3796229064464569, 0.37654048204421997, 0.3859848976135254, 0.3809754252433777, 0.37828871607780457], "high_L2": [40.803226470947266, 42.7365608215332, 43.312110900878906, 40.69306564331055, 41.86900329589844, 41.63987350463867, 41.48393249511719, 40.98167037963867, 41.8122673034668, 41.53510284423828], "high_cosine": [0.533492386341095, 0.52862548828125, 0.4989423155784607, 0.538394570350647, 0.5337486267089844, 0.5288285613059998, 0.5333906412124634, 0.533799409866333, 0.5411156415939331, 0.5349229574203491], "clip_cosine": [0.9989354610443115, 0.9990395903587341, 0.9990266561508179, 0.9990289211273193, 0.998894214630127, 0.9989943504333496, 0.9989548921585083, 0.9991141557693481, 0.9989076852798462, 0.9988621473312378], "dino_cosine": [0.9526627659797668, 0.9522398710250854, 0.953938901424408, 0.9573178291320801, 0.9514472484588623, 0.9561094641685486, 0.9492830634117126, 0.9556287527084351, 0.9504296183586121, 0.9565690755844116], "clip_L2": [13.330649375915527, 12.897754669189453, 13.141179084777832, 12.743950843811035, 13.600166320800781, 13.109761238098145, 12.95426082611084, 12.491270065307617, 13.598283767700195, 13.621551513671875], "dino_L2": [18.327280044555664, 18.570039749145508, 18.28030776977539, 18.477012634277344, 18.358190536499023, 18.396648406982422, 18.99105453491211, 18.224279403686523, 18.511184692382812, 18.10063934326172], "rcnn_confidence": [0.07552926242351532, 0.11279923468828201, 0.13708391785621643, 0.16599804162979126, 0.0944812223315239, 0.1298564076423645, 0.11197930574417114, 0.1161791980266571, 0.17098234593868256, 0.08604619652032852], "yolo_confidence": [0.0, 0.0, 0.0, 0.0, 0.0, 0.0, 0.0, 0.0, 0.0, 0.0]}