{"pixel_L2": [18994.849609375, 17611.986328125, 17798.67578125, 20507.7109375, 17138.69140625, 16671.423828125, 52896.71875, 55720.10546875, 17530.345703125, 17851.619140625], "pixel_cosine": [0.5220422148704529, 0.38851064443588257, 0.3878224194049835, 0.5495151281356812, 0.463675856590271, 0.44685423374176025, 0.38577303290367126, 0.4930395483970642, 0.6368881464004517, 0.6450833082199097], "low_L2": [281.2265625, 316.3458251953125, 322.61224365234375, 351.1548767089844, 286.44482421875, 301.1172180175781, 690.7442016601562, 453.9203796386719, 291.7248229980469, 297.2460021972656], "low_cosine": [0.5984342098236084, 0.5085065364837646, 0.5165895223617554, 0.510501503944397, 0.5934449434280396, 0.5475652813911438, 0.3725084960460663, 0.5025712251663208, 0.6213579177856445, 0.6162554025650024], "mid_L2": [226.26905822753906, 226.13845825195312, 230.83432006835938, 241.99594116210938, 227.5162811279297, 222.43460083007812, 324.6991882324219, 297.5458068847656, 236.8040771484375, 222.81912231445312], "mid_cosine": [0.4651587903499603, 0.44883352518081665, 0.4352787137031555, 0.4617338180541992, 0.47115689516067505, 0.47144246101379395, 0.3430459201335907, 0.3775368928909302, 0.48511093854904175, 0.5330468416213989], "high_L2": [39.02276611328125, 42.50251770019531, 41.660797119140625, 36.75907897949219, 41.24296951293945, 38.06304168701172, 50.468841552734375, 50.528404235839844, 42.833370208740234, 43.30783462524414], "high_cosine": [0.5642343759536743, 0.48797932267189026, 0.5108046531677246, 0.6576876640319824, 0.5202938914299011, 0.5925254821777344, 0.3639898896217346, 0.4126124382019043, 0.5466972589492798, 0.5186647176742554], "clip_cosine": [0.9976632595062256, 0.9983895421028137, 0.9984518885612488, 0.9986206293106079, 0.9987324476242065, 0.9985939264297485, 0.998937726020813, 0.9985535144805908, 0.9988484382629395, 0.998153030872345], "dino_cosine": [0.9608885049819946, 0.9716124534606934, 0.9597600698471069, 0.9715995192527771, 0.9760684370994568, 0.9741132855415344, 0.9542364478111267, 0.9357780814170837, 0.9572921991348267, 0.969348669052124], "clip_L2": [14.823138236999512, 13.596990585327148, 13.549727439880371, 12.702750205993652, 12.489344596862793, 13.094301223754883, 11.54659652709961, 12.753985404968262, 11.691235542297363, 14.652586936950684], "dino_L2": [16.35591697692871, 13.96520709991455, 15.84953498840332, 14.399197578430176, 12.976234436035156, 13.673118591308594, 16.222888946533203, 18.622772216796875, 16.877086639404297, 15.10480785369873], "rcnn_confidence": [0.13451647758483887, 0.5700159668922424, 0.4386543333530426, 0.4680091440677643, 0.2150561809539795, 0.46028077602386475, 0.7859164476394653, 0.7942882776260376, 0.504054069519043, 0.48397740721702576], "yolo_confidence": [0.0, 0.0, 0.0, 0.38793912529945374, 0.0, 0.42582085728645325, 0.0, 0.0, 0.0, 0.32899874448776245]}