{"pixel_L2": [34854.66796875, 37779.1640625, 51518.5, 48057.8515625, 44803.9296875, 50431.5390625, 47739.08203125, 43530.3515625, 42255.984375, 43110.4921875], "pixel_cosine": [0.6896520853042603, 0.6880475282669067, 0.6443001627922058, 0.6654617786407471, 0.6582729816436768, 0.6636958122253418, 0.6659188270568848, 0.6876600384712219, 0.7117818593978882, 0.6555880308151245], "low_L2": [230.93331909179688, 329.2984619140625, 392.7864074707031, 375.64862060546875, 420.2568359375, 333.4080505371094, 415.32550048828125, 360.87738037109375, 415.8049011230469, 506.00885009765625], "low_cosine": [0.4785381555557251, 0.36175021529197693, 0.27768030762672424, 0.3025808036327362, 0.2924833297729492, 0.3014402389526367, 0.28150978684425354, 0.31189367175102234, 0.29559504985809326, 0.2568422555923462], "mid_L2": [187.54876708984375, 232.6632080078125, 267.69378662109375, 249.60342407226562, 258.5418701171875, 228.06674194335938, 268.2394714355469, 256.4742736816406, 260.4002685546875, 316.6766662597656], "mid_cosine": [0.37278562784194946, 0.29371196031570435, 0.252308189868927, 0.26545676589012146, 0.25964683294296265, 0.2896575927734375, 0.26341480016708374, 0.26687952876091003, 0.27111366391181946, 0.21970073878765106], "high_L2": [39.760108947753906, 48.16270065307617, 48.88942337036133, 53.19407653808594, 49.74694061279297, 44.36708068847656, 47.616172790527344, 50.62273406982422, 53.68422317504883, 56.99056625366211], "high_cosine": [0.39539095759391785, 0.2614673376083374, 0.20011797547340393, 0.24038904905319214, 0.25196439027786255, 0.27452322840690613, 0.21366721391677856, 0.2686747610569, 0.2078508883714676, 0.18118885159492493], "clip_cosine": [0.998767614364624, 0.9986201524734497, 0.9986993074417114, 0.998664379119873, 0.9991229772567749, 0.9988445043563843, 0.9987648129463196, 0.9988544583320618, 0.9988788366317749, 0.9987912774085999], "dino_cosine": [0.9354725480079651, 0.9273994565010071, 0.9359618425369263, 0.9425234794616699, 0.9388203620910645, 0.9334638714790344, 0.940390408039093, 0.9393178820610046, 0.9403865933418274, 0.9364535212516785], "clip_L2": [14.17950439453125, 14.661980628967285, 13.835290908813477, 13.776524543762207, 11.592578887939453, 13.210881233215332, 13.418341636657715, 13.097105979919434, 12.920476913452148, 13.295681953430176], "dino_L2": [17.452486038208008, 17.97734260559082, 16.794025421142578, 16.1287841796875, 16.35666847229004, 17.161649703979492, 16.78139305114746, 16.47222900390625, 16.139772415161133, 16.334999084472656], "rcnn_confidence": [0.10723934322595596, 0.43728792667388916, 0.8961732387542725, 0.9843981862068176, 0.5221947431564331, 0.1189732551574707, 0.5799270868301392, 0.09297750890254974, 0.13751088082790375, 0.16651929914951324], "yolo_confidence": [0.318562775850296, 0.676594078540802, 0.6729267835617065, 0.663658082485199, 0.40461814403533936, 0.8148865699768066, 0.7187521457672119, 0.48619240522384644, 0.6451696753501892, 0.713495135307312]}