{"pixel_L2": [16432.068359375, 17950.88671875, 17709.009765625, 16218.9970703125, 15022.2314453125, 16000.982421875, 18028.822265625, 17185.9453125, 18089.912109375, 17198.861328125], "pixel_cosine": [0.6859827041625977, 0.6702064871788025, 0.6998521089553833, 0.6889957189559937, 0.7119730710983276, 0.7069610357284546, 0.6704307794570923, 0.6910907626152039, 0.6756781339645386, 0.6767336130142212], "low_L2": [375.5477294921875, 376.58984375, 392.6414489746094, 421.9512634277344, 375.913818359375, 383.142822265625, 390.0776062011719, 371.8053283691406, 380.046142578125, 371.54595947265625], "low_cosine": [0.5940055251121521, 0.5897853970527649, 0.5532186031341553, 0.5137404203414917, 0.5917763710021973, 0.5766054391860962, 0.5642414093017578, 0.6022777557373047, 0.582960307598114, 0.6014760732650757], "mid_L2": [260.74285888671875, 264.0211486816406, 270.7413330078125, 264.8702087402344, 256.4737854003906, 261.3511047363281, 264.697021484375, 267.5218200683594, 269.50146484375, 264.9302062988281], "mid_cosine": [0.39146193861961365, 0.37593284249305725, 0.37136051058769226, 0.3782583475112915, 0.39609959721565247, 0.3864576518535614, 0.38871777057647705, 0.3644186854362488, 0.3749852180480957, 0.37728768587112427], "high_L2": [57.601444244384766, 55.3443717956543, 54.18003845214844, 47.817604064941406, 52.2258186340332, 52.30463790893555, 51.457435607910156, 56.12114715576172, 53.26882553100586, 51.00043869018555], "high_cosine": [0.2812543511390686, 0.3136596381664276, 0.34185725450515747, 0.4281879663467407, 0.33080682158470154, 0.357385516166687, 0.3716607093811035, 0.3016277551651001, 0.35187187790870667, 0.35540667176246643], "clip_cosine": [0.9988982081413269, 0.9990581274032593, 0.9989438056945801, 0.9990002512931824, 0.9986408948898315, 0.9988200068473816, 0.9988274574279785, 0.9991140365600586, 0.9989751577377319, 0.9988785982131958], "dino_cosine": [0.9580792188644409, 0.9599093198776245, 0.9607176780700684, 0.9560340642929077, 0.9578737616539001, 0.9555807709693909, 0.9537699222564697, 0.9605225324630737, 0.9609888792037964, 0.9622020721435547], "clip_L2": [12.200640678405762, 11.921792030334473, 12.282118797302246, 11.887133598327637, 13.307452201843262, 12.745438575744629, 13.126644134521484, 11.575898170471191, 12.033621788024902, 12.875313758850098], "dino_L2": [15.550533294677734, 15.378948211669922, 15.659543991088867, 15.11673641204834, 15.934178352355957, 16.73701286315918, 17.30756187438965, 15.206963539123535, 15.351004600524902, 15.015517234802246], "rcnn_confidence": [0.05756101757287979, 0.05082600563764572, 0.07360394299030304, 0.06833899766206741, 0.06732174009084702, 0.12456366419792175, 0.0, 0.11975018680095673, 0.0, 0.0], "yolo_confidence": [0.0, 0.0, 0.0, 0.0, 0.0, 0.0, 0.0, 0.0, 0.0, 0.0]}