{"pixel_L2": [28354.185546875, 25685.453125, 30179.619140625, 27832.91796875, 28382.41015625, 24442.423828125, 26862.95703125, 27315.822265625, 27521.234375, 24900.951171875], "pixel_cosine": [0.7901294231414795, 0.83040452003479, 0.8403030633926392, 0.8153563141822815, 0.7867826819419861, 0.8260915875434875, 0.7967268824577332, 0.8140432238578796, 0.8427170515060425, 0.8319728374481201], "low_L2": [447.29931640625, 419.41656494140625, 421.2967529296875, 425.395751953125, 429.75323486328125, 429.86163330078125, 419.33428955078125, 412.884033203125, 414.4474182128906, 410.0893249511719], "low_cosine": [0.5595848560333252, 0.6053234338760376, 0.6333352327346802, 0.6001970767974854, 0.5772591829299927, 0.5807062387466431, 0.5901156663894653, 0.6181603670120239, 0.6263263821601868, 0.6199562549591064], "mid_L2": [312.9248352050781, 309.3666076660156, 320.0708923339844, 301.9104309082031, 301.7916259765625, 308.0758361816406, 301.1031188964844, 300.99261474609375, 307.8366394042969, 296.9429931640625], "mid_cosine": [0.3742234706878662, 0.38995617628097534, 0.3901705741882324, 0.39913177490234375, 0.3972259759902954, 0.3831501007080078, 0.38720613718032837, 0.40339744091033936, 0.4102240800857544, 0.4140280485153198], "high_L2": [56.951473236083984, 55.144805908203125, 63.6295166015625, 58.85258483886719, 58.030128479003906, 58.09912109375, 62.37974166870117, 59.2160758972168, 63.7486572265625, 59.354061126708984], "high_cosine": [0.3732760548591614, 0.4073663353919983, 0.32554861903190613, 0.36248114705085754, 0.3837251663208008, 0.4022221565246582, 0.3104132115840912, 0.3652614951133728, 0.31087690591812134, 0.3495566248893738], "clip_cosine": [0.9991357326507568, 0.9992404580116272, 0.9992419481277466, 0.9990445971488953, 0.9992530941963196, 0.9993683695793152, 0.9989992380142212, 0.999165415763855, 0.999162495136261, 0.9991980791091919], "dino_cosine": [0.9537638425827026, 0.9590681195259094, 0.9598456025123596, 0.9535946846008301, 0.9568228125572205, 0.965186357498169, 0.9548171758651733, 0.959580659866333, 0.9594079256057739, 0.957409143447876], "clip_L2": [11.39631175994873, 10.773855209350586, 11.058034896850586, 11.910922050476074, 10.910116195678711, 10.01662826538086, 12.425376892089844, 11.217434883117676, 11.467081069946289, 11.157055854797363], "dino_L2": [17.34360122680664, 16.759532928466797, 16.310115814208984, 18.323144912719727, 17.547624588012695, 14.652210235595703, 18.534099578857422, 16.421161651611328, 16.94573211669922, 17.580171585083008], "rcnn_confidence": [0.0, 0.0, 0.0, 0.0, 0.0, 0.4212699234485626, 0.08589252829551697, 0.0, 0.0, 0.05387422814965248], "yolo_confidence": [0.0, 0.0, 0.0, 0.0, 0.0, 0.0, 0.0, 0.0, 0.0, 0.0]}