{"pixel_L2": [26770.345703125, 23523.494140625, 40767.44140625, 28122.10546875, 24340.9375, 30247.552734375, 28675.140625, 43648.625, 23556.908203125, 30872.4921875], "pixel_cosine": [0.5929055213928223, 0.5029061436653137, 0.604156494140625, 0.6565969586372375, 0.567485511302948, 0.5477155447006226, 0.522383451461792, 0.6195031404495239, 0.5492078065872192, 0.6296619176864624], "low_L2": [313.6474304199219, 348.8606872558594, 522.3997802734375, 302.8965759277344, 340.05291748046875, 328.0751037597656, 349.3721008300781, 417.3627624511719, 319.57562255859375, 321.49163818359375], "low_cosine": [0.6655673980712891, 0.5544688701629639, 0.507686972618103, 0.6825456619262695, 0.6162632703781128, 0.6152347326278687, 0.6067543625831604, 0.5727437734603882, 0.6322150230407715, 0.6480692625045776], "mid_L2": [287.32928466796875, 264.7613220214844, 360.6427917480469, 287.7088928222656, 265.1078796386719, 275.64501953125, 300.7281494140625, 312.142822265625, 263.9985656738281, 293.44256591796875], "mid_cosine": [0.4012112617492676, 0.3836669325828552, 0.30242007970809937, 0.3919920027256012, 0.4346887171268463, 0.38527166843414307, 0.3538607954978943, 0.36535966396331787, 0.40855076909065247, 0.3715365529060364], "high_L2": [71.3097152709961, 55.10784149169922, 69.07810974121094, 73.82955169677734, 50.8888053894043, 63.50338363647461, 71.11361694335938, 57.936824798583984, 60.06139373779297, 63.00685501098633], "high_cosine": [0.31934136152267456, 0.42814207077026367, 0.29928135871887207, 0.267630934715271, 0.5483202338218689, 0.3408311605453491, 0.24227145314216614, 0.4221753776073456, 0.3623623251914978, 0.34884825348854065], "clip_cosine": [0.9934155941009521, 0.9934174418449402, 0.9937258958816528, 0.9940611720085144, 0.9940858483314514, 0.9933615326881409, 0.9932873249053955, 0.9935807585716248, 0.9939377307891846, 0.9935008883476257], "dino_cosine": [0.9423767924308777, 0.956213116645813, 0.9319549202919006, 0.9456675052642822, 0.9598459601402283, 0.9517059326171875, 0.9417321681976318, 0.9502534866333008, 0.9506272077560425, 0.9482683539390564], "clip_L2": [17.015039443969727, 16.916244506835938, 16.947601318359375, 15.721277236938477, 15.493395805358887, 16.6114444732666, 16.877370834350586, 17.16901206970215, 16.19513511657715, 16.679630279541016], "dino_L2": [17.588457107543945, 16.590621948242188, 19.19087028503418, 18.40776252746582, 15.650813102722168, 17.378652572631836, 18.869857788085938, 16.71120834350586, 17.820798873901367, 17.707530975341797], "rcnn_confidence": [0.06825122237205505, 0.11511888355016708, 0.05087800323963165, 0.0, 0.19805258512496948, 0.0, 0.0, 0.4880424439907074, 0.3063257932662964, 0.0], "yolo_confidence": [0.0, 0.0, 0.0, 0.0, 0.0, 0.0, 0.0, 0.0, 0.0, 0.0]}