{"pixel_L2": [53711.8671875, 53633.29296875, 53842.55078125, 52422.74609375, 52852.76171875, 53172.62109375, 52081.51953125, 51912.98046875, 52353.0078125, 51778.90625], "pixel_cosine": [0.5731909275054932, 0.5739154815673828, 0.5681761503219604, 0.5836490988731384, 0.5878676772117615, 0.5898655652999878, 0.5941460132598877, 0.609069287776947, 0.601723849773407, 0.6052713990211487], "low_L2": [662.849365234375, 661.7119140625, 663.8040161132812, 740.0316162109375, 683.4993896484375, 663.8539428710938, 664.9193115234375, 658.7113647460938, 661.2066040039062, 693.6181030273438], "low_cosine": [0.18224796652793884, 0.19530245661735535, 0.18504482507705688, 0.208343505859375, 0.21984857320785522, 0.19681790471076965, 0.22692300379276276, 0.23893369734287262, 0.2243669629096985, 0.2015872299671173], "mid_L2": [410.5005187988281, 413.5304870605469, 412.4983825683594, 477.8959655761719, 447.5282897949219, 418.86444091796875, 431.9663391113281, 422.5728759765625, 428.03662109375, 439.35302734375], "mid_cosine": [0.16916972398757935, 0.16191381216049194, 0.1845298707485199, 0.14193347096443176, 0.13266979157924652, 0.15283285081386566, 0.16278915107250214, 0.15885625779628754, 0.155330091714859, 0.1856689155101776], "high_L2": [67.5430679321289, 68.23101043701172, 69.29588317871094, 71.31900787353516, 72.29434204101562, 68.7129135131836, 69.65521240234375, 68.22509765625, 69.72830200195312, 72.81120300292969], "high_cosine": [0.15935933589935303, 0.14385543763637543, 0.10136444866657257, 0.236648291349411, 0.19648578763008118, 0.19566038250923157, 0.2039756327867508, 0.1916303038597107, 0.21311023831367493, 0.20579597353935242], "clip_cosine": [0.9986545443534851, 0.9987463355064392, 0.9987248182296753, 0.9986796975135803, 0.9984205961227417, 0.9986199140548706, 0.9988397359848022, 0.9988826513290405, 0.9988177418708801, 0.9985376000404358], "dino_cosine": [0.9528018832206726, 0.953148365020752, 0.9432651996612549, 0.9510631561279297, 0.9550853967666626, 0.9479262232780457, 0.9399462342262268, 0.956640362739563, 0.9448999762535095, 0.9316449165344238], "clip_L2": [15.070286750793457, 14.676200866699219, 14.239740371704102, 14.296213150024414, 15.398664474487305, 14.679900169372559, 13.855993270874023, 13.289735794067383, 13.67165756225586, 14.631047248840332], "dino_L2": [18.612510681152344, 18.726259231567383, 18.397777557373047, 18.227006912231445, 18.670257568359375, 19.391857147216797, 19.615055084228516, 16.595369338989258, 17.779905319213867, 20.45795440673828], "rcnn_confidence": [0.2154066264629364, 0.510625422000885, 0.28693655133247375, 0.20252394676208496, 0.6442743539810181, 0.4083133637905121, 0.7617895603179932, 0.801566481590271, 0.22990384697914124, 0.053330596536397934], "yolo_confidence": [0.0, 0.0, 0.0, 0.0, 0.0, 0.0, 0.0, 0.5759360194206238, 0.0, 0.0]}