{"pixel_L2": [49703.890625, 50457.0390625, 52271.85546875, 56424.47265625, 50881.53125, 46434.07421875, 48339.6171875, 58922.61328125, 51182.06640625, 55913.9375], "pixel_cosine": [0.5679450631141663, 0.5577642917633057, 0.6602047681808472, 0.7359080910682678, 0.5451341867446899, 0.6374993324279785, 0.601238489151001, 0.7255377769470215, 0.5391958355903625, 0.7592562437057495], "low_L2": [861.7425537109375, 869.7295532226562, 876.3012084960938, 871.3323974609375, 856.6949462890625, 857.7601318359375, 865.9171752929688, 877.6702270507812, 866.4205932617188, 888.4122924804688], "low_cosine": [0.2157103717327118, 0.19884566962718964, 0.276378870010376, 0.26089948415756226, 0.2376834750175476, 0.24877837300300598, 0.20862507820129395, 0.18053728342056274, 0.21013236045837402, 0.18030789494514465], "mid_L2": [365.5447082519531, 363.6665954589844, 394.5425720214844, 399.9273376464844, 371.6667175292969, 371.19451904296875, 368.38067626953125, 380.2752990722656, 368.7961730957031, 377.8564453125], "mid_cosine": [0.1946660578250885, 0.18167312443256378, 0.17270928621292114, 0.16394706070423126, 0.18178419768810272, 0.18547549843788147, 0.18846255540847778, 0.1571865975856781, 0.185409814119339, 0.1690916270017624], "high_L2": [61.44099426269531, 59.93803787231445, 53.60454559326172, 60.19317626953125, 61.33121871948242, 60.62685012817383, 57.86899948120117, 59.56697463989258, 57.45603942871094, 58.98799514770508], "high_cosine": [0.19421476125717163, 0.1935015171766281, 0.4113840162754059, 0.25822940468788147, 0.21026447415351868, 0.16636131703853607, 0.22131316363811493, 0.1708047091960907, 0.25248152017593384, 0.1844845712184906], "clip_cosine": [0.9972151517868042, 0.9970640540122986, 0.9977240562438965, 0.9970780611038208, 0.9973808526992798, 0.9975341558456421, 0.9970805644989014, 0.9967793226242065, 0.9972367286682129, 0.9971976280212402], "dino_cosine": [0.9562644362449646, 0.9627527594566345, 0.9732072949409485, 0.9650853872299194, 0.9540283679962158, 0.9624922275543213, 0.9478970170021057, 0.9627601504325867, 0.9638317227363586, 0.9476213455200195], "clip_L2": [16.145244598388672, 17.16952896118164, 13.973451614379883, 16.08120346069336, 15.776275634765625, 15.339032173156738, 17.69054412841797, 18.94481658935547, 16.96833038330078, 17.052492141723633], "dino_L2": [13.907299041748047, 13.927619934082031, 11.975014686584473, 14.606386184692383, 14.846522331237793, 14.63454532623291, 15.1463041305542, 15.323821067810059, 14.056183815002441, 16.656118392944336], "rcnn_confidence": [0.05787527561187744, 0.11306463927030563, 0.6240854263305664, 0.14769750833511353, 0.26931604743003845, 0.3698946535587311, 0.2641511559486389, 0.0946105569601059, 0.48961275815963745, 0.22545792162418365], "yolo_confidence": [0.0, 0.0, 0.0, 0.0, 0.0, 0.0, 0.0, 0.0, 0.0, 0.0]}