{"pixel_L2": [35843.703125, 32551.853515625, 40746.6875, 34880.01953125, 38354.68359375, 34969.42578125, 39380.921875, 30378.77734375, 40510.984375, 30787.3359375], "pixel_cosine": [0.8688271045684814, 0.8580970764160156, 0.8949755430221558, 0.8707437515258789, 0.8634293675422668, 0.8929014205932617, 0.8657500147819519, 0.8316891193389893, 0.8614527583122253, 0.8089392781257629], "low_L2": [477.21502685546875, 355.8053894042969, 452.2873840332031, 538.2988891601562, 397.8654479980469, 370.39495849609375, 511.2518615722656, 349.1512145996094, 546.3767700195312, 420.7671813964844], "low_cosine": [0.5221915245056152, 0.5944918990135193, 0.5662420988082886, 0.5155518054962158, 0.5776485204696655, 0.6181169152259827, 0.509501039981842, 0.5916304588317871, 0.5031158924102783, 0.5766043663024902], "mid_L2": [313.9814453125, 278.54833984375, 296.2743225097656, 310.85662841796875, 279.9785461425781, 286.1564025878906, 333.48065185546875, 270.3238525390625, 311.8235778808594, 312.5939025878906], "mid_cosine": [0.3532179296016693, 0.38153666257858276, 0.39159029722213745, 0.33319634199142456, 0.38700637221336365, 0.3940542936325073, 0.33487093448638916, 0.3960462510585785, 0.348300039768219, 0.33615607023239136], "high_L2": [56.0786018371582, 54.07231521606445, 56.44170379638672, 59.630027770996094, 62.662845611572266, 53.38740539550781, 64.32219696044922, 52.746517181396484, 68.76040649414062, 59.03716278076172], "high_cosine": [0.32887181639671326, 0.38673198223114014, 0.3964221477508545, 0.21594272553920746, 0.3450849652290344, 0.4323934018611908, 0.25379809737205505, 0.5375389456748962, 0.26423653960227966, 0.24407777190208435], "clip_cosine": [0.9983239769935608, 0.9982988238334656, 0.9986600875854492, 0.9980247616767883, 0.9985941648483276, 0.9982156157493591, 0.9986759424209595, 0.9988424777984619, 0.9982331991195679, 0.9979559779167175], "dino_cosine": [0.9399768710136414, 0.9304308891296387, 0.9387742877006531, 0.9210326671600342, 0.9288233518600464, 0.9361512064933777, 0.9206109046936035, 0.9447880983352661, 0.9423307776451111, 0.937160313129425], "clip_L2": [15.762201309204102, 15.514057159423828, 13.812118530273438, 16.559602737426758, 14.100388526916504, 16.076839447021484, 13.868557929992676, 12.810761451721191, 15.543319702148438, 16.78767967224121], "dino_L2": [20.248502731323242, 19.64356803894043, 19.915048599243164, 21.54824447631836, 20.076562881469727, 19.856958389282227, 20.540191650390625, 19.27829933166504, 19.02208137512207, 20.744041442871094], "rcnn_confidence": [0.32345110177993774, 0.14627109467983246, 0.3925185203552246, 0.0, 0.6517143249511719, 0.8606056571006775, 0.20912785828113556, 0.40829288959503174, 0.4072313904762268, 0.10001450031995773], "yolo_confidence": [0.0, 0.0, 0.0, 0.0, 0.42264702916145325, 0.0, 0.5578643679618835, 0.33069491386413574, 0.648238480091095, 0.0]}