{"pixel_L2": [56790.80859375, 56618.31640625, 55441.37890625, 56073.359375, 55862.72265625, 56615.98828125, 57285.453125, 56029.328125, 55694.640625, 56034.5703125], "pixel_cosine": [0.45368385314941406, 0.4590396285057068, 0.46123063564300537, 0.45574408769607544, 0.4489796757698059, 0.44650542736053467, 0.4731332063674927, 0.4543064832687378, 0.4479827582836151, 0.445404052734375], "low_L2": [469.44183349609375, 443.1275634765625, 452.9591979980469, 443.3780822753906, 426.967041015625, 468.5154113769531, 458.106689453125, 464.9474182128906, 441.7978820800781, 461.54290771484375], "low_cosine": [0.22804933786392212, 0.23329856991767883, 0.23146015405654907, 0.23631885647773743, 0.2452646940946579, 0.22476494312286377, 0.23351266980171204, 0.22948017716407776, 0.24923139810562134, 0.2324562668800354], "mid_L2": [313.86614990234375, 291.04071044921875, 294.03826904296875, 303.0478515625, 289.568115234375, 309.8547668457031, 312.71832275390625, 297.5448303222656, 304.8903503417969, 300.1044921875], "mid_cosine": [0.19504517316818237, 0.22036606073379517, 0.2148936688899994, 0.21681161224842072, 0.21930038928985596, 0.2051127552986145, 0.21545548737049103, 0.20711974799633026, 0.22662624716758728, 0.21185003221035004], "high_L2": [57.45771026611328, 58.594234466552734, 59.0025634765625, 59.38884353637695, 58.75868225097656, 57.40150451660156, 63.184200286865234, 60.622108459472656, 59.598148345947266, 58.3870964050293], "high_cosine": [0.2252495139837265, 0.2602994740009308, 0.24034246802330017, 0.2524273097515106, 0.26666754484176636, 0.2547454833984375, 0.23210042715072632, 0.27761998772621155, 0.22846853733062744, 0.28563281893730164], "clip_cosine": [0.9974205493927002, 0.9973212480545044, 0.9970542788505554, 0.9974362850189209, 0.9973442554473877, 0.9973474740982056, 0.997433602809906, 0.9976115226745605, 0.9972591400146484, 0.9974039793014526], "dino_cosine": [0.970170259475708, 0.9662338495254517, 0.9623879790306091, 0.9604851603507996, 0.9594975113868713, 0.9610561728477478, 0.9720984101295471, 0.9728615283966064, 0.9728005528450012, 0.9472218751907349], "clip_L2": [14.915628433227539, 15.247405052185059, 15.799089431762695, 14.505826950073242, 14.685685157775879, 14.87618350982666, 15.254889488220215, 14.134100914001465, 15.317095756530762, 14.933780670166016], "dino_L2": [14.239768981933594, 14.166555404663086, 14.646520614624023, 15.099845886230469, 14.351829528808594, 14.497739791870117, 14.718403816223145, 14.583146095275879, 14.323091506958008, 15.709291458129883], "rcnn_confidence": [0.280514121055603, 0.28930673003196716, 0.21796934306621552, 0.7931084632873535, 0.4043438732624054, 0.0, 0.7915564179420471, 0.46967679262161255, 0.0, 0.7312184572219849], "yolo_confidence": [0.0, 0.0, 0.0, 0.0, 0.0, 0.0, 0.0, 0.0, 0.0, 0.0]}