{"pixel_L2": [40818.15234375, 37802.7890625, 38915.4609375, 40462.45703125, 39921.0859375, 37210.21875, 40797.44921875, 37818.7421875, 42205.30859375, 42015.375], "pixel_cosine": [0.7836024165153503, 0.817893385887146, 0.8057376146316528, 0.7878949046134949, 0.7942455410957336, 0.8244273066520691, 0.7838643789291382, 0.8177284002304077, 0.7664377093315125, 0.7688755393028259], "low_L2": [669.4195556640625, 698.3218994140625, 673.6090698242188, 668.4020385742188, 683.0435180664062, 669.6143798828125, 667.8516845703125, 659.2259521484375, 672.1728515625, 664.70947265625], "low_cosine": [0.3706882894039154, 0.40319958329200745, 0.362729549407959, 0.37419986724853516, 0.3477689325809479, 0.3534555435180664, 0.35319268703460693, 0.39540067315101624, 0.3502769470214844, 0.35309356451034546], "mid_L2": [451.0438537597656, 458.90789794921875, 418.8400573730469, 438.6346130371094, 429.1529846191406, 422.8883361816406, 425.0723876953125, 461.0409240722656, 442.7660827636719, 429.97308349609375], "mid_cosine": [0.17174534499645233, 0.1703798770904541, 0.17592169344425201, 0.17038382589817047, 0.16662390530109406, 0.16554735600948334, 0.16815465688705444, 0.16239400207996368, 0.17094658315181732, 0.16373194754123688], "high_L2": [62.354557037353516, 59.065799713134766, 60.09585952758789, 62.232364654541016, 58.9105224609375, 58.079315185546875, 59.28592300415039, 61.0395622253418, 64.19898986816406, 57.687461853027344], "high_cosine": [0.10090973973274231, 0.18222913146018982, 0.1175834983587265, 0.0961938351392746, 0.1183113306760788, 0.11622799932956696, 0.1248001754283905, 0.12833935022354126, 0.09555113315582275, 0.13507623970508575], "clip_cosine": [0.9984423518180847, 0.9977697730064392, 0.9980958700180054, 0.998254120349884, 0.9986855387687683, 0.9983975291252136, 0.99805748462677, 0.9984328746795654, 0.9982213377952576, 0.9983927011489868], "dino_cosine": [0.9431309700012207, 0.9353677034378052, 0.9413395524024963, 0.9416260123252869, 0.9423444867134094, 0.9456559419631958, 0.9440743923187256, 0.9433395862579346, 0.9394469261169434, 0.9519200921058655], "clip_L2": [14.669041633605957, 16.720760345458984, 15.46783447265625, 15.18324089050293, 13.64147663116455, 14.532508850097656, 15.5621337890625, 14.879008293151855, 14.94581127166748, 14.294220924377441], "dino_L2": [19.696086883544922, 21.279613494873047, 20.2096004486084, 19.827205657958984, 18.88672637939453, 18.912912368774414, 19.28685760498047, 19.671079635620117, 19.4500732421875, 17.22739028930664], "rcnn_confidence": [0.08317003399133682, 0.12149704247713089, 0.0, 0.059830136597156525, 0.09421228617429733, 0.0, 0.0, 0.0, 0.19499245285987854, 0.09254510700702667], "yolo_confidence": [0.0, 0.0, 0.0, 0.0, 0.0, 0.0, 0.0, 0.0, 0.0, 0.26823025941848755]}