{"pixel_L2": [28194.9921875, 29066.728515625, 28042.169921875, 31800.591796875, 28472.873046875, 27686.8125, 28609.65234375, 31169.39453125, 32685.0546875, 27785.388671875], "pixel_cosine": [0.6780062317848206, 0.711552619934082, 0.6788604855537415, 0.6571118235588074, 0.7073887586593628, 0.7137266397476196, 0.6923722624778748, 0.561924397945404, 0.5652977228164673, 0.6909278035163879], "low_L2": [567.9434204101562, 542.173095703125, 534.4114990234375, 586.9779663085938, 530.4468994140625, 519.59814453125, 555.6396484375, 559.332275390625, 594.7163696289062, 499.48638916015625], "low_cosine": [0.410763680934906, 0.4156644344329834, 0.42517900466918945, 0.4200044870376587, 0.422843337059021, 0.4193706512451172, 0.4130982756614685, 0.36618977785110474, 0.4384400546550751, 0.4274906814098358], "mid_L2": [344.4444885253906, 333.0818176269531, 332.892333984375, 333.8467102050781, 325.60198974609375, 327.9805908203125, 328.1075134277344, 386.9919738769531, 394.0157775878906, 319.0337829589844], "mid_cosine": [0.24042031168937683, 0.25475233793258667, 0.24739381670951843, 0.22815656661987305, 0.2634853720664978, 0.2560192942619324, 0.25117939710617065, 0.20709426701068878, 0.21336868405342102, 0.25421422719955444], "high_L2": [71.44544219970703, 68.36963653564453, 70.49201965332031, 66.92327880859375, 70.48506927490234, 69.2704849243164, 71.7884292602539, 61.845054626464844, 62.224395751953125, 67.10980224609375], "high_cosine": [0.22340726852416992, 0.2923545241355896, 0.2980777621269226, 0.28379470109939575, 0.27106672525405884, 0.26103121042251587, 0.29546093940734863, 0.37116968631744385, 0.34226539731025696, 0.33510518074035645], "clip_cosine": [0.9986215829849243, 0.9985039234161377, 0.9984995126724243, 0.9984236359596252, 0.9986315965652466, 0.9986535906791687, 0.9986765384674072, 0.9984149932861328, 0.9985334873199463, 0.9985242486000061], "dino_cosine": [0.9477702379226685, 0.9388343095779419, 0.9384307861328125, 0.935636043548584, 0.9466353058815002, 0.9424871802330017, 0.9404929280281067, 0.9569297432899475, 0.9570109844207764, 0.9427655935287476], "clip_L2": [13.022760391235352, 13.653762817382812, 13.399864196777344, 13.836909294128418, 12.588871955871582, 13.142419815063477, 13.200986862182617, 13.834393501281738, 13.6526460647583, 13.552447319030762], "dino_L2": [18.808425903320312, 18.900169372558594, 19.183393478393555, 19.735355377197266, 18.771472930908203, 18.682710647583008, 19.11588478088379, 17.20855140686035, 15.984633445739746, 18.527667999267578], "rcnn_confidence": [0.06080183386802673, 0.0, 0.0, 0.0, 0.0, 0.0, 0.0, 0.0, 0.0, 0.0], "yolo_confidence": [0.0, 0.0, 0.0, 0.0, 0.0, 0.0, 0.0, 0.0, 0.7214349508285522, 0.0]}