{"pixel_L2": [65475.55859375, 57102.10546875, 59385.41796875, 57627.71875, 57516.890625, 56258.23046875, 59172.671875, 54455.58203125, 57496.06640625, 64612.10546875], "pixel_cosine": [0.5400491952896118, 0.6785361766815186, 0.645275890827179, 0.6711972951889038, 0.6730984449386597, 0.6907038688659668, 0.6491134166717529, 0.7159555554389954, 0.6731089949607849, 0.5567190051078796], "low_L2": [925.9098510742188, 909.5704956054688, 920.0822143554688, 909.4857177734375, 919.3438720703125, 920.6757202148438, 902.5078735351562, 888.4393920898438, 916.8451538085938, 928.9633178710938], "low_cosine": [0.3134998679161072, 0.4983242452144623, 0.33087754249572754, 0.3563944399356842, 0.33483392000198364, 0.33056607842445374, 0.3752588927745819, 0.41145431995391846, 0.34198611974716187, 0.30504944920539856], "mid_L2": [370.43353271484375, 443.4757995605469, 381.062255859375, 382.243408203125, 397.14349365234375, 394.1395568847656, 399.36248779296875, 394.1842346191406, 381.28271484375, 369.26129150390625], "mid_cosine": [0.2532258629798889, 0.21973203122615814, 0.25326627492904663, 0.2666335105895996, 0.22205322980880737, 0.23389878869056702, 0.24315333366394043, 0.2604295611381531, 0.25601494312286377, 0.244755357503891], "high_L2": [58.84231948852539, 77.55322265625, 62.07205581665039, 59.0618782043457, 63.228485107421875, 64.88530731201172, 70.22282409667969, 60.66083908081055, 59.11221694946289, 57.20576095581055], "high_cosine": [0.18296022713184357, 0.1392083317041397, 0.14821882545948029, 0.21872767806053162, 0.1717766970396042, 0.15841835737228394, 0.11357397586107254, 0.2077469825744629, 0.2011675387620926, 0.19013451039791107], "clip_cosine": [0.9986263513565063, 0.9989105463027954, 0.9988567233085632, 0.9986513257026672, 0.9987149238586426, 0.998927116394043, 0.9986939430236816, 0.9986804723739624, 0.9988616704940796, 0.9987784624099731], "dino_cosine": [0.9180376529693604, 0.9263080954551697, 0.931054413318634, 0.9300516843795776, 0.9172745943069458, 0.9330790042877197, 0.9176527857780457, 0.9359528422355652, 0.923580527305603, 0.926490068435669], "clip_L2": [13.828271865844727, 12.664299011230469, 13.120296478271484, 13.764065742492676, 13.544798851013184, 12.549120903015137, 13.500548362731934, 13.762794494628906, 13.024502754211426, 13.041181564331055], "dino_L2": [20.995702743530273, 20.23739242553711, 20.702829360961914, 19.299331665039062, 22.336063385009766, 20.178680419921875, 21.879528045654297, 20.421770095825195, 20.96444320678711, 21.211591720581055], "rcnn_confidence": [0.5113130807876587, 0.0, 0.689708411693573, 0.5674906969070435, 0.411393940448761, 0.9075438976287842, 0.4137061834335327, 0.2569194734096527, 0.29002824425697327, 0.44008323550224304], "yolo_confidence": [0.0, 0.0, 0.0, 0.0, 0.0, 0.0, 0.0, 0.0, 0.0, 0.0]}