{"pixel_L2": [21992.44921875, 29577.14453125, 43179.50390625, 21925.69921875, 23297.330078125, 18182.46875, 27471.291015625, 21837.68359375, 31604.345703125, 20312.97265625], "pixel_cosine": [0.7543277740478516, 0.6947866082191467, 0.59918612241745, 0.7462408542633057, 0.7482748627662659, 0.798658013343811, 0.7018306255340576, 0.7520362734794617, 0.6734219193458557, 0.7539306282997131], "low_L2": [430.0299987792969, 513.6447143554688, 547.1586303710938, 484.4796447753906, 430.4695129394531, 427.3276062011719, 442.78680419921875, 434.3132629394531, 532.0699462890625, 464.1640625], "low_cosine": [0.3115798234939575, 0.2053174078464508, 0.1637202501296997, 0.24916687607765198, 0.294991135597229, 0.31165406107902527, 0.2736184597015381, 0.29981863498687744, 0.19882303476333618, 0.2630218267440796], "mid_L2": [273.03192138671875, 339.5711669921875, 323.1271057128906, 300.3050842285156, 280.7430725097656, 278.3858642578125, 274.8867492675781, 283.56134033203125, 333.81396484375, 292.2814025878906], "mid_cosine": [0.31326234340667725, 0.2507530450820923, 0.25348764657974243, 0.29162561893463135, 0.2891196608543396, 0.3100317716598511, 0.31400978565216064, 0.2757781147956848, 0.23116452991962433, 0.29115724563598633], "high_L2": [53.62361526489258, 58.69567108154297, 55.59128189086914, 48.37001037597656, 58.567527770996094, 53.1574592590332, 53.33719253540039, 52.58656692504883, 62.588130950927734, 45.92694854736328], "high_cosine": [0.32274240255355835, 0.32420915365219116, 0.37492841482162476, 0.49282971024513245, 0.2439548522233963, 0.370269238948822, 0.32102030515670776, 0.38817858695983887, 0.29225093126296997, 0.5080744028091431], "clip_cosine": [0.9992057085037231, 0.999130368232727, 0.9992044568061829, 0.9994240403175354, 0.9991912245750427, 0.9995059370994568, 0.999074399471283, 0.9994997382164001, 0.9994090795516968, 0.9995341897010803], "dino_cosine": [0.9617489576339722, 0.9552513360977173, 0.9629049301147461, 0.9725661277770996, 0.9590250253677368, 0.9685966968536377, 0.9591639637947083, 0.9811924695968628, 0.9599648118019104, 0.9667612910270691], "clip_L2": [10.177240371704102, 10.976492881774902, 10.617410659790039, 8.660176277160645, 10.705024719238281, 8.16817855834961, 11.548284530639648, 8.164823532104492, 9.141366004943848, 8.257575988769531], "dino_L2": [15.021409034729004, 17.197500228881836, 15.032417297363281, 13.000320434570312, 16.615354537963867, 14.049160957336426, 16.736677169799805, 10.123982429504395, 14.622066497802734, 13.513859748840332], "rcnn_confidence": [0.0, 0.0, 0.0782218873500824, 0.0777115598320961, 0.0, 0.14822165668010712, 0.0, 0.11998988687992096, 0.3643108010292053, 0.15692204236984253], "yolo_confidence": [0.0, 0.0, 0.0, 0.0, 0.0, 0.0, 0.0, 0.0, 0.0, 0.0]}