{"pixel_L2": [26093.6484375, 16238.7216796875, 32931.84375, 17145.513671875, 15093.623046875, 24903.427734375, 42352.0, 16089.8818359375, 21707.123046875, 21785.921875], "pixel_cosine": [0.5471401810646057, 0.7062095999717712, 0.5691896080970764, 0.7155930399894714, 0.7205979824066162, 0.6350821852684021, 0.5408653616905212, 0.7269025444984436, 0.6606655120849609, 0.6440087556838989], "low_L2": [417.667724609375, 188.7398681640625, 369.2815856933594, 194.4424285888672, 185.14080810546875, 237.7059783935547, 487.8072509765625, 206.3136444091797, 262.9125061035156, 280.5428161621094], "low_cosine": [0.26825523376464844, 0.49824392795562744, 0.31168925762176514, 0.4538421034812927, 0.5264174938201904, 0.2944428324699402, 0.2050318717956543, 0.41372230648994446, 0.3532969653606415, 0.3368651270866394], "mid_L2": [281.90673828125, 175.6968536376953, 255.5536346435547, 178.4322967529297, 175.79246520996094, 191.33680725097656, 255.59449768066406, 189.0079803466797, 226.12255859375, 234.22853088378906], "mid_cosine": [0.2199205458164215, 0.38133788108825684, 0.2528224587440491, 0.3675100803375244, 0.39337998628616333, 0.3317676782608032, 0.25350597500801086, 0.33956584334373474, 0.27185529470443726, 0.26961615681648254], "high_L2": [52.46494674682617, 40.26966857910156, 46.10611343383789, 40.1423454284668, 36.799800872802734, 39.274776458740234, 56.392845153808594, 40.786949157714844, 56.37594985961914, 51.131378173828125], "high_cosine": [0.3442048132419586, 0.46624675393104553, 0.3901236355304718, 0.477078378200531, 0.5900318026542664, 0.5366506576538086, 0.1663733869791031, 0.4409722089767456, 0.3158954083919525, 0.3048543930053711], "clip_cosine": [0.9989545345306396, 0.9986076951026917, 0.9987914562225342, 0.9989806413650513, 0.9990313649177551, 0.9989688396453857, 0.9986857771873474, 0.9989301562309265, 0.9984972476959229, 0.9984123110771179], "dino_cosine": [0.9519798159599304, 0.9369992017745972, 0.9545117020606995, 0.9565065503120422, 0.9675136804580688, 0.9576240181922913, 0.950785756111145, 0.9638032913208008, 0.9479244947433472, 0.9437952041625977], "clip_L2": [12.136510848999023, 14.839364051818848, 13.144795417785645, 12.31897258758545, 11.719023704528809, 11.869171142578125, 13.369104385375977, 12.321849822998047, 13.351990699768066, 14.386993408203125], "dino_L2": [16.801450729370117, 19.511959075927734, 16.789945602416992, 17.915924072265625, 14.883566856384277, 15.02630615234375, 19.331771850585938, 16.614490509033203, 19.70457649230957, 18.035242080688477], "rcnn_confidence": [0.0, 0.0, 0.0, 0.0, 0.0, 0.30182236433029175, 0.0, 0.0, 0.0, 0.0], "yolo_confidence": [0.0, 0.0, 0.4764842391014099, 0.0, 0.0, 0.0, 0.0, 0.0, 0.0, 0.0]}