{"pixel_L2": [38900.46484375, 44175.62890625, 38146.46484375, 35141.0234375, 40671.34765625, 35532.8671875, 35706.5390625, 44487.42578125, 37120.828125, 34268.109375], "pixel_cosine": [0.7834859490394592, 0.6181623339653015, 0.8080114126205444, 0.833733320236206, 0.7955888509750366, 0.797360897064209, 0.8403322100639343, 0.6161602139472961, 0.8388766646385193, 0.8283274173736572], "low_L2": [621.8429565429688, 562.864990234375, 600.291259765625, 581.576904296875, 630.0585327148438, 578.3048706054688, 565.3878784179688, 584.9532470703125, 555.438720703125, 568.745361328125], "low_cosine": [0.2633998692035675, 0.2391720712184906, 0.2514704167842865, 0.2164182811975479, 0.19611361622810364, 0.25641030073165894, 0.22723618149757385, 0.20319561660289764, 0.24635085463523865, 0.2248457968235016], "mid_L2": [365.57550048828125, 300.1900329589844, 332.30462646484375, 316.3639221191406, 337.9179992675781, 344.3048400878906, 321.19842529296875, 303.4025573730469, 305.00103759765625, 334.67071533203125], "mid_cosine": [0.13960066437721252, 0.19114303588867188, 0.14961248636245728, 0.1530400812625885, 0.137870192527771, 0.17471052706241608, 0.15769043564796448, 0.18377169966697693, 0.19017311930656433, 0.1609199196100235], "high_L2": [66.707763671875, 61.84895324707031, 76.3327865600586, 71.76959991455078, 65.9915771484375, 68.644287109375, 70.22049713134766, 60.125694274902344, 67.07960510253906, 73.89762115478516], "high_cosine": [0.20070810616016388, 0.24398398399353027, 0.08386953920125961, 0.05500547215342522, 0.21624460816383362, 0.1589781492948532, 0.09914432466030121, 0.2953470051288605, 0.0712469294667244, 0.12238350510597229], "clip_cosine": [0.9935207962989807, 0.9931368827819824, 0.9924564957618713, 0.992806613445282, 0.9930248260498047, 0.9925878643989563, 0.992703378200531, 0.9929879307746887, 0.9926488995552063, 0.9928120970726013], "dino_cosine": [0.9360625743865967, 0.9272664785385132, 0.9403051137924194, 0.9400442838668823, 0.9531497359275818, 0.930290699005127, 0.9261831045150757, 0.9351822137832642, 0.9379444122314453, 0.9206178784370422], "clip_L2": [18.100143432617188, 18.624399185180664, 19.012746810913086, 19.473464965820312, 18.898271560668945, 18.474853515625, 19.377464294433594, 18.777324676513672, 19.398845672607422, 19.246885299682617], "dino_L2": [17.971139907836914, 20.1352596282959, 16.960134506225586, 19.858530044555664, 17.034936904907227, 19.23592185974121, 20.299407958984375, 18.873586654663086, 18.615453720092773, 20.3926944732666], "rcnn_confidence": [0.4888063967227936, 0.6528569459915161, 0.0, 0.0, 0.5602550506591797, 0.38215285539627075, 0.1455850452184677, 0.6080323457717896, 0.11190906167030334, 0.0], "yolo_confidence": [0.0, 0.0, 0.0, 0.0, 0.3826533854007721, 0.0, 0.0, 0.0, 0.0, 0.0]}