{"pixel_L2": [46230.3203125, 37288.9140625, 43808.35546875, 40106.31640625, 51983.23046875, 45418.83984375, 56241.4765625, 37833.2578125, 47739.3984375, 44173.859375], "pixel_cosine": [0.4147893190383911, 0.3607516288757324, 0.3718149960041046, 0.3850473165512085, 0.43685182929039, 0.4140801727771759, 0.4025804102420807, 0.37061068415641785, 0.41042402386665344, 0.3462599813938141], "low_L2": [630.8715209960938, 350.8061218261719, 604.5186767578125, 402.4230041503906, 765.9866333007812, 585.906982421875, 605.8623657226562, 350.9559326171875, 721.5940551757812, 529.6744995117188], "low_cosine": [0.20242032408714294, 0.273328572511673, 0.1941695213317871, 0.2490113377571106, 0.18210086226463318, 0.21116822957992554, 0.17381998896598816, 0.2666580080986023, 0.21553683280944824, 0.2048584371805191], "mid_L2": [362.8732604980469, 261.6971740722656, 343.49163818359375, 293.6084289550781, 337.1545715332031, 368.2974548339844, 364.47723388671875, 256.9012145996094, 355.8854064941406, 328.41534423828125], "mid_cosine": [0.16199913620948792, 0.21767985820770264, 0.17651142179965973, 0.19499346613883972, 0.15672188997268677, 0.1683664321899414, 0.1776042878627777, 0.21992157399654388, 0.16407108306884766, 0.17342104017734528], "high_L2": [48.4314079284668, 36.58491516113281, 44.04548645019531, 40.516056060791016, 42.83983612060547, 59.28336715698242, 47.8294792175293, 36.29254913330078, 57.661991119384766, 45.004581451416016], "high_cosine": [0.19102011620998383, 0.4186863899230957, 0.20486319065093994, 0.3501459062099457, 0.23675765097141266, 0.1595558226108551, 0.2180062234401703, 0.42804503440856934, 0.1510101854801178, 0.26000601053237915], "clip_cosine": [0.9991440176963806, 0.9995102882385254, 0.999231219291687, 0.9992393255233765, 0.9991785883903503, 0.9993638396263123, 0.9993343353271484, 0.9993336200714111, 0.9990805983543396, 0.9993574619293213], "dino_cosine": [0.9499478340148926, 0.9727188348770142, 0.9508035182952881, 0.9582380056381226, 0.9563961625099182, 0.9611820578575134, 0.9657554626464844, 0.9754209518432617, 0.9614571332931519, 0.9572233557701111], "clip_L2": [11.347945213317871, 8.874408721923828, 10.845120429992676, 10.78170108795166, 11.229071617126465, 10.094186782836914, 10.14345932006836, 10.443404197692871, 11.588452339172363, 9.876846313476562], "dino_L2": [17.039947509765625, 13.187853813171387, 15.265602111816406, 14.60361385345459, 15.109930992126465, 16.582895278930664, 14.980133056640625, 13.308110237121582, 16.21253776550293, 15.482393264770508], "rcnn_confidence": [0.0, 0.692968487739563, 0.0, 0.5878865718841553, 0.31174084544181824, 0.3354455828666687, 0.5927143692970276, 0.6070194244384766, 0.0, 0.24791216850280762], "yolo_confidence": [0.0, 0.5958731174468994, 0.6592972278594971, 0.8300237059593201, 0.0, 0.6157121658325195, 0.4522675573825836, 0.31241917610168457, 0.0, 0.2619558572769165]}