{"pixel_L2": [56306.6171875, 56387.5, 56588.828125, 56882.73046875, 56604.65625, 56305.7109375, 56835.24609375, 57264.578125, 56743.71484375, 56632.23828125], "pixel_cosine": [0.6365830898284912, 0.6365963816642761, 0.6369239091873169, 0.6335923671722412, 0.6360965967178345, 0.6366243958473206, 0.6359288692474365, 0.6380265951156616, 0.635959804058075, 0.6358968615531921], "low_L2": [283.6651306152344, 288.6588134765625, 283.90008544921875, 285.3110656738281, 286.3600769042969, 283.77362060546875, 285.2098693847656, 283.8739929199219, 284.5199890136719, 290.3548889160156], "low_cosine": [0.2357521504163742, 0.22703169286251068, 0.23569105565547943, 0.2293945699930191, 0.22985731065273285, 0.23580656945705414, 0.22625601291656494, 0.22937560081481934, 0.23165586590766907, 0.22563862800598145], "mid_L2": [214.39801025390625, 217.3426513671875, 217.2237091064453, 219.2135772705078, 215.2881317138672, 213.89109802246094, 215.9845428466797, 214.65884399414062, 216.9004364013672, 218.67822265625], "mid_cosine": [0.2683285176753998, 0.26257556676864624, 0.2683575749397278, 0.26750481128692627, 0.2606083154678345, 0.271751344203949, 0.25668004155158997, 0.262977659702301, 0.26573050022125244, 0.25907689332962036], "high_L2": [59.82047653198242, 58.42738723754883, 58.37117004394531, 59.259281158447266, 57.67555236816406, 58.400875091552734, 58.77121353149414, 58.80693435668945, 57.59528732299805, 59.42986297607422], "high_cosine": [0.1995389461517334, 0.21376919746398926, 0.2136184126138687, 0.20857146382331848, 0.19541025161743164, 0.2028980702161789, 0.18966427445411682, 0.20831193029880524, 0.21196213364601135, 0.20184005796909332], "clip_cosine": [0.9990547895431519, 0.9990984201431274, 0.9990502595901489, 0.999103307723999, 0.9990398287773132, 0.9989845752716064, 0.9990773797035217, 0.9991271495819092, 0.9991636276245117, 0.9990085959434509], "dino_cosine": [0.9280747175216675, 0.9350661039352417, 0.9266104102134705, 0.929948627948761, 0.928961992263794, 0.9324101209640503, 0.9358177185058594, 0.9315228462219238, 0.9282224178314209, 0.9286751747131348], "clip_L2": [11.645581245422363, 11.09597396850586, 11.535144805908203, 11.368071556091309, 11.613837242126465, 11.889703750610352, 11.425907135009766, 11.15228271484375, 11.026252746582031, 11.74197769165039], "dino_L2": [19.985084533691406, 19.578025817871094, 19.065942764282227, 19.57326316833496, 18.96962547302246, 19.6900577545166, 19.84791374206543, 18.98163414001465, 19.579538345336914, 19.618532180786133], "rcnn_confidence": [0.0, 0.0, 0.0, 0.0, 0.0, 0.0, 0.0, 0.0, 0.0, 0.0], "yolo_confidence": [0.0, 0.0, 0.0, 0.0, 0.0, 0.0, 0.0, 0.0, 0.0, 0.0]}