{"pixel_L2": [33511.34375, 35701.73046875, 33225.453125, 34993.359375, 43197.33203125, 34587.18359375, 33326.953125, 38048.734375, 34004.65625, 34887.75], "pixel_cosine": [0.7360401749610901, 0.7257897853851318, 0.7447019219398499, 0.709194004535675, 0.7004388570785522, 0.7201882004737854, 0.7402406334877014, 0.7239168286323547, 0.7313757538795471, 0.7097150683403015], "low_L2": [654.2039794921875, 601.1716918945312, 597.2166137695312, 601.015380859375, 610.8568115234375, 616.3816528320312, 628.1910400390625, 625.97607421875, 613.4146118164062, 631.9788818359375], "low_cosine": [0.39196211099624634, 0.3923250734806061, 0.40081140398979187, 0.38676923513412476, 0.3842543363571167, 0.38461655378341675, 0.39213797450065613, 0.4107421636581421, 0.4136725068092346, 0.3930642008781433], "mid_L2": [416.5328674316406, 349.8704833984375, 360.20501708984375, 347.982421875, 341.02203369140625, 372.46240234375, 377.0250244140625, 379.5692138671875, 360.1293640136719, 379.9090881347656], "mid_cosine": [0.21597535908222198, 0.2548269033432007, 0.2539674639701843, 0.23535814881324768, 0.2625850439071655, 0.22608834505081177, 0.21993792057037354, 0.23825068771839142, 0.2590513527393341, 0.23836176097393036], "high_L2": [62.99280548095703, 62.72683334350586, 62.438087463378906, 61.25784683227539, 56.746238708496094, 67.09928131103516, 67.04373168945312, 66.47528076171875, 58.06765365600586, 59.95109939575195], "high_cosine": [0.23960834741592407, 0.27585193514823914, 0.28050538897514343, 0.27575716376304626, 0.35441118478775024, 0.20122337341308594, 0.2280653417110443, 0.22298911213874817, 0.3629240095615387, 0.3468678295612335], "clip_cosine": [0.9934014678001404, 0.9933558702468872, 0.992762565612793, 0.9927799105644226, 0.9933491349220276, 0.9933205246925354, 0.9929858446121216, 0.9930089116096497, 0.9932273626327515, 0.9931900501251221], "dino_cosine": [0.9410691261291504, 0.9352239966392517, 0.9476412534713745, 0.9262005686759949, 0.935664176940918, 0.9139214158058167, 0.9269260168075562, 0.9352059960365295, 0.9504082202911377, 0.9448835849761963], "clip_L2": [18.672670364379883, 18.518552780151367, 19.407350540161133, 19.758817672729492, 19.00119972229004, 18.42821502685547, 18.521556854248047, 19.27524185180664, 18.7117977142334, 18.648155212402344], "dino_L2": [18.496530532836914, 18.791505813598633, 16.056663513183594, 19.343881607055664, 17.771360397338867, 19.506698608398438, 19.13905143737793, 18.19167709350586, 15.533448219299316, 16.871288299560547], "rcnn_confidence": [0.07034850865602493, 0.0, 0.060600943863391876, 0.14559252560138702, 0.19065164029598236, 0.06899479776620865, 0.0, 0.0, 0.7949115633964539, 0.1233469769358635], "yolo_confidence": [0.0, 0.0, 0.0, 0.2838984727859497, 0.0, 0.0, 0.25259554386138916, 0.0, 0.0, 0.0]}