{"pixel_L2": [34309.75, 36853.42578125, 35514.6953125, 33737.18359375, 35979.76171875, 35479.34765625, 33743.34765625, 35564.43359375, 33736.78125, 34005.4609375], "pixel_cosine": [0.7847437858581543, 0.7454564571380615, 0.7731181979179382, 0.7988024353981018, 0.7631442546844482, 0.7562761306762695, 0.7946266531944275, 0.7495949268341064, 0.7804709672927856, 0.7900392413139343], "low_L2": [307.70697021484375, 314.29315185546875, 308.3648681640625, 307.3541564941406, 311.9803466796875, 333.00006103515625, 308.26385498046875, 336.67218017578125, 310.47247314453125, 306.4151306152344], "low_cosine": [0.3190893530845642, 0.29934078454971313, 0.33927053213119507, 0.2947666645050049, 0.3282620310783386, 0.3102583587169647, 0.290469765663147, 0.3013836741447449, 0.3076950013637543, 0.3069320321083069], "mid_L2": [240.59878540039062, 243.7667999267578, 248.5602264404297, 238.81161499023438, 250.41957092285156, 244.64988708496094, 240.02938842773438, 257.5447082519531, 240.97921752929688, 238.19015502929688], "mid_cosine": [0.2636083960533142, 0.2497127205133438, 0.2294687181711197, 0.24517977237701416, 0.23024927079677582, 0.2625073194503784, 0.24597576260566711, 0.23270800709724426, 0.24625399708747864, 0.26378679275512695], "high_L2": [58.863502502441406, 58.65549850463867, 61.8466911315918, 57.895530700683594, 60.55283737182617, 57.77865219116211, 57.458763122558594, 58.877620697021484, 57.52947998046875, 57.916297912597656], "high_cosine": [0.25466233491897583, 0.24608361721038818, 0.19279786944389343, 0.2665269672870636, 0.2332199215888977, 0.28385210037231445, 0.2680578827857971, 0.2720910906791687, 0.2720029056072235, 0.2687121033668518], "clip_cosine": [0.9985356330871582, 0.9986317157745361, 0.9984418749809265, 0.998522162437439, 0.9984226226806641, 0.9985134601593018, 0.9985530376434326, 0.9986625909805298, 0.9985517859458923, 0.9985960125923157], "dino_cosine": [0.9626466035842896, 0.9628055691719055, 0.9659371972084045, 0.9704097509384155, 0.9654505252838135, 0.9641191363334656, 0.9707322120666504, 0.9714422225952148, 0.9649950265884399, 0.9608613848686218], "clip_L2": [13.955546379089355, 14.658529281616211, 15.69934368133545, 15.010411262512207, 15.265474319458008, 14.79769229888916, 14.199134826660156, 14.017088890075684, 14.585796356201172, 13.99114990234375], "dino_L2": [17.198034286499023, 18.450660705566406, 18.94723129272461, 17.637617111206055, 18.67583465576172, 19.414892196655273, 17.00815200805664, 18.372365951538086, 18.497859954833984, 18.03133773803711], "rcnn_confidence": [0.0, 0.0, 0.0, 0.07231669872999191, 0.0, 0.0, 0.0, 0.5883442163467407, 0.0, 0.0], "yolo_confidence": [0.0, 0.0, 0.0, 0.0, 0.0, 0.0, 0.0, 0.0, 0.0, 0.0]}