{"pixel_L2": [36714.58984375, 36300.8359375, 38383.51953125, 37508.69140625, 36547.66796875, 37387.1484375, 36988.6796875, 38226.56640625, 36396.1796875, 37539.453125], "pixel_cosine": [0.29600322246551514, 0.2746838629245758, 0.2974923849105835, 0.29686105251312256, 0.28679123520851135, 0.29661044478416443, 0.2861941456794739, 0.29994040727615356, 0.2680690288543701, 0.28018325567245483], "low_L2": [462.34051513671875, 479.08026123046875, 467.96466064453125, 496.7922668457031, 475.9109802246094, 468.9821472167969, 479.39044189453125, 460.6855163574219, 478.712158203125, 481.1415100097656], "low_cosine": [0.18900629878044128, 0.19825848937034607, 0.189689040184021, 0.2137974351644516, 0.18574963510036469, 0.1764262169599533, 0.18571878969669342, 0.18002265691757202, 0.19084753096103668, 0.21873517334461212], "mid_L2": [261.6318054199219, 266.02276611328125, 266.5791015625, 262.12933349609375, 262.74249267578125, 267.56707763671875, 259.7519226074219, 263.4344482421875, 265.32904052734375, 267.0983581542969], "mid_cosine": [0.2139723300933838, 0.22209306061267853, 0.22464732825756073, 0.2147788256406784, 0.2107870876789093, 0.19962139427661896, 0.21568158268928528, 0.20998014509677887, 0.2050013542175293, 0.2090095430612564], "high_L2": [54.36411666870117, 54.054344177246094, 53.45402526855469, 54.94976043701172, 54.05417251586914, 53.29666519165039, 54.016632080078125, 54.86994552612305, 54.507667541503906, 53.26729965209961], "high_cosine": [0.17889060080051422, 0.17941926419734955, 0.19232259690761566, 0.16379447281360626, 0.1766534298658371, 0.20485509932041168, 0.1769590675830841, 0.17125298082828522, 0.16697758436203003, 0.18829157948493958], "clip_cosine": [0.9969672560691833, 0.9969820976257324, 0.9970610737800598, 0.9972100257873535, 0.9967775344848633, 0.9969794750213623, 0.9969496726989746, 0.9968710541725159, 0.9970598220825195, 0.9971487522125244], "dino_cosine": [0.9450231790542603, 0.9422328472137451, 0.9429091811180115, 0.9456552863121033, 0.9424864053726196, 0.9278243780136108, 0.9286812543869019, 0.9429158568382263, 0.951874852180481, 0.9382975101470947], "clip_L2": [17.748083114624023, 18.64005470275879, 17.873350143432617, 17.401554107666016, 17.51266860961914, 18.428085327148438, 18.412109375, 17.30860710144043, 18.286619186401367, 17.230545043945312], "dino_L2": [18.6452579498291, 19.49996566772461, 17.910337448120117, 18.536386489868164, 18.662094116210938, 20.47426986694336, 20.561079025268555, 19.39667320251465, 17.56075096130371, 18.905746459960938], "rcnn_confidence": [0.0, 0.0, 0.0, 0.0, 0.0, 0.0, 0.0, 0.0, 0.0, 0.0], "yolo_confidence": [0.0, 0.0, 0.0, 0.0, 0.0, 0.0, 0.0, 0.0, 0.0, 0.0]}