{"pixel_L2": [46266.9140625, 47684.578125, 39275.5859375, 47225.875, 47635.0234375, 43862.6953125, 47136.74609375, 61567.7578125, 46794.73828125, 44655.40234375], "pixel_cosine": [0.6157004833221436, 0.6973140835762024, 0.6247423887252808, 0.6546605229377747, 0.6297329068183899, 0.6378951072692871, 0.6738033890724182, 0.7270641922950745, 0.6272743940353394, 0.6145715117454529], "low_L2": [625.7666015625, 696.5353393554688, 618.2715454101562, 589.1734619140625, 597.393798828125, 593.637451171875, 556.6222534179688, 685.2944946289062, 667.600341796875, 569.2246704101562], "low_cosine": [0.25059235095977783, 0.29991137981414795, 0.241990327835083, 0.26907801628112793, 0.25427812337875366, 0.27618929743766785, 0.2815912067890167, 0.22050461173057556, 0.27907466888427734, 0.2756522297859192], "mid_L2": [387.8330078125, 438.84075927734375, 383.42071533203125, 376.95361328125, 381.25762939453125, 362.17108154296875, 419.9931335449219, 384.0088806152344, 416.3790283203125, 376.678466796875], "mid_cosine": [0.16869735717773438, 0.17442205548286438, 0.18465778231620789, 0.1932237148284912, 0.17790257930755615, 0.18921561539173126, 0.17943225800991058, 0.18659645318984985, 0.15819433331489563, 0.18739691376686096], "high_L2": [58.61036682128906, 73.08329010009766, 54.80636978149414, 59.25999450683594, 60.06242370605469, 58.03055953979492, 66.86080932617188, 61.48004913330078, 61.029510498046875, 66.65829467773438], "high_cosine": [0.30830511450767517, 0.19266892969608307, 0.3125378489494324, 0.3360633850097656, 0.26974940299987793, 0.2687394320964813, 0.24834181368350983, 0.25291553139686584, 0.23413293063640594, 0.19780099391937256], "clip_cosine": [0.999210000038147, 0.9988293051719666, 0.9990781545639038, 0.9988973140716553, 0.999170184135437, 0.9990866780281067, 0.9986487030982971, 0.9992632269859314, 0.9987776279449463, 0.9986762404441833], "dino_cosine": [0.9471544027328491, 0.9487988948822021, 0.9469034075737, 0.9435998797416687, 0.943131148815155, 0.944636881351471, 0.9419029951095581, 0.9405308961868286, 0.9432541131973267, 0.9308960437774658], "clip_L2": [10.61684799194336, 12.87207317352295, 11.549701690673828, 12.631210327148438, 11.014606475830078, 11.458016395568848, 12.888524055480957, 10.415210723876953, 12.761493682861328, 13.279492378234863], "dino_L2": [17.959341049194336, 19.227867126464844, 17.56175422668457, 18.292922973632812, 17.417760848999023, 17.058652877807617, 20.533946990966797, 19.134546279907227, 19.799545288085938, 20.087106704711914], "rcnn_confidence": [0.5789284110069275, 0.1749725043773651, 0.1174294576048851, 0.7472978234291077, 0.619910478591919, 0.26443371176719666, 0.0712503120303154, 0.10792528092861176, 0.21847276389598846, 0.0], "yolo_confidence": [0.0, 0.0, 0.0, 0.0, 0.0, 0.0, 0.0, 0.0, 0.41963914036750793, 0.0]}