{"pixel_L2": [39421.34375, 37037.1015625, 38197.5234375, 41850.67578125, 41258.828125, 39946.46484375, 38946.98046875, 35089.19140625, 42223.67578125, 42581.2421875], "pixel_cosine": [0.7920516729354858, 0.8190277218818665, 0.8060351014137268, 0.7612172365188599, 0.7689771056175232, 0.7854099869728088, 0.797579824924469, 0.8394124507904053, 0.7562641501426697, 0.7514921426773071], "low_L2": [649.3636474609375, 693.6293334960938, 682.2865600585938, 653.9137573242188, 663.0237426757812, 672.6935424804688, 658.8082275390625, 657.0388793945312, 650.5999755859375, 654.6048583984375], "low_cosine": [0.43425172567367554, 0.45152658224105835, 0.40736982226371765, 0.42628756165504456, 0.4078473448753357, 0.4025372266769409, 0.4111079275608063, 0.4415644109249115, 0.41911011934280396, 0.42712464928627014], "mid_L2": [428.175537109375, 457.54296875, 407.3473205566406, 448.0048522949219, 418.90771484375, 422.5784912109375, 409.27032470703125, 440.7466735839844, 405.5715637207031, 417.36962890625], "mid_cosine": [0.2551150918006897, 0.22981327772140503, 0.2730843424797058, 0.23608259856700897, 0.24295742809772491, 0.24526506662368774, 0.2578079104423523, 0.2427157461643219, 0.2642076015472412, 0.2538676857948303], "high_L2": [62.95078659057617, 59.676734924316406, 57.43130874633789, 62.792701721191406, 61.15861129760742, 62.290992736816406, 56.996185302734375, 59.913700103759766, 58.050453186035156, 59.313236236572266], "high_cosine": [0.1254456490278244, 0.16470997035503387, 0.1689957082271576, 0.15626835823059082, 0.16040734946727753, 0.16344289481639862, 0.19949498772621155, 0.18473489582538605, 0.20176450908184052, 0.221816748380661], "clip_cosine": [0.9984393119812012, 0.9983519911766052, 0.9983398914337158, 0.9983498454093933, 0.9986286163330078, 0.9985942244529724, 0.9983433485031128, 0.9983835816383362, 0.9985910654067993, 0.9986661672592163], "dino_cosine": [0.9488419890403748, 0.94594806432724, 0.9480478763580322, 0.9326791167259216, 0.9509540796279907, 0.9455859065055847, 0.9489970803260803, 0.9413793087005615, 0.9489515423774719, 0.9483654499053955], "clip_L2": [14.513982772827148, 14.873860359191895, 15.107288360595703, 15.06264877319336, 14.041708946228027, 13.833075523376465, 15.213199615478516, 14.40625286102295, 13.871317863464355, 13.8530912399292], "dino_L2": [21.25971221923828, 21.373226165771484, 20.513273239135742, 20.868288040161133, 19.33483123779297, 19.632761001586914, 20.591245651245117, 20.57587432861328, 19.778879165649414, 19.661865234375], "rcnn_confidence": [0.06230304017663002, 0.22830401360988617, 0.074553482234478, 0.16202014684677124, 0.22698567807674408, 0.1570637822151184, 0.05184030160307884, 0.0731121078133583, 0.1508302241563797, 0.262146532535553], "yolo_confidence": [0.0, 0.0, 0.0, 0.0, 0.0, 0.29079970717430115, 0.0, 0.0, 0.0, 0.387604296207428]}