{"pixel_L2": [54452.82421875, 37462.9765625, 38487.8828125, 41792.20703125, 40691.7109375, 51177.23046875, 41826.9140625, 45344.8828125, 45061.0625, 45907.765625], "pixel_cosine": [0.4260290861129761, 0.7858846187591553, 0.7686961889266968, 0.7375961542129517, 0.7369959950447083, 0.5260931849479675, 0.7197800278663635, 0.6650049090385437, 0.6851962804794312, 0.6468707919120789], "low_L2": [557.889404296875, 600.5919189453125, 585.8108520507812, 557.5950927734375, 688.5460205078125, 624.23779296875, 667.8401489257812, 600.5828247070312, 545.13720703125, 600.305908203125], "low_cosine": [0.4969228208065033, 0.4934718906879425, 0.4463614821434021, 0.47974303364753723, 0.45391857624053955, 0.5077926516532898, 0.4525068998336792, 0.5212026834487915, 0.46721842885017395, 0.4776708483695984], "mid_L2": [375.1556701660156, 396.6256408691406, 381.04144287109375, 373.25042724609375, 392.0756530761719, 394.0910949707031, 428.0692443847656, 401.52093505859375, 365.7598571777344, 390.0691223144531], "mid_cosine": [0.32750242948532104, 0.30556589365005493, 0.33621764183044434, 0.3336213231086731, 0.35716187953948975, 0.3559202551841736, 0.30197715759277344, 0.32386791706085205, 0.32970088720321655, 0.32884642481803894], "high_L2": [66.0998306274414, 64.86688995361328, 65.45135498046875, 66.62747955322266, 72.04286193847656, 77.1148681640625, 73.19512176513672, 67.36774444580078, 63.15334701538086, 66.36422729492188], "high_cosine": [0.260830819606781, 0.24429471790790558, 0.2911490201950073, 0.2611927390098572, 0.2743411660194397, 0.18815170228481293, 0.3430214822292328, 0.2514128088951111, 0.25466054677963257, 0.3374837338924408], "clip_cosine": [0.9979537129402161, 0.9981491565704346, 0.9981249570846558, 0.9983824491500854, 0.9980573654174805, 0.9981052279472351, 0.9972774386405945, 0.9976687431335449, 0.9976807832717896, 0.9987226724624634], "dino_cosine": [0.9347033500671387, 0.933384358882904, 0.9319602251052856, 0.9234435558319092, 0.9362726211547852, 0.9381146430969238, 0.9227514266967773, 0.9278049468994141, 0.9362043738365173, 0.9430123567581177], "clip_L2": [15.23791790008545, 14.729063987731934, 14.290180206298828, 13.939922332763672, 14.81369686126709, 14.633931159973145, 15.863564491271973, 16.265933990478516, 16.465986251831055, 11.87363338470459], "dino_L2": [19.952449798583984, 18.7499942779541, 19.565732955932617, 19.347986221313477, 18.722339630126953, 18.52224349975586, 19.05660057067871, 20.760042190551758, 19.133817672729492, 17.989118576049805], "rcnn_confidence": [0.4036652445793152, 0.31695061922073364, 0.19167926907539368, 0.1557527631521225, 0.0972461923956871, 0.27017271518707275, 0.0, 0.07281611114740372, 0.07899412512779236, 0.10660938173532486], "yolo_confidence": [0.0, 0.0, 0.0, 0.0, 0.0, 0.0, 0.0, 0.0, 0.0, 0.0]}