{"pixel_L2": [36893.58984375, 36739.72265625, 38193.94921875, 37103.6875, 36407.48046875, 35049.7578125, 35841.9765625, 49565.1015625, 31225.3359375, 36999.53515625], "pixel_cosine": [0.6803434491157532, 0.5400003790855408, 0.6036756038665771, 0.711052417755127, 0.5453599691390991, 0.5709715485572815, 0.6359236240386963, 0.7246334552764893, 0.7535720467567444, 0.5941787958145142], "low_L2": [856.843017578125, 768.7966918945312, 721.093017578125, 982.8560791015625, 757.2054443359375, 734.4230346679688, 718.1758422851562, 806.1513061523438, 757.8328857421875, 761.7948608398438], "low_cosine": [0.3928340673446655, 0.3509688377380371, 0.3622206747531891, 0.38255542516708374, 0.32449549436569214, 0.33701765537261963, 0.4451548457145691, 0.3052216172218323, 0.4971422553062439, 0.4188913106918335], "mid_L2": [600.08447265625, 550.5474243164062, 536.0848388671875, 632.6342163085938, 543.6866455078125, 552.0884399414062, 570.6156005859375, 553.9600219726562, 567.7276611328125, 598.180419921875], "mid_cosine": [0.17052410542964935, 0.19972991943359375, 0.2356148511171341, 0.21706081926822662, 0.20068272948265076, 0.21059633791446686, 0.20666566491127014, 0.20763123035430908, 0.281704843044281, 0.18236371874809265], "high_L2": [81.94456481933594, 82.46847534179688, 81.48795318603516, 82.42745208740234, 80.77957916259766, 83.16556549072266, 83.92487335205078, 79.44776153564453, 79.92017364501953, 94.02959442138672], "high_cosine": [0.2375589907169342, 0.18323148787021637, 0.14753827452659607, 0.3173668086528778, 0.14143255352973938, 0.205498605966568, 0.16507142782211304, 0.1690138280391693, 0.26872020959854126, 0.14615097641944885], "clip_cosine": [0.9986462593078613, 0.9985672831535339, 0.9987280964851379, 0.998642086982727, 0.9985719919204712, 0.9988327026367188, 0.9984557032585144, 0.9988704919815063, 0.9985708594322205, 0.9988201260566711], "dino_cosine": [0.9563595056533813, 0.9637426137924194, 0.958184003829956, 0.9541469812393188, 0.9597231149673462, 0.9627020359039307, 0.9588816165924072, 0.9540494680404663, 0.9585928320884705, 0.9422523975372314], "clip_L2": [13.311396598815918, 13.903847694396973, 13.001453399658203, 13.195216178894043, 13.709952354431152, 12.469185829162598, 14.100570678710938, 12.395825386047363, 13.878396034240723, 12.610872268676758], "dino_L2": [15.551876068115234, 14.192896842956543, 15.681543350219727, 15.973766326904297, 14.862387657165527, 14.24891185760498, 14.855132102966309, 15.369937896728516, 15.798624992370605, 15.890827178955078], "rcnn_confidence": [0.9145665168762207, 0.3750365972518921, 0.5939908027648926, 0.9775001406669617, 0.4551379382610321, 0.24972502887248993, 0.47622185945510864, 0.2357262670993805, 0.9413090348243713, 0.19025197625160217], "yolo_confidence": [0.38339194655418396, 0.0, 0.0, 0.6894185543060303, 0.0, 0.0, 0.0, 0.0, 0.0, 0.6590765118598938]}