{"pixel_L2": [48361.97265625, 51793.265625, 51459.81640625, 49255.84765625, 52327.74609375, 51566.23046875, 42231.328125, 42314.29296875, 43099.19921875, 51243.5625], "pixel_cosine": [0.716795027256012, 0.580752968788147, 0.599914014339447, 0.6498567461967468, 0.5781614184379578, 0.595393180847168, 0.76800537109375, 0.7795332074165344, 0.751334011554718, 0.6231660842895508], "low_L2": [530.9440307617188, 478.2832946777344, 471.5247497558594, 489.76519775390625, 483.9805908203125, 467.2353820800781, 450.1617736816406, 472.20526123046875, 454.047607421875, 469.1535339355469], "low_cosine": [0.2994862198829651, 0.23852422833442688, 0.24972280859947205, 0.26783889532089233, 0.24848923087120056, 0.28348881006240845, 0.35082370042800903, 0.3566344380378723, 0.3491848409175873, 0.269072949886322], "mid_L2": [393.3636169433594, 263.6067199707031, 263.0278015136719, 297.6363525390625, 276.5375061035156, 275.33349609375, 330.883544921875, 312.5981750488281, 369.2419738769531, 271.592041015625], "mid_cosine": [0.18466559052467346, 0.21794255077838898, 0.21770323812961578, 0.20420318841934204, 0.2204083353281021, 0.23209083080291748, 0.19925984740257263, 0.2259289026260376, 0.19399291276931763, 0.2179206907749176], "high_L2": [69.7266616821289, 51.059574127197266, 48.77487564086914, 59.95661926269531, 57.93565368652344, 52.796043395996094, 63.2829704284668, 52.036827087402344, 68.75102996826172, 53.42039489746094], "high_cosine": [0.21985432505607605, 0.4007966220378876, 0.42817696928977966, 0.3400338590145111, 0.3309701085090637, 0.36218127608299255, 0.260903000831604, 0.328912615776062, 0.1803613007068634, 0.31326743960380554], "clip_cosine": [0.9986327886581421, 0.9986657500267029, 0.9987613558769226, 0.9985422492027283, 0.9987967610359192, 0.9987695813179016, 0.9985167980194092, 0.9987499117851257, 0.9987293481826782, 0.9986813068389893], "dino_cosine": [0.9500835537910461, 0.9655342102050781, 0.9480475187301636, 0.9532990455627441, 0.9560149908065796, 0.9421534538269043, 0.9186630845069885, 0.9592961668968201, 0.9342586994171143, 0.9598610997200012], "clip_L2": [13.764373779296875, 14.311570167541504, 13.555179595947266, 14.203713417053223, 13.276848793029785, 13.098176002502441, 14.392010688781738, 13.397199630737305, 13.352452278137207, 13.909165382385254], "dino_L2": [19.438112258911133, 16.76859474182129, 18.125829696655273, 15.719114303588867, 17.53801155090332, 19.182470321655273, 19.924165725708008, 17.173721313476562, 20.11225700378418, 18.272972106933594], "rcnn_confidence": [0.0, 0.5453860759735107, 0.4589240849018097, 0.34068986773490906, 0.09476139396429062, 0.12199201434850693, 0.0, 0.0, 0.0, 0.35512247681617737], "yolo_confidence": [0.0, 0.0, 0.0, 0.7921538352966309, 0.32745277881622314, 0.0, 0.0, 0.0, 0.0, 0.0]}