{"pixel_L2": [0.20717691236481864, 0.2940513781340674, 0.3045538937575331, 0.0, 0.42018680622510635, 0.20257450020033005, 0.01863794620050325, 1.0, 0.648070844332151, 0.5357115777514723], "pixel_cosine": [0.44818265698490267, 0.0, 0.8330292246204363, 0.7712254170570365, 0.7854645702005816, 1.0, 0.6456659033863487, 0.4730619653807297, 0.2797423351879723, 0.7070098488610276], "low_L2": [0.12654976543194954, 0.0, 0.26986965495431664, 0.14086015174102096, 0.31181660681746665, 0.34417338889709925, 0.04744821702155702, 1.0, 0.4732788172045946, 0.16498297329577957], "low_cosine": [0.7199475122000122, 0.32548164538153906, 0.765328335177209, 1.0, 0.3257752333487288, 0.20987243244791498, 0.9269968457195232, 0.0, 0.29702867495157587, 0.6191662817800023], "mid_L2": [0.35512781023701123, 0.08713860360056855, 0.5523441234883997, 0.0, 0.5701007145309347, 0.6109512213120802, 0.3151018856301316, 1.0, 0.5610607912780382, 0.499125686216002], "mid_cosine": [0.7545887236857782, 0.4310183298111835, 0.15731154408122056, 1.0, 0.5042284610609091, 0.0, 0.39048078912878526, 0.6476349338734659, 0.04930173640941386, 0.009875397417647539], "high_L2": [0.04831709897209763, 0.7478913024520268, 0.42775374325569404, 0.0, 1.0, 0.4217122100848939, 0.468295031868386, 0.33461919079703195, 0.7706477187847168, 0.8036391763131254], "high_cosine": [0.6963441649050507, 0.6549427101261726, 0.5148109191221506, 1.0, 0.0, 0.5318291904276672, 0.5392892264378585, 0.681610918848413, 0.30717678595014003, 0.13798979369075717], "clip_cosine": [0.3467396125979595, 0.0, 0.5135294987431613, 0.4792251959189709, 0.6282714771551087, 0.11548129528315836, 0.27339937897382816, 0.15673517669673223, 1.0, 0.575336389176401], "dino_cosine": [0.36130905825439585, 0.22571767909388488, 1.0, 0.3661611772544248, 0.28296544132556994, 0.8998652993829843, 0.0, 0.5696749804466846, 0.19015961298919498, 0.6508212392456766], "clip_L2": [0.5626893694428847, 1.0, 0.36675537059753166, 0.4102695696998333, 0.37309800961049333, 0.7575132179164091, 0.6855566947836885, 0.6237928905879687, 0.0, 0.2985946265554455], "dino_L2": [0.6312907180341607, 1.0, 0.0, 0.7909244303216537, 0.6727747874930162, 0.31437408961209995, 0.9496212536914359, 0.46079034140793357, 0.9617032235214302, 0.6201836738766062], "rcnn_confidence": [0.0, 0.0, 0.0, 0.0, 0.0, 0.0, 0.0, 0.0, 0.0, 0.0], "yolo_confidence": [0.0, 0.0, 0.0, 0.0, 0.0, 0.0, 0.0, 0.0, 0.0, 0.0]}