{"pixel_L2": [0.7966308013948135, 0.9288712154737131, 0.0, 1.0, 0.8476235801666749, 0.848967097395207, 0.8535332627282861, 0.8573958157720287, 0.8331827755617189, 0.8105579359951129], "pixel_cosine": [0.8647339671010597, 0.9199608348807736, 0.0, 0.8507761596922387, 0.8635194949168483, 0.8619463008532879, 0.8360426516110439, 1.0, 0.8245680129733599, 0.9535811657371442], "low_L2": [0.6824202146819394, 0.5585293446677713, 0.0, 0.4407742597795548, 0.43002215258266696, 0.8799411065485195, 0.41281788055615587, 0.6586172946233461, 0.8693117690848402, 1.0], "low_cosine": [0.7819672978870836, 0.047683858890693036, 0.5625901066283315, 0.19167554374243725, 0.8077318468109752, 0.4267480944451914, 0.4497192086130043, 1.0, 0.0, 0.6716447239143251], "mid_L2": [0.6747921169658656, 0.5315256708722579, 0.0, 0.3148457621531696, 0.6785846460683004, 0.9135326371306092, 0.4823822525028669, 0.8367931252922937, 0.8950682048338582, 1.0], "mid_cosine": [0.20043468031951245, 0.5486718723742732, 1.0, 0.9687489497092795, 0.44903874098232743, 0.15746090282496078, 0.543015624371885, 0.2560514868162566, 0.0, 0.2666160110765719], "high_L2": [0.769438440564278, 0.4571412677862146, 0.8911764943381092, 0.5689596853278927, 0.5401051718306018, 0.6951299933516186, 0.9644154583390531, 0.0, 0.5555848646592323, 1.0], "high_cosine": [0.4148310328623961, 0.3646077602768818, 0.0, 0.24041862969140254, 0.5696732460326261, 0.6293923357167939, 0.30428976383074274, 1.0, 0.46493294789382733, 0.4732289063967265], "clip_cosine": [0.4565041308925968, 0.6635752470435768, 0.0, 1.0, 0.8825935525676333, 0.5206544629839625, 0.7164668718613316, 0.7673740482747449, 0.9150737080835898, 0.9349991900210595], "dino_cosine": [0.5070776232305942, 0.15464854467119715, 0.0, 1.0, 0.44760713809821545, 0.22680169329957667, 0.07711073072231732, 0.8654517003037416, 0.16259570935107268, 0.15360987826419711], "clip_L2": [0.2480421275802524, 0.12854627961287232, 1.0, 0.0, 0.0634882542434348, 0.3123190546419649, 0.21766797077569083, 0.13624715517086894, 0.15550340843737662, 0.09630325088755713], "dino_L2": [0.20390457105661136, 0.22369562343361066, 1.0, 0.23169830919086198, 0.07421770851771883, 0.21438129612398404, 0.4815876384488616, 0.0, 0.368145000601077, 0.28983271127383836], "rcnn_confidence": [0.0, 0.0, 0.0, 0.0, 0.914460151817602, 0.8576987218956911, 0.555765665458913, 0.0, 0.0, 1.0], "yolo_confidence": [0.0, 0.0, 0.0, 0.0, 0.0, 0.0, 0.0, 0.0, 0.0, 0.0]}