{"pixel_L2": [0.48149485828944066, 0.35742162026586405, 0.5223777276147479, 0.309305242036619, 0.33316277903185354, 1.0, 0.06157010283421119, 0.0, 0.6672585904188613, 0.7465262101830951], "pixel_cosine": [0.8634078268783497, 0.493615127919911, 0.7369278996865204, 0.7375103650520781, 0.6967458792597836, 0.0, 1.0, 0.9896127009808878, 0.6500111234705228, 0.39362928506421274], "low_L2": [1.0, 0.5523892803868113, 0.0, 0.08302042076024896, 0.5691579651252507, 0.3790957255285222, 0.2971040584332082, 0.1812663957615349, 0.3233887145722957, 0.6970320456766628], "low_cosine": [0.0, 0.3226389654961084, 0.9491634491634492, 1.0, 0.3355702641416927, 0.6442667156952872, 0.6329645972503115, 0.8294314722886151, 0.7392494535351678, 0.24150681293538437], "mid_L2": [1.0, 0.6357139058760968, 0.0, 0.4063600106354693, 0.012549853762297261, 0.5817708056367987, 0.6959000265886732, 0.8687902153682531, 0.48546663121510236, 0.5046955596915714], "mid_cosine": [0.0, 0.5948108769821928, 0.7211407456105551, 0.9069290321118075, 1.0, 0.527894086576063, 0.08274939641590062, 0.402144565476123, 0.3688425920678281, 0.8725479750178525], "high_L2": [0.6860942729680377, 1.0, 0.0, 0.19767169379192034, 0.2891871856204469, 0.5498062692422762, 0.446594715844361, 0.09707613198746093, 0.34643245067566275, 0.6895945434099856], "high_cosine": [0.39336611504480334, 0.0, 1.0, 0.8847736416035891, 0.6584992356024318, 0.5181644108030331, 0.3923781672444189, 0.9065543061628599, 0.8215738275702338, 0.3454563733450072], "clip_cosine": [0.868766404199475, 0.394750656167979, 0.994750656167979, 1.0, 0.25249343832021, 0.0, 0.38740157480314963, 0.668241469816273, 0.5238845144356955, 0.1742782152230971], "dino_cosine": [1.0, 0.3332343373369156, 0.13241174967365854, 0.0, 0.4767865899562806, 0.909636224246652, 0.8071857280004421, 0.2119907173986615, 0.5654271447022178, 0.5832222506164227], "clip_L2": [0.0, 0.4013042708847128, 0.20172647712568417, 0.09050575638800301, 0.4626747844727505, 1.0, 0.2837705376854212, 0.1573245377883371, 0.30307982132794153, 0.8504644394157891], "dino_L2": [0.16362750232020365, 0.5245941587900721, 0.25245500878825744, 0.4154266323086415, 0.3213132093471802, 0.0, 0.25970856168112366, 0.48830306266883045, 0.5810243634346273, 1.0], "rcnn_confidence": [0.0, 0.0, 0.0, 0.0, 0.0, 0.0, 0.0, 0.0, 0.0, 0.0], "yolo_confidence": [0.0, 0.0, 0.0, 0.0, 0.0, 0.0, 0.0, 0.0, 0.0, 0.0]}