{"pixel_L2": [0.31492947299607765, 0.32208977199448624, 0.2474906599972786, 1.0, 0.06899344646839929, 0.16986824901941064, 0.128697176849217, 0.0, 0.007851000704012873, 0.33170191414592587], "pixel_cosine": [0.2677098412537702, 0.14814613926163778, 0.335727524276389, 0.0, 0.8806584808559142, 0.510945418151736, 0.6304002384950065, 0.7686192641770134, 1.0, 0.12284140122244762], "low_L2": [0.4420499058246415, 0.7454212597142008, 0.3161647882856229, 1.0, 0.23153274699628118, 0.2886618193403088, 0.0, 0.04346848097878105, 0.1280688473973585, 0.49688874729558574], "low_cosine": [0.6762826160504095, 0.48469283468895813, 0.7285185159080336, 0.0, 0.6679528362395861, 0.5895280628427241, 1.0, 0.9379193743920834, 0.9036901422348779, 0.5497341906426648], "mid_L2": [0.5768045052071176, 0.7049871534551734, 0.58758687777299, 1.0, 0.2471381326932894, 0.24681591670448813, 0.04886126114266515, 0.1232369006954814, 0.0, 0.9889130146941206], "mid_cosine": [0.6232823608082037, 0.46532762872136646, 0.5193496581847491, 0.07126513346860147, 0.528416769541339, 0.6786667213165971, 0.771989980718702, 1.0, 0.8278151712601749, 0.0], "high_L2": [0.6091936563354913, 0.0, 0.49861723247046585, 1.0, 0.31456085050997906, 0.5789375204973439, 0.16306093327041485, 0.1435639111039831, 0.7113403386700964, 0.9017176131684704], "high_cosine": [0.37930756635503543, 1.0, 0.4893268182891218, 0.0, 0.672314242011687, 0.5350008461796337, 0.801415653137494, 0.9292693535295392, 0.23543088868264384, 0.022690549413117832], "clip_cosine": [0.912252824858757, 0.00211864406779661, 0.05190677966101695, 0.2388771186440678, 0.11634887005649718, 0.2641242937853107, 0.6288841807909604, 1.0, 0.269774011299435, 0.0], "dino_cosine": [0.9971995230437684, 0.0, 0.37257829849146185, 0.5812302407753821, 0.7844781376828242, 0.4293809414415893, 1.0, 0.7611499458501526, 0.5107424545742947, 0.2601380547624517], "clip_L2": [0.1695381560477935, 0.9902801647893914, 0.8411590035034864, 0.9130080911134696, 1.0, 0.5384523035137572, 0.3680664635329293, 0.0, 0.7538119529368802, 0.9599557214100677], "dino_L2": [0.0, 0.8410195674712057, 0.9223764509838991, 0.7766164574981497, 0.8471732078176825, 0.8563542298279976, 0.9377830899940819, 0.3121816487161255, 0.9785873091346371, 1.0], "rcnn_confidence": [0.0, 0.0, 0.0, 0.0, 0.0, 0.0, 0.0, 0.0, 0.0, 0.0], "yolo_confidence": [0.0, 0.0, 0.0, 0.0, 0.0, 0.0, 0.0, 0.0, 0.0, 0.0]}