{"pixel_L2": [0.5264396992867185, 0.6901955050100471, 0.2931121692659721, 0.3768436256221686, 0.6311614392145085, 0.6925918698571211, 0.5649666817973578, 1.0, 0.0, 0.5763306548678835], "pixel_cosine": [0.7335859765728755, 0.31483872685023934, 0.6819645801087482, 1.0, 0.17176002460170886, 0.0, 0.4742848712516233, 0.5727520216839371, 0.9346565246914734, 0.261850191223918], "low_L2": [0.767254377852083, 0.7867614566076855, 0.3324675535861291, 0.23213968473367008, 1.0, 0.5511353449940545, 0.9561222851219091, 0.5066752716148506, 0.0, 0.43330318213694063], "low_cosine": [0.4194125195641906, 0.31422249349787673, 1.0, 0.0, 0.11504774005817489, 0.41073579425644874, 0.3378809348024139, 0.5813358976833035, 0.8796013115190123, 0.7031808275087968], "mid_L2": [0.810283551609292, 1.0, 0.0, 0.37231489442168003, 0.5366317755003288, 0.5563608216935879, 0.5001346197045614, 0.9295215320674822, 0.012535777596632904, 0.8398143990351055], "mid_cosine": [0.3007323642827933, 0.0, 0.6919059721316295, 0.8578201094321896, 0.5300849806178627, 0.5165702910869205, 0.8631751219198962, 0.5033382225211311, 1.0, 0.6208798172299935], "high_L2": [0.7511031766367577, 0.9860438746356431, 0.5967661610213372, 0.2967761213548791, 0.6202786308267001, 0.2969953500702419, 0.10179714323441176, 0.6716744587901972, 0.0, 1.0], "high_cosine": [0.36555632871619914, 0.0, 0.36097889057549887, 0.7364058196286049, 0.09186941373348455, 0.44799500698014966, 0.9352261236952599, 0.9160229270754755, 1.0, 0.44866486983881454], "clip_cosine": [0.6302945674579427, 0.0, 1.0, 0.4010240042556021, 0.4209056453221624, 0.971008710685551, 0.6396701908371567, 0.9974732362524104, 0.9692133785491056, 0.4296828246558947], "dino_cosine": [1.0, 0.9277531165672461, 0.5021058545028267, 0.6649775451289328, 0.7460748625593032, 0.8464155011673935, 0.4440121967455862, 0.0, 0.8921857698140289, 0.3842737968053359], "clip_L2": [0.42232800252517044, 1.0, 0.06233966309824387, 0.9440514506698877, 0.5489169727942484, 0.05962626318852965, 0.5352676027515606, 0.16070901689849992, 0.0, 0.49345170659758697], "dino_L2": [0.0, 0.11345478608930107, 0.38312842186778345, 0.6981130296027667, 0.7737369789244775, 0.37033467402742914, 0.7016245251399136, 0.9658449162823731, 0.32627541243175257, 1.0], "rcnn_confidence": [0.0, 0.0, 0.0, 0.0, 0.0, 0.0, 0.0, 0.0, 0.0, 1.0], "yolo_confidence": [0.0, 0.0, 0.0, 0.0, 0.0, 0.0, 0.0, 0.0, 0.0, 0.0]}