{"pixel_L2": [0.18482839807403403, 0.5670614645965156, 0.584343142253873, 0.8551350537443064, 0.0, 0.5153464719711721, 0.6715420389641944, 0.3741192333094926, 1.0, 0.28618458200583813], "pixel_cosine": [0.9224137931034483, 0.4804913793103448, 0.34694827586206894, 0.32205172413793104, 0.6561034482758621, 0.8382241379310345, 0.2818793103448276, 1.0, 0.0, 0.7311724137931035], "low_L2": [0.8346472533413803, 0.7060591201136636, 0.6328190813876001, 0.46843448631385715, 0.26718469063156175, 0.06252750430638854, 1.0, 0.5708699533526964, 0.0, 0.38439389938767554], "low_cosine": [0.33284956508100283, 0.39525944907110827, 0.42611668263479846, 0.3321163538235644, 0.7359419024564466, 1.0, 0.0, 0.5285867353012874, 0.9091951872617772, 0.6549730809423654], "mid_L2": [0.24327524298891848, 0.4899089952330836, 0.13619374110072432, 1.0, 0.0, 0.290704513093543, 0.6495852163684764, 0.8972327121896861, 0.6695892403887823, 0.22780984956354858], "mid_cosine": [0.6216362204621922, 0.42942814934367657, 0.8160624065842764, 0.3580156927569054, 1.0, 0.67332968889988, 0.3315827036923751, 0.0, 0.5758974959705148, 0.5552836692503097], "high_L2": [0.0, 0.3185621692720613, 1.0, 0.5293570873670684, 0.8510110172070016, 0.7132347636429032, 0.37354469251254424, 0.8720678200735457, 0.4036833460021978, 0.46245502727378235], "high_cosine": [1.0, 0.7076050235554937, 0.376425108412963, 0.5008321450026777, 0.2759740653366561, 0.3631049355542261, 0.736482399119402, 0.0, 0.8351245040261103, 0.6203817624584502], "clip_cosine": [0.566122272004625, 0.47998265645324467, 0.24700101170689406, 0.4494869200751554, 0.9979765862118803, 0.8953606012429541, 0.6044226044226044, 1.0, 0.0, 0.5168376933082816], "dino_cosine": [0.19511908298673006, 0.4343805704099822, 0.8145424836601307, 0.4782382650029709, 0.37644830659536543, 0.5046048722519311, 0.6839782630223806, 1.0, 0.2705857595563478, 0.0], "clip_L2": [0.6605301496939127, 0.8340783172461708, 0.8887858948137067, 0.8832578896809389, 0.0, 0.1425052018900496, 0.6141083765494897, 0.019703377063475466, 1.0, 0.49898089036507165], "dino_L2": [0.602744297944109, 0.6373809240080693, 0.0, 0.8198191474067801, 0.6626636466610377, 0.5697789659519952, 1.0, 0.4462406061271736, 0.18953178745346266, 0.3960920301621719], "rcnn_confidence": [0.0, 0.0, 0.0, 0.0, 0.0, 0.0, 0.0, 0.0, 0.0, 0.0], "yolo_confidence": [0.0, 0.0, 0.0, 0.0, 0.0, 0.0, 0.0, 0.0, 0.0, 0.0]}