{"pixel_L2": [0.2092616797372478, 0.6060715362959984, 0.43180089148066225, 0.611256200147463, 0.0, 0.12338670487298076, 0.12944818687579596, 0.3695451270192372, 1.0, 0.4508701152892285], "pixel_cosine": [0.8561554712428953, 0.4423936191136578, 0.4325293463849126, 0.300374779116342, 1.0, 0.8776572564379247, 0.8329259535502204, 0.4948056185243776, 0.0, 0.4082840145407201], "low_L2": [0.0, 0.32953003884723103, 0.6972460023489023, 0.9628201282862047, 0.169016171289186, 0.347922305537989, 0.3663152949679285, 0.6915790044267774, 1.0, 0.3942448278977324], "low_cosine": [1.0, 0.3648443674145199, 0.22270593674486824, 0.0, 0.739434133720811, 0.25518073057468016, 0.21441130183862128, 0.1396878466061916, 0.18941693863746614, 0.2838805772993015], "mid_L2": [0.0, 0.35741332008648924, 1.0, 0.5676145580617833, 0.3351200770075874, 0.3270668477801574, 0.22212030580422015, 0.7117306713223003, 0.9442066012981633, 0.3247644528359446], "mid_cosine": [0.9956266375958716, 0.7401115312235631, 0.14902317688871788, 0.6422746581756268, 0.6907224207685181, 0.780003304994241, 1.0, 0.4356829211545118, 0.0, 0.7117938143990871], "high_L2": [0.0, 0.31377951469154247, 1.0, 0.02228886549922115, 0.6345339383056439, 0.5192986442066624, 0.5619766081463103, 0.5499700295642721, 0.39841735791173494, 0.4264090150562965], "high_cosine": [0.9864762980509989, 0.5397457026214751, 0.0, 1.0, 0.2752971762303203, 0.6892424172335633, 0.5212647483434976, 0.3044036004288921, 0.3544143710606932, 0.6492902775025666], "clip_cosine": [0.4843199731678685, 0.2817373805131645, 0.0, 0.4083515009223545, 0.1289619319134664, 1.0, 0.30370618816032197, 0.1405332886131142, 0.582424953882274, 0.9897702498742244], "dino_cosine": [0.8711847035838964, 0.759507770269068, 0.3218176059671111, 0.0392588084994324, 0.4864861017697068, 0.2702886404965001, 1.0, 0.6108709035717972, 0.0, 0.7218325522140018], "clip_L2": [0.5572110201006611, 0.6186693894614009, 1.0, 0.4187996144378296, 0.6908059061387692, 0.0, 0.5597343169880437, 0.8757569514723994, 0.16897217005036066, 0.02298034745707914], "dino_L2": [0.5346972765651223, 0.0, 0.8487884172570689, 0.856549487883322, 0.7706528775249636, 0.5342660114612742, 0.8746796346750754, 1.0, 0.4572490390103529, 0.41110962724914957], "rcnn_confidence": [0.0, 0.0, 0.0, 0.0, 0.0, 0.0, 0.0, 0.0, 0.0, 0.0], "yolo_confidence": [0.0, 0.0, 0.0, 0.0, 0.0, 0.0, 0.0, 0.0, 0.0, 0.0]}