{"pixel_L2": [0.39664545476158397, 0.0, 0.0760894545396911, 0.6198499052992781, 0.4943615427896693, 0.6471348078645185, 1.0, 0.5228351573458438, 0.32548519261096626, 0.5668888237298613], "pixel_cosine": [0.04994325285032003, 1.0, 0.5082240158546352, 0.2586172131100319, 0.10429953277219908, 0.0713919470897642, 0.0, 0.6694089654735362, 0.1654366649959384, 0.10027826267305], "low_L2": [1.0, 0.0, 0.07945536022061359, 0.729477520066972, 0.7046215590683016, 0.42434874673757816, 0.942741419215049, 0.931169055005663, 0.12149751317279756, 0.8097946520904121], "low_cosine": [0.0, 1.0, 0.7758926015525458, 0.2952517133571697, 0.28237276814530843, 0.9776056780740799, 0.12960894481895385, 0.16475311379161311, 0.8559446898556907, 0.42651648246790785], "mid_L2": [0.18051939401135866, 0.4278933177327846, 0.05599110305340195, 0.13599701118200222, 0.0, 1.0, 0.2839579827795428, 0.2687590323412118, 0.5314709212915633, 0.650360424806031], "mid_cosine": [0.2719483687569495, 0.4248717902650433, 1.0, 0.43658284375081097, 0.6936990080588976, 0.1360111151701711, 0.4952568885907809, 0.2837322856966046, 0.33713221423053197, 0.0], "high_L2": [0.3468411906497001, 0.5936907898424799, 0.21589494926845676, 0.06262122316273333, 0.10908963506923033, 0.6437608610348113, 0.1974970570099221, 0.0, 1.0, 0.49301530354840517], "high_cosine": [0.6303752883055459, 0.15225895279891816, 0.838848987432242, 0.9987849641974, 0.9007381987182712, 0.8185622379715627, 1.0, 0.8916340259576749, 0.0, 0.5911884875484111], "clip_cosine": [0.5748781568453699, 0.37948604342046965, 1.0, 0.9222419140451927, 0.7815684536996013, 0.8881258307487816, 0.2536552946389012, 0.8139122729286664, 0.0, 0.5447496677004874], "dino_cosine": [0.12352840735481783, 1.0, 0.7713729173032334, 0.22111859014684473, 0.0, 0.4478741664719521, 0.922219026906555, 0.3860560418426587, 0.46655777629994427, 0.5962848464151553], "clip_L2": [0.073860915086759, 0.9602730462316915, 0.5021870748569929, 0.24421566833475214, 0.07237475436181807, 0.0, 0.9276570692083091, 0.39516440851916973, 1.0, 0.8713754942598235], "dino_L2": [1.0, 0.0, 0.558417058738553, 0.6572050113443557, 0.7111055719056535, 0.7845492990859367, 0.2045128158645362, 0.8365095640991506, 0.7676998858483057, 0.3575723928517813], "rcnn_confidence": [0.0, 0.0, 0.0, 0.0, 0.0, 0.0, 0.0, 0.0, 0.0, 0.0], "yolo_confidence": [0.0, 0.0, 0.0, 0.0, 0.0, 0.0, 0.0, 0.0, 0.0, 0.0]}