{"pixel_L2": [0.339567482775549, 0.47591767512622485, 0.2695706768029204, 0.47737541436258896, 0.25293134731907657, 0.3845882439534631, 0.587091267475145, 0.12476677860393318, 1.0, 0.0], "pixel_cosine": [0.36175741526704636, 0.9152380261423683, 0.39802662603837924, 0.07320830461542183, 0.9750136032212428, 1.0, 0.0, 0.5865727137519497, 0.29659738092647003, 0.9804246623378193], "low_L2": [0.8496436411384429, 0.02460304323479796, 0.25952259719817466, 1.0, 0.0038446831065083987, 0.001633184015593747, 0.33010280106536016, 0.12516480589466175, 0.20132797452744522, 0.0], "low_cosine": [0.0, 0.8108638739010998, 0.5133576005351461, 0.01506439750219865, 0.6923748467736732, 0.6647141416439445, 0.20018811608867942, 0.5991590803364357, 0.32256646032753933, 1.0], "mid_L2": [1.0, 0.020735241152856233, 0.34897716371240617, 0.8703609572765276, 0.011525796912890523, 0.0, 0.3678118500072756, 0.13505231546379398, 0.22523204678531994, 0.23919929785148084], "mid_cosine": [0.0, 1.0, 0.5699400550351549, 0.07328384110664016, 0.7642368767402886, 0.7308082402628739, 0.38719701000536266, 0.7150473727484999, 0.4271601801409715, 0.9532119423686416], "high_L2": [1.0, 0.0, 0.7157582043828744, 0.6587448826553898, 0.3577730977356984, 0.4109098802299914, 0.6423345459642014, 0.37769947654835834, 0.5943045554458628, 0.1531219336742688], "high_cosine": [0.0, 1.0, 0.3154828767206211, 0.22601091063017112, 0.5921451431230518, 0.5533706486306461, 0.37086831367302314, 0.5811915338828051, 0.23070977208656393, 0.8692379706483224], "clip_cosine": [0.0, 0.8958104143747708, 0.8642739273927392, 1.0, 0.8221030436376972, 0.8815089842317565, 0.8261367803447012, 0.8088558855885588, 0.7479372937293729, 0.7533003300330033], "dino_cosine": [0.3857262279871758, 0.49622899767585, 0.3337222227325758, 0.6480428452005843, 0.5174035661464123, 0.8692091459437611, 0.26423656723958955, 0.028036782200501577, 1.0, 0.0], "clip_L2": [1.0, 0.22783929458494662, 0.2660043351512027, 0.0, 0.33388134039311135, 0.2295050886609099, 0.387435799264612, 0.36079883752830055, 0.47400165407020856, 0.3939817368943073], "dino_L2": [0.041329634496520176, 0.33999002287438557, 0.43940842945442155, 0.17491361269285055, 0.07792256777145082, 0.0580814717477004, 0.0, 0.35705212439772227, 0.302814279456855, 1.0], "rcnn_confidence": [0.7434918829353133, 0.0, 1.0, 0.4000777036173034, 0.0, 0.0, 0.0, 0.0, 0.0, 0.0], "yolo_confidence": [0.0, 0.0, 0.0, 0.0, 0.0, 0.0, 0.0, 0.0, 0.0, 0.0]}