{"pixel_L2": [0.1795648070713239, 0.3192757157495698, 0.09530044819304015, 0.4717630326788959, 0.0, 0.11243580763288422, 0.17458155891212704, 1.0, 0.1349200913307713, 0.3168050038917837], "pixel_cosine": [0.0, 0.9127153462291266, 0.47332426350606244, 0.6056469847797809, 0.7406825158055078, 0.798204255584658, 1.0, 0.790249619189331, 0.723829185221155, 0.45307856432682303], "low_L2": [0.0, 0.8119425153107417, 0.5247050682042599, 0.5613236577286764, 0.12654098957036924, 0.2379713688901775, 0.18499351282254675, 1.0, 0.3529398356460144, 0.32682883242658733], "low_cosine": [0.9162028946254033, 0.33365147128052675, 0.49555502532564355, 0.5051615015824497, 1.0, 0.7770275741050041, 0.8561493414042924, 0.0, 0.7344321989995851, 0.6351738760021525], "mid_L2": [0.014839533184914789, 0.46181866800740096, 0.5000922683316285, 1.0, 0.34525068783429863, 0.4710754448552223, 0.3993839957271058, 0.6150593059053822, 0.0, 0.17456611252279725], "mid_cosine": [0.20712859807709322, 0.9097619038841537, 0.0, 0.023391187660365118, 0.4328793648804082, 0.723936982039107, 1.0, 0.33390183074291446, 0.9199990046303124, 0.6397489825109859], "high_L2": [0.8800115153536485, 0.32816913691424154, 0.20659963547216545, 0.1834473355428392, 0.4835363888613647, 0.0, 0.38002323700842117, 0.6906595915800384, 0.46998834398649414, 1.0], "high_cosine": [0.0, 0.926366958550854, 0.8931319591368659, 0.6401757292425067, 0.5066101955910376, 1.0, 0.8509203127406049, 0.5609630515042898, 0.5395067950975353, 0.06858688151033386], "clip_cosine": [0.0, 1.0, 0.6582021110918844, 0.3999826959681606, 0.18580204187575705, 0.08980792524658246, 0.6869268039453192, 0.5505277729711022, 0.8611784045682644, 0.39604602872469286], "dino_cosine": [1.0, 0.6492959006566822, 0.41656199116073506, 0.15277971621307282, 0.23962281031366867, 0.6346628017249092, 0.5860897883228657, 0.34592660189310576, 0.292239697961959, 0.0], "clip_L2": [1.0, 0.0, 0.40270566984798506, 0.7145219355211492, 0.8486091048177001, 0.702811937103853, 0.3887537589215507, 0.41877187208738537, 0.1577330154527161, 0.7696005305826109], "dino_L2": [0.18668203126518257, 0.0, 0.31522714725902423, 0.7383245006085619, 0.9202571578899637, 0.5598154088880988, 0.2023257789124484, 0.5924467067480194, 0.6338048038602474, 1.0], "rcnn_confidence": [0.0, 0.0, 0.0, 1.0, 0.0, 0.0, 0.0, 0.0, 0.0, 0.0], "yolo_confidence": [0.0, 0.0, 0.0, 0.0, 0.0, 0.0, 0.0, 0.0, 0.0, 0.0]}