{"pixel_L2": [0.8120947145145232, 0.3706939093545734, 0.2524046578070213, 0.4462057919570581, 0.22061382624128825, 1.0, 0.48752867841218994, 0.0, 0.7603566945153889, 0.6664300246742565], "pixel_cosine": [0.37431319281265557, 0.63729592326977, 0.9599227805973148, 0.5863870229474402, 0.940565518566724, 0.0, 0.5662610609806166, 1.0, 0.385555429380061, 0.40838931157679575], "low_L2": [0.16097698601426785, 0.9059691265970738, 0.2162548869453065, 0.4895207770746846, 0.0, 1.0, 0.15289589295070735, 0.6776026762323163, 0.5422191769779533, 0.4277538188706622], "low_cosine": [0.8861254639400334, 0.08622916818281057, 0.7864056473327996, 0.48529037187977586, 1.0, 0.0, 0.8567425951531912, 0.2923095116803726, 0.46145658976784804, 0.5782330252528928], "mid_L2": [0.6564479434342112, 0.6193975699843418, 0.8041584147612267, 0.6947858869229804, 0.0, 0.4147175802412557, 0.2144731601660747, 0.721568434893148, 0.5131948649960991, 1.0], "mid_cosine": [0.3234941826210254, 0.34780610031660525, 0.18440799994820364, 0.409673618170164, 1.0, 0.23181785809091557, 0.7792600889602528, 0.6033046079339078, 0.6221034502852038, 0.0], "high_L2": [0.36844590901613683, 1.0, 0.8348377031695242, 0.3276077070432102, 0.5694265352797279, 0.5300741306758786, 0.0, 0.5687526200444678, 0.10153302449973733, 0.016773591013048483], "high_cosine": [0.5398308990759141, 0.005271495890852582, 0.0, 0.39048360244911734, 0.25168769304261607, 0.36529057032732976, 0.6889876192467109, 0.629475713255474, 1.0, 0.7699775757835253], "clip_cosine": [1.0, 0.4044628099173554, 0.6700826446280992, 0.923801652892562, 0.09388429752066116, 0.5320661157024793, 0.7305785123966942, 0.6157024793388429, 0.0, 0.16859504132231404], "dino_cosine": [0.6932112574540855, 0.15319548233118238, 0.6284686571426629, 0.8948166481943604, 0.9116117143886799, 0.5175158261200677, 0.2830444627278723, 1.0, 0.0, 0.8313285781310559], "clip_L2": [0.0, 0.7307941295682824, 0.43447324662601994, 0.2031642297242524, 0.9873483803606646, 0.5243243088407372, 0.31073056712082736, 0.5649008680756963, 1.0, 0.8610004712042635], "dino_L2": [0.2759797622871828, 1.0, 0.21240386614009563, 0.23110863362370326, 0.16103484439069557, 0.0, 0.10787305606470021, 0.29567421250543263, 0.5020691218986791, 0.33252867481718035], "rcnn_confidence": [0.0, 0.0, 0.0, 0.0, 0.0, 0.0, 0.0, 0.0, 0.0, 0.0], "yolo_confidence": [0.0, 0.0, 0.0, 0.0, 0.0, 0.0, 0.0, 0.0, 0.0, 0.0]}