{"pixel_L2": [0.07880528913810647, 0.6753792840286649, 0.4964872588711598, 1.0, 0.44757342116088245, 0.3671200123406006, 0.7824414362727056, 0.0, 0.556823594362294, 0.10566977527116846], "pixel_cosine": [1.0, 0.1715821363931333, 0.0, 0.12935549561858578, 0.4570301217899129, 0.27367798856200565, 0.15553806601838602, 0.9827802742462627, 0.6395532672505837, 0.5185736033185582], "low_L2": [0.0, 0.6093305398667905, 0.7683036471011004, 0.5092026189878882, 0.7182942677433717, 0.39714234700911494, 1.0, 0.05982967990399154, 0.3291352232174135, 0.5935266611068546], "low_cosine": [1.0, 0.20610929894156607, 0.1544125887127003, 0.39825857114212193, 0.3263923208474685, 0.5164355452774508, 0.0, 0.9389168860376976, 0.5144879341281499, 0.4017626396142219], "mid_L2": [0.0, 0.5533265602002452, 1.0, 0.8295712505073495, 0.8554772135477349, 0.6572317318178236, 0.5722749507902789, 0.40619563734532727, 0.27930022632658646, 0.5897328566719738], "mid_cosine": [1.0, 0.22262736586497378, 0.05912452755997175, 0.0, 0.22647242191966516, 0.273705430247027, 0.02853287699701036, 0.6987783604142899, 0.5161379822380658, 0.5067734728211708], "high_L2": [0.0, 1.0, 0.8078846645901376, 0.7197285814551044, 0.5725422292579094, 0.5291227105439751, 0.6359852566285055, 0.32272654439069337, 0.5647537510744532, 0.3402138952115308], "high_cosine": [1.0, 0.0, 0.18611347707312936, 0.2227158821838046, 0.373198793252512, 0.4137040904044636, 0.3188682772086591, 0.6701894704031715, 0.4254090675720396, 0.6061950612522495], "clip_cosine": [0.0, 0.4976547842401501, 0.698170731707317, 0.7465994371482176, 1.0, 0.8938789868667918, 0.5391651031894934, 0.30863039399624764, 0.6094043151969981, 0.7938555347091932], "dino_cosine": [0.06735536411107132, 0.0, 1.0, 0.9878503968179162, 0.6853450713518201, 0.7227741436839029, 0.8139197315588064, 0.2231700190397195, 0.8100081060191905, 0.7031500367598544], "clip_L2": [1.0, 0.5972686364689144, 0.35348854762928894, 0.26548179366707475, 0.0, 0.08332669862356483, 0.5510928659464646, 0.6879422852628793, 0.4129897449789895, 0.243142639711478], "dino_L2": [1.0, 0.68726779501091, 0.359118177102899, 0.0, 0.18928656504479371, 0.5974505221405324, 0.3921976801906072, 0.7860688847520291, 0.378357670792124, 0.48580313614009313], "rcnn_confidence": [0.0, 0.0, 0.5557506735894707, 0.0, 0.0, 0.0, 0.0, 0.0, 1.0, 0.18332662801923424], "yolo_confidence": [0.0, 0.0, 0.0, 0.0, 0.0, 0.0, 0.0, 0.0, 0.0, 0.0]}