{"pixel_L2": [0.6445299750801107, 1.0, 0.0, 0.3181369483425244, 0.36786967706887225, 0.06794691918985289, 0.17214472546439863, 0.993981820570029, 0.8388466653152116, 0.9378513155308342], "pixel_cosine": [0.15307107517798962, 0.02408055454996447, 0.9725590952361798, 0.7573651167156055, 0.43840251800008045, 1.0, 0.8272947588592575, 0.0, 0.38466289234812223, 0.24132677687944973], "low_L2": [0.7189694803452179, 0.0, 0.9769964957042234, 0.49790286761073926, 0.6181776106225667, 0.0682931240349574, 1.0, 0.279562682555919, 0.46500176964992046, 0.4701567015281219], "low_cosine": [0.3396253429524064, 1.0, 0.4186694967883726, 0.4199580850862012, 0.0, 0.7706259138686106, 0.1071139022569982, 0.26713151296373516, 0.8104092878580977, 0.5143847617274958], "mid_L2": [1.0, 0.0, 0.5711753452167516, 0.5001971868016301, 0.38733011867568784, 0.4321698379711856, 0.9754907993477452, 0.4420068022454123, 0.17037988526804818, 0.33113887265088987], "mid_cosine": [0.06832630773831432, 1.0, 0.614162564409275, 0.9295760777051896, 0.2453950243835112, 0.711128715034965, 0.0, 0.38119651729849097, 0.16895573587596613, 0.16540388065881487], "high_L2": [0.7500575976399282, 0.0, 0.6097456570016236, 0.10506900129100509, 0.47442119484088735, 0.4483638862116021, 0.3950904998657191, 0.4040539195705193, 0.7249736550439855, 1.0], "high_cosine": [0.4874575261008062, 0.9176704799285004, 0.6590050787236709, 1.0, 0.8223902625894521, 0.481292159654205, 0.7720725898710064, 0.46044789059526287, 0.3844939477398888, 0.0], "clip_cosine": [0.6729351969504447, 0.3221516306649725, 0.20618382041507835, 0.4211774671749259, 0.7532401524777637, 0.4312579415501906, 0.4866581956797967, 1.0, 0.0, 0.026937738246505718], "dino_cosine": [0.5060443730332369, 0.8252355352612243, 0.3596933834199688, 0.7214857059389498, 0.44746460223357604, 0.8452183245956922, 0.0, 1.0, 0.2911047532555784, 0.8001435280594181], "clip_L2": [0.6768039065370823, 0.7303303070236572, 0.769768686881486, 0.7781748533306302, 0.4492905700781814, 0.633142842661463, 0.7468575374751327, 0.0, 0.9772864424283125, 1.0], "dino_L2": [0.40295548980893864, 0.9438798811035647, 0.9694807734311532, 0.5236286377068838, 0.703765542998086, 0.582345623269583, 0.893885017857775, 0.0, 0.9760540921801335, 1.0], "rcnn_confidence": [0.710247733125231, 0.48264043513490235, 0.8594330905962871, 0.20749662399654015, 0.0, 0.030456851388548, 1.0, 0.08136187776547836, 0.9459885752811839, 0.9814490391726983], "yolo_confidence": [0.0, 0.0, 0.0, 0.0, 0.0, 0.0, 0.0, 0.0, 0.0, 0.0]}