{"pixel_L2": [0.0, 0.0, 0.0, 0.0, 0.0, 0.0, 0.0, 0.0, 0.0, 0.0], "pixel_cosine": [0.45295037715381314, 0.7447084941597921, 0.8952042180680643, 0.21797976740079214, 0.13679709377128585, 1.0, 0.31791922096924746, 0.5306390171295946, 0.9204697393980675, 0.0], "low_L2": [0.6617647058823529, 0.0, 0.20588235294117646, 0.25, 0.11029411764705882, 1.0, 0.8014705882352942, 0.7647058823529411, 0.39705882352941174, 0.007352941176470588], "low_cosine": [0.5245300320953691, 0.18982118294360384, 0.7134342044933517, 0.0, 0.14076111875286565, 1.0, 0.06831728564878496, 0.5694635488308115, 0.33470884915176524, 0.1756075194864741], "mid_L2": [0.5040567951318459, 0.09634888438133875, 0.3093306288032454, 0.0, 0.11967545638945233, 1.0, 0.017241379310344827, 0.537525354969574, 0.10851926977687627, 0.1612576064908722], "mid_cosine": [0.2385137834598482, 0.9432680783060328, 0.7970435477427088, 0.8721534159009189, 0.617259288853376, 0.0, 0.9200958849380743, 0.19456652017578904, 1.0, 0.5381542149420695], "high_L2": [1.0, 0.4753946146703807, 0.9493964716805943, 0.0, 0.7469823584029712, 0.8440111420612814, 0.5891364902506964, 0.6462395543175488, 0.49675023212627667, 0.45264623955431754], "high_cosine": [0.0, 0.5479633806554332, 0.010879660342311264, 1.0, 0.17493697757728538, 0.314050683295741, 0.3748175666710893, 0.3374021493963115, 0.5076290301180841, 0.5795409314050683], "clip_cosine": [0.5238095238095238, 0.5523809523809524, 0.5428571428571428, 0.022222222222222223, 0.2253968253968254, 1.0, 0.0, 0.3396825396825397, 0.27936507936507937, 0.02857142857142857], "dino_cosine": [0.6306182531894013, 1.0, 0.5656526005888126, 0.5010794896957802, 0.9801766437684004, 0.518351324828263, 0.0, 0.5322865554465162, 0.5803729146221787, 0.7911678115799804], "clip_L2": [0.045417723536208016, 0.5369915406169905, 0.22059468001752966, 0.9530949124181618, 0.4836190754438852, 0.0, 1.0, 0.6597389144898475, 0.34891966906149985, 0.9401203171272626], "dino_L2": [0.009273414531709366, 0.15218815623687526, 0.28806383872322555, 1.0, 0.0, 0.12189836203275935, 0.7036539269214616, 0.7257790844183116, 0.21644687106257876, 0.6853926921461571], "rcnn_confidence": [0.0, 0.0, 0.0, 0.0, 0.0, 0.0, 0.0, 0.0, 0.0, 0.0], "yolo_confidence": [0.0, 0.0, 0.0, 0.0, 0.0, 0.0, 0.0, 0.0, 0.0, 0.0]}