{"pixel_L2": [0.47115450708678736, 1.0, 0.43506138216411655, 0.4173950500176425, 0.617709865596202, 0.09522690092245088, 0.5745343066496199, 0.29504738272317765, 0.6653498943741035, 0.0], "pixel_cosine": [0.5929316779972449, 0.0, 0.6547635269645051, 0.6442657976932887, 0.45457956918962766, 0.917170031064166, 0.4999834991579248, 0.7697456528265411, 0.3995689554221767, 1.0], "low_L2": [0.5181594700324106, 1.0, 0.38565813849564023, 0.39711289253627685, 0.5728840704916052, 0.0497489052541005, 0.3194668525384245, 0.11679523274458066, 0.5960130618936027, 0.0], "low_cosine": [0.0628696734450232, 0.0, 0.2596721117747052, 0.27101457179997634, 0.15437275203699158, 0.9780082176588762, 0.20095974953109044, 0.6458801106596247, 0.006855813720945031, 1.0], "mid_L2": [0.4924683609286444, 1.0, 0.21458614207105392, 0.6003288212694545, 0.3969712037037452, 0.0, 0.3867205346506509, 0.3598364591679217, 0.9424522426785259, 0.11879979788297208], "mid_cosine": [0.40267277908432236, 0.0, 0.3184551214664138, 0.08971197678851381, 0.4045345274956316, 1.0, 0.3597437524664626, 0.21006827280353002, 0.22093431001837527, 0.9286569512416438], "high_L2": [0.8877558763313697, 0.9299155712846708, 0.38885182773046534, 0.8631968551679098, 0.6829102427491891, 0.0, 1.0, 0.36876939492334454, 0.33579663169811513, 0.5239870406219466], "high_cosine": [0.3134810165794859, 0.419356273777897, 0.517520236978901, 0.23731499998369582, 0.30697902677099476, 1.0, 0.0, 0.6069682194300152, 0.707505605143549, 0.39079473086227207], "clip_cosine": [0.741162549918651, 0.0, 0.5246265345363113, 1.0, 0.5910368288714687, 0.8133412217127644, 0.4253808608194054, 0.17852388699896465, 0.40038455849726373, 0.5389735246265346], "dino_cosine": [0.7494440029500717, 0.5831365665967263, 0.7460022525741663, 0.6806204298185935, 0.16749089536964512, 0.8237789504376511, 0.002035320820302897, 1.0, 0.27358485172459135, 0.0], "clip_L2": [0.3559836225186226, 0.8520296406024369, 0.6357747321863657, 0.0, 0.5378196227009204, 0.28890568096673924, 0.6373800364149417, 1.0, 0.7003148461479869, 0.5840359394376113], "dino_L2": [0.2181326763505244, 0.3909785343406906, 0.08090944910688326, 0.1065144443399468, 0.7193820378392101, 0.15052454741764817, 0.9792897971577871, 0.0, 1.0, 0.8653492587736525], "rcnn_confidence": [0.0, 0.0, 0.0, 0.0, 0.0, 0.0, 0.0, 0.0, 0.0, 0.0], "yolo_confidence": [0.0, 0.0, 0.0, 0.0, 0.0, 0.0, 0.0, 0.0, 0.0, 0.0]}