{"pixel_L2": [0.008754975323987915, 0.436724046327705, 0.0, 0.6185904918356341, 0.012822355639597648, 1.0, 0.003783688413388743, 0.3959342145791322, 0.006413669842833091, 0.16053094045958885], "pixel_cosine": [0.8204977385357831, 0.44537644181869335, 0.8388690514834772, 0.2549295591767837, 0.8633274903157394, 0.0, 1.0, 0.48582224242030775, 0.8332169057975719, 0.6974974572053063], "low_L2": [0.0, 0.04004522446991703, 0.1315162373241029, 0.8062959419735263, 1.0, 0.21555234732392897, 0.14196796020246646, 0.4805538258162147, 0.10987806787149293, 0.5269499573846341], "low_cosine": [0.9231813095991936, 0.7979079331294413, 0.6470720511453117, 0.0, 1.0, 0.5519249373215391, 0.7543394732588817, 0.285539331466188, 0.7020307743239667, 0.13105908054933738], "mid_L2": [0.0, 0.34475922959983285, 0.3471783736659664, 0.8578501903210725, 1.0, 0.6159448272369396, 0.24022145794351954, 0.3674458269990947, 0.581587555380312, 0.28396862618843277], "mid_cosine": [0.5798450146472578, 0.944201686699686, 0.23930806807199806, 0.04023560189659338, 0.4784816494020295, 0.0, 0.9802724465450592, 0.5772439938692921, 0.11881172233631312, 1.0], "high_L2": [0.2262039859617459, 0.1713529555399414, 0.04832026137572897, 0.8115024166472999, 0.38466030351586056, 1.0, 0.015334803843622149, 0.9342560490931173, 0.049225852893702404, 0.0], "high_cosine": [0.7329369909695173, 0.8553138670578457, 0.5787625910371971, 0.0, 0.8578193784678493, 0.23870753329662495, 0.7495538209230808, 0.15611964980532958, 0.7527097084082621, 1.0], "clip_cosine": [0.39507389162561574, 0.70519978106185, 0.6932676518883415, 0.10454296661193213, 0.0, 0.29118773946360155, 0.6995073891625616, 0.4482758620689655, 1.0, 0.8579091406677614], "dino_cosine": [0.5922758242260734, 0.0, 0.563698385842974, 0.8921980886185925, 0.4606849878823906, 0.9369353879921349, 1.0, 0.11464447391284467, 0.7425232063651744, 0.442921029768165], "clip_L2": [0.7308574345077112, 0.46617105098254324, 0.263334671362483, 1.0, 0.8650594575351324, 0.41199685411789067, 0.21105345275092133, 0.5284021207459301, 0.03968461260423459, 0.0], "dino_L2": [0.9157413795573819, 0.7980903619767459, 0.3598969936508943, 0.5839470917986991, 0.8866882399348026, 0.2984648476288437, 0.0, 1.0, 0.3465123337120885, 0.33504634287081353], "rcnn_confidence": [0.0, 0.0, 0.0, 0.0, 0.0, 0.0, 0.0, 0.0, 0.0, 0.0], "yolo_confidence": [0.0, 0.0, 0.0, 0.0, 0.0, 0.0, 0.0, 0.0, 0.0, 0.0]}