{"pixel_L2": [1.0, 0.04409290422369745, 0.391083124987086, 0.285270043302566, 0.29667054333355963, 0.0, 0.01384088151863014, 0.5856133349469713, 0.25063389407253694, 0.2511659518447129], "pixel_cosine": [0.0, 0.9511826660917763, 0.6467381112284757, 0.6924082405948513, 0.6456137088927963, 0.8440278447859949, 1.0, 0.5016164786251356, 0.670975673479332, 0.5988336028800088], "low_L2": [0.6421032684842778, 0.15548843512414728, 0.6842111307623401, 0.0700878945877453, 0.6834454984649072, 0.0, 0.11994012755434075, 1.0, 0.21162076701043556, 0.055565763986187997], "low_cosine": [1.0, 0.3858490566037736, 0.8087114981454604, 0.9242702789872601, 0.8144105789388808, 0.9353620383809063, 0.0, 0.6858442186744074, 0.747468150298339, 0.009398484115465247], "mid_L2": [1.0, 0.4123270940437981, 0.4609272777193929, 0.0, 0.05138372104032342, 0.3169748440177616, 0.3217276867289649, 0.31151570236979387, 0.6274339383266585, 0.1357154353774344], "mid_cosine": [0.0, 0.44414495576235086, 0.2374210413943582, 0.3352531622498451, 0.3134566814733038, 0.6122521884487401, 0.042632699928657355, 0.8375220667496394, 0.2884107253516359, 1.0], "high_L2": [1.0, 0.8997126357955882, 0.575493992949311, 0.0, 0.21029290866273817, 0.731026439668064, 0.37852191557294534, 0.9843840788426962, 0.6881969537898077, 0.6755003935983535], "high_cosine": [0.2514645472792688, 0.7472629290202867, 0.6174537518714949, 0.7825562748230319, 0.5046193971976007, 0.40485997597306905, 1.0, 0.0, 0.135645703654235, 0.3652013044605793], "clip_cosine": [1.0, 0.2857475276323444, 0.5832460732984294, 0.4305991855730076, 0.22233856893542758, 0.3681210005817336, 0.5628853984874927, 0.2781849912739965, 0.3588132635253054, 0.0], "dino_cosine": [1.0, 0.0, 0.13445411097737403, 0.44995118814714913, 0.2149093746201889, 0.7901443184179471, 0.04854132932906246, 0.159361878138955, 0.5313317206472177, 0.5435052791293064], "clip_L2": [0.0, 0.6460857701476939, 0.5889437903389331, 0.4809356435355263, 0.743961237564451, 0.6224103801329811, 0.6938844443597363, 0.7132010721930244, 0.6191824713488021, 1.0], "dino_L2": [0.0, 0.8407983580033046, 0.9567683766987405, 0.5747480118232909, 0.6893676140164314, 0.4851288384245522, 0.8201075988085232, 1.0, 0.2742431778810696, 0.06361136362336986], "rcnn_confidence": [0.0, 0.0, 0.0, 0.0, 0.0, 0.0, 0.0, 0.0, 0.0, 0.0], "yolo_confidence": [0.0, 0.0, 0.0, 0.0, 0.0, 0.0, 0.0, 0.0, 0.0, 0.0]}