{"pixel_L2": [0.046178450846052085, 0.0, 1.0, 0.022209936751765486, 0.03980492427981914, 0.7743861103981151, 0.09258462166235579, 0.028762480173225132, 0.2961136230510527, 0.16660809129859616], "pixel_cosine": [0.9572697323555024, 0.9634139624185578, 0.0, 1.0, 0.9199794361734496, 0.2553717750988847, 0.8672531553932832, 0.9629838007407174, 0.687528196573395, 0.8381818324887476], "low_L2": [0.10791206523262878, 0.0, 1.0, 0.03139164498995343, 0.07290871637513434, 0.48747683057896296, 0.8867083456643977, 0.00219720097817791, 0.7682493263344807, 0.11063495895702559], "low_cosine": [0.8368311918862681, 1.0, 0.0, 0.8588456557484394, 0.8915384951180827, 0.3965328201621, 0.3631353404246031, 0.9216084862418695, 0.45510273125445627, 0.9335193457794334], "mid_L2": [0.13227836543189064, 0.058610888692223764, 1.0, 0.06842775600413933, 0.04268803760986323, 0.8402447076011069, 0.6830601092896175, 0.0, 0.8330722837971353, 0.4383220719138794], "mid_cosine": [0.8314054512841732, 1.0, 0.0, 0.8763944741764886, 0.9232714356843875, 0.2206106812980279, 0.3684555129600954, 0.9453202110187141, 0.13095772615238435, 0.5607591795716564], "high_L2": [0.23168323622116999, 0.006772608940415329, 0.9933131202866785, 0.5050337344508614, 0.29210662429737755, 1.0, 0.6065199934845787, 0.06763535930547895, 0.9515172644375163, 0.0], "high_cosine": [0.5623030719977642, 1.0, 0.14785350813743045, 0.4050729276357311, 0.5398525489378215, 0.0, 0.38616496412250345, 0.7591600064368351, 0.32090316195627266, 0.9590754918270117], "clip_cosine": [0.13733788395904437, 0.22716723549488055, 0.17378839590443687, 0.0, 0.1352901023890785, 0.1261433447098976, 1.0, 0.2806825938566553, 0.48627986348122865, 0.7838907849829352], "dino_cosine": [0.3445701788726534, 0.0, 0.2865918272393926, 0.26660162454984637, 0.24960800509952058, 0.40033081295130657, 0.10430651234194663, 0.19146568174318337, 0.19114798652972295, 1.0], "clip_L2": [0.8893395112101811, 0.40585036174535977, 0.8473111448241113, 1.0, 0.950366126832688, 0.7163397905290811, 0.0, 0.8645942299652586, 0.4231672207404324, 0.24952488402788808], "dino_L2": [0.6717875048689058, 0.8382142997530705, 0.6509280402520038, 0.790713433177171, 0.7983844166425454, 0.7162097935583929, 1.0, 0.8104400954841569, 0.8147988829211291, 0.0], "rcnn_confidence": [0.0, 0.0, 0.08831929468034215, 0.0, 0.0, 0.16838145794199189, 0.0, 0.0, 0.0, 1.0], "yolo_confidence": [0.0, 0.0, 0.0, 0.0, 0.0, 0.0, 0.0, 0.0, 0.0, 0.0]}