{"pixel_L2": [0.0035539208119099823, 0.6337132776533083, 0.0, 1.0, 0.4362076758993586, 0.13385246301380602, 0.43559964569166176, 0.5889131078837134, 0.06780639461273895, 0.4265195178956837], "pixel_cosine": [1.0, 0.4381209820613596, 0.9627744354931795, 0.0, 0.6974597090752509, 0.8801541971572253, 0.8221583508861261, 0.4819758127563847, 0.9575073697170733, 0.7660314370313854], "low_L2": [0.0583840954825418, 0.17955961021209735, 0.30505368712867587, 0.6264901141793117, 1.0, 0.0, 0.7260346660676558, 0.22214180907773995, 0.3686965167699039, 0.685595202826044], "low_cosine": [0.9503820331971707, 0.7694015011316245, 0.49473596141495607, 0.46976939199367945, 0.5578255125823999, 1.0, 0.32616503130566316, 0.8032908144226149, 0.4369924506075975, 0.0], "mid_L2": [0.0, 0.2140522355775748, 0.34521995075140066, 1.0, 0.8924711410044687, 0.4935256598404666, 0.4682636509266823, 0.5076318826332087, 0.29616113179835185, 0.8708031718078291], "mid_cosine": [1.0, 0.8685924594126981, 0.6350718042077724, 0.0, 0.32615237476937015, 0.5836736985507508, 0.890365077592944, 0.6358926818627986, 0.698873745531799, 0.36353909268496043], "high_L2": [0.10830821975886384, 0.6841020187876274, 0.5468409606028175, 0.48123781084493905, 0.6506179658119267, 0.7891293935386879, 0.0, 1.0, 0.1311320473655383, 0.9771358378919723], "high_cosine": [0.6133019378148213, 0.08231859350492586, 0.45063678376370464, 0.3130220862381398, 0.5857957716002579, 0.33832773416739587, 1.0, 0.0, 0.35962747052687655, 0.925041195295295], "clip_cosine": [0.9996473285134897, 0.7211250220419679, 0.4940045847293246, 0.5270675365896668, 0.3975489331687533, 0.0, 1.0, 0.7317933345089049, 0.9975312995944278, 0.7681184976194675], "dino_cosine": [0.6676950879888143, 0.6407737954498108, 0.0, 0.6669077961067394, 0.8362496788846017, 0.6902734944640344, 1.0, 0.6132466971444054, 0.765131404894246, 0.9325318974629008], "clip_L2": [0.050014075921171144, 0.49400840608462143, 0.7375277008886794, 0.6889794941733703, 0.7227336456450827, 1.0, 0.0, 0.5902627310000502, 0.11355922848534764, 0.5070254726379818], "dino_L2": [0.7853863865709999, 1.0, 0.8952290904756574, 0.6051844651280411, 0.49894819159020387, 0.7678636289323018, 0.0, 0.8739919833836821, 0.6789882344034772, 0.6234558107582443], "rcnn_confidence": [0.0, 0.0, 0.0, 0.0, 0.0, 0.0, 0.0, 0.0, 0.0, 0.0], "yolo_confidence": [0.0, 0.0, 0.0, 0.0, 0.0, 0.0, 0.0, 0.0, 0.0, 0.0]}