{"pixel_L2": [1.0, 0.6148768185616774, 0.6984271508399835, 0.571300199868568, 0.685408914427178, 0.9577087971924885, 0.5565408710392911, 0.6520042541144785, 0.6974953943514813, 0.0], "pixel_cosine": [0.18814130592407377, 0.33710664738995355, 0.23578525507222176, 0.670110035462707, 0.3480970104981917, 0.0, 0.3301909800802415, 0.16887631117536683, 0.26956271450103925, 1.0], "low_L2": [0.8302256768773189, 0.6744978996105847, 0.6577683745745562, 0.6866954895287155, 0.8326296262226719, 0.7421794989728022, 0.9777833992579646, 1.0, 0.9236454787967988, 0.0], "low_cosine": [0.23445587349276145, 0.33265864956494995, 0.2951013811241376, 0.5099468816131585, 0.24296334013393067, 0.26751691413391454, 0.09557392856032007, 0.0, 0.14321343776531834, 1.0], "mid_L2": [0.3118656820636762, 0.6995972855966187, 0.19144467023304995, 0.6580404652448635, 0.6757308283148411, 0.4338741809621255, 0.3687729608486358, 1.0, 0.07682924396284653, 0.0], "mid_cosine": [0.42147504365603916, 0.36128992484566264, 0.46209594866221837, 0.4391718685931716, 0.1084705619227582, 0.4591324993046575, 0.3522977843664068, 0.0, 0.510805048903366, 1.0], "high_L2": [0.44933025985498093, 0.14259137110852657, 0.37794320901905853, 0.6141802646330122, 1.0, 0.1766999885793398, 0.0, 0.06017149636286934, 0.43819395077928525, 0.4392129533594222], "high_cosine": [0.5844414162378062, 0.9276380287161469, 0.6807593131121085, 0.48943098717595923, 0.0, 0.8649786958268176, 1.0, 0.9332322917173094, 0.5979810242523479, 0.7449739190852068], "clip_cosine": [0.73740632805995, 0.13676103247293922, 0.0, 0.7921523730224813, 0.5855537052456287, 0.37968359700249793, 0.6152164862614488, 1.0, 0.3889467110741049, 0.4772064945878435], "dino_cosine": [1.0, 0.01238355876006526, 0.5623809273196148, 0.38937424346087046, 0.0, 0.561612546708068, 0.6642545129203726, 0.14702910373138256, 0.36410715225514445, 0.3589916320193674], "clip_L2": [0.5053074605071971, 0.8042998165968054, 1.0, 0.6129157474024305, 0.8013959785642354, 0.9259466242194627, 0.40131272860016176, 0.0, 0.7378501577729973, 0.8076793687097963], "dino_L2": [0.0, 0.8736454945058582, 0.3499884992865145, 0.6058713762410153, 1.0, 0.4809267423856727, 0.26897824572474077, 0.9954162623949836, 0.6305672968248653, 0.5192767954213371], "rcnn_confidence": [0.0, 0.0, 0.0, 0.0, 0.0, 0.0, 0.0, 0.0, 0.0, 0.0], "yolo_confidence": [0.0, 0.0, 0.0, 0.0, 0.0, 0.0, 0.0, 0.0, 0.0, 0.0]}