{"pixel_L2": [0.5480717643196323, 0.5488204770941937, 0.27645318343062597, 0.0220710116030461, 1.0, 0.25376758674257893, 0.2904545126960867, 0.28056509797327056, 0.02001905814335247, 0.0], "pixel_cosine": [0.3461148037934199, 0.38884408228346823, 0.6026619758785957, 0.6086784214478405, 0.0, 0.19884167199710764, 0.9977310862048188, 0.999517942727888, 1.0, 0.3425364555812035], "low_L2": [0.1765223016083032, 0.3687571667989768, 0.014071917908911822, 0.3327511687395254, 1.0, 0.9073740848548999, 0.1020316956278851, 0.021169621593014026, 0.0, 0.2887830407809238], "low_cosine": [0.699994500141425, 0.5255311291995348, 0.4450210566014017, 0.5937385419613019, 0.0, 0.6520409713274039, 1.0, 0.6137698125857716, 0.9225371109504803, 0.7401041830352934], "mid_L2": [0.5517008976400364, 0.5054118860107244, 0.23821964926789843, 0.5316859145966527, 0.6154110536194253, 1.0, 0.0, 0.2130465253033529, 0.34883102725141707, 0.25792047172420457], "mid_cosine": [0.5936715702888229, 0.42407159382795295, 0.7838780934612438, 0.661007649127472, 0.2992150354013258, 0.0, 1.0, 0.8193698705674783, 0.9298457642098427, 0.9313082416378875], "high_L2": [0.4997814876322, 0.45433091512979634, 0.0, 0.739797900338937, 0.9220614942361294, 0.8827486913537084, 0.7620837339393409, 0.773871262224553, 1.0, 0.3343579135467956], "high_cosine": [0.807952686048684, 0.06841159274839509, 0.8915666293322311, 0.4009519829819955, 0.0, 0.11382595534488625, 0.5255594975825878, 0.04371513434530412, 0.3380478211701593, 1.0], "clip_cosine": [0.548235294117647, 0.31941176470588234, 0.26794117647058824, 0.5073529411764706, 0.5447058823529412, 0.0, 0.2185294117647059, 1.0, 0.3564705882352941, 0.6888235294117647], "dino_cosine": [0.03521117994381813, 1.0, 0.4456044115633415, 0.0, 0.06873358422924196, 0.672784156213823, 0.293149877802351, 0.8847566212868719, 0.3321908855906358, 0.28068945199852285], "clip_L2": [0.44961765088167754, 0.7466783646000318, 0.8921966841413572, 1.0, 0.603212599107491, 0.7993587799488757, 0.5481384399867134, 0.0, 0.12656333492194158, 0.4357083026443106], "dino_L2": [0.35207702653989126, 0.0, 0.6643551986066589, 0.6805458113847231, 1.0, 0.5128603674316864, 0.5746704962873094, 0.5307952406239542, 0.798143848510337, 0.7064022109469784], "rcnn_confidence": [0.0, 0.0, 0.0, 0.0, 0.0, 0.0, 0.504919760839535, 0.0, 1.0, 0.0], "yolo_confidence": [0.0, 0.0, 0.0, 0.0, 0.0, 0.0, 0.0, 0.0, 0.0, 0.0]}