{"pixel_L2": [0.7700930794321215, 0.5343135482284532, 0.9664494572174529, 0.566272989607215, 1.0, 0.811136263370676, 0.5273199343309057, 0.0, 0.15260832146034178, 0.8001070377308], "pixel_cosine": [0.5982252141982864, 1.0, 0.0, 0.24273255813953487, 0.18883873929008568, 0.49877600979192166, 0.6874043757649939, 0.8432527539779682, 0.8551292839657283, 0.6246940024479805], "low_L2": [0.18643823842677315, 0.3735509049262036, 1.0, 0.5199141337917251, 0.5860409838425128, 0.614379299993009, 0.3895480098203307, 0.760191471774774, 0.0, 0.530367768917913], "low_cosine": [0.13847042107030397, 0.1491988485367162, 0.05853135198660175, 0.015513224220039229, 0.0, 0.016661821130088326, 0.21312922022349526, 0.425337106027165, 1.0, 0.025183140808563088], "mid_L2": [0.0, 0.45513279670933654, 1.0, 0.16141980780823376, 0.5214070423034645, 0.32108790468423104, 0.49151448530193964, 0.6783163717598667, 0.2883940285805468, 0.4786142335378178], "mid_cosine": [1.0, 0.06403186897906676, 0.1638304270072415, 0.350925027865009, 0.0, 0.46764154633278393, 0.6860647824720615, 0.5517656128832428, 0.8609372138608354, 0.2496523939038369], "high_L2": [0.30689788215307956, 0.6669438221738363, 0.8479223805065964, 0.3527362127597211, 0.88103747880209, 0.2344316866507751, 0.5401541503040237, 1.0, 0.0, 0.28353905649486016], "high_cosine": [0.8562828631535299, 0.614017608191816, 0.33405665523338135, 0.7109260138367709, 0.2269837600178369, 1.0, 0.8379440819379048, 0.0, 0.8000192520179653, 0.807868974385766], "clip_cosine": [0.38244274809160306, 0.0, 0.6870229007633588, 0.7717557251908397, 0.2580152671755725, 0.7755725190839695, 0.4297709923664122, 0.47099236641221376, 1.0, 0.4198473282442748], "dino_cosine": [0.46654305325135814, 0.838025763638138, 0.21543703848280799, 0.17048892358739143, 0.8090172733482971, 0.6674311180508116, 1.0, 0.8293402947204059, 0.9021746202140464, 0.0], "clip_L2": [0.544253594237555, 0.8164241346125806, 0.4887538171198607, 1.0, 0.6857359490411895, 0.37944983481713235, 0.16965717785174786, 0.6153176385307265, 0.0, 0.0792669463457717], "dino_L2": [0.6401889439135725, 0.2749257941766835, 0.9689614284717862, 0.9061596645819286, 0.4262281741879984, 0.4341990033557307, 0.0, 0.419342338781552, 0.40839165174800246, 1.0], "rcnn_confidence": [0.0, 0.0, 0.0, 0.0, 0.0, 0.0, 0.0, 0.0, 0.0, 0.0], "yolo_confidence": [0.0, 0.0, 0.0, 0.0, 0.0, 0.0, 0.0, 0.0, 0.0, 0.0]}