{"pixel_L2": [0.8770929309582326, 0.4249293401482639, 0.30102434099360315, 0.2728461282030954, 0.6798836488470432, 0.09102297507825358, 1.0, 0.0, 0.4569299667499907, 0.38422195837874445], "pixel_cosine": [0.6041914559359953, 0.2615271040181499, 0.7929262616456424, 0.9608673405846792, 1.0, 0.6920673837986588, 0.5286885307396942, 0.18817287392471466, 0.9297202645055676, 0.0], "low_L2": [0.3783373178028645, 0.027312169157944304, 0.29965338381724077, 0.09057552760089034, 0.8338142002574116, 0.0, 1.0, 0.4566503619191591, 0.3454045086739481, 0.019698373059926857], "low_cosine": [0.3183025520744342, 0.41557695166791303, 0.3550847325991395, 1.0, 0.5262563435725491, 0.5571226642228055, 0.019252063117298674, 0.0, 0.8444679165566411, 0.42672521873814223], "mid_L2": [1.0, 0.31417579865219186, 0.9804184628078245, 0.0, 0.8486428425888581, 0.268066573704745, 0.6999990776478007, 0.6548482604856771, 0.7203201736034539, 0.8617670758835925], "mid_cosine": [0.0, 0.22958028093386756, 0.606187464225588, 1.0, 0.123483510285913, 0.42902837147368655, 0.2384460286123222, 0.2162792569373079, 0.43041550271570206, 0.1287743693943411], "high_L2": [0.3285831041424878, 0.10307670128976996, 0.03889700070846756, 0.0, 1.0, 0.7312254693807949, 0.4774656269825733, 0.22725148803430262, 0.6059142176481906, 0.2540745298899828], "high_cosine": [0.4839624968443352, 0.45516091658248664, 0.7775016550932865, 0.9132398301779777, 0.11124099700569881, 0.0, 0.3319655016982318, 0.4305883040538276, 0.47605678097720605, 1.0], "clip_cosine": [0.5698731907262713, 0.6191879082874343, 1.0, 0.15831945689765595, 0.32342769309593955, 0.0, 0.630716024080953, 0.389906494171897, 0.454848213142052, 0.29832201870116565], "dino_cosine": [0.8933013986372252, 0.8955453660535888, 0.5256749833495569, 0.4080716225216456, 0.6012270095804089, 0.25475434192325425, 0.0, 1.0, 0.7392745529996414, 0.38867001383267585], "clip_L2": [0.529562202815087, 0.6813109977146578, 0.0, 0.8944398328100754, 0.7363103346726209, 1.0, 0.5113285468012958, 0.689734214863508, 0.7309956652550473, 0.9581065069395529], "dino_L2": [0.6181079285261426, 0.11749513078637121, 0.0, 0.1761660284942793, 1.0, 0.8483698057643224, 0.6802392031780659, 0.6123605708425724, 0.7134401171003738, 0.589955119498278], "rcnn_confidence": [0.0, 0.0, 1.0, 0.0, 0.0, 0.0, 0.0, 0.0, 0.0, 0.0], "yolo_confidence": [0.0, 0.0, 0.0, 0.0, 0.0, 0.0, 0.0, 0.0, 0.0, 0.0]}