{"pixel_L2": [0.32706184518020437, 0.21454367409223532, 0.18868979241980877, 0.5281908977200865, 0.37878977668621316, 0.0, 0.5186577967255896, 1.0, 0.3659461813834508, 0.44487051372315795], "pixel_cosine": [0.8035724274886024, 0.7912648938550612, 0.8326425404861131, 0.7007663692557268, 0.7197542863535927, 1.0, 0.49771610074679046, 0.0, 0.6526008306995217, 0.32139348446284227], "low_L2": [0.09880089956998363, 0.2108348119926136, 0.4521822357763271, 0.40657740414340665, 0.1648283011797885, 0.0, 1.0, 0.7416008926977248, 0.17086392775255171, 0.740720765117284], "low_cosine": [0.5470484070867476, 0.39933305395308194, 0.11314935846566744, 0.5885081986215259, 0.47670307526325645, 1.0, 0.1659638172853156, 0.24561090652947312, 0.694474512496322, 0.0], "mid_L2": [0.0, 0.292706028005567, 0.399980546686152, 0.45978027361926505, 0.14916128598412753, 0.036971803502316984, 1.0, 0.6379014797727565, 0.2684557311023665, 0.5356283840660548], "mid_cosine": [0.8190758188665846, 0.5275436221610723, 0.4377520321079395, 0.4449725934896461, 0.735118217324592, 1.0, 0.0, 0.18703992251994064, 0.6530294576395845, 0.1842481517645418], "high_L2": [0.6010058161904752, 0.041814593873868496, 0.0, 0.10859047176477736, 0.3109610196931925, 0.16948461112952615, 1.0, 0.957392701038004, 0.5901887890450555, 0.7674962669585598], "high_cosine": [0.40427004561202934, 0.8574747880309719, 1.0, 0.7738184126254938, 0.6982587729298759, 0.4176869862947681, 0.040649421788137, 0.0, 0.1784847120731404, 0.1344692235969618], "clip_cosine": [0.7478268826059109, 0.9851770518803185, 0.8142556501052246, 0.7824137615518346, 0.8900173849391527, 0.24887912892304878, 1.0, 0.0, 0.8303595937414219, 0.5389331137341019], "dino_cosine": [0.42469809003454, 1.0, 0.45563283138062805, 0.0, 0.4319914712460697, 0.5278030895122979, 0.9512694084977795, 0.6230276356118697, 0.09184978155873062, 0.5020547525832976], "clip_L2": [0.41594913636351616, 0.06675565834598872, 0.2483718400829218, 0.09739520855166263, 0.1523851033393474, 0.9593446992366224, 0.0, 1.0, 0.20419447840269778, 0.7662135112814361], "dino_L2": [0.2948131643695415, 0.0, 0.3790205934803767, 0.2952888923065995, 0.6099734732798933, 0.548049987927589, 0.5191550550492167, 0.43025844734783303, 1.0, 0.5448039593598005], "rcnn_confidence": [0.0, 0.0, 1.0, 0.8657257925206694, 0.0, 0.4755393958127889, 0.25592354508182324, 0.6416045551214561, 0.21295083098381049, 0.0], "yolo_confidence": [0.0, 0.0, 0.0, 0.0, 0.0, 0.0, 0.0, 0.0, 0.0, 0.0]}