{"pixel_L2": [0.9599236805239229, 0.7890385293030691, 0.1629352057961548, 0.21933254836574906, 0.8593203441252052, 0.0, 0.4074540407209096, 0.5943980816996554, 1.0, 0.2840236177838131], "pixel_cosine": [0.10520546653544467, 0.8740799236240844, 0.8065320266137064, 0.7713967481303813, 0.10515832090849624, 1.0, 0.611855946536859, 0.2857024993075486, 0.0, 0.652648700253997], "low_L2": [0.27815438352536087, 0.6495538670374785, 0.0, 0.5120472453979605, 0.7483611442193087, 0.1690959806648126, 0.11875496622963846, 1.0, 0.5923263475036419, 0.3546550125811151], "low_cosine": [0.7067524905469226, 0.1665839469092658, 1.0, 0.447704910483578, 0.19181944238355703, 0.8017642333413495, 0.8830530242172749, 0.0, 0.3813721928581296, 0.6406039736183669], "mid_L2": [0.7014707482499728, 0.7011020033126595, 0.0, 0.7602734757535091, 0.8199738856044394, 0.33156214863443473, 1.0, 0.9843313626636684, 0.42996868690532325, 0.6642698245741299], "mid_cosine": [0.19628543233710954, 0.0, 1.0, 0.24179245507475927, 0.15282002825636476, 0.5875250528815488, 0.20982220243294777, 0.04673063436331975, 0.5503147967501781, 0.4698102155709111], "high_L2": [0.1938672495916698, 0.0, 0.4379885257159116, 0.31429935460571856, 0.48461203842271, 0.6403520531417487, 1.0, 0.4790568324519237, 0.48722070076850893, 0.3382807177856875], "high_cosine": [0.2780276953242699, 0.0, 1.0, 0.4721354091999503, 0.19431596452495462, 0.32904809835466897, 0.057443979820813895, 0.4186954756791914, 0.7502677328697492, 0.38028882453574947], "clip_cosine": [0.4464751958224543, 0.30156657963446476, 0.8842471714534378, 1.0, 0.515230635335074, 0.05483028720626632, 0.0, 0.8651000870322019, 0.09442993907745866, 0.8846823324630113], "dino_cosine": [0.6302964775507881, 0.713725601775451, 0.3697205940932112, 0.4770272577249189, 0.0, 0.728025948898879, 1.0, 0.28773117851249075, 0.915273430831389, 0.7760940078529562], "clip_L2": [0.8939329894621717, 0.7527083548868625, 0.548108954937113, 0.0, 0.6054240995551352, 0.8709921520521423, 1.0, 0.7706034495499623, 0.9632373154402093, 0.44482050220954467], "dino_L2": [0.4987573174170796, 0.0, 0.4743824549333879, 0.5999290338375339, 1.0, 0.5970098144033419, 0.17907644822104254, 0.839229102944321, 0.6835962800095448, 0.9007945731028948], "rcnn_confidence": [0.0, 0.6447543957311449, 0.0, 0.9419570928247243, 0.0, 1.0, 0.0, 0.0, 0.16395687186627034, 0.0], "yolo_confidence": [0.0, 0.0, 0.0, 0.0, 0.0, 0.0, 0.0, 0.0, 0.0, 0.0]}