{"pixel_L2": [0.6987579211344582, 0.5206244693472479, 1.0, 0.276006904811439, 0.9493890816263417, 0.7896141065072787, 0.4553914319611801, 0.0, 0.2418595759276232, 0.8148605261826176], "pixel_cosine": [0.15725918485114024, 0.602064587830473, 0.45660304772489263, 1.0, 0.36320502682254374, 0.3727799269058967, 0.10258821517878133, 0.273226613092821, 0.9892496099510568, 0.0], "low_L2": [0.0, 0.19528996173093907, 0.4785398881365911, 1.0, 0.428529374658312, 0.3758610538710627, 0.39988224904327346, 0.05869044114554859, 0.06272761680474369, 0.5208965894276463], "low_cosine": [1.0, 0.8823610157858613, 0.6302447952413636, 0.0, 0.662701136276977, 0.672920003050408, 0.583054983604057, 0.9006482116983147, 0.9959887134904294, 0.4260047281323877], "mid_L2": [0.6551584252742862, 0.0, 0.5798948953563416, 0.9511785856971634, 0.45933187866867453, 0.13307723040044256, 0.6346906788776545, 1.0, 0.20392144810842375, 0.6563692799409939], "mid_cosine": [0.7442091994444043, 1.0, 0.346629091697377, 0.0, 0.4518630922272804, 0.7786208059349182, 0.16945668842482195, 0.053560388916989825, 0.7080232194040995, 0.38939069136337723], "high_L2": [0.0, 0.6957229738923629, 0.6380220196295354, 0.6152687968479155, 1.0, 0.8002156409179382, 0.7755604001632836, 0.8317971259709758, 0.9320745898681307, 0.8013544852719323], "high_cosine": [1.0, 0.3567867984156474, 0.4952450568751242, 0.347774379145256, 0.0, 0.27935599056118043, 0.18618753199814936, 0.14446557107903923, 0.22021688400027267, 0.13916457454970535], "clip_cosine": [0.045069688680474146, 0.6618470756806044, 0.3180930050801094, 0.4585124397551127, 0.10694281620424645, 0.0, 0.35443532629933566, 1.0, 0.04246450436368373, 0.6737006643220008], "dino_cosine": [0.8557011075446054, 1.0, 0.0, 0.18680778462161302, 0.44991469303953036, 0.9602093635233221, 0.5638067146699054, 0.7644082010352505, 0.22949018247014255, 0.36784650530638213], "clip_L2": [0.6774176871998714, 0.17498793741240265, 1.0, 0.4860878156377088, 0.7791584334719573, 0.5223990763504354, 0.0, 0.09199589872021689, 0.9079538404981274, 0.48854484984950486], "dino_L2": [0.12037079474315718, 0.0, 1.0, 0.9918348064292085, 0.8094012543937273, 0.018425744098508806, 0.5711275558830408, 0.5426292910454339, 0.8179213541905377, 0.7819324526488108], "rcnn_confidence": [0.0, 0.0, 0.0, 0.0, 0.0, 0.0, 0.0, 0.0, 0.0, 0.0], "yolo_confidence": [0.0, 0.0, 0.0, 0.0, 0.0, 0.0, 0.0, 0.0, 0.0, 0.0]}