{"pixel_L2": [1.0, 0.43675766906505314, 0.44459108404631403, 0.39778545522793446, 0.7176897271637356, 0.0, 0.2953979285242761, 0.24871024193198255, 0.7572222520401442, 0.45170556424073754], "pixel_cosine": [0.0, 0.47380871985557566, 0.47957768812265805, 0.5167727030608066, 0.42672661084147295, 0.9359671206782771, 0.607786618990487, 1.0, 0.13614241684978, 0.5065689879725068], "low_L2": [0.21825141370371207, 1.0, 0.23384400625990395, 0.8662032345894747, 0.3751396831980155, 0.009115239825936143, 0.636089355313105, 0.0, 0.8933305224700346, 0.05656272696984022], "low_cosine": [0.7066099205702511, 0.29960887815725296, 0.0, 0.448005673966772, 0.47447823902597547, 0.8703261373728686, 0.3684968520284624, 1.0, 0.3842449063033682, 0.6094851868387886], "mid_L2": [0.2796072580736603, 0.24286935048219138, 0.2775358641322256, 0.47393809492231026, 0.3777274556163003, 0.05440016162954467, 0.2680545595921328, 0.006698829938162268, 1.0, 0.0], "mid_cosine": [0.27889505172510903, 0.3277039963680721, 0.36309790442147905, 0.0057244066836847135, 0.2130024755927871, 0.8580042087723456, 0.4664180867587728, 1.0, 0.0, 0.8676115424844458], "high_L2": [0.33991811057125715, 0.0, 0.7264817498360066, 1.0, 0.30917738261753175, 0.8873936375198401, 0.05964323605075726, 0.9700048241607406, 0.19412441482556972, 0.24105174168998655], "high_cosine": [0.7201587929400357, 0.5283008820446223, 0.26009143534771956, 0.0, 0.4378930618416105, 0.9455258677690328, 0.6837313821476184, 0.6972976656172373, 0.4978458138989917, 1.0], "clip_cosine": [0.8579696724157889, 0.22803565227456882, 0.6667438360921403, 0.5236717212640352, 0.8063433267739322, 0.2919319365667323, 0.0, 0.5043407801828915, 0.3030443338349346, 1.0], "dino_cosine": [0.5642166379471045, 0.0, 0.06184329576299314, 0.4973902329239849, 1.0, 0.679685191163165, 0.7219620538048495, 0.6647608698617369, 0.35109323779342827, 0.5024392683558923], "clip_L2": [0.0, 0.9412344596864911, 0.08319001913777739, 1.0, 0.0891984046982513, 0.6716208674818483, 0.19087054973630774, 0.28655943667733125, 0.28112080174139165, 0.06130166104220537], "dino_L2": [0.13757388192536452, 0.5810087703883793, 1.0, 0.6073950492477257, 0.026541330119292994, 0.0, 0.4393374005001609, 0.2808033446968679, 0.5333301633964633, 0.16128363147967828], "rcnn_confidence": [0.21300749741267583, 0.0, 0.0, 0.0, 0.7061388465601717, 0.0, 0.493877769008924, 0.0, 1.0, 0.16524427874982273], "yolo_confidence": [0.0, 0.0, 0.0, 0.0, 0.0, 0.0, 0.0, 0.0, 0.0, 0.0]}