{"pixel_L2": [1.0, 0.0, 0.11743410216828248, 0.2785890985189539, 0.5300063082789164, 0.6577640273086041, 0.22368015949395978, 0.5708917064432718, 0.6070706548768594, 0.5900350723083779], "pixel_cosine": [0.0, 0.7364760196712441, 0.9314800996653095, 1.0, 0.6199190982994934, 0.5390217614228925, 0.9431397190694996, 0.47245676733561115, 0.4838763870888915, 0.3984779658502315], "low_L2": [0.4733495802120402, 0.30608981016076103, 0.13283438799577213, 0.3638100776803888, 0.010553547773669902, 0.37297202490572656, 0.0, 0.8032719921350338, 0.48488855656636987, 1.0], "low_cosine": [0.2591764911398661, 0.0, 0.7484267350651674, 0.2315117403697439, 1.0, 0.18815694729083138, 0.6503964585028739, 0.527675402530006, 0.6082325321789666, 0.13073544010941487], "mid_L2": [0.3899584010095935, 0.024737377160284648, 0.050050245971558445, 0.0, 0.0151818787319319, 1.0, 0.2693739118241625, 0.08142768669883967, 0.08184250809193844, 0.49186424239591486], "mid_cosine": [0.3538458265408969, 0.5860062069350666, 0.6755094659748797, 0.7452630235273155, 0.9775031845778672, 0.0, 1.0, 0.8748799965960253, 0.21626009557722634, 0.24382032332440676], "high_L2": [0.21722828236116384, 0.46231773053745107, 0.04268182934888139, 1.0, 0.5070175138964248, 0.18643477712512496, 0.053262950180446605, 0.25008572363226467, 0.0, 0.18799422465766383], "high_cosine": [0.8964706425122259, 0.17945693517464809, 0.341593362654938, 0.23222121407847118, 0.32530808189544697, 0.9757845579716832, 1.0, 0.7593126851823373, 0.18644747229313402, 0.0], "clip_cosine": [0.7740829108261259, 0.8464062033999403, 1.0, 0.6852072770653146, 0.39859827020578587, 0.5053683268714584, 0.0, 0.7721443483447659, 0.352520131225768, 0.7060841037876529], "dino_cosine": [0.5895531872401459, 0.8865720147424608, 0.8011288331305942, 0.9454737740336607, 0.0, 0.8457579113636776, 1.0, 0.7826894097568946, 0.21182301784709237, 0.6894778409194067], "clip_L2": [0.20603198314343105, 0.679868147486691, 0.0, 0.31365007080546264, 0.058418909357612646, 0.5028700297621206, 1.0, 0.6159681598141965, 0.2215832868030427, 0.8171157573491098], "dino_L2": [1.0, 0.5636871849702154, 0.5326795987984319, 0.5298100911358892, 0.9574400488773483, 0.2745216638664019, 0.021728017921694414, 0.0, 0.9067583116949239, 0.950881319688407], "rcnn_confidence": [0.0, 0.0, 0.0, 0.0, 0.0, 0.0, 0.0, 0.0, 0.0, 0.0], "yolo_confidence": [0.0, 0.0, 0.0, 0.0, 0.0, 0.0, 0.0, 0.0, 0.0, 0.0]}