{"pixel_L2": [0.6363415362936458, 0.07841672704143693, 0.24050870348806894, 0.23159868654398086, 0.4260305399346404, 0.0, 1.0, 0.5615771936596614, 0.06834886704541268, 0.0829334895157899], "pixel_cosine": [0.32563672787907616, 0.7660627047079995, 0.29124740915379954, 0.7583126480967235, 0.0, 1.0, 0.11158542993690958, 0.6729753478207638, 0.8434386718398719, 0.7434810354933741], "low_L2": [0.6651148503746622, 0.04717258507983118, 0.5920482096342241, 0.24426593547187145, 0.4551072321966185, 0.07412177248982912, 1.0, 0.1720430713563081, 0.1862614002605774, 0.0], "low_cosine": [0.6996727509912183, 0.753834468176037, 0.0, 0.8494309301168933, 0.5050225771022739, 0.5242693351722233, 0.3174819275871754, 0.2703112271511233, 0.37113602155905645, 1.0], "mid_L2": [0.33333107051836564, 0.0, 0.2786695423812313, 0.3366157080735945, 0.29106039388496885, 0.13343852190340236, 1.0, 0.14762152286154287, 0.023675186488279265, 0.013969164943694698], "mid_cosine": [1.0, 0.42635701034688855, 0.20938283487669893, 0.49141226361150137, 0.417304323752306, 0.0, 0.04844382692571405, 0.16514141265171686, 0.1735462220531808, 0.4088405223380501], "high_L2": [0.04893747560414939, 0.3797727094332046, 1.0, 0.33509739918206155, 0.2819367381886705, 0.22503613656229826, 0.7930473627918625, 0.8273411873510551, 0.12088327529946491, 0.0], "high_cosine": [0.5105427432143893, 0.5162366931834589, 0.22494902648509882, 0.44209502613529783, 0.6187735719492483, 0.47209016648413626, 0.22306737894597217, 0.0, 0.7973795446248619, 1.0], "clip_cosine": [0.37083504730563555, 0.0, 0.7540106951871658, 0.1425339366515837, 0.41505553270259155, 0.9481694775812423, 0.8262032085561497, 0.0374331550802139, 1.0, 0.25853558206499383], "dino_cosine": [0.3875745783382504, 0.8575079322507351, 0.7471699449929406, 0.8488849304947599, 0.0, 0.9734124112524101, 0.7125716685812025, 0.21678955118895205, 1.0, 0.7343619535349752], "clip_L2": [0.40231064190030374, 1.0, 0.22592064638215228, 0.623853393755291, 0.428564314526169, 0.06761304217917434, 0.0, 0.7027040486031572, 0.001731736467307405, 0.5118009561276828], "dino_L2": [0.8128750218027309, 0.7244799282378687, 0.441993661486351, 0.6179726485977235, 0.9749030297588984, 0.4705565243460862, 0.6110353261589659, 1.0, 0.0, 0.9042989645828727], "rcnn_confidence": [0.0, 0.0, 0.0, 0.0, 0.0, 0.0, 0.0, 0.0, 0.0, 0.0], "yolo_confidence": [0.0, 0.0, 0.0, 0.0, 0.0, 0.0, 0.0, 0.0, 0.0, 0.0]}