{"pixel_L2": [1.0, 0.052680435682370255, 0.15517889626603934, 0.2672510498224327, 0.0, 0.13571855811015654, 0.182520781569495, 0.05994313085325318, 0.9756990404708917, 0.8670790583400222], "pixel_cosine": [0.2203960199662821, 1.0, 0.2515332826463037, 0.0, 0.7496920212004011, 0.8085639042235518, 0.1960464116888698, 0.6180225447092658, 0.4576179299857856, 0.16185690831157096], "low_L2": [0.8131234326501431, 0.3166401995130238, 0.10116744561965571, 0.14297655998909733, 0.1736359455770216, 0.3812079079336599, 0.4028325077379074, 0.0, 1.0, 0.8713754636003151], "low_cosine": [0.13872951878844264, 0.6060559071878656, 0.7988259866458036, 1.0, 0.4205808276594445, 0.7551987153281927, 0.7131414548649779, 0.9705004769355832, 0.7384025947175272, 0.0], "mid_L2": [0.32460559481478146, 0.6854627087365531, 0.08279189359499482, 0.0, 0.1763475041634784, 0.15704865643426205, 0.18718886438313004, 0.0005080568933699419, 0.364991335463834, 1.0], "mid_cosine": [0.579060025605118, 0.19033294162258357, 0.8338145243342482, 1.0, 0.6968703187123855, 0.6458571895191719, 0.5432902952097405, 0.8140775587284543, 0.49940398643904893, 0.0], "high_L2": [0.963099964382205, 0.3797743048014525, 0.08334911520184865, 0.725872418795771, 0.3291205879542355, 0.7417909669796978, 0.46289928851282675, 1.0, 0.5515137562874095, 0.0], "high_cosine": [0.08115837259390193, 0.8574068283376467, 0.7872932061826159, 0.21750170813540523, 0.6323420838840215, 0.11917855210360152, 0.4348090366376354, 0.0, 0.4371296737520968, 1.0], "clip_cosine": [0.0, 0.9971479500891266, 0.7411764705882353, 1.0, 0.8670231729055259, 0.6982174688057041, 0.6770053475935829, 0.8893048128342246, 0.5508021390374331, 0.2625668449197861], "dino_cosine": [0.29035153591626967, 0.8262003379250463, 0.9487715016544247, 0.2661189073756835, 0.570072513082862, 1.0, 0.0, 0.38432813930021353, 0.16819691174054865, 0.6906812475066294], "clip_L2": [1.0, 0.0, 0.8476041829849275, 0.3539343066465097, 0.4099967227326067, 0.37309815175574074, 0.6108067171487581, 0.24672921986619908, 0.5181032983149464, 0.6634179111793261], "dino_L2": [0.2867660123832162, 0.5192364801646125, 0.0, 0.7042081314713363, 0.5072558489759554, 0.6585619514934785, 1.0, 0.6682662379053652, 0.9936108270512265, 0.6027132240472466], "rcnn_confidence": [0.0, 0.7990018727106077, 1.0, 0.0, 0.0, 0.0, 0.0, 0.0, 0.0, 0.2904644676088097], "yolo_confidence": [0.0, 0.0, 0.0, 0.0, 0.0, 0.0, 0.0, 0.0, 0.0, 0.0]}