{"pixel_L2": [0.10374654693049576, 0.31094857404077436, 0.37968139797753253, 0.00416243310375369, 0.10490724256217311, 0.6193936168883, 0.0, 0.4074309520025571, 1.0, 0.2878525166559823], "pixel_cosine": [0.9884416345538104, 0.532619345553944, 0.6732634732571374, 0.9618764015196942, 0.9554772125060247, 0.37975611577372936, 1.0, 0.7728220016246881, 0.0, 0.7097533325338118], "low_L2": [0.23971616789091266, 0.0, 1.0, 0.00898823773756246, 0.07594817843463697, 0.24123630249352893, 0.07791573637595933, 0.9680396118795868, 0.05343891787627474, 0.17391289938056725], "low_cosine": [0.7398682925591954, 0.5134529290162209, 0.0, 1.0, 0.8141986581947773, 0.2801351317074408, 0.5977120825882383, 0.043757688746845234, 0.45252317721213964, 0.5055644332838717], "mid_L2": [0.21980712956663578, 0.0, 0.405716440298691, 0.5940417544406101, 0.45254059459503765, 0.3637673259616882, 0.3901568865318568, 1.0, 0.9742825760866892, 0.4553869294010607], "mid_cosine": [0.9738946169607976, 1.0, 0.6488857875878464, 0.7907539739957463, 0.8076830325123183, 0.7751325961779317, 0.6864040103245319, 0.2632257783461768, 0.0, 0.6303845561431431], "high_L2": [0.07295002898158294, 0.615763442588965, 0.454496799333212, 0.45490719547125746, 0.49124840812838205, 0.370676561303452, 0.0, 0.8359092389901717, 0.13421646069293483, 1.0], "high_cosine": [0.6317778242005667, 0.3929882398658452, 0.0, 0.5585876409695364, 0.37810091707584687, 0.31691151865804557, 1.0, 0.2661894714384496, 0.27156315619370663, 0.3653026197903736], "clip_cosine": [1.0, 0.7011658825935774, 0.8750255676007364, 0.826140314992841, 0.8923092656985069, 0.5731233381059522, 0.9465125792595623, 0.9429331151564737, 0.0, 0.6908365718960933], "dino_cosine": [0.480661451339833, 0.8090591978515967, 0.0, 0.19191867592970985, 0.46594955922704184, 0.2576770389398097, 0.2950989549886158, 1.0, 0.4636289333878218, 0.042603187576624436], "clip_L2": [0.0, 0.3589668729806532, 0.2612414360232006, 0.30080927958789105, 0.21112392463700416, 0.4846622906042794, 0.12035874628569945, 0.19825241348437075, 1.0, 0.3804940019723098], "dino_L2": [0.9523744953619526, 0.14321242565256248, 0.788125982310703, 0.854944682424728, 1.0, 0.515639927270486, 0.3220746402046288, 0.18098246479090266, 0.0, 0.9366636876329009], "rcnn_confidence": [0.0, 0.0, 0.0, 0.0, 0.0, 0.0, 0.0, 0.0, 0.0, 0.0], "yolo_confidence": [0.0, 0.0, 0.0, 0.0, 0.0, 0.0, 0.0, 0.0, 0.0, 0.0]}