{"pixel_L2": [0.3147278269818499, 0.33914816316347535, 0.4657093962452442, 0.0, 0.4235502557225722, 0.5858054481382149, 0.8179555448138215, 0.7476142955154993, 1.0, 0.6941074658516809], "pixel_cosine": [1.0, 0.0, 0.35071139343957797, 0.9544064291640353, 0.06398454623128645, 0.15978305286229058, 0.6599229788129821, 0.7083621234072588, 0.18927647138947706, 0.4110529118218854], "low_L2": [0.14395506434833785, 0.7019507888837921, 0.3857697999878833, 0.0797625126576253, 0.5040028387699818, 1.0, 0.0, 0.05304085924720667, 0.8966531940489688, 0.5064434885713543], "low_cosine": [0.9877862131179111, 0.25548606817421626, 0.3704274318612595, 0.8445656250316748, 0.5566496721028998, 0.0, 1.0, 0.9580778236146728, 0.08605905188578843, 0.5351564479672407], "mid_L2": [1.0, 0.5396015456492412, 0.5704345042566327, 0.2556532806938654, 0.0, 0.5162529438215949, 0.3065613877308375, 0.9126799637214478, 0.8244148559146997, 0.4877369347671999], "mid_cosine": [0.022390204820529756, 0.12281077290342836, 0.02248602013752556, 1.0, 0.948640951466484, 0.11547580459383479, 0.949676572339545, 0.3097403404909414, 0.0, 0.5079598064938321], "high_L2": [0.8162564117538276, 0.0, 0.5872971841815828, 1.0, 0.4145261709865909, 0.605718911307722, 0.6827735113862365, 0.5729634063648722, 0.062331493756144093, 0.6266615405080088], "high_cosine": [0.0, 1.0, 0.5753077585123152, 0.11428599058109062, 0.6400023208811613, 0.1363769111005812, 0.4490789002891431, 0.10905820576545562, 0.1704706553588179, 0.028703497761316712], "clip_cosine": [0.5471349353049908, 0.4836722119531731, 0.5360443622920518, 0.893407270486753, 0.6179913739987677, 0.0, 1.0, 0.5027726432532348, 0.22674060382008626, 0.19285274183610598], "dino_cosine": [0.2794387698973504, 0.8873774001641717, 1.0, 0.0, 0.7673670759674703, 0.6637739170171534, 0.6374810652540006, 0.32587649891257436, 0.9815899262920055, 0.4325753793296042], "clip_L2": [0.0, 0.608821941703183, 0.7528638364169723, 0.27761395312202836, 0.8242508303828886, 0.35955915265405547, 1.0, 0.011468793164061374, 0.6919293891186703, 0.6934335876190824], "dino_L2": [0.38431254352141514, 0.33525884199257927, 0.05126329027095004, 0.2319881102092146, 0.2040637309415176, 0.0, 0.25435629878295934, 0.2859037384246027, 0.151409834021015, 1.0], "rcnn_confidence": [0.5420034235200805, 1.0, 0.0, 0.1994083669814509, 0.0, 0.673830912618461, 0.256930967480529, 0.18247947899296216, 0.0, 0.0], "yolo_confidence": [0.0, 0.0, 0.0, 0.0, 0.0, 0.0, 0.0, 0.0, 0.0, 0.0]}