{"pixel_L2": [0.0, 0.47001260895784225, 0.13549147524806754, 0.22164355024395593, 0.19108053286552273, 0.2643495422400088, 0.5964859382709281, 1.0, 0.13527218902472452, 0.18140452826051204], "pixel_cosine": [0.5284626023966391, 0.5302756596580123, 0.30708818210609634, 0.6658850082264739, 0.4031586635812095, 0.21705457653001237, 0.0, 1.0, 0.40633923440150693, 0.32612399658169866], "low_L2": [0.0, 0.614628112126097, 0.058777762851513524, 0.20596005731685474, 0.2112439548629769, 0.12243081676518001, 0.20799189503850976, 1.0, 0.1742342826437399, 0.17830355543614543], "low_cosine": [1.0, 0.3823166108751663, 0.8404561196101235, 0.8166293474000732, 0.6500017669093222, 0.9036215215980571, 0.7363506254859, 0.0, 0.7313366187138185, 0.7259266636254409], "mid_L2": [0.0, 1.0, 0.18000890020752464, 0.07800899714047788, 0.25004736496578706, 0.21492238754675913, 0.0955053952000564, 0.5211027445243896, 0.42691035023638424, 0.40080013746855186], "mid_cosine": [1.0, 0.0, 0.7946484966192843, 0.6123328909833003, 0.41155401079563503, 0.6772271463834479, 0.6855515000828062, 0.012861846987037065, 0.09111048498626707, 0.2670829918921612], "high_L2": [0.0, 1.0, 0.21127346567090755, 0.11228850149416204, 0.20224961664669217, 0.34121191980196464, 0.2804641584282776, 0.2689687926856712, 0.681977684389016, 0.7054983069652548], "high_cosine": [0.7703945984956111, 0.40710265444963634, 0.8410850792227884, 0.3590940099891105, 0.0, 0.3696131811239576, 0.7999591273794233, 0.6863294905830074, 0.3359077818902699, 1.0], "clip_cosine": [0.3139172965762561, 0.6291685193419297, 0.5931525122276567, 0.0, 0.7590040017785683, 0.5486883059137394, 0.7207647843485994, 0.8630502445531347, 0.7554468652734548, 1.0], "dino_cosine": [0.40756748436436696, 0.4391425516056904, 0.119924495285006, 0.842999611134515, 0.9453198418613694, 0.1413809585534204, 0.931053339382352, 1.0, 0.0, 0.5099120191840306], "clip_L2": [0.3524040625344984, 0.6099300265797094, 0.4499040413046986, 1.0, 0.1796953948318175, 0.8146532324493244, 0.0, 0.3389295085725932, 0.34635993851849967, 0.11840283969802733], "dino_L2": [0.5166011573699717, 1.0, 0.8024191563715115, 0.3709507871662717, 0.21235559243139102, 0.8670202293645716, 0.41917746573945813, 0.0, 0.7460307694471203, 0.33961882730155607], "rcnn_confidence": [0.0, 0.0, 0.0, 0.0, 0.0, 0.0, 0.0, 0.0, 0.0, 0.0], "yolo_confidence": [0.0, 0.0, 0.0, 0.0, 0.0, 0.0, 0.0, 0.0, 0.0, 0.0]}