{"pixel_L2": [0.2081846899901969, 0.03053041241088419, 1.0, 0.17627702238385548, 0.0, 0.11080131049495853, 0.15542437882777296, 0.47707448806992925, 0.5052592520250994, 0.04047664672397491], "pixel_cosine": [0.5242852356246629, 0.9293085754383531, 0.0, 0.6059829446254636, 1.0, 0.8399836989811243, 0.6841039673038226, 0.043716706624394676, 0.41239657802471535, 0.9261753362859317], "low_L2": [0.13543940922344155, 0.07724413080849352, 1.0, 0.6173794090318606, 0.09774347169650048, 0.0, 0.04640697383962763, 0.22633091622093404, 0.43408180062470114, 0.26181262061307364], "low_cosine": [1.0, 0.9194381923675105, 0.0, 0.4276269432443153, 0.5522691093731288, 0.3892910244224228, 0.6092595370311058, 0.5465763927321976, 0.43399961884103005, 0.7495415548819183], "mid_L2": [0.2567425971974263, 0.04638442352683899, 1.0, 0.6161759743307926, 0.0, 0.12457785125961228, 0.05804113935385839, 0.09187939846278852, 0.44642853776386066, 0.09855535299873125], "mid_cosine": [0.7075726349355581, 0.9142085121637428, 0.0, 0.8486432821108123, 0.9453022677925393, 0.4473154718313922, 0.9059977433170519, 0.9934362721351048, 0.48048049863674486, 1.0], "high_L2": [0.40911323100288877, 0.14307033612290712, 0.48591879096246393, 0.731552510413135, 0.4454561493800089, 0.3589805819322453, 0.1526822105522478, 0.260707255737489, 1.0, 0.0], "high_cosine": [0.4770649960167784, 0.9923068152397293, 0.0, 0.5054916097235679, 0.3241614985689632, 0.5908665037280738, 0.9324066891942497, 1.0, 0.6745648076588526, 0.7368766589164105], "clip_cosine": [0.8487250501384777, 0.5640339986629739, 0.0, 0.9079362047559928, 0.34342469678158727, 0.042593830579696304, 0.5054913570814631, 1.0, 0.9949384012988254, 0.1401012319740235], "dino_cosine": [0.8578152151782459, 0.8293962508937154, 0.03685658413708528, 1.0, 0.6894794907124627, 0.417477520987514, 0.08294625397141057, 0.4824452998858885, 0.0, 0.6298763713499719], "clip_L2": [0.24043468208966115, 0.5022716737083553, 0.8700532737535077, 0.10662307597301526, 0.6159328173075583, 1.0, 0.6110350042495731, 0.0, 0.012436525027612189, 0.8254172882410216], "dino_L2": [0.13897210739260477, 0.19748556839341888, 1.0, 0.0, 0.1267959283791411, 0.47495116200148757, 0.5834884485605318, 0.15770268868347526, 0.47675451938310265, 0.4270264472488074], "rcnn_confidence": [0.0, 0.09147567813959713, 0.14098003558396935, 0.1923536810612454, 0.11645996911678719, 0.20827190196740009, 1.0, 0.0, 0.19619015949111335, 0.14386879793484186], "yolo_confidence": [0.0, 0.0, 0.0, 0.0, 0.0, 0.0, 0.7892157154225906, 1.0, 0.0, 0.0]}