{"pixel_L2": [0.24832320210849645, 0.175718188339693, 0.2692632319967262, 0.0, 0.2774928476516304, 0.15874255077893307, 0.5129533931179123, 1.0, 0.4265089354114625, 0.5591047659181618], "pixel_cosine": [0.18423121076418694, 1.0, 0.24095313938215554, 0.3967208254473874, 0.23402212546496917, 0.46544662895202243, 0.27703715961154607, 0.13605885415050695, 0.0, 0.09278354069492852], "low_L2": [0.07423654147689092, 0.09286457807195155, 0.30831733873270056, 0.05384617073888467, 0.2941714504064898, 0.0, 0.542006140169799, 0.5266557156723661, 0.3095427374264871, 1.0], "low_cosine": [0.32997817171128474, 1.0, 0.33463277663498403, 0.27637159000557254, 0.17801455939977612, 0.48910649472671397, 0.321872908449936, 0.4162918052024252, 0.21151277608460844, 0.0], "mid_L2": [0.19123773574432062, 0.7440791573571657, 0.012220541500714692, 0.41427996502865705, 0.24970371501131017, 0.0, 0.1930862210133363, 1.0, 0.8001804077214505, 0.4698788492762875], "mid_cosine": [0.16877487193654717, 1.0, 0.4016082534232853, 0.031028366924726738, 0.07576548096815759, 0.18672210283458357, 0.1598432237614909, 0.07957669993820898, 0.09314794623971116, 0.0], "high_L2": [0.6256405227609341, 0.0, 0.602559963291651, 0.9425368170494, 1.0, 0.7757802605663706, 0.850591098780428, 0.8047482175450736, 0.7138413973595522, 0.8165849949072717], "high_cosine": [0.2711884300522034, 1.0, 0.4461180464792794, 0.013012071706206435, 0.12096308524576657, 0.17407141208330543, 0.05139951287870367, 0.1996648423207742, 0.26706449236488117, 0.0], "clip_cosine": [1.0, 0.5810846914239914, 0.8584023510553033, 0.0, 0.5335292546086027, 0.2908095110873631, 0.6329147742452578, 0.8717606198236708, 0.37777184076943626, 0.7192091904889126], "dino_cosine": [0.6516458822266195, 1.0, 0.5453998128633443, 0.26011611676100194, 0.0, 0.6119406991548172, 0.36716365253938305, 0.3998627153221972, 0.39157961744359054, 0.7060152163575844], "clip_L2": [0.0, 0.552593269187444, 0.18953836431876098, 1.0, 0.49687512690016483, 0.48654788718526676, 0.4103054337468494, 0.2111713309372728, 0.679436693992734, 0.3176061497280095], "dino_L2": [0.5843981246116478, 0.0, 0.7551574524629939, 0.5206526738809403, 0.9463163359452124, 0.7960932099213747, 0.6454617592390851, 1.0, 0.8031767550832116, 0.635700701791195], "rcnn_confidence": [0.0, 0.0, 0.0, 0.0, 0.0, 0.0, 0.0, 0.0, 0.0, 0.0], "yolo_confidence": [0.0, 0.0, 0.0, 0.0, 0.0, 0.0, 0.0, 0.0, 0.0, 0.0]}