{"pixel_L2": [0.8307291106339213, 0.540866429410575, 0.0872217369039371, 0.7027894086815074, 0.3629953653299136, 0.11286519005590007, 0.6900967815508287, 0.0988579002405553, 0.0, 1.0], "pixel_cosine": [1.0, 0.4537278395226221, 0.8065107551904324, 0.40965032739106466, 0.605520859891702, 0.6968861855996097, 0.5464106348303048, 0.700172922793088, 0.8042404563947142, 0.0], "low_L2": [0.196780204113321, 0.4679165956356363, 0.23100431180975484, 0.0, 1.0, 0.32297257532637175, 0.364495053525727, 0.30323282578268956, 0.3102657121543956, 0.8034972240892374], "low_cosine": [0.7491723972608675, 0.6231439950785724, 0.6640328557276579, 1.0, 0.23280287429853772, 0.6215352890039019, 0.6563942456266011, 0.7771841000921323, 0.5207973636859875, 0.0], "mid_L2": [0.3125498459084509, 0.4503214753404291, 0.12144467684378872, 0.0, 1.0, 0.2093830571031914, 0.2424167406296725, 0.29106494069128097, 0.23744586400277942, 0.46955654547986403], "mid_cosine": [0.560812476414233, 0.6136981062404389, 0.9602983066940972, 1.0, 0.0, 0.6531685068637118, 0.8429928461579039, 0.6136128931468384, 0.780697256138386, 0.2534138495623699], "high_L2": [0.551421167899598, 1.0, 0.6995963178773144, 0.639782985437045, 0.8235579009118453, 0.8873495392562372, 0.6245137983915279, 0.9702716399048004, 0.7727680728622494, 0.0], "high_cosine": [0.38209702664267, 0.07954447338350532, 0.2768440369759475, 0.09181827164103191, 0.11524881730534564, 0.0, 0.22921885837238615, 0.06329228901163027, 0.16433712978514822, 1.0], "clip_cosine": [0.0, 0.15037593984962405, 0.6943220119263677, 0.038371791547835106, 0.3093077521389681, 0.9276639875550946, 0.2094892403422349, 0.5211304122374902, 0.7301011148561057, 1.0], "dino_cosine": [0.7530847351903471, 0.19731340519677978, 1.0, 0.5806563224888404, 0.8571982027640787, 0.8107736691292567, 0.616108847780745, 0.5131746944504005, 0.6680376600845988, 0.0], "clip_L2": [1.0, 0.7269924551830568, 0.4650925712457711, 0.604517905302501, 0.31412711804580207, 0.5421688769266237, 0.6446970299102155, 0.5889770535473179, 0.4124703980837557, 0.0], "dino_L2": [0.08585701525126542, 0.45340164186228965, 0.0, 0.13953182821413213, 0.09703529011432542, 0.03160750322559301, 0.11318074191002368, 0.260558913743153, 0.2797801397993279, 1.0], "rcnn_confidence": [0.0, 0.0, 0.0, 0.0, 0.0, 0.0, 0.0, 0.0, 0.0, 1.0], "yolo_confidence": [0.0, 0.0, 0.0, 0.0, 0.0, 0.0, 0.0, 0.0, 0.0, 0.0]}