{"pixel_L2": [0.227140327831401, 0.33999657319093035, 0.5611970986349877, 0.4267233993945971, 0.4435147638357416, 0.3721229082186304, 0.6476669141584328, 0.0, 0.46778799474555943, 1.0], "pixel_cosine": [1.0, 0.6530082922875491, 0.544073820063595, 0.7609950745058919, 0.15661824303260802, 0.7189600349148949, 0.0, 0.9379138350271214, 0.5268158862771993, 0.27405698609639007], "low_L2": [0.02225006264094212, 0.0, 0.5882569113839472, 0.34073331662908213, 0.8709429549820429, 1.0, 0.6808485759625825, 0.2382026225674434, 0.6176563935521591, 0.8677858514992065], "low_cosine": [0.9458257964907633, 1.0, 0.45651121109643983, 0.6525160291567152, 0.13621782268379204, 0.0, 0.3062572695174903, 0.7480700853922538, 0.315421518185694, 0.04296931590994698], "mid_L2": [0.9057312114140318, 0.28467176072992356, 1.0, 0.9638316305425255, 0.6404860953927086, 0.8521342772179858, 0.28841035567384465, 0.6262263606066046, 0.5451714368224284, 0.0], "mid_cosine": [0.07942965360374353, 0.8082245313079289, 0.0, 0.11336285934728806, 0.4194931812944018, 0.11980079960721049, 0.6438491367648974, 0.2587901682381587, 0.41181775368490664, 1.0], "high_L2": [0.47397212813581263, 1.0, 0.9185908160520785, 0.33530572891261434, 0.5427400495074329, 0.0, 0.5574555185288178, 0.7877927252337471, 0.28727075460086343, 0.5602591162512935], "high_cosine": [0.4488765060311663, 0.0, 0.48812075007569766, 0.7161748862188025, 0.4855775437344644, 1.0, 0.3519600410293003, 0.12276281168067563, 0.49662705351882586, 0.08270291078004963], "clip_cosine": [0.0, 0.6726333907056798, 1.0, 0.44440619621342514, 0.7759036144578313, 0.6636833046471601, 0.5851979345955249, 0.20309810671256454, 0.11566265060240964, 0.08158347676419965], "dino_cosine": [0.8517045454545454, 0.6764204545454545, 0.0, 0.2740185950413223, 0.5286931818181818, 0.044137396694214875, 1.0, 0.8398760330578512, 0.8946539256198347, 0.8769628099173554], "clip_L2": [0.7711779118281451, 0.41551316147676587, 0.0, 0.5585876341615741, 0.4920430006861287, 0.5123028919649028, 0.6081342595044845, 1.0, 0.7996171475521711, 0.8535379976127154], "dino_L2": [0.6638356911032381, 0.6193147189257489, 0.9810618635879395, 0.7940490052771102, 0.4293585709684612, 1.0, 0.0, 0.609191586353839, 0.5474518742412605, 0.781334390407056], "rcnn_confidence": [0.0, 0.0, 0.0, 0.0, 0.0, 0.0, 0.0, 0.0, 0.0, 0.0], "yolo_confidence": [0.0, 0.0, 0.0, 0.0, 0.0, 0.0, 0.0, 0.0, 0.0, 0.0]}