{"pixel_L2": [0.5539292368701613, 0.17013042655161764, 0.7714207427039845, 0.3018861532636529, 0.16989129460059982, 0.283030598925899, 0.0, 1.0, 0.04122435558921116, 0.3274015324372528], "pixel_cosine": [0.18830220664160763, 0.7062723935533859, 0.0, 0.5325689262769727, 0.7538987337549601, 0.5577588781957487, 0.9859607677833054, 0.01873060109869615, 1.0, 0.4945618634468976], "low_L2": [0.5629393246798051, 1.0, 0.6532278235370219, 0.8085902798740783, 0.5454892405882099, 0.6837466039932727, 0.4794644012247186, 0.6518068911984131, 0.0, 0.4355556513864332], "low_cosine": [0.23927716623577389, 0.0, 0.24600335829846212, 0.1694917241930755, 0.25095978037794187, 0.14973906554012634, 0.2879458407740078, 0.3518430661798022, 1.0, 0.4053050454436419], "mid_L2": [1.0, 0.3781172966953214, 0.6336980867650187, 0.2619311285458663, 0.43462592439656145, 0.4810428319381358, 0.0, 0.7246674674975286, 0.528426367356132, 0.34242714316102957], "mid_cosine": [0.0, 0.38175318065853414, 0.43774018651570623, 1.0, 0.07339824823070823, 0.3646206234174452, 0.7395502045883773, 0.3351792734810165, 0.7884014357666652, 0.6173437838264545], "high_L2": [0.8449387058864701, 0.7908205023419217, 0.7703403999272983, 1.0, 0.545610745407316, 0.18102337857624257, 0.6196530636896584, 0.4340502658016213, 0.6485700674297339, 0.0], "high_cosine": [0.7544216211878623, 0.4906731353435462, 0.11330278910342878, 0.0, 1.0, 0.5661237041311135, 0.4940532371406627, 0.4387452378131962, 0.5243210659656015, 0.48992202814705554], "clip_cosine": [0.0, 0.5606521138436033, 0.36833379386570875, 0.43824260845537444, 0.0019342359767891683, 0.7239568941696601, 0.1041724233213595, 0.3962420558165239, 1.0, 0.5827576678640508], "dino_cosine": [0.668573860880411, 0.0, 0.8758937910599446, 0.7251132602792159, 1.0, 0.7883080415623154, 0.5484602211421388, 0.46600211837142774, 0.9894411393010694, 0.604455179286155], "clip_L2": [1.0, 0.533442031848186, 0.7787922972497361, 0.7482140163622389, 0.861406520474347, 0.14380957169433212, 0.8947874991919439, 0.4839703209958125, 0.0, 0.5823549269876386], "dino_L2": [0.2594832155099459, 0.6253109426155937, 0.0, 0.3108005009274852, 0.3144709060290811, 1.0, 0.7258789738679979, 0.7271654855833753, 0.8044983031722558, 0.25329641913782347], "rcnn_confidence": [0.0, 0.0, 0.0, 0.0, 0.0, 0.0, 0.0, 0.0, 0.0, 0.0], "yolo_confidence": [0.0, 0.0, 0.0, 0.0, 0.0, 0.0, 0.0, 0.0, 0.0, 0.0]}