{"pixel_L2": [0.0, 0.04341139276475723, 0.44338463719381954, 0.06119675944698342, 0.00863189634419286, 0.002388397660579721, 0.05452810899415017, 0.15085378367833546, 1.0, 0.03623866480122654], "pixel_cosine": [1.0, 0.8535436072111636, 0.3194335873094694, 0.818191671160389, 0.9685466913918384, 0.9917786702719898, 0.8506587344384657, 0.5859540786834622, 0.0, 0.8740483168908355], "low_L2": [0.0, 0.06399665785150385, 0.5055756542205571, 0.1868330109957002, 0.025647402806170422, 0.028094672052997528, 0.12013457211558369, 0.08291281745069923, 1.0, 0.04935972484243347], "low_cosine": [1.0, 0.8037799590513928, 0.22510864206762488, 0.8195037488353367, 0.9029707672305168, 0.7413770349573541, 0.6705278725616353, 0.6753142888553084, 0.0, 0.9253157125733618], "mid_L2": [0.13457068823489063, 0.1869912117479914, 1.0, 0.4031636100490488, 0.231703089205609, 0.1330618972019852, 0.23354558785996393, 0.0, 0.9071600678044449, 0.33694458537755], "mid_cosine": [1.0, 0.687122582288752, 0.11035949009571173, 0.5230912000914717, 0.6522114048194626, 0.8374309605952277, 0.47851557161881497, 0.9395166295104888, 0.0, 0.558946932653247], "high_L2": [0.4708491845604506, 0.28815428648844776, 0.736421409317485, 0.7632437878502388, 0.5561456563614874, 0.0, 0.2790254590302553, 0.34363072649100157, 1.0, 0.4586417282677924], "high_cosine": [0.9380664676256297, 0.8349840613257806, 0.0, 0.4389717355338781, 0.6771024108823814, 1.0, 0.8667005855360996, 0.7346846285665997, 0.3774274570344047, 0.7931546029619189], "clip_cosine": [1.0, 0.8973226867073744, 0.5367778299671208, 0.5529356505401597, 0.3626115547205261, 0.46312822921559416, 0.7193048379520902, 0.0, 0.3274776890558948, 0.35453264443400656], "dino_cosine": [0.9369588000262004, 0.0, 0.4321837951136438, 0.6079452413702757, 1.0, 0.7896639811357831, 0.31399423593371323, 0.3357634112792297, 0.38745660575096613, 0.39818562913473504], "clip_L2": [0.0, 0.05400184894317033, 0.5548445052083549, 0.500768316456674, 0.6561493142048839, 0.40631439841652056, 0.39458282908239756, 1.0, 0.5646245507425259, 0.5644031925417653], "dino_L2": [0.07971933512074086, 0.4033804262974542, 0.6988697840043431, 0.623500345644538, 0.0, 0.06838461719015598, 1.0, 0.4611132858491688, 0.9376658658414608, 0.07146551012666566], "rcnn_confidence": [0.0, 0.0, 0.0, 0.0, 0.0, 1.0, 0.0, 0.0, 0.0, 0.0], "yolo_confidence": [0.0, 0.0, 0.0, 0.0, 0.0, 0.0, 0.0, 0.0, 0.0, 0.0]}