{"pixel_L2": [0.24927645253533076, 0.7533724192905894, 0.7772924088734614, 0.6727494477751832, 0.5251244329798097, 0.7983396887394134, 0.3271681869915965, 1.0, 0.0, 0.7440636665476124], "pixel_cosine": [0.6812322568954441, 0.9646050803621927, 0.8701094924579794, 0.9322357547237154, 0.9276218611521418, 0.7191070928489455, 0.547158906832571, 0.5689558131489789, 0.0, 1.0], "low_L2": [1.0, 0.3379530831295347, 0.2573928033483863, 0.38271443224563645, 0.47320455432654884, 0.5116293834401772, 0.53716521918912, 0.7648614853909322, 0.0, 0.3246673492208922], "low_cosine": [0.4924860348697559, 0.32426989047272603, 0.7424627958023428, 0.19343456064529002, 0.8701091058722334, 0.21616298828379177, 0.0, 0.2946143616197196, 1.0, 0.4873734400388681], "mid_L2": [0.4649264729890551, 0.7031098531036043, 0.3225426913779573, 0.7847456081389182, 0.6166563646660519, 0.9862741322957023, 0.6911606582922097, 1.0, 0.0, 0.5960062014665996], "mid_cosine": [1.0, 0.6854582974378374, 0.5886324444056962, 0.5436730586509008, 0.3241773343401312, 0.3104503548666904, 0.396435521838007, 0.0, 0.5303723920659994, 0.40667515844505886], "high_L2": [0.0, 0.8511714127091068, 0.7831449141642348, 0.7984459863950955, 0.6370611153808919, 0.6091751112832196, 0.9488531851796239, 0.2664954034547685, 0.501914486279515, 1.0], "high_cosine": [1.0, 0.23969742069015001, 0.2385042007034369, 0.3857895479125145, 0.24541856722053354, 0.4028558721392721, 0.19616839680471895, 0.38679286715484146, 0.45427258117792896, 0.0], "clip_cosine": [0.5284052019164955, 0.47775496235455167, 0.6560574948665298, 0.0, 1.0, 0.4094798083504449, 0.33213552361396304, 0.5431211498973306, 0.8971594798083504, 0.9378850102669405], "dino_cosine": [0.0, 0.5532816587854856, 0.7071580623669543, 0.3469312143518744, 0.42109881538536537, 0.5915793236809178, 0.4793773054485773, 0.7875851086302995, 1.0, 0.36191358325614653], "clip_L2": [0.24137091170747027, 0.5818313770192648, 0.37413053852830125, 1.0, 0.0461281301231155, 0.662705202798102, 0.9983432941740827, 0.6544402188829846, 0.0, 0.07798139049545395], "dino_L2": [0.8513225409336946, 0.5521320442710435, 0.42888857260659485, 1.0, 0.668150584934757, 0.4844724142332901, 0.35914245762102565, 0.6350544144122994, 0.0, 0.855934230238185], "rcnn_confidence": [0.0, 0.0, 0.0, 0.0, 0.0, 0.0, 0.0, 0.0, 0.0, 0.0], "yolo_confidence": [0.0, 0.0, 0.0, 0.0, 0.0, 0.0, 0.0, 0.0, 0.0, 0.0]}