{"pixel_L2": [0.09060034594777032, 1.0, 0.5379909716069696, 0.2231995949879762, 0.8993587309623254, 0.0, 0.7052693751845758, 0.7170611315023415, 0.5439395857064506, 0.5884698139476016], "pixel_cosine": [0.8872323652320723, 0.44716371678329, 0.6199708383622042, 0.8917112579270122, 0.6585995437389685, 0.4636839938886137, 0.2509296144105931, 1.0, 0.0, 0.23674645420994983], "low_L2": [0.0, 0.5483408126507311, 0.5714503770186525, 0.2397655462954483, 0.08422627224715327, 0.31126171505327105, 0.4003113838263577, 1.0, 0.6495710840431053, 0.21155783496657202], "low_cosine": [0.8036331369425874, 0.1943166098070447, 0.15870723816557447, 0.8031040393295892, 1.0, 0.6427929740246141, 0.5458193021422942, 0.0, 0.15700971665720537, 0.5975055252120524], "mid_L2": [0.0, 0.8963301125786721, 1.0, 0.40042992642496233, 0.5619071890789824, 0.2113177023313536, 0.4561098306887687, 0.6644357769701268, 0.8290377626096977, 0.30813979257158053], "mid_cosine": [1.0, 0.41794919223618743, 0.0, 0.495311427200933, 0.8235366041001106, 0.9298297316023287, 0.7194145475864274, 0.27002793392419905, 0.11706383418974377, 0.8975411249439598], "high_L2": [0.6699095821621909, 0.5534258636620918, 0.6242072111733032, 1.0, 0.3415510843851442, 0.7373673847523305, 0.0, 0.9089000372507946, 0.7254471304793741, 0.46778773819948044], "high_cosine": [0.7522052571305761, 0.579856267028696, 0.1819034903633434, 0.02382033815921085, 0.9429728846618814, 0.2701906214329939, 0.8449413253846821, 0.0, 1.0, 0.7258371355367058], "clip_cosine": [0.08419689119170984, 0.7422279792746114, 0.6398963730569949, 0.34585492227979275, 0.5790155440414507, 0.0, 0.8283678756476683, 0.452720207253886, 0.21696891191709844, 1.0], "dino_cosine": [0.37653429388303405, 0.14358315947145991, 0.7683149366667261, 0.611256739005094, 0.013041126506059904, 0.45507825270303204, 0.1631983451916047, 0.0, 1.0, 0.6376005278268158], "clip_L2": [0.606292606958157, 0.5543855782792666, 0.7013619534555712, 0.6132786788904561, 0.7248457334273625, 1.0, 0.4045883286318759, 0.9025858015984956, 0.2777606370474847, 0.0], "dino_L2": [0.6251922415058737, 0.8049281215327334, 0.4440026667115932, 0.46737490162289136, 0.9479413612263022, 0.5378887249604687, 0.7380846368049522, 1.0, 0.0, 0.6388001723254062], "rcnn_confidence": [0.0, 0.0, 0.0, 0.0, 0.0, 0.0, 0.0, 0.0, 0.0, 0.0], "yolo_confidence": [0.0, 0.0, 0.0, 0.0, 0.0, 0.0, 0.0, 0.0, 0.0, 0.0]}