{"pixel_L2": [0.3810678439559297, 0.48806211600038635, 0.6826547328068469, 1.0, 0.42660081870389216, 0.6066915299064657, 0.10708435176036195, 0.0, 0.6953262557298129, 0.876855456416276], "pixel_cosine": [0.6662184032282702, 0.5952229490255829, 0.40116612945951224, 0.0, 0.6394173413176432, 0.4168366587326294, 0.8967237775556334, 1.0, 0.3522335507298219, 0.15344917930086371], "low_L2": [0.12273492383198635, 0.038218227310407235, 1.0, 0.39834782182948425, 0.28023295273244203, 0.033780509835238025, 0.14754038854719412, 0.0, 0.20537253359310764, 0.36963898910872534], "low_cosine": [0.0, 0.21417056614296046, 0.6222745057032564, 0.8809034585522704, 0.3694132922036616, 0.16533605207434712, 0.7043752559712092, 1.0, 0.3304612274418564, 0.24513545778544601], "mid_L2": [0.8707638577924152, 0.3779918820147626, 1.0, 0.7193019624081751, 0.7361349851780162, 0.09577392903744578, 0.22466339571887825, 0.0, 0.2593405782098382, 0.894904351259347], "mid_cosine": [0.27604912607944126, 0.22479821217606555, 0.10883171141913336, 0.0, 0.4029229743133002, 1.0, 0.2859917532159046, 0.8262010228718628, 0.24617312530603186, 0.5412614797491844], "high_L2": [0.09398147442333535, 0.2654410659720483, 0.0, 0.9461972039577566, 0.9629880496309476, 0.13738786319909224, 0.584812337607182, 0.5446783070419406, 0.28493909384535304, 1.0], "high_cosine": [1.0, 0.38468632687146, 0.5418922778694008, 0.0, 0.99761883136948, 0.7679170216667109, 0.2588221214193898, 0.7729654692806358, 0.5635925915193969, 0.23688403180378334], "clip_cosine": [0.7003907946157186, 0.7037197857866551, 0.0, 0.6187581415544942, 0.5948762483716891, 0.6935880735272832, 0.7734838616297582, 0.4336372847011145, 1.0, 0.4871906209292228], "dino_cosine": [1.0, 0.9066120338528328, 0.9389352872926444, 0.8523973282881602, 0.07290762943064107, 0.26983313995825886, 0.0, 0.7512952645754285, 0.28605922503632314, 0.9843139714362368], "clip_L2": [0.16181173960325582, 0.30197913718282066, 1.0, 0.49276974925886924, 0.3400097174936659, 0.28220839211003684, 0.5215704294834258, 0.5502181279385965, 0.0, 0.6870583152753729], "dino_L2": [0.05351784383821951, 0.003903019200667136, 0.36222718169203744, 0.39833352700328784, 0.6431403241351498, 1.0, 0.6790467336992556, 0.48299520837747867, 0.8347932630197475, 0.0], "rcnn_confidence": [0.0, 0.0, 0.0, 1.0, 0.11443224564013499, 0.9076851826049553, 0.07398207522719304, 0.12525858770616283, 0.0, 0.08686396036394652], "yolo_confidence": [0.0, 0.0, 0.0, 0.0, 0.0, 0.0, 0.0, 0.0, 0.0, 0.0]}