{"pixel_L2": [0.011120062244806621, 0.6034923192387405, 1.0, 0.2998285513622937, 0.27364304255919797, 0.09872411917401692, 0.2822636728567199, 0.0, 0.5565264092871455, 0.20277072015313324], "pixel_cosine": [1.0, 0.0, 0.046226850952300766, 0.4051606886099561, 0.4313484198845408, 0.6549178098161893, 0.4283388817644443, 0.7876267827303463, 0.5611558008091642, 0.522230426128145], "low_L2": [0.6342053161178145, 0.9147329206046261, 0.7794731426359169, 0.3422535259098766, 0.5224017958113583, 0.44862682238515533, 1.0, 0.0, 0.20566930310429493, 0.2612212739800926], "low_cosine": [0.6902129689597024, 0.1528056437453672, 0.6076974986299757, 0.754779988435938, 0.5019754014586418, 0.49372657182928065, 0.0, 1.0, 0.9464626198488217, 0.6968826851570886], "mid_L2": [0.7862951168072154, 0.05526272309352029, 0.8598135231362842, 0.27699719118414107, 0.5453233377933139, 0.0, 0.0945715664898873, 0.21160556061307995, 1.0, 0.08004477258958567], "mid_cosine": [0.21322401114159414, 0.9507966285548325, 0.11936050176812586, 0.819875274518787, 0.4893047251915438, 0.8958646665258976, 0.8705125087567777, 0.9742156252167755, 0.0, 1.0], "high_L2": [0.9432980160099519, 0.3890290505220914, 0.4677462094585671, 1.0, 0.6632925629129762, 0.0539311290892902, 0.0, 0.4982571390837945, 0.6260623953580512, 0.0901396930076812], "high_cosine": [0.06200291710210992, 0.5806716142264826, 0.39703978428067715, 0.0, 0.21356647879049936, 0.8507764861904084, 1.0, 0.37172503602255524, 0.2651461765666187, 0.8456072652735004], "clip_cosine": [0.9504587155963303, 0.6743119266055045, 0.4724770642201835, 0.6293577981651376, 0.05688073394495413, 0.5724770642201835, 0.4504587155963303, 0.0, 0.9798165137614679, 1.0], "dino_cosine": [0.23648805668316464, 0.9725632518652935, 0.15448931257323964, 0.45714398730265465, 0.3498148303806731, 0.32773786508576147, 1.0, 0.6996098829648895, 0.5505495755190436, 0.0], "clip_L2": [0.14371069128921518, 0.22606791321010725, 0.5110119649807101, 0.6254928732106513, 0.5553709790132504, 0.10534181894231406, 0.3301515133481712, 1.0, 0.3280720517297958, 0.0], "dino_L2": [0.48279289408997544, 0.0, 0.48258088014779366, 0.26786602530939085, 1.0, 0.5659503796771046, 0.04978431658574197, 0.44054413287656713, 0.39976859674857596, 0.6504560564863129], "rcnn_confidence": [0.0, 0.0, 0.0, 0.0, 0.0, 0.0, 0.0, 0.0, 0.0, 0.0], "yolo_confidence": [0.0, 0.0, 0.0, 0.0, 0.0, 0.0, 0.0, 0.0, 0.0, 0.0]}