{"pixel_L2": [0.17094877120970875, 0.0, 1.0, 0.7234193085591939, 0.7865735126546245, 0.6717713689035953, 0.3287818536450567, 0.084254756526101, 0.7260183076796628, 0.043124325708819806], "pixel_cosine": [0.0, 0.01836329447369041, 0.8871527609376754, 1.0, 0.47297815998459103, 0.9711428005271202, 0.475446091425705, 0.5564638048269469, 0.7376260467230277, 0.3913091676516683], "low_L2": [0.7001144508312918, 0.18472701617652987, 0.4489606470986886, 0.1793259867751955, 1.0, 0.1837490442902533, 0.0, 0.43914968312773534, 0.2595084332109254, 0.22564498495704266], "low_cosine": [0.4117426739377959, 0.638611964831477, 0.0, 0.2427670384987458, 0.13512550402794304, 0.13209464810074567, 1.0, 0.5644460187143114, 0.4014507657800341, 0.7272475793817257], "mid_L2": [0.4645558184202889, 0.09582855203234775, 0.4828103897542232, 0.1363791117906626, 1.0, 0.03956097145781226, 0.0, 0.3474834205504162, 0.34713321909484973, 0.22415867048555457], "mid_cosine": [0.5834810891939918, 0.8656162877506504, 0.0, 0.7025742570407612, 0.3851616176933755, 0.6618087067085049, 1.0, 0.8015852648523802, 0.2853748916132996, 0.9251781819030177], "high_L2": [0.0, 0.10935083257875122, 1.0, 0.9322329314427887, 0.9942128302315296, 0.8062161043556079, 0.2790062001528015, 0.031011353315884255, 0.5397039364515317, 0.3648740018731811], "high_cosine": [0.796183053513721, 0.79846166783668, 0.0, 0.12362547110523885, 0.38230810456771114, 0.12657204353999074, 0.6852407059446767, 1.0, 0.3029627503289496, 0.4588445907346642], "clip_cosine": [0.0, 1.0, 0.0859023496083986, 0.1519746708881853, 0.3371104815864023, 0.4725879020163306, 0.7398766872187968, 0.37118813531078154, 0.821446425595734, 0.9401766372271289], "dino_cosine": [0.0, 0.8608235846552745, 0.9837814662828444, 0.9670749882607542, 0.9414752659194382, 0.9287315489679672, 0.6842347032522815, 0.6206549478369163, 0.9597313243910904, 1.0], "clip_L2": [0.7339298197988517, 0.000474000800780527, 1.0, 0.928491830719592, 0.584463411095278, 0.75843064036487, 0.2640163185625777, 0.33979134603888084, 0.09254589063856929, 0.0], "dino_L2": [1.0, 0.06936198752206335, 0.10280010645923444, 0.03865107006225906, 0.4666473995046053, 0.07837979495167698, 0.6133454079658286, 0.6732148484507079, 0.0, 0.04912534431888133], "rcnn_confidence": [0.10406606504854843, 0.3859430843132771, 0.0, 0.9415503104442446, 0.23349532160336756, 1.0, 0.3531143334550762, 0.9973676577375513, 0.6589589007453474, 0.7726002004309869], "yolo_confidence": [0.0, 0.47607650620331765, 0.0, 0.0, 0.0, 0.0, 1.0, 0.438400135742894, 0.0, 0.49759041860688674]}