{"pixel_L2": [0.10896708499374365, 0.4078564484533927, 0.0, 1.0, 0.6694863687771909, 0.3953038169115405, 0.6748992946750811, 0.6904999861387748, 0.6519920929933152, 0.733739490724491], "pixel_cosine": [0.4014188323891706, 0.8281196194540286, 0.1517164855989863, 0.0, 0.5992946350400284, 1.0, 0.8734956978139088, 0.38593186273516855, 0.7375250107470251, 0.4535402163809421], "low_L2": [0.016925963666323655, 0.0, 0.05046892831814616, 0.7542786586609886, 0.43405823737209237, 0.2073965721609274, 0.39281911560758337, 0.5606092956181166, 1.0, 0.21467017326749943], "low_cosine": [0.855878786946681, 0.43763992381889816, 1.0, 0.05975653832252905, 0.1814991682110514, 0.0, 0.11506319801703566, 0.3567459493544344, 0.09586771351599367, 0.33528861410375704], "mid_L2": [0.1887130942169535, 0.0, 0.22137778784843437, 0.4915885121299165, 0.548742153250848, 0.3045419152158715, 0.33428681973363394, 0.26494487893436747, 1.0, 0.273163544587797], "mid_cosine": [0.872832796944138, 0.6596280654960361, 0.5485172466552944, 0.3321285948707427, 0.39917132582169257, 0.4161452928614862, 0.27235791604796683, 1.0, 0.0, 0.6376547407203792], "high_L2": [0.30563216084901723, 0.5161562788166728, 0.6103830857808042, 0.0, 0.2845578365421456, 0.46600073874002634, 0.6585471273947704, 0.5201431502526611, 0.9867741427214735, 1.0], "high_cosine": [0.6806743774226907, 0.40927193113388477, 0.1688790822261424, 1.0, 0.7819978450107913, 0.3877641739416952, 0.11384637975401438, 0.2952878756102055, 0.12002135396482516, 0.0], "clip_cosine": [1.0, 0.6986238532110092, 0.0, 0.6948394495412844, 0.5204128440366973, 0.5958715596330275, 0.22201834862385322, 0.5910550458715597, 0.38004587155963304, 0.5378440366972477], "dino_cosine": [0.8265378364095047, 0.4498439478696142, 0.6976028797351601, 1.0, 0.7778675202169772, 0.8666925922602132, 0.0, 0.8847557509946453, 0.923748840826827, 0.9619242773240799], "clip_L2": [0.0, 0.35102009416605384, 1.0, 0.35832380920463086, 0.36200422958907175, 0.3810152917963262, 0.757004661840431, 0.4018052492452739, 0.5825621042377009, 0.5882716305625704], "dino_L2": [0.3695539617148787, 1.0, 0.5785486291123261, 0.0, 0.5780522073919665, 0.6490225433863599, 0.6332218443526976, 0.08062416607889736, 0.32907144429519347, 0.025895917661381985], "rcnn_confidence": [0.5884713133116175, 0.0, 0.0, 0.0, 1.0, 0.0, 0.0, 0.0, 0.0, 0.37277179581733366], "yolo_confidence": [0.0, 0.0, 0.0, 0.0, 0.0, 0.0, 0.0, 0.0, 0.0, 0.0]}