{"pixel_L2": [0.38548169877991867, 1.0, 0.3657683845589706, 0.36528035202346826, 0.4950970064670978, 0.676858457230482, 0.44950863390892726, 0.0, 0.5104646976465098, 0.5786905793719581], "pixel_cosine": [0.5523564565301385, 0.0, 0.5914845492823884, 0.5137811319903322, 0.4872567185309903, 0.25553684792387593, 0.5059916125884499, 1.0, 0.43782908745300764, 0.30154634087185084], "low_L2": [0.5882320922485524, 0.9799932988437482, 0.7929221758678542, 0.792549620610531, 0.0, 0.25033777940132307, 1.0, 0.20753263184887805, 0.6686120986110221, 0.9175999700020442], "low_cosine": [0.9332193787539816, 0.0, 0.6428336893094204, 0.5421876534190069, 1.0, 0.9711601301151547, 0.013473950046507404, 0.8949998997002622, 0.6089534936510266, 0.1350805195737578], "mid_L2": [1.0, 0.9696251193434372, 0.3828461591962417, 0.3317728586151735, 0.0872474819325101, 0.4668614098648811, 0.0, 0.27388733979526675, 0.2761180346111775, 0.7944928141024425], "mid_cosine": [0.6876329422818441, 0.0, 0.7433662616956584, 1.0, 0.6162806175046652, 0.6956323159034855, 0.3732823530947006, 0.38234656992600907, 0.30995550103743913, 0.20745520742258355], "high_L2": [0.6134122935524201, 0.4524228891170304, 0.2256213724987378, 0.9911746515691037, 0.46694842237801704, 0.3951468569567721, 0.0, 0.302323641658555, 0.7372200596105879, 1.0], "high_cosine": [0.8428634097539465, 0.2662212926582745, 1.0, 0.0, 0.46526134254484475, 0.5150538412029411, 0.508554886580753, 0.8491404469908441, 0.2976499845726392, 0.25975344081665597], "clip_cosine": [0.9252123472135902, 0.32670395690905324, 0.9929562875492024, 0.5719908846074166, 0.6900766521649058, 0.5848353014294593, 0.6855189558732132, 1.0, 0.5883571576548581, 0.0], "dino_cosine": [0.012340195804410002, 0.23207072544117252, 0.7055429418138518, 0.27390027529012667, 0.09307792739845087, 1.0, 0.4867542949471435, 0.5816087817167537, 0.1001382193821096, 0.0], "clip_L2": [0.10308688725810243, 0.7436603901700138, 0.005189861847431512, 0.7480145464991773, 0.4258422344676295, 0.4814538664438119, 0.49182183802982427, 0.0, 0.367127392859941, 1.0], "dino_L2": [0.37192026877654316, 0.11531539065681541, 0.5057994938623538, 0.0, 0.5637071673744837, 0.6768445662923963, 0.581703778579324, 0.08757781139100587, 0.8638664262028041, 1.0], "rcnn_confidence": [1.0, 0.0, 0.9985251979199213, 0.38740666750856373, 0.0, 0.0, 0.6386558026371931, 0.4748498567490402, 0.0, 0.20171686971998623], "yolo_confidence": [0.0, 0.0, 0.0, 0.0, 0.0, 0.0, 0.0, 0.0, 0.0, 0.0]}