{"pixel_L2": [0.48784630263638845, 0.0, 0.439706512736595, 0.3865057733924033, 0.03296009845896299, 0.19474891543835368, 0.3919153339507313, 0.25750004340727, 1.0, 0.1612197871307479], "pixel_cosine": [0.4789390398113154, 1.0, 0.7218571509761018, 0.17539463215026568, 0.944176955755733, 0.7865882789633714, 0.6704675023443494, 0.383266495694922, 0.0, 0.6466723558580318], "low_L2": [0.44129329649413457, 0.1996747123466678, 0.0, 0.8935774415774219, 0.39628344290384493, 0.5296653789593595, 0.20134163186351084, 0.9966510277886758, 1.0, 0.6837536636477238], "low_cosine": [0.5637834802365395, 0.5877742411266248, 1.0, 0.17134065981484622, 0.6276709424119854, 0.4924956204725155, 0.7446605124541595, 0.0755502202798942, 0.45652086620850685, 0.0], "mid_L2": [0.38894983976881564, 0.0, 0.2591165455404053, 1.0, 0.03267943962150394, 0.29261689154472365, 0.3012007686344858, 0.7525282075194312, 0.9167201760612531, 0.13239521118143396], "mid_cosine": [0.581500122796156, 0.9171606884385518, 0.6182355101362195, 0.0, 1.0, 0.7200422828648294, 0.5791218769202393, 0.11541714829313343, 0.04088797982639301, 0.8112743728884598], "high_L2": [0.0, 0.3019486557086991, 0.8065904604503051, 0.49452165808764464, 0.1907648607073457, 0.10172192965275317, 1.0, 0.7603770771759869, 0.21825450096060106, 0.2619615737572155], "high_cosine": [1.0, 0.7038310725625534, 0.0, 0.6969197135077184, 0.9854484466233919, 0.855680899342705, 0.2016435663996081, 0.1493600683447408, 0.7361484857518422, 0.7899528200637203], "clip_cosine": [0.8700669841013638, 0.82079735291744, 0.0, 1.0, 0.8916148817690259, 0.9484706641917521, 0.9194980227584537, 0.8896779920910338, 0.9980631103220079, 0.8954483092567186], "dino_cosine": [0.5908875246215116, 0.4861739557295464, 0.9028284699643232, 0.3166198027814349, 0.3637390602438839, 1.0, 0.0, 0.17395367561427977, 0.7899135499957894, 0.7462983007819319], "clip_L2": [0.15422147489159282, 0.27252599552963536, 1.0, 0.08961275390006324, 0.296076772489717, 0.09365599419355096, 0.24733293837833167, 0.14986992549157457, 0.0, 0.1431437150143717], "dino_L2": [0.2357684203009893, 0.4489438661769867, 0.2025624030307229, 0.3743164400142294, 0.4485006309072985, 0.0, 1.0, 0.5959325949408653, 0.47027354608749605, 0.20950469568550423], "rcnn_confidence": [0.08663549731958449, 0.0, 0.0, 0.3407803627753665, 0.0, 0.3336057430925541, 0.13484033657354155, 1.0, 0.5425224658003631, 0.6047517536716616], "yolo_confidence": [0.0, 0.0, 0.0, 0.0, 0.0, 0.0, 0.0, 0.0, 0.0, 0.0]}