{"pixel_L2": [0.0, 0.09211342146637437, 0.6163333997652738, 0.9726189685334042, 0.6746643341674232, 0.7327664474412631, 1.0, 0.917386346021834, 0.6801099079548558, 0.9928880917056032], "pixel_cosine": [0.13833330727008303, 1.0, 0.0, 0.6108730667584094, 0.26658013667568453, 0.32071090121506873, 0.5549908517991462, 0.5389228579917744, 0.6184340156692261, 0.4677154518585704], "low_L2": [1.0, 0.7004263913274014, 0.47343203760152225, 0.09069292062944805, 0.8710490991370049, 0.030013243539791484, 0.0, 0.11458072064137621, 0.3596515666347765, 0.1431070275728701], "low_cosine": [0.5739447126942622, 0.6520312360260931, 0.7362691561509098, 1.0, 0.6211263776888564, 0.6207704166249756, 0.03617255079750331, 0.0, 0.5355044596962643, 0.3554404044142714], "mid_L2": [1.0, 0.3445282603820426, 0.453040299737601, 0.22411827808004525, 0.6222490604631763, 0.0, 0.11939509683907101, 0.1217169776553789, 0.3216437002109762, 0.1987789949419994], "mid_cosine": [0.7931697505177729, 1.0, 0.6037427332025694, 0.5747690537693836, 0.0, 0.6734117680441807, 0.3645904910354265, 0.14391652691177756, 0.7927402480860217, 0.3375582786754945], "high_L2": [0.27643664736190654, 0.0, 0.43460680311561106, 0.30337560332969077, 1.0, 0.2643302268510687, 0.12255748245164189, 0.5364288968184288, 0.8604418883760643, 0.4439271448913089], "high_cosine": [1.0, 0.9569355319768325, 0.34410050703581396, 0.5141225279994857, 0.29926444980631195, 0.6830718083443914, 0.9334872240905413, 0.6044920622730706, 0.0, 0.7417755361917128], "clip_cosine": [0.22603978300180833, 0.5041591320072333, 0.0, 0.2965641952983725, 1.0, 0.7978300180831827, 0.8354430379746836, 0.41012658227848103, 0.07884267631103074, 0.749005424954792], "dino_cosine": [0.06264361064132654, 0.8149024472209548, 0.8378309704459205, 0.850975527790452, 0.5346892272552164, 1.0, 0.9698229815276757, 0.0, 0.7060220159723721, 0.6772985216129747], "clip_L2": [1.0, 0.33762078833774994, 0.9384172959938365, 0.9786500102996679, 0.03743143737976447, 0.0, 0.2576534679622136, 0.7817017379089463, 0.9126948935759167, 0.219682025391882], "dino_L2": [1.0, 0.27470220890101543, 0.12758723668190486, 0.36346132759519406, 0.5676689227513418, 0.15500483480548405, 0.0, 0.9308889245180647, 0.6028598650043683, 0.49124820870634434], "rcnn_confidence": [0.1162397623923875, 0.9179529237008585, 1.0, 0.08798707688602686, 0.0, 0.6750989610105761, 0.21329323118830115, 0.037241542779893715, 0.064077557909393, 0.31939779998947654], "yolo_confidence": [0.0, 0.0, 0.0, 0.0, 0.0, 0.0, 0.0, 0.0, 0.0, 0.0]}