{"pixel_L2": [0.0, 0.1287980485021469, 0.7662812217542675, 0.22612750890626296, 0.2693537968182263, 0.3774779157693958, 0.1286541529441592, 0.22571544435384353, 1.0, 0.1591407005782608], "pixel_cosine": [0.9686122783146591, 0.9899964580668013, 0.29251239192748907, 0.9071974792274328, 0.948881000721935, 0.6747711775669822, 1.0, 0.944345197196647, 0.0, 0.8921307147543776], "low_L2": [0.0, 0.011206921611161127, 0.7916714939374394, 0.008612834066446556, 0.11593580733944568, 0.25056505398608986, 0.14257475880146625, 0.06364982956750041, 1.0, 0.12106584453505904], "low_cosine": [0.9897115318923067, 1.0, 0.3452152343113606, 0.9748203972020327, 0.9419164288604748, 0.7267136498126455, 0.9695613329759671, 0.9601925573231168, 0.0, 0.9590631749885695], "mid_L2": [0.0, 0.04149828111245055, 0.3443011590589841, 0.056806780048307554, 0.07799589576232334, 0.1630504358372308, 0.08121505648819628, 0.08449573683663171, 1.0, 0.3096985684969731], "mid_cosine": [0.8716364012215935, 0.911727721087233, 0.6587625356918126, 0.9743843804110067, 0.9344856389377348, 0.9039148291758958, 0.9109129663502927, 1.0, 0.0, 0.7167905800885389], "high_L2": [0.1646589463203178, 0.06959843938089785, 0.0, 0.4387494465209469, 0.03845511527484833, 0.20770844551486753, 0.4753302932795795, 0.20989302338807267, 1.0, 0.1824937227238075], "high_cosine": [0.7795065956802661, 0.7540752549419577, 0.7895838914897769, 0.5896303027850363, 0.9387364755385323, 0.7332924203592931, 0.7048928057881955, 1.0, 0.0, 0.7785709931453693], "clip_cosine": [0.5033591731266149, 0.661498708010336, 0.2608096468561585, 0.9550387596899225, 0.44151593453919036, 0.4649440137812231, 0.18311800172265288, 0.9772609819121447, 1.0, 0.0], "dino_cosine": [0.7993230476130987, 0.7871816293705202, 0.6506199540890423, 0.7144580476911785, 0.4223730031075784, 0.7456392398144822, 1.0, 0.49299233255774005, 0.8180622140325124, 0.0], "clip_L2": [0.7497273402056679, 0.7030315061334723, 0.9701651337563025, 0.0864563014620842, 0.7592794562810616, 0.5089495183141072, 0.8297606400090389, 0.47026007428900524, 0.0, 1.0], "dino_L2": [0.255534618415519, 0.33613262668784427, 0.5880139069792131, 0.33222817898600726, 0.773156181991156, 0.12683075214463913, 0.0, 0.5383432075880006, 0.30168263832462955, 1.0], "rcnn_confidence": [0.5588333768944174, 0.045474994595707634, 0.0, 0.4320737038578145, 0.6228140101830094, 0.41492671193697, 0.2733974410632863, 1.0, 0.6613732985641023, 0.08891082068613101], "yolo_confidence": [0.0, 0.0, 0.0, 0.0, 0.0, 0.0, 0.0, 0.0, 0.0, 0.0]}