{"pixel_L2": [0.3060444951017876, 0.5196541674481684, 0.4420402244953903, 0.7841828858334174, 0.9003873843978589, 0.9520927414118971, 1.0, 0.63425718861364, 0.8098317727344866, 0.0], "pixel_cosine": [0.718107759458552, 0.6092526816165685, 0.665076251568326, 0.6473519588612628, 0.5545600735125201, 0.0, 0.3312039442294439, 0.832069836894096, 0.7461344077470886, 1.0], "low_L2": [0.2732291988864831, 0.6926229508196722, 0.6063130219610269, 0.438419424682957, 0.5767151252706465, 0.5653881843489019, 0.5490999072069286, 0.0, 1.0, 0.5982740488710176], "low_cosine": [0.7586632086161943, 0.7199289101974602, 0.5137943148823608, 0.43800480131709013, 0.9900219400214234, 0.4759882481392313, 0.8536700454988513, 1.0, 0.0, 0.4007722060915419], "mid_L2": [0.0, 0.5210445487307191, 0.48709304388793373, 0.17807255306261052, 0.9616187078971359, 0.5197963766298129, 0.44042731538983965, 0.6639296618310195, 1.0, 0.6842124584707444], "mid_cosine": [0.03874049854975574, 0.6990107697611014, 0.6682788229518128, 0.6421187145926258, 0.12420219155759367, 0.9410814330432845, 0.9506882131528276, 1.0, 0.0, 0.7707987311668459], "high_L2": [0.08204605217113091, 0.04257609539711582, 0.2858680690949205, 0.18550179802766864, 0.8480791598761543, 1.0, 0.0, 0.9055827176046739, 0.0735808245931525, 0.6325424677804773], "high_cosine": [0.7071964439310523, 0.6339914793457976, 0.385478867597604, 0.3008522206799755, 0.31591940156688125, 0.37337326613692046, 1.0, 0.21077673339730035, 0.0, 0.7026356892445372], "clip_cosine": [0.3298245614035088, 0.38859649122807016, 0.06447368421052632, 0.8280701754385965, 0.18728070175438596, 1.0, 0.5631578947368421, 0.0, 0.12938596491228072, 0.8359649122807018], "dino_cosine": [0.43446457082519296, 0.38622416968052276, 0.4374894791342539, 0.4475844092246951, 0.3016491616464071, 0.0, 0.4974061283724157, 1.0, 0.3251240824529813, 0.6762225883625197], "clip_L2": [0.6566566645877736, 0.6401107887757885, 0.8953516932414093, 0.19755105644364407, 1.0, 0.10605863383902124, 0.3549032635602496, 0.887421716094141, 0.9837948211793549, 0.0], "dino_L2": [0.4589336984177844, 0.4354645264814986, 0.9732088466278026, 0.9026075591225309, 0.5566896195362397, 0.631077687252482, 1.0, 0.0, 0.6239132004118598, 0.6359397104063], "rcnn_confidence": [0.0, 0.0, 0.0, 0.0, 0.0, 0.0, 0.0, 0.0, 0.0, 0.0], "yolo_confidence": [0.0, 0.0, 0.0, 0.0, 0.0, 0.0, 0.0, 0.0, 0.0, 0.0]}