{"pixel_L2": [0.09061223427783416, 0.0, 0.6079801212499675, 0.9402206437176385, 0.0559284989462181, 0.34975151562459345, 0.7824395701610595, 1.0, 0.6064710014831005, 0.4755418520542242], "pixel_cosine": [0.1307775676307457, 0.30943324053807086, 0.4023205899228595, 0.4303929277259494, 0.0, 0.5098922583250101, 0.5447223579913721, 1.0, 0.5295492700342138, 0.053573325966381195], "low_L2": [0.9599743088196654, 0.6504364581204566, 0.38142644439903073, 0.4435815840948238, 1.0, 0.08838933816016116, 0.5544273494292471, 0.7151607158497066, 0.3522377601961872, 0.0], "low_cosine": [0.16845162333781039, 0.6789152432721315, 0.37923590259269935, 0.6863761980774504, 0.42091458226388295, 0.970370656859367, 0.5084313711701955, 0.0, 0.6980352584612571, 1.0], "mid_L2": [0.223648984672561, 0.03440707795939881, 0.2337918362849647, 0.5069013677662201, 0.0, 0.45290244577922173, 1.0, 0.6007689031962192, 0.5308797122122196, 0.5670646182434343], "mid_cosine": [0.6940012917640574, 0.4475015726280666, 1.0, 0.3710602774136948, 0.9638621641466047, 0.8941952667576932, 0.10873960434992079, 0.146552105007374, 0.30134709531914355, 0.0], "high_L2": [0.3393586323297218, 0.48402234777255193, 0.15620196757562685, 0.3278957662362682, 0.7541430910788999, 0.23575099153582302, 0.546846141281814, 0.0, 1.0, 0.7472620209321903], "high_cosine": [0.39672219097258116, 0.6354972106788797, 0.5648988811642031, 0.9009694293956461, 0.0, 0.9336130792748082, 0.2617053510447985, 1.0, 0.07666907433348955, 0.5791070747989577], "clip_cosine": [0.644147347461243, 0.42511733750533354, 0.38913383586971984, 0.45982079362821787, 0.0, 0.6101550277343194, 0.3131844687811122, 0.6758640307210924, 1.0, 0.5073247048783956], "dino_cosine": [0.5484039624666791, 0.16954160708839502, 0.8622048647556729, 0.6448633297553363, 1.0, 0.6554151202721918, 0.7671793368690809, 0.45760865690441205, 0.8857166622436814, 0.0], "clip_L2": [0.4538559381919254, 0.724319263202525, 0.7078013850285014, 0.5878925163444879, 1.0, 0.4176088629261475, 0.8442876734557142, 0.2431455222122768, 0.0, 0.5427573896976073], "dino_L2": [0.0, 0.4984753612166871, 0.27550744661225546, 0.32791214469992686, 0.0044230039079270495, 0.10521389793579987, 0.3157669370303027, 0.6583680808055734, 0.3682528739652625, 1.0], "rcnn_confidence": [0.1690357340711052, 0.9457253534079441, 0.0, 0.0, 1.0, 0.0, 0.16195062104787045, 0.19819325278580546, 0.21146089882336125, 0.0], "yolo_confidence": [0.0, 0.0, 0.0, 0.0, 0.0, 0.0, 0.0, 0.0, 0.0, 0.0]}