{"pixel_L2": [0.9365362775724725, 0.0, 0.5060379266303626, 0.4177515791421905, 1.0, 0.622577021244166, 0.22892067170785513, 0.48310285535037123, 0.8250236284444965, 0.22013612977986932], "pixel_cosine": [0.060877146937014286, 1.0, 0.9968282494873152, 0.7504993394039956, 0.0, 0.6282290244086888, 0.6938126398483966, 0.4018558966534251, 0.4692678283073173, 0.7752994924309489], "low_L2": [0.6395257732089995, 0.20098883172612111, 0.0, 0.45636213543353993, 1.0, 0.02497092888189329, 0.9341309247320588, 0.5308752140951801, 0.49050088884108234, 0.3230677969661655], "low_cosine": [0.7152090608150181, 1.0, 0.7162319570690442, 0.5563494367038191, 0.0, 0.7973719237993435, 0.8728015721915424, 0.8078080228310444, 0.5290202060368779, 0.7526758326695163], "mid_L2": [0.38458366351779955, 0.486662447906868, 0.0, 0.19129605241904066, 0.4526216171532493, 0.12573614507972886, 0.33133417328460857, 0.9922998131963566, 0.2938309189485026, 1.0], "mid_cosine": [0.24556166974007212, 0.40811251796082487, 0.9044415602720257, 1.0, 0.29724235270166044, 0.4931386712709021, 0.0, 0.5631809942172995, 0.6932026842379325, 0.7321507573888973], "high_L2": [0.5708557317796591, 0.628297687422688, 0.7963101769036571, 1.0, 0.03153180081209217, 0.2340064746646556, 0.17837057338489767, 0.7071191421069332, 0.20530504039767686, 0.0], "high_cosine": [0.29657372600394166, 0.0, 0.6838770505835962, 0.7837423504204146, 0.5388162285073608, 0.11914461047297983, 0.023926287582724422, 0.2594271065923515, 0.46026426099291085, 1.0], "clip_cosine": [0.30658333925147363, 0.0, 0.5306441303884667, 0.39429017825438534, 0.12939421916057098, 1.0, 0.12442298132234926, 0.5143100632057382, 0.1049641360698814, 0.37880832327249486], "dino_cosine": [0.16127322749413675, 0.8772663720007217, 0.3344026249323471, 0.6035371188886884, 0.4794617084611221, 0.7437110995850622, 0.34252661013891395, 0.8774862439112394, 1.0, 0.0], "clip_L2": [0.6474855796323474, 0.9478033851402635, 0.6258458650922492, 0.7090269897969312, 0.7077796680833778, 0.0, 1.0, 0.38757076555849623, 0.9211090969344978, 0.7905549455332367], "dino_L2": [0.5425288504290037, 0.3342594670499553, 0.4846101965757921, 1.0, 0.48486048130475357, 0.28130800243305637, 0.4293460047999317, 0.2693526951032635, 0.0, 0.6522744925567368], "rcnn_confidence": [0.0, 1.0, 0.0, 0.0, 0.0, 0.5947828062764583, 0.0, 0.7756494678850102, 0.0, 0.0], "yolo_confidence": [0.0, 0.0, 0.0, 0.0, 0.0, 0.0, 0.0, 0.0, 0.0, 0.0]}