{"pixel_L2": [0.05614743080651682, 0.0, 0.24644207899559403, 1.0, 0.16110071353374664, 0.12140539675308284, 0.1018101532342964, 0.3270314266775841, 0.14031829925732567, 0.21362776091591712], "pixel_cosine": [0.3293351700993603, 0.3131130970763168, 1.0, 0.0, 0.8341471949441855, 0.770347682101755, 0.9289437154881747, 0.8633766491105843, 0.7667567131725426, 0.6192645417377676], "low_L2": [0.12848354264103862, 0.09146621336622072, 0.26568582120272827, 1.0, 0.17724320746694708, 0.24032967971145205, 0.0, 0.09346954887758267, 0.23598193447824944, 0.22699989095768736], "low_cosine": [0.8297784255024852, 0.8985553026876587, 0.6266704636735723, 0.0, 0.7743708415395746, 0.7481595285329913, 1.0, 0.8767711721025288, 0.7845637310857605, 0.6855480014262707], "mid_L2": [0.3434634316104303, 0.1228692647492092, 0.3318173456495603, 1.0, 0.6886858619506344, 0.0, 0.1256543460713511, 0.35801497187494996, 0.2056577242808321, 0.5281155852432432], "mid_cosine": [0.5865410740398147, 0.8746281931126558, 0.561572136387365, 0.0, 0.26523937596481534, 1.0, 0.9116048523406407, 0.5343639621817826, 0.8449599623893738, 0.32512992252984374], "high_L2": [0.5738210677915753, 0.14226191336178964, 0.4887953736008973, 0.8867778255064397, 1.0, 0.1892870571262749, 0.43410232077584016, 0.8618578258306343, 0.0, 0.8421045027470214], "high_cosine": [0.42772807884066744, 0.8400447508659933, 0.5364432954444608, 0.008909437689947494, 0.0, 0.8370338148367452, 0.6637304124033805, 0.13870324327391284, 1.0, 0.10266773936839593], "clip_cosine": [0.40580605311920936, 0.7414041589458513, 0.9234095120444719, 0.0, 1.0, 0.6981675931645048, 0.5832818612312127, 0.6767551986823142, 0.7984352480955322, 0.7337862878319951], "dino_cosine": [0.8745867722877437, 0.5825149912597084, 1.0, 0.18859557896134357, 0.03612506361604673, 0.9082424269245237, 0.0, 0.3367601177173456, 0.9353483946628903, 0.98800256676919], "clip_L2": [0.8824530441814455, 0.5614863112282005, 0.32588482410322395, 1.0, 0.0, 0.703594224421603, 0.743551807792657, 0.44495857512676673, 0.4918564141164982, 0.7419034589387705], "dino_L2": [0.21869538457280574, 0.3448781127550188, 0.09406630165438061, 1.0, 0.8074674984644387, 0.2891723819740667, 0.6327327267826742, 0.40985004807179726, 0.27970049241748773, 0.0], "rcnn_confidence": [0.0, 0.0, 0.0, 0.0, 0.0, 0.0, 0.0, 0.0, 0.0, 0.0], "yolo_confidence": [0.0, 0.0, 0.0, 0.0, 0.0, 0.0, 0.0, 0.0, 0.0, 0.0]}