{"pixel_L2": [0.08353933662938608, 0.7137834205347285, 0.7112873805980896, 1.0, 0.8365093841501464, 0.27695843133490133, 0.2733703739259828, 0.9757716123457976, 0.055536888590217444, 0.0], "pixel_cosine": [0.4597665315736603, 0.1899846432736384, 0.3341993141431986, 0.07706074566720934, 1.0, 0.0, 0.495571951458889, 0.6818271040447077, 0.17005553823593936, 0.7564746498550925], "low_L2": [1.0, 0.578274396721809, 0.27708681135225377, 0.2569320078919411, 0.2632455607831234, 0.47802018515708, 0.39922977690089545, 0.07567536803763848, 0.0, 0.39228638640157837], "low_cosine": [0.0, 0.723301745167949, 0.4462188027772565, 0.5180052542690936, 0.18981985363107526, 0.5835944830174516, 0.6958763370238319, 0.7378401200975793, 1.0, 0.5782323137549259], "mid_L2": [1.0, 0.5860163575772812, 0.5042284711709736, 0.1559265460264139, 0.0, 0.523854354442703, 0.8343220270985895, 0.12728206390046376, 0.3023851679887883, 0.43533193899875366], "mid_cosine": [0.6729123486597929, 1.0, 0.1312863972376441, 0.6765887709181415, 0.20226676190017134, 0.0, 0.1065768083045953, 0.9751677175946821, 0.337231772351026, 0.1597293732554522], "high_L2": [0.41025197421659176, 0.0, 0.22744788905321317, 0.38661997377012586, 1.0, 0.11593046292937467, 0.659762256885342, 0.2740700951530541, 0.4540014510143148, 0.4592697491419483], "high_cosine": [0.4357657320323341, 0.7917692184250189, 0.9826158643453416, 0.8242788862422791, 0.0, 0.46266696454137257, 0.7625420459587108, 0.5253546964037923, 1.0, 0.27723114972294505], "clip_cosine": [0.5594554487386283, 0.7811471707852119, 0.23304729337376606, 0.0, 0.29021227175946834, 0.22549841925285502, 0.37215304213175043, 0.8976062971804633, 0.31537518549583843, 1.0], "dino_cosine": [1.0, 0.0, 0.7333121651121254, 0.9611510220281801, 0.6159317324866045, 0.5793689224052392, 0.8683865846398094, 0.6596229410597341, 0.7319071244294503, 0.7065767017265331], "clip_L2": [0.4774126202356439, 0.0, 0.4680989973562221, 1.0, 0.4373142462466561, 0.6695286845752573, 0.4257542881856233, 0.27428803808072977, 0.5281442007021181, 0.3613344485090365], "dino_L2": [0.31954888167935075, 1.0, 0.0, 0.5987942552782916, 0.9339847184742731, 0.7261221949337834, 0.5826485956560848, 0.5718637666804793, 0.870992221110471, 0.8605156504249921], "rcnn_confidence": [0.4628303060684503, 0.0, 1.0, 0.0, 0.0, 0.0, 0.0, 0.0, 0.0, 0.0], "yolo_confidence": [0.0, 0.0, 0.0, 0.0, 0.0, 0.0, 0.0, 0.0, 0.0, 0.0]}