{"pixel_L2": [0.1380158321655395, 0.05225650757779414, 0.16471833895515336, 0.674585155044444, 1.0, 0.047915845645535894, 0.9224201722604356, 0.21207539622297203, 0.0, 0.22819468826284087], "pixel_cosine": [0.6635392114602382, 0.9394208644567957, 0.6140986833389567, 0.0, 0.4601597667736501, 0.8387087220138987, 0.21948259707658582, 1.0, 0.7383335794793472, 0.08047934034469247], "low_L2": [0.15512793869128072, 0.08758934428805998, 0.49407439351490556, 0.8472571385540602, 1.0, 0.12974779509818798, 0.6157468014479163, 0.4413236398535621, 0.0, 0.502575598491117], "low_cosine": [0.9085402382671591, 0.8930068019959627, 0.6433941001537918, 0.179074471427056, 0.0, 0.9250468524433735, 0.25879870181449766, 0.4903274110751643, 1.0, 0.3544719805220928], "mid_L2": [0.10409582102735378, 0.13387893676336637, 1.0, 0.5434296419995032, 0.7872160423969748, 0.23529665461370725, 0.41747874630820614, 0.18135540589030888, 0.0, 0.17988110353584144], "mid_cosine": [0.8940256933015647, 0.7203317694644363, 0.0, 0.2709063070586983, 0.3141201804590078, 0.6741991108054334, 0.49497809764764644, 0.844742371021755, 1.0, 0.6940391212858114], "high_L2": [0.0, 0.7319830197016727, 0.8496245311691671, 0.5435547885411278, 0.8298635810053457, 0.3042584120106915, 1.0, 0.6705641597689257, 0.03795980449215382, 0.42558523021210554], "high_cosine": [0.8945575794676757, 0.26456681261699727, 0.0, 0.5497841136285191, 0.20899588053925644, 0.6464217566573105, 0.23429840004573158, 0.6613590530088417, 1.0, 0.7409121135879975], "clip_cosine": [0.7558051008755234, 0.13646745336886182, 0.0, 0.5100875523410735, 0.7341073467834032, 0.7386752950133232, 0.3336505519604111, 1.0, 0.6661591168633422, 0.8656261895698515], "dino_cosine": [0.7839014707605766, 0.758338948787062, 0.0, 0.9157974920895348, 0.5806867455759991, 0.4577632427047932, 0.7500732450486347, 1.0, 0.26044840618774173, 0.5434160025782258], "clip_L2": [0.3144720511878882, 0.8736861927265807, 1.0, 0.5636203046719402, 0.5371143015678569, 0.4020109527498479, 0.9852931321487065, 0.0, 0.42994502180631916, 0.13553089742318197], "dino_L2": [0.29005890697547876, 0.35682400186116736, 1.0, 0.0, 0.5354476548819869, 0.10557197692049636, 0.3968099659857096, 0.05770711378099321, 0.44655891832928524, 0.10685088681797364], "rcnn_confidence": [0.0, 0.0, 0.0, 0.0, 0.0, 0.6280312049072037, 1.0, 0.0, 0.4130349812126038, 0.0], "yolo_confidence": [0.0, 0.0, 0.0, 0.0, 0.0, 0.0, 0.0, 0.0, 0.0, 0.0]}