{"pixel_L2": [0.11632340746556731, 1.0, 0.6426257099484521, 0.9220437905327906, 0.12518053011534452, 0.12392489127192627, 0.6294819900389402, 0.06029423974399318, 0.18602110088263724, 0.0], "pixel_cosine": [0.884159627391988, 0.0, 0.4171366018543743, 0.6508059909328199, 0.8755182650937472, 0.9717812282577677, 0.6333526901973753, 0.9722254732678554, 0.9476029943707384, 1.0], "low_L2": [0.06879988018363112, 0.47142245776743497, 1.0, 0.677084635401466, 0.12057233955981721, 0.08188828091699385, 0.17270698149594496, 0.0, 0.019615659384386457, 0.0022009993619094993], "low_cosine": [0.9731969389998277, 0.0, 0.3625598594268943, 0.3260066186999067, 0.4986453648305815, 0.6123181194336674, 0.4841532193380112, 1.0, 0.9057202886323532, 0.9844105554598332], "mid_L2": [0.2002828650319735, 0.2774483261215821, 0.8863614989852815, 1.0, 0.03844232819986913, 0.0, 0.1487231362128719, 0.0322127841568997, 0.0921232124455297, 0.038773644502591874], "mid_cosine": [0.927625238066354, 0.6220135529720977, 0.0, 0.17544392103244869, 0.9335523158840203, 0.898027408579606, 0.6874542512180428, 0.981560825939956, 0.795384140825193, 1.0], "high_L2": [0.0, 0.37800017688551957, 0.9516776964769836, 1.0, 0.42894129141750065, 0.46401197946735173, 0.5969343093142762, 0.45978065499175813, 0.6433312418129512, 0.38221235036982304], "high_cosine": [1.0, 0.6304838172674521, 0.0, 0.11017238733594231, 0.43270905833425116, 0.30385013355171037, 0.28777977202040056, 0.5147688885903938, 0.12127971669863644, 0.4950609420002917], "clip_cosine": [0.86369803873196, 0.05242383125693845, 0.0, 0.5724682373257679, 0.3231775009251264, 0.22511409892685333, 0.1893425434809424, 0.9465893672135192, 0.5248550635253485, 1.0], "dino_cosine": [0.828361017644184, 0.6237789224745673, 0.0, 0.048230806823990696, 0.8832680781264921, 0.39230924788927024, 0.3990051623703088, 0.8984967896685185, 0.5125520309629871, 1.0], "clip_L2": [0.24768065725707314, 1.0, 0.8724137889543495, 0.6323151394292879, 0.8311711803490275, 0.7239882868729473, 0.9853517728317539, 0.0, 0.5315346787413001, 0.19882194915835463], "dino_L2": [0.1732429573364846, 0.3950839756977298, 1.0, 0.7501320174844318, 0.0404496617474789, 0.5223838956010879, 0.4599839806716112, 0.15507971454875558, 0.21264600771694842, 0.0], "rcnn_confidence": [0.42823846268971094, 0.16522686071867065, 0.0, 0.24838982779899263, 0.18490004695937265, 0.33429430451108455, 0.1191782885183431, 0.18076015232214152, 0.665481175303555, 1.0], "yolo_confidence": [0.0, 0.0, 0.0, 0.0, 0.0, 0.0, 0.0, 0.0, 0.0, 0.0]}