{"pixel_L2": [0.0, 0.5600882415852837, 0.8877888842419811, 0.6810915905513822, 0.10521627808230986, 0.5390079525972844, 1.0, 0.8852348586187191, 0.4390018867864292, 0.12188448780612392], "pixel_cosine": [0.947282757249708, 0.0, 0.12573615287130682, 0.5125487662450613, 0.8219566135725468, 0.16246303704992174, 0.09699823571801307, 0.6723032577094153, 0.9957011157219889, 1.0], "low_L2": [0.3832178976402084, 1.0, 0.544943303708244, 0.518069261415875, 0.29263254673613237, 0.547309224639902, 0.6513178057002759, 0.6362396567575851, 0.5212074777811829, 0.0], "low_cosine": [0.77178910033422, 0.0, 0.3711070186208308, 0.6562308164518109, 0.8703089830161653, 0.22616465452561216, 0.5190914671577656, 0.5549689652820408, 0.7948707455153128, 1.0], "mid_L2": [0.3235794290340831, 0.5660964307578977, 0.7848583037597079, 0.28911640809446304, 0.0, 0.4092807262917411, 0.4058015738311989, 0.4973810957754097, 0.5013380717498461, 1.0], "mid_cosine": [0.51383407013685, 0.27268509103258454, 0.0, 0.7788700942015966, 1.0, 0.4417721194075823, 0.5905972156132581, 0.48375906031390004, 0.5089512248576906, 0.17739556575255644], "high_L2": [0.0, 0.6263423275670499, 1.0, 0.15684927433716953, 0.035777665797603136, 0.7042920053458361, 0.9383914291348071, 0.09148797656345363, 0.09466793531162657, 0.8074059236121327], "high_cosine": [0.6386448272730025, 0.3774174210542251, 0.08232886251475975, 0.5011063005237821, 0.6695570559205547, 0.5194532077870961, 0.5161016076781011, 0.30603288019619124, 1.0, 0.0], "clip_cosine": [0.04191090269636577, 0.597010550996483, 0.5416178194607268, 0.5008792497069168, 0.35844079718640093, 0.5832356389214537, 0.8467174677608441, 1.0, 0.7790152403282532, 0.0], "dino_cosine": [0.5669796863502264, 0.4656207173574028, 0.5632396524603888, 0.9067489384109582, 0.7939740898013191, 0.8909989400986991, 1.0, 0.7968635022649483, 0.48071587219075523, 0.0], "clip_L2": [1.0, 0.37137912146913304, 0.453048256121914, 0.4852665289647723, 0.635512289848952, 0.4777858690424304, 0.011569305291235897, 0.0, 0.20124328748383627, 0.9207438067986475], "dino_L2": [0.48346317782287046, 0.6546291218131752, 0.49996091637438683, 0.29333563810214996, 0.4073549663849044, 0.43902731977205667, 0.0, 0.39366870685310723, 0.42709124406040105, 1.0], "rcnn_confidence": [1.0, 0.0, 0.5678142356812784, 0.765747910237718, 0.0, 0.8807904768223422, 0.5811927597699792, 0.0, 0.0, 0.8461925790716854], "yolo_confidence": [0.0, 0.0, 0.0, 0.0, 0.0, 0.0, 0.0, 0.0, 0.0, 0.0]}