{"pixel_L2": [0.5848966946443445, 0.056059125826073045, 0.2736140511332627, 0.7393121097437826, 1.0, 0.5321106815818644, 0.2088338756294494, 0.4646843652911794, 0.32518479237656217, 0.0], "pixel_cosine": [0.164864438032027, 0.9370755680968403, 0.0, 0.3362332149046522, 0.04640786670445786, 0.5600958446070674, 1.0, 0.5555337082470917, 0.5378258836916698, 0.8744429372125786], "low_L2": [0.7215385486815215, 0.20908525742848474, 0.263913238231029, 0.12997689452554198, 0.4234803606942137, 0.4524885211071585, 1.0, 0.3142730254618923, 0.0, 0.17281324181030994], "low_cosine": [0.0, 0.9790199133894668, 0.5153011697770119, 0.3509455581514783, 0.027339975281345033, 0.05864782949842523, 0.11688392562131812, 0.2809420928510045, 1.0, 0.8861059033921116], "mid_L2": [0.8845778040261658, 0.3372678149133234, 0.3171503135784596, 0.4147715487835455, 0.06572944372205845, 0.6728030140849998, 1.0, 0.04231580753637868, 0.0, 0.5078604944452173], "mid_cosine": [0.18812055477677792, 0.673516320953999, 0.8054728328628368, 0.4275279229462342, 0.8262486999437988, 0.0, 1.0, 0.7617223079954264, 0.9760111368789607, 0.32653697327536646], "high_L2": [1.0, 0.7422609751144935, 0.0, 0.41349669031143305, 0.4470400763315561, 0.47176555221487576, 0.6388046170325352, 0.37826052823671236, 0.08937857568275301, 0.2507222133735725], "high_cosine": [0.4739649662734532, 0.11033714393491259, 1.0, 0.0, 0.4461738990814217, 0.6230313716132346, 0.6299089648505835, 0.6395458222249542, 0.5548488469683502, 0.586285667275188], "clip_cosine": [0.0, 0.9491153677438222, 0.8106448311156602, 0.014914461178534873, 0.7755519812838134, 0.20046790466442463, 0.8496856265535897, 0.20368474923234392, 1.0, 0.10498610908027489], "dino_cosine": [0.5836009794808474, 0.4434734804866882, 0.67937610122227, 0.0, 0.8412921932879202, 0.6316940440350172, 1.0, 0.6185990371675523, 0.5605446801426213, 0.7572940801065497], "clip_L2": [0.6392801360239204, 0.09665226532783112, 0.28950704244843056, 1.0, 0.4403290073962545, 0.5982902907668136, 0.057521862634660824, 0.7084305492897585, 0.0, 0.37187144521725174], "dino_L2": [1.0, 0.506009036462417, 0.2808422775860415, 0.8851135595289584, 0.3882422336138984, 0.37582638109529104, 0.0, 0.5419860501982353, 0.5791443811695575, 0.4956753156791145], "rcnn_confidence": [0.0, 0.0, 1.0, 0.0, 0.0, 0.0, 0.0, 0.0, 0.0, 0.47549610082711463], "yolo_confidence": [0.0, 0.0, 0.0, 0.0, 0.0, 0.0, 0.0, 0.0, 0.0, 0.0]}