{"pixel_L2": [0.10259179265658748, 0.8098632109431245, 0.4367170626349892, 0.14931605471562276, 0.03923686105111591, 1.0, 0.30611951043916485, 0.0, 0.9494600431965443, 0.48898488120950323], "pixel_cosine": [0.8415431190583975, 0.2528387656556511, 0.5294297947789347, 0.8492719179115739, 0.9493313339369247, 0.0, 0.713378979930587, 1.0, 0.11056332050701675, 0.49961803983703035], "low_L2": [0.0, 1.0, 0.4523707082006712, 0.21122680205375327, 0.07474973467573072, 0.992513553050512, 0.12064366233542724, 0.09611909474227691, 0.5868685999483694, 0.12259415426096434], "low_cosine": [1.0, 0.15087596966791597, 0.4799218039870005, 0.8140167598460983, 0.925066304740322, 0.0, 0.934467258532455, 0.9142769981696156, 0.44662624049009475, 0.8401588823448842], "mid_L2": [1.0, 0.8608542849418762, 0.5497161394971614, 0.17710191943768586, 0.23764530954311977, 0.4831846444985131, 0.10862395241957286, 0.15954311976209787, 0.0, 0.253595566369289], "mid_cosine": [0.18191531550191592, 0.0, 0.21766992596484402, 0.5774843202582516, 0.5730083633709109, 0.19744223818051848, 1.0, 0.685672643870945, 0.9403399403374144, 0.40321501011636984], "high_L2": [0.7584607503982149, 1.0, 0.7216916588894893, 0.959448744307457, 0.25343306832455037, 0.9760229034951688, 0.820694542877392, 0.07447846131175839, 0.0, 0.8354372644918638], "high_cosine": [0.29609728360600657, 0.43788994856685015, 0.30897237083559487, 0.6416505130392081, 0.3216600759866636, 0.2574810679486185, 0.5536933653821302, 1.0, 0.725909126153369, 0.0], "clip_cosine": [0.35343137254901963, 0.307843137254902, 1.0, 0.0, 0.14019607843137255, 0.35049019607843135, 0.48970588235294116, 0.4117647058823529, 0.3215686274509804, 0.9534313725490197], "dino_cosine": [0.9017013319155568, 1.0, 0.35266887277593933, 0.5208816492652922, 0.0, 0.243544380379683, 0.5376291353090539, 0.3065789111842407, 0.40133466555444536, 0.2990622507814577], "clip_L2": [0.6786314470789538, 0.6239259960889758, 0.0, 0.8652178562698607, 1.0, 0.4638352481055977, 0.3403538254705451, 0.9107171229528233, 0.8042333781471522, 0.03645807870936201], "dino_L2": [0.0, 0.38388216189762947, 0.6480817570423318, 0.24510614475430623, 0.46524621282338374, 1.0, 0.410169950245805, 0.36261057517629003, 0.47929194812513437, 0.30860020910108776], "rcnn_confidence": [0.0, 0.0, 0.0, 0.0, 0.0, 0.0, 0.0, 0.0, 0.0, 0.0], "yolo_confidence": [0.0, 0.0, 0.0, 0.0, 0.0, 0.0, 0.0, 0.0, 0.0, 0.0]}