{"pixel_L2": [0.5657558688731064, 0.0, 0.0074014468584667654, 0.7261386916076766, 0.4156666550047231, 0.6688357881724568, 0.7265624088910658, 0.6354787422205118, 1.0, 0.5569627634141506], "pixel_cosine": [0.74436100114424, 1.0, 0.6432733155340444, 0.43298304683492694, 0.7278944668762248, 0.42110662475504057, 0.8065971354543422, 0.5207738745018611, 0.0, 0.15117120197808845], "low_L2": [0.2701406918517605, 0.10548244015409375, 0.0, 1.0, 0.42613537595397377, 0.358666090964656, 0.2820117420780226, 0.764188344277279, 0.7357920295178122, 0.5370010037401939], "low_cosine": [0.8319823012896734, 0.968084011707674, 1.0, 0.0, 0.6403663221439678, 0.7433058172505259, 0.737371947315467, 0.2907196103539742, 0.46740944845879445, 0.6342781029909449], "mid_L2": [0.32895071005991067, 0.0, 0.1926820738495614, 0.43151075602333144, 0.3839610976264723, 0.4537701246091652, 0.35372058070452267, 1.0, 0.43898605692969345, 0.7896278378457144], "mid_cosine": [0.6939203932529175, 1.0, 0.7816698538785918, 0.49266021869177207, 0.523202289889183, 0.5778384573894283, 0.6997677012846916, 0.0, 0.5872192801804452, 0.2040183387270766], "high_L2": [0.5216146403843509, 0.3876599126753244, 0.5086611405193627, 0.4081052990895613, 0.0, 0.8905715843263925, 0.6270105309279138, 0.6150836309538973, 1.0, 0.8105426459274808], "high_cosine": [0.20115799700140546, 0.719852298694419, 0.3758857484660058, 0.7341663196976124, 1.0, 0.1960404477953293, 0.18070083187866964, 0.4336956797954544, 0.0, 0.2826536975172654], "clip_cosine": [0.19251543209876543, 0.5339506172839507, 0.46334876543209874, 0.4425154320987654, 0.5582561728395061, 0.0, 0.18171296296296297, 1.0, 0.11844135802469136, 0.5949074074074074], "dino_cosine": [0.0, 1.0, 0.36405160175297824, 0.8268501944324425, 0.14817603851614097, 0.7246095920004938, 0.6978211221529536, 0.2902166532930066, 0.8972902907227949, 0.17543361520893772], "clip_L2": [0.5442506402334144, 0.47773771452597247, 0.578694560882694, 0.697425051282378, 0.42574184259813724, 0.9962057410781403, 0.7831895727954948, 0.0, 1.0, 0.06841897384280199], "dino_L2": [0.8851606361070204, 0.4698595448809792, 1.0, 0.0, 0.7620338220256186, 0.45575564056478285, 0.3868810760155295, 0.6540164011473397, 0.22444477359409581, 0.7979138241904106], "rcnn_confidence": [0.591889580156357, 0.0, 0.0, 1.0, 0.0, 0.0, 0.0, 0.0, 0.0, 0.0], "yolo_confidence": [0.0, 0.0, 0.0, 0.0, 0.0, 0.0, 0.0, 0.0, 0.0, 0.0]}