{"pixel_L2": [0.17857650828168653, 0.6720113241205518, 0.17421527039124138, 0.21689812017395704, 0.8607734498749234, 1.0, 0.0, 0.11156714592440845, 0.6794099741811865, 0.6080510375961968], "pixel_cosine": [0.9602431427330904, 0.25623544069620374, 0.9283249957525532, 0.8608627036414778, 0.31637400184999903, 0.0, 0.9082143733600135, 0.8309357597266532, 1.0, 0.500728295546788], "low_L2": [0.0, 0.10085944551321654, 0.2405912823655877, 0.24223794603732857, 0.5590394525559291, 0.24526396670558978, 0.03392367194270036, 0.13534609804536085, 0.19146740726981418, 1.0], "low_cosine": [1.0, 0.5629320055296708, 0.8575396622219622, 0.8995214567317891, 0.3858079097698165, 0.41048662565737987, 0.9803133480108546, 0.8290867265958147, 0.8684198014877448, 0.0], "mid_L2": [0.263315884346842, 0.0, 0.11243501287932889, 0.11440789821023177, 0.30118218305914723, 0.5381205508359357, 0.21226261366419585, 0.30037238706819314, 0.4324886181982595, 1.0], "mid_cosine": [0.724890836258145, 0.8870980106270245, 0.8684127854979445, 1.0, 0.5009740186536598, 0.1180095748438639, 0.787179930405766, 0.5876744553086272, 0.7753316247923822, 0.0], "high_L2": [1.0, 0.0, 0.5187141407317704, 0.5684011163653684, 0.4484132419735945, 0.7217145672294153, 0.5422637374268806, 0.458658524816248, 0.830986688292484, 0.9671195999016253], "high_cosine": [0.266645795033085, 1.0, 0.5798528149481466, 0.6317547225407237, 0.6378328518444972, 0.26190683991723945, 0.6199807991647076, 0.47507174290417836, 0.6443337518336077, 0.0], "clip_cosine": [0.0, 0.12194412107101281, 1.0, 0.5458381839348079, 0.2712456344586729, 0.5321594877764843, 0.7761932479627474, 0.9656577415599534, 0.8258149010477299, 0.6318393480791619], "dino_cosine": [0.6010387833389763, 0.6053670472513779, 0.6803088425733623, 0.3457305516093114, 0.5428690106775478, 0.35677111512134846, 0.0, 0.18151482255863227, 1.0, 0.17927738935875373], "clip_L2": [1.0, 0.8084994190419266, 0.0, 0.5256026984810604, 0.7441754886675546, 0.37053132051066046, 0.2772502839241399, 0.15663290004656405, 0.21881507859321234, 0.42906897645044084], "dino_L2": [0.5057027051978372, 0.5194208422918936, 0.4901754302055399, 0.8258753435582344, 0.5527739372913764, 0.840322307954979, 1.0, 0.8376828463917905, 0.0, 0.7832371388815045], "rcnn_confidence": [0.0, 0.0, 0.0, 0.0, 0.0, 0.4505706058807153, 0.0, 1.0, 0.0, 0.44823403877389234], "yolo_confidence": [0.0, 0.0, 0.0, 0.0, 0.0, 0.0, 0.0, 0.0, 0.0, 0.0]}