{"pixel_L2": [0.5460266467317562, 0.12781871829734373, 0.2112681340409671, 0.736438158586752, 0.16963895533473072, 0.4904349251850313, 0.0, 0.22271079118297066, 1.0, 0.033028080016618604], "pixel_cosine": [0.8980287147223576, 0.4979742095517622, 0.540933338293782, 0.3935757408960453, 0.0, 0.4692908635259556, 0.20960330903759378, 0.3462691972724107, 1.0, 0.34837723853318336], "low_L2": [0.3748582608087622, 0.23465522324688534, 0.235373921142189, 0.6152306284966238, 0.2631587673574192, 1.0, 0.19774788769858806, 0.2999839248113688, 0.0, 0.21509467421071185], "low_cosine": [0.4020938563339996, 0.3556519657412037, 0.40162004855282896, 0.2098195415785031, 0.3851122113980696, 0.0, 0.48007825309564806, 0.5100241517282139, 1.0, 0.4862315199379561], "mid_L2": [0.7399311655336985, 0.05409083649846893, 0.5116433013695142, 0.32295261439043077, 0.2965703123010941, 1.0, 0.04441836727608546, 0.5316999613471558, 0.0, 0.030877141818905638], "mid_cosine": [0.07352227013674707, 0.537980756883465, 0.0797053062158395, 0.29323689205690284, 0.021693450289393873, 0.0, 0.34290021923424446, 0.1902213121834937, 1.0, 0.519016644525331], "high_L2": [0.683551943227137, 0.26786965290308884, 0.40001061458443904, 0.9246288686369357, 0.0, 1.0, 0.581589761475124, 0.6548030994586562, 0.5011812516111422, 0.13754530153001654], "high_cosine": [0.7061810659096361, 0.8505111117342281, 0.7104698104053178, 0.44768323676435723, 1.0, 0.0, 0.3000874912940639, 0.3286299327855002, 0.45699416280971394, 0.7569959755137671], "clip_cosine": [0.03299610894941634, 1.0, 0.787704280155642, 0.14474708171206227, 0.5514396887159533, 0.0, 0.4541634241245136, 0.9193774319066148, 0.2557198443579767, 0.6073151750972763], "dino_cosine": [0.903665045120107, 0.7965281627538519, 0.39450161225246266, 0.6393802914847484, 0.40920049991307283, 0.0, 0.9427199338697667, 0.6585895497174048, 1.0, 0.4648109088642723], "clip_L2": [0.7986964121471772, 0.14906119642873733, 0.6894084482367322, 0.2786482077989645, 1.0, 0.7695826846583557, 0.7766368176636022, 0.0, 0.7504117675945208, 0.5811172207114123], "dino_L2": [0.4096778807869445, 0.3951335771463069, 0.4395368980186723, 0.653583588916459, 0.19947197633805228, 1.0, 0.11582505386674836, 0.34430792069282834, 0.0, 0.6060682173231858], "rcnn_confidence": [0.8349941200884019, 0.7729412413725769, 1.0, 0.8938164901896061, 0.37866511122437646, 0.0, 0.0, 0.5550796111416264, 0.0, 0.1751515414142282], "yolo_confidence": [0.0, 0.0, 0.0, 0.0, 0.0, 0.0, 0.0, 0.0, 0.0, 0.0]}