{"pixel_L2": [1.0, 0.4893776268063792, 0.4005987679198572, 0.9558408659105303, 0.3900627554839081, 0.9325234613391675, 0.0, 0.9179572802118717, 0.7595140768035005, 0.6126432149231389], "pixel_cosine": [0.35586873549047127, 0.40836535813123825, 0.9715383707356741, 0.2107734480542476, 0.6025864669543434, 0.3321354091523156, 1.0, 0.0, 0.5242514066865155, 0.6705927101504401], "low_L2": [0.0, 0.7648609343755681, 0.752954008362116, 0.5538992910379931, 0.25259043810216325, 0.5584439192874023, 0.6302490456280676, 0.4677331394291947, 1.0, 0.07280494455553535], "low_cosine": [0.38096312327724163, 0.6306476514088727, 0.23846148423345623, 0.3523908890314485, 1.0, 0.5477155606939677, 0.5990017694623232, 0.3784886958851189, 0.0, 0.612981226780213], "mid_L2": [0.2901079438022067, 0.6244225844283287, 0.8668533543955387, 0.8429190301811829, 0.0, 0.6392139967928006, 0.6463224910844643, 0.38989014145185613, 1.0, 0.13853186855269142], "mid_cosine": [0.35659418772523394, 0.22039035034549642, 0.15974388080097862, 0.4171260428261277, 1.0, 0.4452484598684138, 0.576715634952997, 0.4977066090655617, 0.0, 0.7401999140391673], "high_L2": [0.5415582585826328, 0.0, 0.5428168881792138, 0.8646691400929883, 0.3603531677076974, 0.4438829662330343, 0.46080871647959426, 1.0, 0.5566899920161555, 0.22552012398440802], "high_cosine": [0.1401187060778146, 0.6761937972543997, 0.5416458328229943, 0.35017716572307966, 0.7172495579862908, 0.6421050659742386, 1.0, 0.0, 0.4225060268046912, 0.359413703217514], "clip_cosine": [0.6769440654843111, 0.5323328785811733, 0.8971350613915416, 1.0, 0.29113233287858115, 0.8783083219645293, 0.5590723055934516, 0.789631650750341, 0.0, 0.7931787175989086], "dino_cosine": [1.0, 0.5078024551003559, 0.3450133311678644, 0.6169285530607549, 0.553994613396132, 0.4711924966502903, 0.3506976870085401, 0.0, 0.6555551044162031, 0.6548513270264051], "clip_L2": [0.6567279316593321, 0.6047346621796531, 0.0, 0.1620230390887911, 1.0, 0.39677970489257053, 0.5390072482526533, 0.47191302096815946, 0.741241263266891, 0.2319246699456381], "dino_L2": [0.09808160884038573, 0.4706025906478908, 0.13227404280631913, 0.17874479029631918, 0.7690228063953998, 0.14397657206264228, 0.8494724519639582, 1.0, 0.673720977231736, 0.0], "rcnn_confidence": [0.0, 0.0, 0.0, 0.0, 0.0, 0.0, 0.0, 0.0, 0.0, 0.0], "yolo_confidence": [0.0, 0.0, 0.0, 0.0, 0.0, 0.0, 0.0, 0.0, 0.0, 0.0]}