{"pixel_L2": [0.725286860394608, 0.6207437380474835, 0.3083399412286021, 0.2052905919119362, 0.0, 0.27354354214282384, 0.816964410653482, 0.43590535939176267, 1.0, 0.6656280610103084], "pixel_cosine": [0.20060576345174452, 0.26116629234808464, 0.4254025242779869, 1.0, 0.7641674311201088, 0.8236959478695474, 0.0, 0.2698573371714168, 0.23044317211273843, 0.11843624458292475], "low_L2": [0.652200919848443, 0.6394422883610479, 0.21007423842824396, 0.0649575063761205, 0.0, 0.14314654117430534, 0.5651469846749441, 0.37563481620605016, 1.0, 0.4362250554855086], "low_cosine": [0.3097849660116522, 0.33463688507809164, 0.7349412013727198, 1.0, 0.9866388837803232, 0.8745241804800356, 0.25609586830773073, 0.4989416594086479, 0.0, 0.4497860764017808], "mid_L2": [0.8474833934691418, 0.9313020057090077, 0.5548415705637123, 0.0, 0.2340882042675379, 0.5288169667491566, 0.9861142457736739, 0.8623415283079086, 1.0, 0.7747626466649234], "mid_cosine": [0.2655597526132333, 0.20124104188362305, 0.41135444460191967, 1.0, 0.7560126445776822, 0.4538912475942233, 0.00885079357254508, 0.1208095323190558, 0.1753767595291353, 0.0], "high_L2": [0.7154124823657214, 0.8932407257212236, 0.33599162402489197, 0.0, 0.24134408839996263, 0.8034526319928824, 0.8092027585664499, 1.0, 0.6071539871902634, 0.5645299082280192], "high_cosine": [0.4182128933732069, 0.0, 0.6656047888313965, 1.0, 0.8511369847422289, 0.4039982389587844, 0.33556965555884916, 0.33239715481778603, 0.13593224493982067, 0.5136243053705504], "clip_cosine": [0.6314037358979101, 0.520251525799889, 0.35675975587201775, 0.9580173848714629, 0.6482337710375439, 1.0, 0.9078971703347513, 0.0, 0.48474200110967264, 0.33974477529128905], "dino_cosine": [0.7157709035471913, 0.3683990475559204, 0.7979625446776833, 0.4670647080718106, 0.5881597128391297, 0.588460538324657, 0.03920928785939723, 0.0, 0.4420401066655789, 1.0], "clip_L2": [0.3454155037943281, 0.640577954865926, 0.6135191588703024, 0.0, 0.32946762387881556, 0.002176545961980657, 0.0777377964227414, 1.0, 0.7219298707529562, 0.6491337698127118], "dino_L2": [0.0, 1.0, 0.3713884465203973, 0.027548187991845333, 0.0060015556715089045, 0.30592674636411893, 0.703728632955278, 0.6413659907965801, 0.3783631051099865, 0.21218298990235995], "rcnn_confidence": [0.13173364542791263, 0.11664408967504032, 0.0, 0.45922079303042956, 1.0, 0.14592412175142763, 0.10002876148300463, 0.1357302089503009, 0.1934134912838039, 0.12012972362223416], "yolo_confidence": [0.0, 0.0, 0.0, 0.0, 0.0, 0.0, 0.0, 0.0, 0.0, 0.0]}