{"pixel_L2": [0.0, 0.9265991972419092, 0.7684538312994773, 1.0, 0.8050682950995359, 0.06331577510641094, 0.8366427726496072, 0.7226794326097726, 0.9673032787713959, 0.36642772649607214], "pixel_cosine": [1.0, 0.06737223572046287, 0.27731334678581726, 0.37460363217065434, 0.2011489519416876, 0.9247209982292138, 0.11127125972902854, 0.8894699995881893, 0.0, 0.4458674793065107], "low_L2": [0.006207328752311474, 0.6284274914271339, 0.8131026934466673, 0.698296901410937, 1.0, 0.0, 0.451182106652191, 0.31007736542696623, 0.278550843605326, 0.4154320415557821], "low_cosine": [0.833457469775475, 0.5001052461139897, 0.3490554835924007, 0.37379911485319517, 1.0, 0.4834709628670121, 0.26843965889464594, 0.2870169473229706, 0.5617416882556131, 0.0], "mid_L2": [0.0, 0.2760081969951776, 0.29075944714831436, 0.29248571651315863, 1.0, 0.09190992215082025, 0.47539787724554233, 0.41318535678089746, 0.07479201238459054, 0.28264598113354644], "mid_cosine": [1.0, 0.13683905425419482, 0.18767695619439467, 0.0, 0.21416780660919235, 0.22949075497774904, 0.43160344845869164, 0.18250744939185393, 0.12906977155198315, 0.9124170669720653], "high_L2": [0.47470474249536443, 0.5635325660257589, 0.6037187689669189, 0.0, 1.0, 0.9624615093352042, 0.9695624453613528, 0.20863610800216048, 0.3447956166580359, 0.4889957068640062], "high_cosine": [1.0, 0.1918366523560006, 0.8790865188914481, 0.8055524135650417, 0.23746243720321697, 0.0, 0.438915741900809, 0.8783732670321301, 0.7403554299719959, 0.860200474204418], "clip_cosine": [0.8962384443736053, 0.8210073318457125, 0.0, 0.4365635957921581, 0.27813197322282435, 0.5342684093082563, 0.6557220274147274, 0.7868983104877272, 0.7427478482626714, 1.0], "dino_cosine": [0.6876327917779426, 0.6477690981305647, 1.0, 0.7234154841468796, 0.0, 0.8165141788634162, 0.4719220742587546, 0.4445197657860136, 0.8915691154190875, 0.22587454901978626], "clip_L2": [0.03405051427385882, 0.25808622817185806, 0.9685488997422298, 0.2090061553641411, 1.0, 0.5092933574417424, 0.0, 0.2730952808874918, 0.7541846946985222, 0.05301718990679503], "dino_L2": [0.44645642311343453, 0.36104958255239394, 0.0, 0.8634134650491782, 0.48308770799825496, 0.344602577521303, 1.0, 0.7913810503689529, 0.3231525673168202, 0.9888705603478137], "rcnn_confidence": [0.22341148871002028, 1.0, 0.4306537892465257, 0.07832414525113901, 0.17854555529685281, 0.6392960149645363, 0.5921015474725746, 0.20197834231206824, 0.0, 0.47832692207756433], "yolo_confidence": [0.0, 0.0, 0.0, 0.0, 0.0, 0.0, 0.0, 0.0, 0.0, 0.0]}