{"pixel_L2": [0.038826772682628026, 0.3974313065679555, 1.0, 0.0, 0.30793759967049333, 0.4177637571683547, 0.49815758103013086, 0.43229766229788674, 0.7663320994434294, 0.07684661041114409], "pixel_cosine": [0.9432212461082037, 0.6774318597329394, 0.0, 0.8347503575301347, 0.8171279198294332, 0.6082098348289355, 0.5983124926878758, 0.592954342659675, 0.30667180043270315, 1.0], "low_L2": [0.13792445929885958, 0.05227236292872476, 0.5258744561423271, 1.0, 0.07968155648159447, 0.0, 0.1185808965914418, 0.11949122953292338, 0.06485597653085846, 0.12087550249145206], "low_cosine": [0.7588824689290219, 0.2248851299642156, 0.0, 0.44413489780423543, 0.3532396742284489, 0.7951789371156505, 0.373653763800501, 1.0, 0.69910338065551, 0.8883177616536964], "mid_L2": [0.9244521247231317, 0.002091352870104665, 0.3208309082778473, 1.0, 0.04476633700893094, 0.12484223094617987, 0.41045197041844284, 0.5223929061790039, 0.0, 0.400357747181505], "mid_cosine": [0.1146121931988344, 0.8238681901267245, 0.8707779183339452, 0.0, 0.7554286979337594, 0.47763128124574966, 0.3973639713317356, 0.31734985728517545, 1.0, 0.48026873819839455], "high_L2": [0.6180959212953474, 0.0, 0.2619360524697684, 1.0, 0.03456241032998565, 0.31703750768600125, 0.43516786226685794, 0.5836364009018241, 0.020048370567739292, 0.5818926009428161], "high_cosine": [0.16532797585772638, 0.9617712977421409, 1.0, 0.28003483227103315, 0.7970734057156713, 0.07824689141916957, 0.37695572135376615, 0.0, 0.9847909209341081, 0.32734129848261817], "clip_cosine": [0.6250172200027552, 0.9191348670615788, 0.0, 0.5058548009367682, 0.27923956467833033, 0.6518804243008679, 0.727235156357625, 0.6542223446755752, 0.647334343573495, 1.0], "dino_cosine": [0.516277614773904, 0.9314700552295478, 0.7819134017949603, 0.7676664437348981, 0.0, 0.5894055272695893, 1.0, 0.6667781325509148, 0.7914356446323784, 0.9506601656886434], "clip_L2": [0.3273718718662843, 0.09301508517796386, 1.0, 0.4641678591340815, 0.7767717417072894, 0.3820035160002968, 0.4046697002074532, 0.2846160867849218, 0.44469030762047423, 0.0], "dino_L2": [0.36187677838049986, 0.4438136887991814, 0.2529014759682099, 0.9607792635577421, 0.9938010736862761, 0.039961874325441876, 0.16755498086707876, 1.0, 0.15370288605749688, 0.0], "rcnn_confidence": [1.0, 0.0, 0.998445009561449, 0.0, 0.0, 0.0, 0.0, 0.0, 0.0, 0.0], "yolo_confidence": [0.0, 0.0, 0.0, 0.0, 0.0, 0.0, 0.0, 0.0, 0.0, 0.0]}