{"pixel_L2": [0.15739806865350361, 0.13649157637022752, 1.0, 0.9913299488140409, 0.37031712195719335, 0.0, 0.6973039008260842, 0.6778878847285432, 0.5465178911902603, 0.6356656912693142], "pixel_cosine": [0.9411562112689484, 0.8100164458003623, 0.0, 0.014305462865859472, 0.6642947373438841, 1.0, 0.29517470683573266, 0.442816283725808, 0.4074184860329869, 0.5152683763943179], "low_L2": [0.0, 0.9527506404919681, 0.8953821663040504, 1.0, 0.5875919404090078, 0.1651393865615933, 0.7784285524076792, 0.4388836784649847, 0.3954780023381066, 0.4836222801953007], "low_cosine": [1.0, 0.1617876436833549, 0.37787805295564275, 0.11297012406926785, 0.0, 0.5155971730622217, 0.3074608489106593, 0.6624154858520206, 0.25563755484980166, 0.7545737850111055], "mid_L2": [0.3985730318723494, 0.49375303649737246, 0.9428364120853125, 1.0, 0.5359340955427931, 0.291567394860284, 0.4021966738022145, 0.3568205300106715, 0.0, 0.34530252530502875], "mid_cosine": [0.5482260752126621, 0.394347471940589, 0.6333095287832636, 0.31065099776690647, 0.27614816470157677, 0.0, 0.52645462804176, 0.3438008579354168, 0.4073169033357138, 1.0], "high_L2": [0.36266595265778157, 0.25299128614587546, 0.8333202534291881, 1.0, 0.05668390795880292, 0.5172789930364349, 0.0, 0.27811525396007836, 0.8736751650870759, 0.3199269811603216], "high_cosine": [0.38274681864657484, 0.8491412227459053, 0.7135039752646442, 0.0, 0.5281017085899714, 0.60017404732768, 0.8344025939648371, 0.535841655834518, 1.0, 0.8635567899177715], "clip_cosine": [0.7549277266754271, 0.40275952693823913, 0.5915462111257118, 0.5700832238282961, 0.7124397722295226, 1.0, 0.7093736311870346, 0.8775733683749453, 0.6708278580814717, 0.0], "dino_cosine": [0.15774222253039338, 0.5891259880737761, 0.20924917949429114, 0.7767733324088198, 0.8801483844127028, 0.12328098275782369, 1.0, 0.2261591087690103, 0.5872740720195997, 0.0], "clip_L2": [0.33068497064632146, 1.0, 0.5347002758724538, 0.6191454324672341, 0.4929709474838463, 0.0, 0.35946142129333797, 0.2324712882220416, 0.14411102080530047, 0.926833953354582], "dino_L2": [1.0, 0.4223667833666479, 0.5975907884392282, 0.36633336264697425, 0.31827959033790704, 0.9201924242460254, 0.0, 0.6884292721264511, 0.6024410076181135, 0.5857005418798178], "rcnn_confidence": [0.0, 0.0, 0.5767373887932342, 1.0, 0.0, 0.24834589924333578, 0.0, 0.4217676428265149, 0.0, 0.0], "yolo_confidence": [0.0, 0.0, 0.0, 0.0, 0.0, 0.0, 0.0, 0.0, 0.0, 0.0]}