{"pixel_L2": [0.7835073567291141, 0.5911141266789802, 0.9810061107132236, 0.0, 0.9628456908791637, 0.5180745599155641, 0.8140232282491696, 0.9186550567303705, 1.0, 0.6330682146581729], "pixel_cosine": [0.6883201900231635, 0.8438160255101629, 0.7237137416208683, 0.9637309171732565, 1.0, 0.6530650108308984, 0.031205769694954, 0.47886656246335146, 0.07776591236124754, 0.0], "low_L2": [0.5675800160838825, 0.7595755135820136, 0.993491323201062, 0.14050736890588958, 1.0, 0.38444173779823226, 0.21066930379941698, 0.3885833991179727, 0.44350382330882165, 0.0], "low_cosine": [0.6585311430817944, 0.4459072094599221, 0.0, 1.0, 0.28145417023798563, 0.7393515665398701, 0.41160247737377603, 0.4739937144786583, 0.5881082753067792, 0.6483980420907977], "mid_L2": [0.153703063837441, 0.007781474977635359, 0.8393485144672009, 0.02570632031845355, 0.4267410103611002, 0.474158781848905, 1.0, 0.7443473074865931, 0.0, 0.21310544277255278], "mid_cosine": [1.0, 0.8844285257013321, 0.33650525450956786, 0.6194241816136018, 0.5579757675616962, 0.5726482143513066, 0.0, 0.3931987853046146, 0.8019290897955542, 0.37026694962582374], "high_L2": [1.0, 0.0, 0.8009950950559614, 0.6920313803568477, 0.49143146177005204, 0.7627500332504423, 0.7548716935961663, 0.988474187580859, 0.9406650894537658, 0.3805210848107949], "high_cosine": [0.3699520806004724, 1.0, 0.4236617899594601, 0.30495231488774344, 0.35863070745572734, 0.38723659458859977, 0.0, 0.06167359285769956, 0.3986752291011634, 0.5483859726206479], "clip_cosine": [0.0, 0.5611187845303868, 0.6947513812154696, 0.0231353591160221, 0.11291436464088397, 0.7386049723756906, 1.0, 0.7496546961325967, 0.5145027624309392, 0.09944751381215469], "dino_cosine": [0.898986926730842, 0.20612047585018287, 0.0, 0.10257682121989155, 0.5597208793980412, 0.1098238681743663, 0.5075707259657825, 0.2041531800411955, 1.0, 0.9419479591407793], "clip_L2": [1.0, 0.4287645711065632, 0.30781428487182233, 0.44090961709414406, 0.9975635646436208, 0.41477062997852965, 0.0, 0.34740444826915895, 0.5541050277279667, 0.42440716318547267], "dino_L2": [0.07295392081325683, 0.18361382950585908, 0.14743873549603836, 1.0, 0.0, 0.10774905415195667, 0.5908416610126611, 0.02319340148805759, 0.38948671212870434, 0.3317784818132683], "rcnn_confidence": [0.0, 0.0, 0.0, 0.0, 1.0, 0.2598630431396038, 0.0, 0.3343708993292985, 0.0, 0.0], "yolo_confidence": [0.0, 0.0, 0.0, 0.0, 0.0, 0.0, 0.0, 0.0, 0.0, 0.0]}