{"pixel_L2": [0.29220984612460715, 0.5303291317952582, 0.34648910247273074, 0.0, 0.019496765698072994, 0.5213708281577715, 0.8494505419916241, 0.4987979121274444, 1.0, 0.6760172948610913], "pixel_cosine": [0.6267512151792544, 0.0, 0.33508845518024133, 0.6349823583113327, 1.0, 0.5129906980187027, 0.40827062103678846, 0.3779071775765501, 0.23725727257025833, 0.6894075846924425], "low_L2": [0.24209699272835142, 1.0, 0.040170446801516865, 0.12528160601614674, 0.0, 0.5267455564374534, 0.36621609704083186, 0.4260047622483585, 0.45741636000673447, 0.02785995462234729], "low_cosine": [0.0, 0.6832217690006219, 0.35188427016360047, 0.9187457459467135, 0.32348188446603365, 0.6212521484499332, 0.45663191605008396, 0.29029782045569175, 1.0, 0.4480895322132829], "mid_L2": [0.25710778418280594, 0.4832613113258408, 0.002159830796665699, 0.24368597851781196, 0.22291875751669224, 0.4710886243934807, 0.0, 0.2982938663791316, 1.0, 0.556199560403102], "mid_cosine": [0.13496301881771106, 0.0, 1.0, 0.6361606103281179, 0.3853256229139176, 0.21416706401570176, 0.7493623934088112, 0.7500205142990208, 0.04143888402213326, 0.16089420166110377], "high_L2": [0.0, 1.0, 0.3066034660187844, 0.2825134164353814, 0.2896234893221334, 0.37332064217452565, 0.469957957583369, 0.06099906729905114, 0.7161180079322105, 0.9466829582212344], "high_cosine": [0.7777084236910284, 0.06204186621527869, 0.6087047667289871, 0.22404207083768107, 1.0, 0.436118153810591, 0.18686595434089914, 0.6025823111304267, 0.40731622387341954, 0.0], "clip_cosine": [0.0, 0.7430573579029328, 0.4090319231767454, 0.4531533869711913, 1.0, 0.89423825590449, 0.828834674279782, 0.3366208149493901, 0.2921100441214638, 0.7033480404879315], "dino_cosine": [0.30592876113107326, 0.026943334746802956, 1.0, 0.8571930725109916, 0.8532093199723257, 0.3086515499810297, 0.011895462762514786, 0.0, 0.608208538844377, 0.9893878188675876], "clip_L2": [1.0, 0.1944503371711055, 0.67827962380833, 0.6154192300027642, 0.0, 0.16271907550618522, 0.24480047227525675, 0.7261499923930256, 0.960779082748882, 0.3010567266010538], "dino_L2": [0.24387639547740486, 0.4038970824267932, 0.5266686283601432, 0.0, 0.3994357158992284, 1.0, 0.8283711405166981, 0.325389960885021, 0.20622154058327685, 0.7263393016371223], "rcnn_confidence": [1.0, 0.28007608219111124, 0.0, 0.0, 0.20868954984620464, 0.1524241285387022, 0.3088649668293817, 0.10809262335923772, 0.18877600642813216, 0.26484054112423483], "yolo_confidence": [0.0, 0.0, 0.0, 0.0, 0.0, 0.0, 0.0, 0.0, 0.0, 0.0]}