{"pixel_L2": [0.08562535730165788, 0.1144238709267611, 0.097372641809058, 0.5195761608333863, 0.31033236994219654, 0.0949390205170552, 1.0, 0.12730658070253445, 0.0, 0.9897851426030617], "pixel_cosine": [0.995331177364486, 0.95937028864902, 1.0, 0.4666719706325539, 0.8703628112565082, 0.9600399476586522, 0.7741997774733106, 0.9593930770451686, 0.9363520095567337, 0.0], "low_L2": [0.3528797251522375, 0.46736906611594176, 0.3299958502620125, 0.14275822468418564, 1.0, 0.361212978064292, 0.4952012622923925, 0.5128810762297218, 0.0, 0.19598343965026394], "low_cosine": [0.5065421415851532, 0.49000235517774815, 0.5033726484227934, 0.7235665185220328, 0.17301576274718777, 0.6055290762789547, 1.0, 0.5743156853143654, 0.806531467038525, 0.0], "mid_L2": [0.45858402713100055, 0.4545552199199905, 0.7611577184178935, 0.0, 0.7770108918265854, 1.0, 0.3613520171776157, 0.7089850781857737, 0.3411406966188947, 0.1102604146378028], "mid_cosine": [0.6700503463969983, 0.4569202048483556, 0.3589270870990263, 1.0, 0.14865853824715022, 0.10896375877014036, 0.196819864743655, 0.14597489333152713, 0.10326101332444129, 0.0], "high_L2": [0.6199469773346775, 0.690495127142377, 1.0, 0.2298719241253127, 0.2527183450954035, 0.5844722004406109, 0.47268959336843286, 0.46571076509465664, 0.9107856316044958, 0.0], "high_cosine": [0.8737497648837187, 0.4573964721803094, 0.5400930274846165, 0.7575490060130274, 1.0, 0.7668241430898238, 0.5819727861580619, 0.8220639983085357, 0.0, 0.8510556473138318], "clip_cosine": [0.8593517692536425, 0.8278322925958965, 0.9295272078501338, 0.8370502527505204, 0.8453761522450193, 1.0, 0.0, 0.7087421944692239, 0.9191198334820101, 0.8311031816830211], "dino_cosine": [0.9812299451567953, 1.0, 0.47378328624573335, 0.6894551474630224, 0.01497321759584777, 0.8610479015123429, 0.34069902714035516, 0.0, 0.9949503343006533, 0.5206556895030874], "clip_L2": [0.21234157242188895, 0.13788569347479038, 0.0, 0.276004752164374, 0.2675983006769359, 0.11889559912099103, 1.0, 0.2654135956452637, 0.30170232852518486, 0.2528101061281352], "dino_L2": [0.11059003530561233, 0.1818853436752603, 0.20992528277457756, 0.318990553201182, 0.3768724262568259, 0.0, 1.0, 0.6510244022322258, 0.02840858004303808, 0.4129595274202926], "rcnn_confidence": [0.0, 0.0, 0.0, 0.0, 0.0, 0.0, 0.0, 0.0, 0.0, 0.0], "yolo_confidence": [0.0, 0.0, 0.0, 0.0, 0.0, 0.0, 0.0, 0.0, 0.0, 0.0]}