{"pixel_L2": [1.0, 0.0, 0.17266694018340817, 0.14537858009355287, 0.061218365129654534, 0.08337638689449599, 0.2989873549158303, 0.44766839640680045, 0.16717317915093313, 0.7741688763273793], "pixel_cosine": [0.0, 0.904062463762514, 0.8714504316666174, 0.8218946037693806, 0.9427930887866723, 1.0, 0.751290907147908, 0.42848340294720183, 0.7197293358223039, 0.3288601591152483], "low_L2": [0.4319071176584852, 0.3595485904416971, 0.33714259754745, 0.2278477839951375, 0.3307221988984203, 0.0, 0.02623536083314013, 1.0, 0.2719227202376104, 0.7052953211060913], "low_cosine": [0.8323770409912036, 0.4444092634064091, 0.0, 0.05604800469718092, 0.06725914267225942, 0.6745373138457708, 0.7099275595101775, 1.0, 0.39299542117082154, 0.19501447119057244], "mid_L2": [0.8740616132759063, 0.7054492896539389, 0.039744575121694194, 0.09687196368751541, 0.11960593800000967, 0.0, 0.5586114051752058, 1.0, 0.5202759207428784, 0.6093676735743531], "mid_cosine": [0.0, 0.42954983510192285, 0.5333552616004894, 0.904691777024409, 0.4594345746476838, 0.8254883711658239, 1.0, 0.6673656301822662, 0.299902693314495, 0.23190263849382706], "high_L2": [0.0, 0.09942282695258015, 0.1918528434341915, 0.06546413705861026, 0.29440100187931534, 0.21813911366612151, 0.6777362087227463, 1.0, 0.16375019196881635, 0.5320441472863922], "high_cosine": [0.9829169783983824, 0.9152848517293973, 0.6281619605990885, 1.0, 0.3143093569935543, 0.8114501994217918, 0.27004135249423683, 0.0, 0.7183218168700678, 0.3752470064486757], "clip_cosine": [0.3928102860141695, 0.7330097087378641, 0.9982944109157701, 0.7610863290474941, 1.0, 0.5587772238257676, 0.0, 0.48963526633429544, 0.8151403831015481, 0.5330621884019943], "dino_cosine": [0.5772650363432424, 0.8339934474432988, 0.5939506086780185, 1.0, 0.9648164460301265, 0.6260163116837029, 0.3216075943751941, 0.0, 0.3833562524952313, 0.9606656485066635], "clip_L2": [0.47663661887558256, 0.35643752727152406, 0.007740115214218898, 0.24427427243192718, 0.0, 0.5066895799168533, 1.0, 0.5437030266307941, 0.17409003583814311, 0.4581922796684886], "dino_L2": [0.1740539949250273, 0.12572628848009926, 0.4788059394749011, 0.0, 0.30386136584498075, 0.48106995407332026, 1.0, 0.9862048695650252, 0.6880532623522216, 0.13131118930377408], "rcnn_confidence": [0.0, 0.0, 0.0, 0.0, 0.0, 0.0, 0.0, 0.0, 0.0, 1.0], "yolo_confidence": [0.0, 0.0, 0.0, 0.0, 0.0, 0.0, 0.0, 0.0, 0.0, 0.0]}