{"pixel_L2": [0.0, 0.8054952847911031, 0.22291572738202584, 0.19293493575293058, 0.4971128738352871, 0.20966711752329426, 0.325021838367899, 1.0, 0.2867412928313796, 0.14419193342350467], "pixel_cosine": [0.9181725970112089, 0.2389439995312849, 0.5797474797408885, 1.0, 0.521901445326947, 0.0, 0.7215557679420844, 0.8532775269419636, 0.11089506274557193, 0.7867950506615108], "low_L2": [0.0, 0.7367484178191803, 0.48471344467317234, 0.3525193177402256, 0.7036101423505995, 0.8184919991052784, 0.8695750714370009, 1.0, 0.2176523828875115, 0.4986813719656865], "low_cosine": [1.0, 0.2563107100086882, 0.5061613402317384, 0.622050109972683, 0.33468353175379684, 0.23072347153625186, 0.15393436078867243, 0.0, 0.777252483191008, 0.4962990213344396], "mid_L2": [0.30035882658690716, 0.11317171698749806, 0.6328433473459599, 0.0, 0.6473377529339887, 0.5910767533260991, 0.26937070844313943, 0.4430436883907973, 0.7796202912559387, 1.0], "mid_cosine": [0.503952007278517, 0.6790872609705773, 0.15026969504963364, 1.0, 0.75682767136196, 0.24843219444038278, 0.6453428863868986, 0.691511916946922, 0.3234472226283895, 0.0], "high_L2": [0.7007038521837324, 0.0, 0.8433289357798835, 1.0, 0.5376995801006443, 0.40894323501573254, 0.8316766372968568, 0.33901482621136764, 0.8916173616871987, 0.9539590771715813], "high_cosine": [0.5537703166332516, 1.0, 0.221330533542573, 0.18869547249261426, 0.7482031263089115, 0.45979489298805065, 0.19529657491022612, 0.9167509023926669, 0.0, 0.28329079661865697], "clip_cosine": [0.18982850384387936, 1.0, 0.2643406268480189, 0.7528089887640449, 0.07510348905972797, 0.0, 0.1809580130100532, 0.5541099940863394, 0.5955056179775281, 0.0638675340035482], "dino_cosine": [0.8487149938903845, 0.8426500829516893, 0.48439316120443865, 1.0, 0.7901024229840753, 0.5639671769602924, 0.0, 0.8575168138603829, 0.7851402231251428, 0.3860829914266697], "clip_L2": [0.6936703165834133, 0.0, 0.6371338780641106, 0.3657375368024083, 0.7133983922723213, 1.0, 0.8633868139865691, 0.3615045155314433, 0.5276456382943531, 0.9884283304111946], "dino_L2": [0.16003294330142498, 0.1751561591319122, 0.33155386029246514, 0.15756012117934806, 0.06268009385106779, 0.27350200985947926, 1.0, 0.4364067737070411, 0.0, 0.5721104942117569], "rcnn_confidence": [0.0, 0.0, 0.0, 0.0, 0.0, 0.0, 0.0, 0.0, 0.0, 0.0], "yolo_confidence": [0.0, 0.0, 0.0, 0.0, 0.0, 0.0, 0.0, 0.0, 0.0, 0.0]}