{"pixel_L2": [0.11480143925906357, 0.0, 1.0, 0.1651842187057295, 0.1260557893880474, 0.3528600813476114, 0.2980307556159167, 0.1234969729937072, 0.7103056137017973, 0.053955281269176855], "pixel_cosine": [0.221606055423919, 0.888890616269425, 1.0, 0.23776976476430248, 0.0, 0.9475509351174533, 0.2459279798152536, 0.5798898764425024, 0.9275865821550819, 0.032980368523428005], "low_L2": [0.24441884155776175, 0.0032762571430770848, 0.7300560497939081, 0.4722033907003359, 0.09004198816393945, 0.2744346052950077, 0.7748028249848821, 0.0, 1.0, 0.20356484558294607], "low_cosine": [0.7083124192956115, 0.8555483431871859, 0.0, 0.5853946245522932, 0.9703527726796951, 0.48594521748585623, 0.10851246183760163, 1.0, 0.04191887074081274, 0.8814920010441459], "mid_L2": [0.09256568261798057, 0.0, 0.8129558681986344, 0.5011298011850693, 0.2573991638343309, 0.07857381869040815, 1.0, 0.36287578578518365, 0.9907895825187235, 0.25768208409781335], "mid_cosine": [0.8773452398174573, 1.0, 0.0, 0.43465681181530047, 0.7117350763444112, 0.41557202414613936, 0.05256519852177229, 0.05808751002801268, 0.36662151321067377, 0.8504116417007509], "high_L2": [0.40703911998577913, 0.0, 0.6930717356038201, 0.4206252283247229, 0.22956275028238782, 1.0, 0.42619530179454485, 0.8491863591637121, 0.5572617409646395, 0.04109880004423026], "high_cosine": [0.7519458330099934, 1.0, 0.3295802993265906, 0.8039603218741647, 0.7187221119273649, 0.0, 0.5860131480810851, 0.36523257305327783, 0.30957296489821257, 0.8440379073005855], "clip_cosine": [0.5203226316621856, 0.845168432705994, 0.588644630713269, 0.7154831567294005, 0.23185196900205599, 0.494385576466867, 0.8219199746955559, 0.0, 0.11940534556381464, 1.0], "dino_cosine": [0.3638116805506879, 0.3698056237025854, 0.9915581556268478, 0.5425821583587199, 0.7971656826535105, 1.0, 0.0, 0.5713243289389732, 0.775219044024479, 0.37077256265782405], "clip_L2": [0.5448370542714712, 0.20513832418436334, 0.40681007464693403, 0.45187553303023803, 0.6882067343590331, 0.5463010757344728, 0.14921319323616497, 1.0, 0.7040825663402187, 0.0], "dino_L2": [0.7097104975463804, 0.4224643875814791, 0.24105887865063252, 0.8078507607453743, 0.3741478090040031, 0.2804409117436728, 1.0, 0.3811153488907338, 0.0, 0.7560341780579827], "rcnn_confidence": [0.8188728022902608, 0.0, 0.8848216996584015, 0.787841122240914, 0.6686467722832363, 0.0, 0.22348791755216682, 0.6231740955108552, 1.0, 0.42855840424473785], "yolo_confidence": [0.0, 0.0, 0.0, 0.0, 0.0, 0.0, 0.0, 0.0, 0.0, 0.0]}