{"pixel_L2": [0.6239307956777326, 1.0, 0.0, 0.7143240281108437, 0.7612809842343972, 0.14324505815024752, 0.06712426177643172, 0.5079496800064421, 0.22787103624955812, 0.5219157029553511], "pixel_cosine": [0.2458528890151775, 0.0, 1.0, 0.08324106644196004, 0.2660446408450014, 0.8363691590158634, 0.9824611254274488, 0.41506383562449173, 0.7273537855554141, 0.3362221852065962], "low_L2": [0.32153572667360386, 0.07469216094346168, 0.6367022199098161, 0.2155538212510117, 0.0, 0.5876705399468146, 0.3147632674297607, 0.46738062203722974, 1.0, 0.16253035032951788], "low_cosine": [0.7678332640028279, 0.3440380526281022, 0.0, 0.266934347879647, 0.8075850845980943, 0.6265360575163492, 0.1995683060206849, 0.2914978781294689, 1.0, 0.3367864685897104], "mid_L2": [0.2932331146796069, 0.08810582856559672, 0.418570420148056, 0.0, 0.48913089699866474, 0.7709287336267886, 0.2248340657564937, 0.5636473093927955, 1.0, 0.09663247341953936], "mid_cosine": [1.0, 0.5435615890530808, 0.0, 0.9917083121887413, 0.6274854670783215, 0.39497965427058196, 0.6460720145700977, 0.17076228088728604, 0.059479767242256745, 0.5937867022593613], "high_L2": [0.24745249790673932, 1.0, 0.0, 0.2863435213007453, 0.4510796939170686, 0.7394981072637294, 0.18447022518433706, 0.437150899987295, 0.7022816924261466, 0.5327405872151137], "high_cosine": [0.6903276666439089, 0.08229453130333857, 0.9646369449944243, 1.0, 0.6124272092123529, 0.0, 0.47682210236453426, 0.24282979449716666, 0.31691022052297396, 0.2632331535468014], "clip_cosine": [0.9411170928667564, 0.5842305966801257, 0.7637954239569313, 0.5149170031404217, 0.620457604306864, 0.0, 0.6498429789143113, 0.5363391655450875, 0.7216240466576941, 1.0], "dino_cosine": [0.6565088560394193, 0.6448162205353576, 0.567758689572513, 0.8091157277933146, 1.0, 0.0, 0.6567119456652017, 0.36013450526035423, 0.46875749101078706, 0.7746970302303902], "clip_L2": [0.013550110010551198, 0.5502915893048478, 0.37545701409280147, 0.6714860012596003, 0.31279843940422536, 1.0, 0.3718336182429393, 0.47931924325827535, 0.3620504494483114, 0.0], "dino_L2": [0.4333357947029902, 0.49439469300246836, 0.3468187935390327, 0.5200414534487416, 0.0, 1.0, 0.2608801431065928, 0.8780922023382443, 0.5222020522701013, 0.555878711101645], "rcnn_confidence": [0.0484252791417653, 0.0, 0.17362513438580285, 0.48365654031485894, 0.15862096133363632, 1.0, 0.6217981783208838, 0.2876942438926301, 0.21164009622567348, 0.3412989877959905], "yolo_confidence": [0.0, 0.0, 0.5575812431924504, 0.0, 0.6962843396735822, 1.0, 0.0, 0.3839147914632495, 0.0, 0.0]}