{"pixel_L2": [0.5988746906620965, 0.0, 0.17816816114541412, 0.5940718815772481, 0.9803035961731106, 0.016467771266217335, 0.8887291055117121, 0.6266060265480857, 0.041644124412301614, 1.0], "pixel_cosine": [1.0, 0.9815792977939545, 0.45959652004083623, 0.037629277819699054, 0.6595388166363354, 0.4998002574459585, 0.33153934928314616, 0.20881974344178614, 0.80436326512495, 0.0], "low_L2": [0.12194615382038544, 0.05072742925863519, 0.3194524934928329, 0.10931203248056225, 1.0, 0.1929973837335897, 0.2939229591614548, 0.0, 0.15511176917897473, 0.516206782193309], "low_cosine": [0.9472544094716103, 1.0, 0.5339919140234736, 0.845442067619679, 0.0, 0.7066685963454374, 0.5849727821921773, 0.9815497810437073, 0.9391964444112457, 0.3193307127050673], "mid_L2": [0.20251285949255332, 0.2611483540391174, 0.4868714917372457, 0.4850885856092845, 1.0, 0.17341673422150644, 0.0, 0.4281213495561241, 0.3132543498395836, 0.5506616161524976], "mid_cosine": [0.899172494627857, 0.7938644266458292, 0.7329728462590349, 0.49368392264114086, 0.0, 1.0, 0.9678999804649345, 0.6932713420589959, 0.5750763821058801, 0.4309372924399297], "high_L2": [0.145965667983267, 0.0, 0.9642992962651977, 0.9848992593652455, 0.47579852626109354, 0.7852874619233912, 0.1991411347864886, 1.0, 0.6491925311484545, 0.3839176453312147], "high_cosine": [0.8116351218224231, 1.0, 0.18683299063057723, 0.35995247412293213, 0.0, 0.4854377275257774, 0.7349261642656717, 0.20681602777822752, 0.5071083318491876, 0.2202119484737792], "clip_cosine": [0.4536082474226804, 0.23758200562324275, 0.07029053420805999, 1.0, 0.9981255857544518, 0.15885660731021556, 0.0, 0.2839737582005623, 0.005154639175257732, 0.09606373008434864], "dino_cosine": [0.5307044066329729, 1.0, 0.10820467015439582, 0.05359193568967717, 0.10139194789487992, 0.28934652234939057, 0.5754087355964738, 0.0, 0.8466749144248853, 0.2897737044454677], "clip_L2": [0.3996737101529442, 0.7138558972354941, 0.7850226913649643, 0.0474587126891367, 0.0, 0.48024177249065303, 1.0, 0.7325554183262025, 0.8995107891757766, 0.7864010812130279], "dino_L2": [0.2975493967571572, 0.10726167055956229, 1.0, 0.5834496604757969, 0.8733864842473182, 0.4310361472844467, 0.5210713852961835, 0.4327241633065608, 0.0, 0.3783081813856213], "rcnn_confidence": [0.10819714706168121, 0.8134486428611095, 0.4307825689021373, 0.5889985833632839, 0.942116076795559, 1.0, 0.0, 0.5712656423571858, 0.10164012873362976, 0.35000158351860444], "yolo_confidence": [0.0, 0.0, 0.0, 0.0, 0.0, 0.0, 0.0, 0.0, 0.0, 0.0]}