{"pixel_L2": [0.3618661039982834, 0.12056988055217796, 0.5435680566483084, 0.0, 1.0, 0.3492015950218153, 0.4110936270653029, 0.5274881982690794, 0.02110900507832058, 0.06051516343609184], "pixel_cosine": [0.48582613565104293, 0.1118812724349628, 0.4932737046107316, 0.0, 0.1225158641476714, 0.356987837701834, 0.6716592388821937, 0.5359694871602982, 1.0, 0.469070395784356], "low_L2": [0.8807775603089858, 0.36106639489501663, 0.6457954532294116, 0.0, 0.8646391883910269, 0.22126420141985245, 0.9879845275458325, 1.0, 0.39016989588520734, 0.7427125435741833], "low_cosine": [0.0010119003035330115, 1.0, 0.09762446299574401, 0.7645042133467017, 0.32106569528192674, 0.36144159269918935, 0.0, 0.046949726835121434, 0.24223313678711828, 0.062468621449913345], "mid_L2": [0.5357563645583213, 1.0, 0.014148434276396574, 0.5631186211490756, 0.3016062400262487, 0.007312841468931609, 0.3558932752680795, 0.42886260707024004, 0.0, 0.3662982903560971], "mid_cosine": [0.09704389122363982, 1.0, 0.665625388688917, 0.4995827601153346, 0.5549192469328911, 0.7343919491924693, 0.0, 0.2076339445564706, 0.5162994930554247, 0.08557450577615287], "high_L2": [1.0, 0.0, 0.5201663165323483, 0.5847931367118837, 0.49479933097579865, 0.4459738923246843, 0.8653725352674294, 0.9267831450473747, 0.7441965646415685, 0.8642582232403975], "high_cosine": [0.0, 1.0, 0.48570444582914485, 0.5020889013849658, 0.46578280744872325, 0.46850215159285175, 0.22957425166471626, 0.2562584267101472, 0.25522754559922184, 0.21144257678754813], "clip_cosine": [0.6120977852068533, 0.907960718763059, 0.0, 0.4047221061429168, 0.5810697868783953, 0.6594233180108651, 0.694003343083995, 0.3697241955704137, 1.0, 0.759297952361053], "dino_cosine": [0.22544285938234834, 0.566321785023776, 0.20882060929090243, 0.0, 0.868735956524011, 0.3919632126247583, 0.6082562575116267, 1.0, 0.31196112243298324, 0.8927731619376078], "clip_L2": [0.3511842830038558, 0.22592964568665871, 1.0, 0.48858860274973187, 0.5247399948562509, 0.6143338694471004, 0.3030557815839737, 0.5354448791101916, 0.0, 0.3320510749532531], "dino_L2": [0.6383731186052581, 0.3960696685163913, 0.5560194154412955, 1.0, 0.22626647083588122, 0.5017611435908279, 0.5310186058295853, 0.2586747513539565, 0.5412987695806973, 0.0], "rcnn_confidence": [0.0, 0.0, 0.0, 0.0, 0.0, 0.0, 0.0, 0.0, 0.0, 0.0], "yolo_confidence": [0.0, 0.0, 0.0, 0.0, 0.0, 0.0, 0.0, 0.0, 0.0, 0.0]}