{"pixel_L2": [0.0, 0.9506699923159422, 0.9018864978365474, 0.45687636428552186, 1.0, 0.20856669721113902, 0.26390241474827747, 0.0735468889610268, 0.053136880783874345, 0.08054883257565693], "pixel_cosine": [0.9958040105336674, 0.0, 0.19014559736672185, 0.5894775681016026, 0.09190465324828537, 0.8298488126043362, 0.6686007519490544, 0.9287028566712417, 1.0, 0.8694069367681726], "low_L2": [0.0, 0.34723961266040365, 0.6035862993806123, 0.33792656995525, 0.5451547357970542, 1.0, 0.032382642325815725, 0.5448796787481848, 0.7226387695225677, 0.6725709776842604], "low_cosine": [1.0, 0.3337573895510719, 0.05488156144128822, 0.5014984843704994, 0.17678172191970593, 0.0, 0.9809654765660362, 0.13616319420631764, 0.08283155252582057, 0.6557189295952378], "mid_L2": [0.13154951483061217, 0.2859517495282446, 0.11996816897272429, 0.17693591921154764, 0.2232468010361398, 1.0, 0.0, 0.6864933845481752, 0.23298100470758415, 0.31991270032610486], "mid_cosine": [0.6538089092429932, 0.29141532445892904, 1.0, 0.8510345587535542, 0.6528238537042262, 0.0, 0.867875669295151, 0.09877185278929328, 0.6389011788944338, 0.5858000070122598], "high_L2": [0.7090385046170695, 0.0, 1.0, 0.2873255842895189, 0.8897647908007069, 0.6326236403912686, 0.09609876297384075, 0.8322821514797023, 0.3637932150235209, 0.803579162207233], "high_cosine": [0.21455317468926824, 1.0, 0.12817547660838155, 0.6429654296952593, 0.0003950080370447141, 0.2577782516684921, 0.8822188542132167, 0.0909179233404465, 0.6041795102600198, 0.0], "clip_cosine": [1.0, 0.5237164875719093, 0.3587322262021057, 0.7113860848800608, 0.7289699337892109, 0.46043633995441224, 0.01389341148377293, 0.5680017366764355, 0.0, 0.5734288505372843], "dino_cosine": [0.5596819996249364, 0.8849860690652879, 0.7381921933185094, 0.8190552415141854, 0.3697792482653307, 0.7860596886971897, 0.7306339914806976, 0.41963592037935005, 0.0, 1.0], "clip_L2": [0.0, 0.5402043191978633, 0.7230378643966121, 0.39396397811834943, 0.36321040378215474, 0.6902246725608101, 0.935936183280248, 0.5992287146672761, 1.0, 0.5386210418065216], "dino_L2": [0.39979245382072026, 0.0, 0.5865243813243097, 0.29130829017524706, 0.5406827718832012, 0.3308111273702543, 0.42677090867203576, 0.6470563050561858, 1.0, 0.3690420306497592], "rcnn_confidence": [0.09348233492548423, 0.07273815328122912, 0.0, 0.0, 1.0, 0.8277601143117913, 0.0, 0.3384996746967589, 0.0, 0.0], "yolo_confidence": [0.0, 0.0, 0.0, 0.0, 0.0, 0.0, 0.0, 0.0, 0.0, 0.0]}