{"pixel_L2": [1.0, 0.10151154043039047, 0.8315338804400113, 0.11777443035712908, 0.0, 0.12294222182183687, 0.48498874289478444, 0.04112955787087788, 0.3578375806394215, 0.4781361807368246], "pixel_cosine": [0.0, 0.993442497886622, 0.3336915932149767, 0.9083604505772453, 1.0, 0.8841739819183471, 0.5433779606224522, 0.9655565658883115, 0.6520608450931765, 0.5539445703153266], "low_L2": [0.7272830410225468, 0.0, 0.760001770449969, 0.04376114798417991, 0.006135524892628314, 0.03533217813168688, 1.0, 0.04091011303407302, 0.5511069891056277, 0.2751910101841573], "low_cosine": [0.37018747472324826, 0.9205228563020105, 0.37580449667677635, 1.0, 0.9151337457561061, 0.831019446196694, 0.0, 0.8518272988307074, 0.38230532541772033, 0.5689170445305239], "mid_L2": [0.669960954716557, 0.0, 0.65717619473068, 0.42166833904918877, 0.11840229154927445, 0.009223740871301995, 1.0, 0.2702094609296109, 0.8837352763256786, 0.44991818741895456], "mid_cosine": [0.6002188649053349, 0.9937141837961372, 0.5269031522793893, 0.38718632638480927, 0.6347092331364691, 1.0, 0.0, 0.6923088937547927, 0.114274284482055, 0.5487513515310971], "high_L2": [0.9002871615311846, 0.4088642192446583, 0.25483016003963566, 1.0, 0.7283550946196811, 0.405449959272694, 0.6897259760292368, 0.2957844849378463, 0.0, 0.12250796810268667], "high_cosine": [0.0, 0.5183090883088233, 1.0, 0.4931789842343018, 0.0879725493291561, 0.4979621130410493, 0.342736235706902, 0.6139942380504793, 0.9926124595240668, 0.9584366015158395], "clip_cosine": [0.766239924134661, 0.011142721669037459, 0.0, 0.23802750118539592, 0.43717401612138457, 0.0644855381697487, 1.0, 0.8186344238975818, 0.9457088667614983, 0.9862494073020389], "dino_cosine": [0.374243533613257, 0.1037261728653328, 0.4623298417584388, 0.6682630286548222, 0.5559797578311393, 0.32469654179679136, 1.0, 0.17446916605651272, 0.553459448420822, 0.0], "clip_L2": [0.24501982093325128, 1.0, 0.9583475932599199, 0.5557336283642851, 0.6817578266208831, 0.6902630157753447, 0.0, 0.32142910285440696, 0.13913603663612198, 0.3285206992863764], "dino_L2": [0.4099351925430951, 1.0, 0.6520189576917859, 0.6841593215301902, 0.9183554495003103, 0.8913539259379182, 0.0, 0.9488282174852062, 0.3599164377902759, 0.9509275336872984], "rcnn_confidence": [0.7099752249770677, 0.0, 1.0, 0.33149634279094276, 0.0, 0.0, 0.9688047476201777, 0.0, 0.17952680702252322, 0.0], "yolo_confidence": [0.0, 0.0, 0.0, 0.0, 0.0, 0.0, 0.0, 0.0, 0.0, 0.0]}