{"pixel_L2": [0.45055559239506265, 0.0, 0.14298858831054523, 0.2666168029064861, 0.42496238594797503, 0.21193649454745547, 0.22112779139924274, 0.020218299478283935, 1.0, 0.19162758361069362], "pixel_cosine": [0.31231263463303394, 1.0, 0.7805648830174375, 0.5451983177281858, 0.3291985296765003, 0.6380079032265734, 0.618633653452278, 0.9948357977985907, 0.0, 0.7055508040789181], "low_L2": [0.5785357664073387, 0.16185465199214336, 0.17275520393271374, 0.5536819812801071, 0.41798470367484886, 0.2714647822413396, 0.2154290981313026, 0.0, 1.0, 0.653482273161204], "low_cosine": [0.41078007258611615, 0.6575736280585192, 0.7258497534323255, 0.21421270226611056, 0.5930583822361757, 0.43974835190576583, 0.4702757420607034, 1.0, 0.0, 0.28323796138272594], "mid_L2": [0.3311358536039774, 0.33709040791439066, 0.7641427880764596, 0.11482072115627458, 0.24972471370947374, 0.16531176262600752, 0.289300996514724, 0.0, 1.0, 0.6210862804240058], "mid_cosine": [0.34770641680305564, 0.538737145541488, 0.07196377935421124, 0.5935058337626982, 0.5287569333586215, 0.39599509878146527, 0.14270483801534758, 1.0, 0.0, 0.1641649815067371], "high_L2": [0.0, 0.6969818599154866, 0.24200571053820122, 1.0, 0.8727657441951111, 0.49238388675439737, 0.6359702037356695, 0.3231109749986079, 0.5180936825237733, 0.8202959209557572], "high_cosine": [0.7095908514673369, 0.4711436102471251, 1.0, 0.1212477494720265, 0.3903312806286487, 0.37168548353057446, 0.03718388905788569, 0.4333635586942062, 0.2612326998621665, 0.0], "clip_cosine": [0.8974614235938277, 1.0, 0.23942259830761572, 0.9879542060726729, 0.5474365355898457, 0.7504230960676954, 0.0, 0.7065206570433051, 0.4619213539074166, 0.206172224987556], "dino_cosine": [0.7068736614627245, 0.3473461832911785, 0.5419028791270557, 0.6323516585748757, 1.0, 0.39195278658022503, 0.0, 0.3443662722524251, 0.9846062156583423, 0.451798121929238], "clip_L2": [0.0761452374030742, 0.13282395294539245, 0.684947315879833, 0.0, 0.5585653976037547, 0.29414322255315495, 1.0, 0.350040498117706, 0.5885489972373519, 0.8185322311994574], "dino_L2": [0.008969766677620769, 0.9192359513637858, 0.4258420966151824, 0.0032755504436411437, 0.07085031219191587, 0.45324022346368714, 1.0, 0.5456112389089715, 0.326837824515281, 0.0], "rcnn_confidence": [0.21732221786236405, 0.9846585481300698, 0.17038040662039672, 0.7366926387119401, 0.3672062798412351, 0.07351815928851714, 1.0, 0.0, 0.5548420213423093, 0.25448893254349864], "yolo_confidence": [0.0, 0.0, 0.0, 0.0, 0.0, 0.0, 0.0, 0.0, 0.0, 0.0]}