{"pixel_L2": [0.0, 1.0, 0.8904937776699846, 0.38143517605116095, 0.47573460942516804, 0.2888982021028874, 0.2762367689877514, 0.2179876420492031, 0.7891344533485473, 0.43185282552719845], "pixel_cosine": [0.43163590953239905, 0.6982417887371405, 0.0, 0.14281353446054432, 0.4818430494162421, 0.3204959464013162, 0.3767666356122024, 1.0, 0.19545679795436977, 0.6415429443596503], "low_L2": [0.40305714406649396, 0.4965035432395524, 1.0, 0.7182606603502472, 0.5124442226593566, 0.7003940893283996, 0.243170269312939, 0.0, 0.9764604585159161, 0.27338638353423944], "low_cosine": [0.5739528238381119, 0.0, 0.7115495047464659, 1.0, 0.5542622027448448, 0.2313472819441964, 0.15551373109312963, 0.6386654943605665, 0.5456636122597573, 0.7931241499635944], "mid_L2": [0.40705389470602854, 0.0, 0.5971834272021865, 0.3826929166150406, 0.8391447971440102, 1.0, 0.7755168583533135, 0.8128310860600949, 0.6964525471391194, 0.19907587545113928], "mid_cosine": [0.5545937516461997, 1.0, 0.5472993181848855, 0.3292229676045307, 0.2865386683337999, 0.0, 0.5213676181138784, 0.492165504186626, 0.31809781375968293, 0.7016713852283696], "high_L2": [0.625702186871897, 0.1382857191939668, 0.0, 0.7352936484758649, 0.48058172608515326, 0.6378065510445988, 0.5851526589230803, 0.8513351673836805, 0.7983622388502909, 1.0], "high_cosine": [0.22854415073777262, 0.7557055020377648, 1.0, 0.0, 0.45931120407432235, 0.22325185257493502, 0.19277581631831134, 0.4535791125415207, 0.008802319644651953, 0.05879390050512756], "clip_cosine": [0.8003630587701385, 0.9561606535057863, 1.0, 0.960789652825051, 0.0, 0.7838892670751078, 0.8489675516224189, 0.877830723848423, 0.5521670070342637, 0.8791014295439075], "dino_cosine": [0.6901979719942057, 0.8600320211441206, 0.8354621464332004, 0.8243055732038934, 0.4166408295001144, 0.0, 0.7911458995146001, 0.7805484256270807, 1.0, 0.38593102747210856], "clip_L2": [0.34430367287249003, 0.08234861842378771, 0.0, 0.02701495658043075, 1.0, 0.2626046361486561, 0.11053771303222903, 0.1794340293996092, 0.6957142280707331, 0.3824400795271412], "dino_L2": [0.6621758355866848, 0.0, 0.3285294901366845, 0.24281117540246705, 0.5671344602990448, 1.0, 0.7602971219062392, 0.5230180655759621, 0.557372328141697, 0.645128502843664], "rcnn_confidence": [0.5568476085513219, 0.0, 0.15796835515507984, 0.9651923359433574, 0.45818750012009773, 0.9398966401979377, 1.0, 0.9285690575658779, 0.9096424801906523, 0.8850041100748773], "yolo_confidence": [0.354056427014949, 0.2188068211440517, 0.3867960176005116, 1.0, 0.39789161115178895, 0.4316231567514996, 0.8809437137042507, 0.544095629999857, 0.0, 0.20743624843536398]}