{"pixel_L2": [0.11066424494032175, 0.08938764919564089, 0.0, 0.8364037363777893, 0.42241826673585886, 0.9311105345096005, 0.06201349247535028, 1.0, 0.9064608199273482, 0.6672288531395952], "pixel_cosine": [0.7933639811989774, 0.6412138204007586, 0.7687804073554878, 0.18851529644594706, 0.0, 0.5784097468458811, 0.08806794755504246, 0.7534839614084274, 1.0, 0.5962109342788818], "low_L2": [0.13102184320766008, 0.0, 0.11213345302214243, 1.0, 0.8057301017354878, 0.9445317175344106, 0.4881059245960503, 0.7598743267504489, 0.5803411131059246, 0.6546603830041892], "low_cosine": [1.0, 0.9590593844820112, 0.7487646293888166, 0.037191157347204164, 0.0, 0.06775032509752926, 0.2719549198092761, 0.2794104898136108, 0.37230169050715217, 0.3246207195491981], "mid_L2": [0.13322596767923586, 0.22058088521130673, 0.0, 1.0, 0.8125173543621925, 0.763536402510135, 0.5201310601432776, 0.83989559615705, 0.352529571833176, 0.8538346198700505], "mid_cosine": [1.0, 0.7950194685721621, 0.969423644687861, 0.0, 0.11267810534423003, 0.2205553891575029, 0.46010868169954217, 0.13329339780069316, 0.6120234478627359, 0.140858328697959], "high_L2": [0.0, 0.0677977247320313, 0.03393174196093904, 0.7998947852962451, 0.2089169461432235, 0.8164003419477872, 0.4259880318274479, 1.0, 0.42894719537055304, 0.5903860064444006], "high_cosine": [1.0, 0.2254601958036625, 0.1599365115680499, 0.31708944623978796, 0.24811012287776094, 0.2967845873728563, 0.38670746704035236, 0.03164412160036606, 0.0, 0.5471873480710384], "clip_cosine": [0.8086124401913876, 1.0, 0.6794258373205742, 0.8181818181818182, 0.45933014354066987, 0.37799043062200954, 0.49760765550239233, 0.0, 0.1674641148325359, 0.9760765550239234], "dino_cosine": [0.6510080804358698, 0.649053773063459, 0.18860053167688784, 0.0, 0.20010265048824782, 1.0, 0.6391703734898534, 0.10246624378174927, 0.2746295370199774, 0.2296607269760219], "clip_L2": [0.5045713159272124, 0.6054597486286052, 0.832720425795137, 0.585176021153807, 0.0, 0.4246803477598853, 1.0, 0.7833570112770455, 0.6354706925968473, 0.5380897677295684], "dino_L2": [0.430393326374737, 0.7650355385456533, 0.7894113358848187, 1.0, 0.6934117003827228, 0.0, 0.49570886558311383, 0.8170924664910449, 0.46033600079526815, 0.7680923505144391], "rcnn_confidence": [0.0, 0.0, 0.0, 0.0, 0.0, 0.0, 0.0, 0.0, 0.0, 0.0], "yolo_confidence": [0.0, 0.0, 0.0, 0.0, 0.0, 0.0, 0.0, 0.0, 0.0, 0.0]}