{"pixel_L2": [0.0, 0.8543294183929167, 0.8227782145441356, 0.08831630558261053, 1.0, 0.06985029449508684, 0.7978156363174398, 0.6587235538993211, 0.4283085358466527, 0.4080179256277928], "pixel_cosine": [1.0, 0.2869304062593187, 0.0, 0.6813251961108485, 0.09222331989751725, 0.5947615531451779, 0.28789397132836064, 0.5190867025991914, 0.2700928673870752, 0.1646326991384714], "low_L2": [0.2051976135813804, 0.8068507584583287, 0.0, 0.12685922312440964, 1.0, 0.02781050610547106, 0.649285077388871, 0.5196516922168056, 0.5327923147885872, 0.3284957252334121], "low_cosine": [1.0, 0.9073731149834892, 0.18273967770289493, 0.5632593681506707, 0.09438237688587632, 0.9794057662478806, 0.0, 0.5259258094645234, 0.3794176562291956, 0.6013564405129986], "mid_L2": [0.7244321646594983, 0.5136007734490551, 0.0, 0.07993267800082933, 1.0, 0.16901458421569648, 0.6219545997822457, 0.698141992651347, 0.42965671545811557, 0.6469098625841803], "mid_cosine": [0.8076114923132097, 1.0, 0.37946039937678294, 0.48721497268589, 0.2432778717762133, 0.525017968830218, 0.0, 0.25071466092854583, 0.2560182560338811, 0.7032040321608578], "high_L2": [0.0, 0.7512866991136549, 0.7444576072011381, 0.7923728961395062, 0.08167791844482823, 1.0, 0.8271010059200687, 0.350691361901273, 0.7501331341475213, 0.7833226286818055], "high_cosine": [0.7869510870848411, 0.25464770923704705, 0.11921712046537265, 0.25808737141599236, 1.0, 0.0, 0.2399503575694556, 0.49647846383139344, 0.32725278684996173, 0.28189746041712394], "clip_cosine": [0.8936202454917411, 0.5888265898873567, 0.0, 0.9242814567863817, 0.5429105420013133, 0.8218416931858362, 0.6226195888265899, 0.7435470020710209, 1.0, 0.7627923422740819], "dino_cosine": [0.7437479711640135, 0.42160256348448766, 0.43723223382475357, 1.0, 0.6431819861862383, 0.5851596874708731, 0.0, 0.48620070129427684, 0.8210060455294901, 0.7049614480987597], "clip_L2": [0.0, 0.5342264188593163, 1.0, 0.10259432329085538, 0.30350549776982993, 0.2445926042750414, 0.43510969678109906, 0.2897618504546687, 0.0028340301819833463, 0.34112006231644304], "dino_L2": [0.38611654204581125, 0.298833230575533, 0.5709638451075325, 0.0, 0.050955186357684194, 0.7284060896030724, 1.0, 0.5125812730610554, 0.4255003065439569, 0.3428850527898383], "rcnn_confidence": [0.0, 0.0, 0.0, 0.0, 0.0, 0.0, 0.0, 1.0, 0.0, 0.7594891081548012], "yolo_confidence": [0.0, 0.0, 0.0, 0.0, 0.0, 0.0, 0.0, 0.0, 0.0, 0.0]}