{"pixel_L2": [0.7562254235976542, 0.0, 0.6999289582916164, 0.73410436788835, 0.9593414860441536, 0.1000922225883115, 1.0, 0.2342096739580483, 0.1549590782208699, 0.4781725248486425], "pixel_cosine": [0.0, 0.5993476984131509, 0.6511929673938809, 0.5655572054969931, 0.5951184903225911, 0.43906706536781975, 0.027913425047631536, 0.7166455016197574, 0.6936284112855994, 1.0], "low_L2": [0.6287421171749147, 0.03602155121746084, 0.5955489873394668, 0.6793472052291131, 0.9998311266665894, 0.14551893781984526, 1.0, 0.020085165139908247, 0.0, 0.19051498916396112], "low_cosine": [0.0685500100969444, 1.0, 0.4114305653052506, 0.8577553462290317, 0.6593634391703747, 0.3466411518484277, 0.55102253885263, 0.5794952352038553, 0.2510732296347379, 0.0], "mid_L2": [0.5876230203150832, 0.5587461783373154, 1.0, 0.6932324458101153, 0.8405335785574926, 0.4315302311551431, 0.44113655843219063, 0.19826589283220789, 0.0, 0.66183598731397], "mid_cosine": [0.0, 0.5387197427906837, 0.31186334723011966, 0.743649260380693, 0.37077929960393424, 0.5338380931833339, 0.1859970915531686, 1.0, 0.7731794808535442, 0.35443538141788505], "high_L2": [0.5617866988989564, 0.5136103618366945, 0.5405589521253371, 0.6445830574141017, 1.0, 0.3478352527763312, 0.7475043063541579, 0.21482513751575788, 0.8377872422705502, 0.0], "high_cosine": [0.36202396334407483, 0.48281736585511126, 0.630894696338491, 0.3423021586953927, 0.0, 0.5651729453858932, 0.16962051533350345, 0.8005479256728875, 0.24544299607905778, 1.0], "clip_cosine": [0.7587806494367131, 0.6791975420206037, 1.0, 0.17928790891017532, 0.9168022170010242, 0.9147539008373998, 0.0, 0.8477619133682752, 0.6914874390023495, 0.8692089884932828], "dino_cosine": [0.7492595361407788, 0.6642556334430483, 1.0, 0.0, 0.7012451178824457, 0.9021494051569544, 0.3605523403452052, 0.9369815442098498, 0.6710737437583054, 0.8709832551045938], "clip_L2": [0.32831639102006355, 0.462023257876039, 0.0, 1.0, 0.1280592289421027, 0.15724416246286332, 0.9959704335666967, 0.18550837247909407, 0.4193018874231371, 0.20973060631043874], "dino_L2": [0.40148351040222846, 0.5578851141145637, 0.08767560214533912, 1.0, 0.4500288562692411, 0.22926910824371394, 0.7624048004593275, 0.0, 0.42122972197292896, 0.21609247868406045], "rcnn_confidence": [0.0, 0.0, 0.0, 0.0, 0.0, 0.0, 0.0, 0.0, 0.0, 0.0], "yolo_confidence": [0.0, 0.0, 0.0, 0.0, 0.0, 0.0, 0.0, 0.0, 0.0, 0.0]}