{"pixel_L2": [0.4767731660018139, 1.0, 0.0, 0.4706678267794336, 0.4071737735862969, 0.6324777501677493, 0.4125601869944477, 0.021862718350673577, 0.6179517619212648, 0.04346736076803398], "pixel_cosine": [0.4566283118786669, 0.0, 0.7220878861529416, 0.42870688191721495, 0.39877731174203057, 0.3502941821900736, 0.47924990787397986, 0.7369212105152019, 0.25804187696932307, 1.0], "low_L2": [0.091306893470155, 1.0, 0.21179624664879357, 0.3696650334350251, 0.859110659147638, 0.5290746047887585, 0.7228744876891313, 0.32180826476842006, 0.42214415580413545, 0.0], "low_cosine": [0.8504832655503244, 0.0, 0.7382602440188321, 0.5843560139317232, 0.1282701443742477, 0.43788061168526843, 0.2549875711365466, 0.6321661835198257, 0.5321476648694079, 1.0], "mid_L2": [0.8849284602268515, 1.0, 0.9203276744013641, 0.6106827785603084, 0.0, 0.5557787827118392, 0.348891689524798, 0.3459559641189117, 0.8512269256431166, 0.4769071094966269], "mid_cosine": [0.3271333251574984, 0.0, 0.272496036991111, 0.5455893641471469, 1.0, 0.3959329763218735, 0.8790566903311667, 0.9190728603158598, 0.2728117150630675, 0.6793255844586462], "high_L2": [0.21046046229155538, 0.42182823944331843, 1.0, 0.4922768481052485, 0.0, 0.34499184148331347, 0.3616381423459943, 0.2658871563727893, 0.3450503779259075, 0.724951890361243], "high_cosine": [0.9457237772603118, 0.0, 0.23518715899859016, 0.7434006114547055, 1.0, 0.8073555602323619, 0.725430360468616, 0.8336490177575318, 0.5597571379755916, 0.5894246849378928], "clip_cosine": [0.36815501263689976, 0.7931760741364785, 0.13058129738837404, 0.15543386689132266, 1.0, 0.2030328559393429, 0.6849199663016007, 0.0, 0.45577085088458297, 0.3083403538331929], "dino_cosine": [0.0, 0.6895656607796783, 0.8622444722569879, 0.4597784267371251, 0.6341259908218606, 0.6229268066564687, 1.0, 0.5638529643535901, 0.5751819403884485, 0.5917304037454225], "clip_L2": [0.5168398363815304, 0.0, 0.5236431764126958, 1.0, 0.12959920651193307, 0.7410540371524645, 0.5165694455835316, 0.5437507688837858, 0.2180785081604199, 0.5706258201427048], "dino_L2": [0.7697462522620769, 0.6687213042206996, 0.18702733458192078, 1.0, 0.15262796045612953, 0.559967757995306, 0.2268635957737686, 0.45835012604411146, 0.4746607872422813, 0.0], "rcnn_confidence": [0.0, 0.0, 0.0, 0.0, 0.0, 0.0, 0.0, 0.0, 0.0, 0.0], "yolo_confidence": [0.0, 0.0, 0.0, 0.0, 0.0, 0.0, 0.0, 0.0, 0.0, 0.0]}