{"pixel_L2": [0.0, 0.9408207122865484, 0.963974898698984, 0.35047018524277435, 0.49082140851346273, 1.0, 0.8534778855124462, 0.28126639034194023, 0.8403632912038692, 0.4834112333891862], "pixel_cosine": [1.0, 0.03453384614078432, 0.3125196335634175, 0.762321387636586, 0.5198288377779475, 0.0, 0.17271592674664427, 0.896648922170432, 0.1288980582936417, 0.5169421733187302], "low_L2": [0.9237648254531967, 0.5305927844836902, 0.6194257610228943, 0.3386716160291588, 1.0, 0.9465830999325352, 0.0006264584507638704, 0.6658362563193448, 0.0, 0.05970338871673856], "low_cosine": [0.0, 0.7656822060941485, 0.6074920277029501, 0.849595767405343, 0.16594946371645883, 0.3312351361071468, 1.0, 0.22699051703359274, 0.5116481775391515, 0.7542943762184243], "mid_L2": [0.02911657659644866, 1.0, 0.40663063857946397, 0.33222675636925114, 0.6078614756810411, 0.7188529833462005, 0.0, 0.34373442152862027, 0.29649718760339694, 0.2596206021837432], "mid_cosine": [0.9244088788018118, 0.0, 0.7968425274650023, 0.9274000450005381, 0.6716044648359926, 0.2336013147983291, 0.9776570372037057, 0.7547650678432025, 0.6193212744934994, 1.0], "high_L2": [0.4468452656288502, 0.0, 0.574121451329117, 0.7256982781353888, 0.36584543422719273, 0.3026530462262071, 0.10508086235890697, 0.269225614843571, 1.0, 0.230445402236738], "high_cosine": [0.27204502976846223, 1.0, 0.4123106960432134, 0.22421899085118888, 0.6818818269718018, 0.6635044784306742, 0.6232476730423886, 0.5159676857119397, 0.0, 0.6445969932347457], "clip_cosine": [0.12394219502668924, 0.4654341882567374, 0.7803671396953522, 1.0, 0.752245801327952, 0.17706027860955606, 0.0, 0.5531831792735321, 0.47090222627262074, 0.23668793125895066], "dino_cosine": [0.0, 0.8392213213414438, 1.0, 0.6634602259895418, 0.1763194925286458, 0.41152134690362563, 0.6421269720726959, 0.8491781634440945, 0.38838136789935945, 0.5923824698031216], "clip_L2": [1.0, 0.6385713746123293, 0.27780243928252346, 0.0, 0.37106892601785424, 0.7419441335266529, 0.9963623553328499, 0.5175657436864782, 0.5830044544037865, 0.707320502785545], "dino_L2": [1.0, 0.2572675701258396, 0.0, 0.3956625878169562, 0.7801921731787996, 0.7959455806578364, 0.22882198250116811, 0.17477861720399543, 0.8640819244070527, 0.5115226807638252], "rcnn_confidence": [0.0, 0.0, 0.0, 0.0, 0.0, 0.0, 0.0, 0.0, 0.0, 0.0], "yolo_confidence": [0.0, 0.0, 0.0, 0.0, 0.0, 0.0, 0.0, 0.0, 0.0, 0.0]}