{"pixel_L2": [0.39162193066476586, 0.6603822793457035, 1.0, 0.32798728829290386, 0.8602686758885943, 0.4437096726289919, 0.2772954580892344, 0.0, 0.905300752158837, 0.3986339741162319], "pixel_cosine": [0.6347915709829718, 0.603396072814657, 0.0, 0.7329559677240305, 0.09438348501239625, 0.69012304832471, 0.7621649800941637, 1.0, 0.10974439121226434, 0.6534240432900245], "low_L2": [0.2722862892869103, 0.6337977156939563, 0.1255841626649587, 0.49728035581334107, 0.39452754919906236, 1.0, 0.517186265553016, 0.0, 0.3889361038049009, 0.6513542950220595], "low_cosine": [1.0, 0.24177640808629056, 0.702041811365884, 0.0, 0.808414709873278, 0.14924495756767323, 0.6031333226006762, 0.7106892665762057, 0.5376941652675882, 0.5534012557208896], "mid_L2": [1.0, 0.8604018578192036, 0.2907428897706275, 0.5247585865982188, 0.6837134179062261, 0.989403716167098, 0.4226803033627374, 0.0, 0.7970025879410932, 0.8098365552627197], "mid_cosine": [0.5306307286425327, 0.0, 0.010495825060516224, 0.08517692495988251, 1.0, 0.1656675823428618, 0.9265999401637338, 0.2601145955159065, 0.3782114396061686, 0.013224721444048558], "high_L2": [0.3856043781036904, 0.0, 1.0, 0.29966092860969146, 0.8562099868251509, 0.45244342777721475, 0.29419524836762173, 0.4019452447481577, 0.8727958187951528, 0.1453935805185968], "high_cosine": [0.7442979160911747, 1.0, 0.0, 0.7315835251786637, 0.26259451578471965, 0.6761165226525194, 0.5430573430705639, 0.3675495899349402, 0.24227375827296874, 0.6911222933662184], "clip_cosine": [1.0, 0.8262607364571818, 0.0, 0.9462539331575814, 0.2485755591461859, 0.5759843524109193, 0.2982396462284208, 0.96266689344332, 0.10519602006973382, 0.5745386512458542], "dino_cosine": [0.7653223101022909, 0.9068768207000206, 0.39545462299071477, 0.858083481642795, 0.1887311343731106, 0.6537935949265844, 1.0, 0.7161593819712554, 0.0, 0.8557162162418288], "clip_L2": [0.0, 0.24279521922089714, 0.9924725573734234, 0.1741180818680775, 0.7271928637530338, 0.6023230925482937, 0.8413351288901305, 0.18285250534010813, 1.0, 0.486487489305233], "dino_L2": [0.08886606830078542, 0.0, 0.5993804599057359, 0.08849792053679145, 0.5468553778385107, 0.31690571118373456, 0.05557773588667817, 0.2193090529593135, 1.0, 0.3736763830236776], "rcnn_confidence": [0.2930440834266176, 0.1713420202598759, 0.0, 0.42787364038497205, 0.0, 0.8922694770422986, 1.0, 0.0, 0.0, 0.36129496791864096], "yolo_confidence": [0.0, 0.0, 0.0, 0.0, 0.0, 0.0, 0.0, 0.0, 0.0, 0.0]}