{"pixel_L2": [0.0, 0.7205853519419639, 0.6695096518902732, 0.3534481222038037, 0.05655669037306383, 0.9633531183715666, 1.0, 0.37307274120813505, 0.35653173627078766, 0.3070156676113577], "pixel_cosine": [1.0, 0.2821696077186746, 0.4155833439126571, 0.44736574838136345, 0.8431255554144979, 0.13943125555414498, 0.0, 0.31013076044179255, 0.36385679827345435, 0.6907579027548559], "low_L2": [0.0, 0.5818216954764796, 0.5438463912500469, 0.4767189983241948, 0.08185774980602771, 0.6170424489254368, 1.0, 0.7490243698424282, 0.6471088754221962, 0.10897637431893371], "low_cosine": [0.9380350288865696, 0.4351634814447277, 0.46297215140782816, 0.6429357651661619, 1.0, 0.44873703241113033, 0.0, 0.2619581273062204, 0.4546740351657627, 0.7966990036557337], "mid_L2": [0.0, 0.5809275838448142, 1.0, 0.13110496917482595, 0.7157404346536982, 0.49458983263412953, 0.7204059585112582, 0.8942401739432708, 0.5502046491655562, 0.5103415136199898], "mid_cosine": [0.9181775155156225, 0.6136113804132919, 0.0, 1.0, 0.07561814392696016, 0.40751887447804147, 0.26601181706451293, 0.1275162789987557, 0.43082284327121995, 0.14578768979442278], "high_L2": [0.8297004438986583, 0.0, 0.3294462842360615, 0.13313688385155062, 0.6026528229337574, 0.46801614542965564, 0.9909408437094225, 1.0, 0.10742397858012824, 0.24309994262534348], "high_cosine": [0.0, 1.0, 0.09063104370879833, 0.7647333761560837, 0.39242437693768595, 0.447407221726105, 0.7306771042768787, 0.26404577508307786, 0.8143598956238979, 0.5639912892259005], "clip_cosine": [0.3630429324629676, 0.0, 0.5101682149133818, 0.43233743409490333, 0.2081345719307055, 0.7642480542304796, 1.0, 0.40848606577956315, 0.5558624152648757, 0.34973637961335674], "dino_cosine": [1.0, 0.1886952750432215, 0.3553668926265009, 0.683808720346485, 0.7781533873181281, 0.25132635056054276, 0.38746071447667824, 0.461053119374521, 0.0, 0.3218947355913474], "clip_L2": [0.5649585559418784, 1.0, 0.45592198806404177, 0.6571699566841627, 0.6532570261206573, 0.08299495097328176, 0.0, 0.5002861954762875, 0.12669209275339158, 0.6734088356664707], "dino_L2": [0.07911467772666016, 1.0, 0.4486122728751336, 0.19977113248756911, 0.18996584413773873, 0.4712811933640039, 0.0, 0.14718388400948, 0.5785976927366513, 0.27888145359914496], "rcnn_confidence": [0.0, 0.0, 0.0, 0.0, 1.0, 0.0, 0.0, 0.0, 0.7832886928147016, 0.0], "yolo_confidence": [0.0, 0.0, 0.0, 0.0, 0.0, 0.0, 0.0, 0.0, 0.0, 0.0]}