{"pixel_L2": [0.0, 0.3979572027193342, 0.46039859637812813, 1.0, 0.9955495809646604, 0.7776035867080818, 0.5603846773720916, 0.14720630897263084, 0.5436983531618121, 0.839295918068335], "pixel_cosine": [0.6221285973917597, 1.0, 0.6235091669256985, 0.0, 0.46854093682704234, 0.3350317418979051, 0.1655297270504818, 0.49718005371059565, 0.1944810822769036, 0.9677316374450783], "low_L2": [0.0, 0.6689865608982586, 0.21906094656100866, 0.485880524757039, 0.3737803649451699, 0.46639948551066657, 0.5604207551179821, 0.5330222660163787, 0.14612849536711187, 1.0], "low_cosine": [1.0, 0.3620606884240068, 0.795568654097963, 0.501928461050823, 0.6537462858797087, 0.5468707573253777, 0.5449049037779824, 0.6732134361023884, 0.8580476291950964, 0.0], "mid_L2": [0.6298306241634811, 0.39156684547226384, 0.4952911172583193, 0.3297134970172626, 0.2997828098210358, 0.26319944001848034, 0.9326594362806269, 1.0, 0.6664906083530576, 0.0], "mid_cosine": [0.7208342320120141, 0.34589858630887793, 0.6295422781855127, 1.0, 0.6760663448562303, 0.8507501156874908, 0.6484936587229035, 0.0, 0.6880384142567054, 0.9102979562210489], "high_L2": [0.08525593931537329, 0.3093970854424147, 1.0, 0.406014542083147, 0.5115610983923427, 0.6297977154146231, 0.27815235112488085, 0.0, 0.33230809325565774, 0.599577472277703], "high_cosine": [0.9857517945859465, 0.5844415417872392, 0.0, 0.4361427272414575, 0.30798084716627844, 0.1313112141446623, 0.7857106948414528, 1.0, 0.6468355401661805, 0.21794753520598822], "clip_cosine": [0.4807281858129316, 1.0, 0.9804770872567483, 0.16961707470182047, 0.6142498430634024, 0.752165725047081, 0.41393596986817327, 0.0, 0.6770244821092278, 0.9055241682360327], "dino_cosine": [0.0, 0.8946380322461935, 1.0, 0.701721725543291, 0.8018825038915445, 0.3193034381377262, 0.6079015572081636, 0.13187760379255853, 0.4578739080552511, 0.015430392027597988], "clip_L2": [0.5895178475680569, 0.0, 0.030706372471764838, 0.7931366957960218, 0.4868050119773607, 0.3609114641451876, 0.6343330023229019, 1.0, 0.42587577687813083, 0.20057155585030517], "dino_L2": [1.0, 0.0065705257315752255, 0.0, 0.28710973663715916, 0.16450907864230493, 0.6064040246708023, 0.1807370428111259, 0.7881003095864375, 0.5333376678261434, 0.7903881679653655], "rcnn_confidence": [0.0, 0.0, 0.7822716235919961, 0.0, 0.0, 0.0, 1.0, 0.0, 0.0, 0.0], "yolo_confidence": [0.0, 0.0, 0.0, 0.0, 0.0, 0.0, 0.0, 0.0, 0.0, 0.0]}