{"pixel_L2": [0.8200963578179558, 1.0, 0.0744839402870317, 0.0, 0.25982397706615873, 0.7741321059522129, 0.3034618272852562, 0.9330746807578211, 0.7932565162468735, 0.7124403856703959], "pixel_cosine": [0.10841757452115025, 0.07721347972818297, 0.9377241182902253, 1.0, 0.726074584394189, 0.40573393623303566, 0.8351769782743483, 0.0, 0.26977149149388396, 0.2864997078362735], "low_L2": [0.8136648611616016, 0.7754954362531981, 1.0, 0.7059543147260496, 0.8263241469134737, 0.0, 0.9609119445698825, 0.9888622497883985, 0.7295480894995819, 0.8674661377519313], "low_cosine": [0.0, 0.48173409975894677, 0.8005670313369182, 1.0, 0.6019688485073244, 0.745163730762099, 0.5251036528833674, 0.6461197849063601, 0.40391841275727797, 0.5579228629705173], "mid_L2": [0.4312761459888542, 0.34939762598116747, 1.0, 0.5173099380626469, 0.6119011367499889, 0.0, 0.8892577865156913, 0.704903250602374, 0.28892592647341425, 0.4170630755813094], "mid_cosine": [0.2509906027531012, 0.386768043740103, 0.7173676206385213, 0.881394313812757, 1.0, 0.9822825395767285, 0.41090195663241463, 0.0, 0.7302227459253435, 0.5530533700099796], "high_L2": [0.7386659016901534, 1.0, 0.1201563119840358, 0.0, 0.2791880081907319, 0.7980808049906694, 0.43770715675983635, 0.8587680501273596, 0.6780383367578403, 0.9061049839991855], "high_cosine": [0.2869806844747938, 0.0, 0.8388770844713472, 1.0, 0.6820886997330363, 0.1363298296100175, 0.6794865879906022, 0.20738877029473918, 0.2861905547291343, 0.13484043809486213], "clip_cosine": [0.6660799597686698, 0.44769927080714106, 0.5013829519738496, 1.0, 0.6423183303997988, 0.48742770932863966, 0.0, 0.6795323107870254, 0.8837063112899171, 0.22190093034950967], "dino_cosine": [0.1906966205861343, 0.0, 0.5932650884110555, 0.8399475103610393, 0.2612807094283098, 0.6837562189837527, 1.0, 0.5655034820015293, 0.5436390928229544, 0.13994090195325654], "clip_L2": [0.3813562962066904, 0.5962584962456106, 0.7005149027259866, 0.023565083388996124, 0.3319838393826076, 0.48119737236565985, 1.0, 0.2745166103026127, 0.0, 0.7551240447476241], "dino_L2": [0.8062944979525414, 0.5338011975200545, 0.0, 0.43791291888880046, 0.6741065032237523, 0.7549267248622498, 0.6640850115418292, 0.8670681985017733, 1.0, 0.9093519771462938], "rcnn_confidence": [0.194813567687808, 0.0, 1.0, 0.33813472084344487, 0.28039812172544243, 0.0, 0.0, 0.345994909671402, 0.3189486620517615, 0.0], "yolo_confidence": [0.0, 1.0, 0.0, 0.0, 0.0, 0.0, 0.0, 0.9412121730337968, 0.0, 0.0]}