{"pixel_L2": [0.6335345623177079, 0.47191342195105523, 0.3008384417668186, 0.4202207376126501, 0.3128662955882821, 0.2644514456441215, 0.04468630406965084, 1.0, 0.0, 0.3556209790282246], "pixel_cosine": [0.3523339505159964, 0.4980246594734302, 0.7405162779904636, 0.5517447951306327, 0.657873351010584, 0.9804300989660653, 0.9790591572980798, 0.0, 1.0, 0.6074077454320553], "low_L2": [0.7753415182623244, 0.5027175466751339, 0.09202688292317095, 0.8073281334220771, 0.10761329402406185, 0.0, 0.005978547174178893, 1.0, 0.5191355142910592, 0.6864404662711685], "low_cosine": [0.30869668007766815, 0.631797363311305, 0.869393819001841, 0.30909572265526636, 0.8128297959252192, 0.852036690933305, 1.0, 0.0, 0.40520832750449054, 0.29603993083728297], "mid_L2": [0.599741722899157, 0.33526091436219413, 0.10425427117029941, 0.5658170328263357, 0.3406885798570216, 0.0695058153304483, 0.0, 0.5632848345541426, 0.46187403328612026, 1.0], "mid_cosine": [0.15673056213654965, 0.8320524325747242, 0.7816557781128102, 0.32742060928039823, 0.19828056572618277, 0.49337742599373013, 1.0, 0.0, 0.47158027616244286, 0.07419233254361404], "high_L2": [0.2766669661040655, 0.0, 0.6083172338352132, 0.9138680072365302, 0.8911600394347683, 0.9198237033886838, 0.8447598265688909, 0.846169835586126, 0.3561507663512719, 1.0], "high_cosine": [0.7506926873383991, 1.0, 0.5391007221281098, 0.2203804995284912, 0.2003299800776506, 0.05270059359289697, 0.0, 0.3124613732514692, 0.5894282221821225, 0.2192434010831161], "clip_cosine": [0.7536371355788282, 0.8459099915086329, 0.8850834984432494, 0.0, 0.5227851684121143, 0.7609963204075856, 0.6503821115199547, 1.0, 0.9248797056326068, 0.8424568355505236], "dino_cosine": [1.0, 0.7350842745250769, 0.7460567311437103, 0.0, 0.5665730884071141, 0.9755966290189969, 0.5247766021896231, 0.7643153100523605, 0.36045480115972134, 0.5172957505733696], "clip_L2": [0.31254855565251777, 0.2858720147991712, 0.2355384307583667, 1.0, 0.800513909035844, 0.268061326735131, 0.37449339065205134, 0.0, 0.11057107639367622, 0.2703647532265171], "dino_L2": [0.2168457121262397, 0.0, 0.08774817498064373, 1.0, 0.6549754820631936, 0.04188142904545957, 0.3263567820668805, 0.2553047690152269, 0.32939940272093793, 0.4427017660288316], "rcnn_confidence": [0.7829642678107055, 0.9011304152735443, 0.8998047810392134, 0.6964512306473487, 0.4060170436489287, 0.16229394447764067, 0.6078928493100407, 0.0, 0.21647977706685645, 1.0], "yolo_confidence": [0.0, 0.0, 0.0, 0.0, 0.0, 0.0, 0.0, 0.0, 0.0, 0.0]}