{"pixel_L2": [0.925849555691506, 0.5247637616798778, 0.2575910953447737, 1.0, 0.23849177182041045, 0.6566192942999115, 0.36531885021148114, 0.10861901261844925, 0.4648140242158032, 0.0], "pixel_cosine": [0.04758882343712113, 0.44987234528105435, 0.7387285875254953, 0.0, 0.723495599834548, 0.3267247650154755, 0.6087418522057879, 0.7746288028982613, 0.44866711357704214, 1.0], "low_L2": [0.2001922876135454, 0.1172715170709637, 0.23402316152159539, 0.0, 0.021360456617826193, 0.1887333379737584, 0.17356784881495144, 0.3298341628093133, 1.0, 0.2182094629868096], "low_cosine": [0.46994231728190405, 0.36588094179166836, 0.48150244612461085, 1.0, 0.5452398280300274, 0.43105702233183735, 0.32329950538416957, 0.2895591584792248, 0.0, 0.19312928745670427], "mid_L2": [0.1979354267489008, 0.07127908965600507, 0.0, 0.2807598273485527, 0.03551126359529535, 0.9997333762614321, 0.1754132667947802, 0.844291736676359, 1.0, 0.6528860762040829], "mid_cosine": [0.6014657748683648, 0.5592965822304444, 1.0, 0.45290190218680326, 0.8166803045396328, 0.0, 0.8225920259949717, 0.14539158483942888, 0.044699611024144964, 0.2579944618376737], "high_L2": [0.6222014381364744, 0.4067054350995527, 0.3715684710309579, 0.0, 0.742410721654022, 0.2649472114786838, 0.5864251800421428, 0.8577763351177082, 0.3538343887369817, 1.0], "high_cosine": [0.5137885015015993, 0.7104347870778519, 0.8020688320076202, 1.0, 0.34296698194825864, 0.5439952305164714, 0.3705991492365229, 0.07327633023876541, 0.5126536933516758, 0.0], "clip_cosine": [0.9510945505356311, 0.8594938674118926, 0.0, 0.960254618848005, 0.6998913212234125, 0.9105728924080112, 0.6138798323241733, 1.0, 0.48688091911193915, 0.8630647414997671], "dino_cosine": [0.7703046963830797, 0.43549849594841605, 0.4318427150649837, 0.520632133450395, 1.0, 0.0, 0.6020092402020755, 0.009441701809179753, 0.3728896501101052, 0.6389844413419882], "clip_L2": [0.1611828568644337, 0.21843074338306126, 1.0, 0.09908251925922926, 0.29560620122819964, 0.1255109426705153, 0.4123867237971457, 0.0, 0.5317185108739871, 0.11265071451256231], "dino_L2": [0.0, 0.8105325826260015, 0.15151473915188216, 0.39765262208916635, 0.16131589242885574, 0.8875708040619844, 0.40693667182636206, 1.0, 0.6134276820493629, 0.5538110871081324], "rcnn_confidence": [0.0, 0.0, 0.0, 0.0, 0.0, 0.0, 0.0, 0.0, 0.0, 0.0], "yolo_confidence": [0.0, 0.0, 0.0, 0.0, 0.0, 0.0, 0.0, 0.0, 0.0, 0.0]}