{"pixel_L2": [0.662250157133878, 0.5313639220615964, 0.016191074795725957, 1.0, 0.617950974230044, 0.5040854808296669, 0.6760527969830296, 0.0, 0.42861093651791327, 0.7655562539283469], "pixel_cosine": [0.1547435187040945, 0.3095459850744509, 0.9390952712182125, 0.08269178623218307, 0.1552976267669563, 0.33419200433854823, 0.25668171797078554, 1.0, 0.5810353568102239, 0.0], "low_L2": [0.42222210688037204, 0.27313353818045927, 0.05072561557945439, 0.9551758501847777, 0.5185660009135075, 0.2518996802723913, 0.4352603496242162, 0.0, 1.0, 0.24233380392808204], "low_cosine": [0.25077810025345715, 0.4084249324770947, 0.9640870071484541, 0.0, 0.4681164939743741, 0.9591404345104425, 0.5121716329380452, 1.0, 0.24473715313800937, 0.746236446172097], "mid_L2": [0.5811750398389667, 0.0, 0.0493961251362912, 0.7775056613268473, 0.6297030948586765, 0.6143713830411809, 0.5309443931896335, 0.3994128994380609, 1.0, 0.5985951522267886], "mid_cosine": [0.08438433058640869, 1.0, 0.5235578645646721, 0.00018909988454954418, 0.1413461921254827, 0.10106990724153031, 0.13441816951311755, 0.7664755762570166, 0.0, 0.3452486165850551], "high_L2": [1.0, 0.10579956853424999, 0.2668056457869042, 0.2899825385207907, 0.48663525245132305, 0.2665904611530059, 0.22071775725528572, 0.0, 0.6743283361156569, 0.3441336831111586], "high_cosine": [0.10881151383866657, 0.6592880505201525, 0.07714827513994285, 0.0, 0.8345566523499488, 0.5486832743025805, 1.0, 0.40934800323273535, 0.22235328910155427, 0.47115355097865014], "clip_cosine": [0.5418218760582458, 0.8486285133762276, 0.2333220453775821, 1.0, 0.3995936335929563, 0.640027091093803, 0.5174398916356248, 0.6085336945479174, 0.9492041991195395, 0.0], "dino_cosine": [0.11610808312944312, 0.0, 1.0, 0.9355610659779097, 0.8257821751131539, 0.4890518176829545, 0.8895898402848549, 0.27084734433859114, 0.8988278203895713, 0.38515651754143476], "clip_L2": [0.7975395215162844, 0.3758487328277762, 1.0, 0.8211088926234029, 0.1816264059531451, 0.13859706277961817, 0.6368310533802549, 0.8077839888265633, 0.0, 0.9617348502198239], "dino_L2": [0.7581722508148557, 1.0, 0.0, 0.19654402281183941, 0.27525640655840383, 0.6681507823026936, 0.24873599498930696, 0.7253637491192141, 0.08029264754966396, 0.7065035993753116], "rcnn_confidence": [0.0, 0.0, 0.0, 0.0, 0.0, 0.0, 0.0, 0.0, 0.0, 0.0], "yolo_confidence": [0.0, 0.0, 0.0, 0.0, 0.0, 0.0, 0.0, 0.0, 0.0, 0.0]}