{"pixel_L2": [1.0, 0.5368162498504946, 0.037334049014431284, 0.2583424008961572, 0.4365849176042964, 0.07443180657940414, 0.7534780059335409, 0.5447334719965461, 0.0, 0.2256291624489129], "pixel_cosine": [0.0, 0.43029461362960025, 1.0, 0.7279039777799822, 0.5403333002678306, 0.9130245015375459, 0.2028072611844063, 0.4355321892669378, 0.9462454121614919, 0.7431802400555501], "low_L2": [0.6837550042467365, 0.6563138326622008, 0.0, 0.3971786694494685, 0.47051501332515966, 0.16641825792548673, 1.0, 0.6352041592280533, 0.14921137049091338, 0.36359318369533933], "low_cosine": [0.20081922725734463, 0.32517192278958695, 1.0, 0.7264719591854978, 0.5427460395502232, 0.7298721034920919, 0.0, 0.35231241739086017, 0.7928785334363486, 0.5829539432096085], "mid_L2": [0.5500699389623601, 0.3489556841302136, 0.0, 1.0, 0.5777037767039674, 0.15423925483214648, 0.2734057095625636, 0.6518311291963378, 0.46190710834181076, 0.00671572990844354], "mid_cosine": [0.23042770661818282, 0.3110219062600015, 1.0, 0.0, 0.4592926259592926, 0.6241717908384575, 0.49318365985032653, 0.43014102537912063, 0.5645168978502312, 0.7050894431846813], "high_L2": [0.46821144850438745, 0.5633465972474625, 0.10337513905081983, 1.0, 0.40747279166843675, 0.6761276293782323, 0.7238966012596785, 0.5124795652331254, 0.5879076529480347, 0.0], "high_cosine": [0.5573011751844766, 0.317344902978956, 0.9310576660289697, 0.0, 0.5719144575020497, 0.5239368679967205, 0.16620388084176005, 0.5261833834380979, 0.38925936048100573, 1.0], "clip_cosine": [0.17350670459162942, 1.0, 0.32994717594473794, 0.5172694026818366, 0.5172694026818366, 0.0, 0.612352702153596, 0.17594473791141813, 0.9536773669240146, 0.3279154815115807], "dino_cosine": [0.525906261085837, 0.9486396825211191, 0.7700656086636182, 0.2949622058233049, 0.6747595713411377, 1.0, 0.8580856927892843, 0.0, 0.47259678544836486, 0.30961597685959436], "clip_L2": [0.57256469448408, 0.0, 0.18812397188489013, 0.2838958000672687, 0.41970858640414266, 1.0, 0.3502565050342485, 0.5289295664381902, 0.26766750886489205, 0.40502770529873167], "dino_L2": [0.7344876300283858, 0.0, 0.4592332767372582, 0.726772575911131, 0.0007502270423944089, 0.12584290859953232, 0.17289004128442378, 1.0, 0.3640860611325357, 0.4680846396497186], "rcnn_confidence": [0.0, 0.0, 0.0, 0.0, 0.0, 0.0, 0.0, 0.0, 0.0, 0.0], "yolo_confidence": [0.0, 0.0, 0.0, 0.0, 0.0, 0.0, 0.0, 0.0, 0.0, 0.0]}