{"pixel_L2": [0.8040133359887294, 0.5774685962544165, 0.3519638866145914, 0.35550588981581877, 0.8576844209392726, 0.0, 0.5479881687356627, 1.0, 0.6222116498122783, 0.7084069099304434], "pixel_cosine": [0.19159762609424566, 0.5386660905021239, 0.5393339175857473, 0.6583007266952322, 0.24984127552662153, 1.0, 0.48024161937669085, 0.0, 0.3960081733716082, 0.23228308473720485], "low_L2": [0.05978895006732413, 0.0328227353968259, 0.1406411096103766, 0.02279331960735771, 0.035052945287258344, 0.030526454885517633, 0.0, 1.0, 0.17608656139240308, 0.04732693414561025], "low_cosine": [0.7819218352908853, 0.8949308069955092, 0.6989323409836494, 0.8799997710465463, 0.7610672419939883, 0.9353096104847599, 1.0, 0.0, 0.70366513594929, 0.7907606651424908], "mid_L2": [0.25101685099179166, 0.1655796496152004, 0.19566473988439306, 0.053339013442926034, 0.06209139407709357, 0.2765567398398432, 0.34872810095002615, 1.0, 0.5045808413244679, 0.0], "mid_cosine": [0.4310720012871237, 0.2662182104927395, 1.0, 0.3853934535667326, 0.7429338375399225, 0.28305776684664985, 0.0, 0.15829656913565965, 0.16905565095001762, 0.8946254791246186], "high_L2": [0.33595799508176144, 0.2872629398174332, 0.1808703918630579, 0.26743580645011333, 0.5217578596520044, 1.0, 0.6189422688048246, 0.0, 0.40958785346934157, 0.7526814781987532], "high_cosine": [0.47646908723171594, 0.14003868669446942, 0.7595334524726605, 0.6041206694551825, 0.5693575477611936, 0.0, 0.24596924034303744, 1.0, 0.15078845389271317, 0.13284473849222203], "clip_cosine": [0.49965073345973454, 0.0, 0.3626384592356052, 1.0, 0.6023350962977747, 0.6479393274124339, 0.7095100289392277, 0.876559225626185, 0.271928949206666, 0.6141103682267239], "dino_cosine": [0.274686600427152, 0.770158170056025, 0.6573962299192125, 0.6404711053332095, 0.32541244931439006, 0.713585291113381, 0.8895564428761569, 0.0, 1.0, 0.17386324945058346], "clip_L2": [0.4763830858248711, 1.0, 0.4499738825062596, 0.17229600932996325, 0.4074447604631542, 0.33711073520893103, 0.5699999229222659, 0.0, 0.8694018589963649, 0.3994476490994653], "dino_L2": [0.9387945004213271, 0.6811843251924781, 0.9970327050638472, 0.28067153053360894, 0.6420491620272675, 0.7959149279422674, 0.1451367332387448, 0.6526061060015701, 0.0, 1.0], "rcnn_confidence": [0.0, 0.10136130605441962, 0.11701331874729354, 0.10873815389727715, 0.11220516893234628, 0.2672274006916867, 0.11750460463987389, 1.0, 0.0, 0.7387326392024621], "yolo_confidence": [0.0, 0.0, 0.0, 0.0, 0.0, 0.0, 0.0, 0.0, 0.0, 0.0]}