{"pixel_L2": [0.20141442530250747, 0.0739096455414417, 0.9920349022062993, 0.32229052050345414, 1.0, 0.32943335423332537, 0.5953795877160492, 0.49818385468589843, 0.9220366300846566, 0.0], "pixel_cosine": [0.8724571617405503, 0.769066062767891, 0.8493745565523341, 0.9037215586031278, 0.0, 0.5708116671688357, 0.34547416097271766, 1.0, 0.17263599871703908, 0.9508519054885457], "low_L2": [0.6297506031813596, 0.1861660176114632, 0.7019246550252835, 0.0, 0.23206182634516095, 0.234352994624063, 0.4217096175451593, 0.6958957064128564, 1.0, 0.3315506314219118], "low_cosine": [0.5359310417158952, 0.3241754561984996, 0.46929086895373506, 1.0, 0.2822238958170379, 0.26608746526623844, 0.31646295002255564, 0.44501419677347204, 0.0, 0.4854197177830541], "mid_L2": [0.5824688242234943, 0.2858265640318737, 0.8383980501968433, 0.0, 0.334118348327773, 0.30976209795236054, 0.4735208240646758, 0.8231753937122106, 1.0, 0.30737498383817613], "mid_cosine": [0.7847949237390041, 0.9604559593801505, 0.20730719182489793, 1.0, 0.6607122883644421, 0.9309407939022579, 0.6988440936985137, 0.4741441246973833, 0.0, 0.9125727289551231], "high_L2": [0.17231109172213344, 0.3724840840427708, 1.0, 0.682915092569295, 0.34591042412986434, 0.18359964013735602, 0.0, 0.41013751893894823, 0.777130439347396, 0.3117611849159385], "high_cosine": [0.8093152786684609, 0.7327851855300668, 0.05720545975049486, 0.0, 0.556664157075359, 0.8408989339590794, 1.0, 0.39647021148931566, 0.25249224005669274, 0.6626829234774932], "clip_cosine": [0.7788164088769334, 0.3491593813046402, 0.0, 0.1082044384667115, 0.7242770679219905, 1.0, 0.7397444519166106, 0.38567585743106925, 0.4926698049764627, 0.6996637525218561], "dino_cosine": [0.8714586417701503, 1.0, 0.1735263014774753, 0.0, 0.8120534590244836, 0.7336918753965617, 0.7443232518556566, 0.8242982747681059, 0.7305939108277689, 0.4562568611455218], "clip_L2": [0.21968005574346394, 0.6081855792820126, 1.0, 0.864389797784778, 0.1823368705270951, 0.0, 0.3939245430923106, 0.7665132753640019, 0.6546849187800311, 0.3588970342735204], "dino_L2": [0.22805229934375876, 0.0, 0.6499737559049213, 1.0, 0.10032742632907596, 0.31855971295347435, 0.20753441586754093, 0.33041287932437424, 0.5829168992532235, 0.5170328342789539], "rcnn_confidence": [0.5816521882383585, 1.0, 0.8633387339911963, 0.0, 0.7927882265010637, 0.8638560405564459, 0.9821867586042005, 0.7599077935672236, 0.7230422898724544, 0.9435720346354848], "yolo_confidence": [0.0, 0.6491673400783919, 0.0, 0.0, 0.0, 0.37627943575875433, 0.0, 0.0, 0.0, 1.0]}