{"pixel_L2": [0.823063877897117, 0.10145671174501023, 0.0, 0.34974127060051313, 0.14458407618385008, 0.29549071618037137, 0.47180936643910076, 0.4002174196634344, 0.07739270339609514, 1.0], "pixel_cosine": [0.008921431427429028, 0.632921831267493, 0.8974910035985606, 0.6172530987604958, 1.0, 0.20819172331067573, 0.6820021991203519, 0.9400489804078369, 0.6913734506197521, 0.0], "low_L2": [0.6218785088215582, 0.0, 0.34174725169511444, 0.7671143451505366, 0.012438092419639826, 0.652377512207435, 0.21069902253479444, 0.4741533131979563, 0.289905909181906, 1.0], "low_cosine": [0.13941564826520578, 1.0, 0.6938614974013204, 0.0, 0.9292948447815704, 0.3807697710352578, 0.7736760781008568, 0.4997612024160697, 0.09476050007023458, 0.7348574237954769], "mid_L2": [0.4093726754277213, 0.6998750691411242, 0.5355146960651548, 0.8360544736691525, 0.0, 0.24271872437010053, 1.0, 0.513041446527685, 0.43556047225772, 0.8032005187968491], "mid_cosine": [1.0, 0.2270111267425502, 0.55484891116046, 0.0, 0.6770260476616788, 0.9938456053048712, 0.05481209330806466, 0.3885988675603716, 0.10317912466524821, 0.5633945284795777], "high_L2": [0.360186289706208, 0.6255419758994836, 0.9946760763921132, 1.0, 0.27111057141700656, 0.9190887423778129, 0.6708834236924125, 0.4120969258865071, 0.0, 0.4997869001954804], "high_cosine": [0.8320239057575455, 0.07073576962551885, 0.0, 0.14405500958228504, 0.42423636908600443, 0.4053703939182009, 0.4119133688771015, 0.6317166822586945, 1.0, 0.4863645446370993], "clip_cosine": [0.22647870058228625, 0.5255899479007049, 0.0055163959546429666, 0.6923076923076923, 0.4872816426601287, 0.33650015323322097, 0.24272142200429053, 0.2807232608029421, 0.0, 1.0], "dino_cosine": [0.4056190367661532, 0.6873633830247905, 0.12192708926850998, 0.47408550798205723, 1.0, 0.24477100146070094, 0.0, 0.3512001574656321, 0.07611702182763729, 0.46419728786167885], "clip_L2": [0.4374306796313035, 0.45997517469787214, 0.8550974104932588, 0.20438280447192814, 0.3853755635245181, 0.6066293115687876, 0.5073147485629861, 0.6759271884853333, 1.0, 0.0], "dino_L2": [0.0, 0.2951501235083325, 0.5030050794976169, 0.6105638764220854, 0.028870072713356294, 0.5867058936088787, 1.0, 0.5335799151097659, 0.17853477368402743, 0.916823226524719], "rcnn_confidence": [0.0, 0.0, 0.0, 0.0, 0.0, 0.0, 0.0, 0.0, 0.0, 0.0], "yolo_confidence": [0.0, 0.0, 0.0, 0.0, 0.0, 0.0, 0.0, 0.0, 0.0, 0.0]}