{"pixel_L2": [0.0, 1.0, 0.796994476416613, 0.11369187157920155, 0.20007772255312298, 0.8507582350692209, 0.45750160978750803, 0.13548688526239536, 0.02691237725370251, 0.27009907739053446], "pixel_cosine": [1.0, 0.0, 0.06526119042584573, 0.7874869802883524, 0.6919720262195457, 0.22862222082997236, 0.5424731056482707, 0.8002098816674629, 0.8303315556042843, 0.7924677541878441], "low_L2": [0.6003598566848006, 0.32936926252909915, 0.39490506309257134, 1.0, 0.17386615339244144, 0.34662246108088773, 0.0, 0.13580275963330385, 0.35617419322452926, 0.01921954708883158], "low_cosine": [0.0, 0.13553064774398646, 0.041275443611289146, 0.7254545830006598, 0.21535742400811192, 0.028849135975306025, 0.3481720665435751, 0.4196692197849004, 1.0, 0.5222106232800612], "mid_L2": [0.042112548241879814, 0.0, 0.2811615777962447, 1.0, 0.26906733215394574, 0.0028626489316685953, 0.06568542980519712, 0.5030334392063096, 0.6064354795128144, 0.748447592876771], "mid_cosine": [0.7480206925854814, 0.0, 0.11953660736451871, 0.7485999681502751, 0.20697766277260896, 0.3565246386829513, 0.23634443043581968, 0.10208462708353182, 1.0, 0.15216240856243], "high_L2": [0.0, 1.0, 0.6759024206788316, 0.8436597864443989, 0.6772342919579787, 0.008847986977258604, 0.9723383576146708, 0.5821106432315181, 0.028155669827218354, 0.7332096039379773], "high_cosine": [0.8883908116105982, 0.0, 0.3931653204684279, 0.4054601304688873, 0.3471652781731147, 0.9330930684058629, 0.22960332830083927, 0.48002591681775897, 1.0, 0.6660893194368112], "clip_cosine": [0.27816627816627815, 0.42735042735042733, 0.939005439005439, 0.7041181041181042, 0.5392385392385393, 0.585081585081585, 0.19005439005439007, 0.3594405594405594, 1.0, 0.0], "dino_cosine": [0.9081875814936379, 0.4930335866193067, 0.8234575783462974, 0.7398570208174093, 0.37575109032867227, 0.0, 0.2627579695157592, 0.6106362124005216, 1.0, 0.5709779236545119], "clip_L2": [0.8033786580490576, 0.8858488164927463, 0.5635667569047564, 0.4123414727576092, 0.7844283378452378, 0.5287604988546704, 1.0, 0.9289400752241169, 0.0, 0.8673275128480015], "dino_L2": [0.7630275903439121, 0.7689793000747854, 0.25665389844086395, 0.6753410328583633, 0.7701544610382536, 0.7582526798120507, 1.0, 0.8678402622050596, 0.0, 0.9376269120597891], "rcnn_confidence": [0.18269415576930403, 0.5874225472553983, 0.9160025678113941, 0.0, 1.0, 0.13459437056547316, 0.2362631555720398, 0.0, 0.07260322882749314, 0.23137727824532245], "yolo_confidence": [0.0, 0.0, 0.0, 0.0, 1.0, 0.0, 0.0, 0.0, 0.0, 0.0]}