{"pixel_L2": [0.04209670193334942, 1.0, 0.03766274942275218, 0.030043767446669194, 0.060881552193541716, 0.04889685356859772, 0.07885928938208636, 0.11833821552882792, 0.06479925560878105, 0.0], "pixel_cosine": [0.9921524880048482, 0.0, 0.981277141081513, 0.9833052191937869, 0.9766612754426529, 0.9830712992592535, 0.9012417828867881, 0.9805020400443135, 0.9616718713208756, 1.0], "low_L2": [0.02468965622142071, 1.0, 0.04281593842749012, 0.0391530357506146, 0.0, 0.04212670810287689, 0.09947352309824717, 0.05065890419033024, 0.037517896221877026, 0.029880273562645807], "low_cosine": [0.9632913663215518, 0.0, 0.9382339025334423, 0.9453372765049428, 1.0, 0.9388499793854234, 0.850946382168024, 0.9318313192594698, 0.9461115033534094, 0.9553712774428273], "mid_L2": [0.09717084522859191, 1.0, 0.03597667401804922, 0.05615960167232678, 0.11442990704785615, 0.11837124030902867, 0.13303927803109228, 0.023821185511913298, 0.17342678158275718, 0.0], "mid_cosine": [0.8394513377204504, 0.0, 1.0, 0.9109796913923636, 0.8444097298017564, 0.7925426953091358, 0.6695210552914341, 0.9491415438398452, 0.6927855232717804, 0.8457043067161458], "high_L2": [0.0, 1.0, 0.21446547052397408, 0.3328521296103304, 0.25282254369154084, 0.48616201372403833, 0.598035391182131, 0.25443890159032423, 0.5477020224343664, 0.1026610295542891], "high_cosine": [1.0, 0.0, 0.8005922107416477, 0.8060180502058332, 0.7693794572540357, 0.5379896815713766, 0.5802062699528598, 0.8373089949534938, 0.44350434912468056, 0.8899908847305853], "clip_cosine": [0.34751157407407407, 0.0, 0.21238425925925927, 0.6383101851851852, 0.2974537037037037, 0.4085648148148148, 1.0, 0.30063657407407407, 0.2175925925925926, 0.6116898148148148], "dino_cosine": [0.9711205662358278, 0.16738919671068825, 0.21159999799064647, 1.0, 0.5593537919013005, 0.6308516142644008, 0.8855572690876028, 0.0, 0.05495079595517132, 0.8840050434773873], "clip_L2": [0.16580144919621126, 0.7552839276198967, 0.13829506154434307, 0.0, 0.2576699794384771, 0.06485071862006055, 0.08145861347731811, 0.47434237814013425, 1.0, 0.02015634432949213], "dino_L2": [0.26010931098878537, 0.5938852332391447, 1.0, 0.0, 0.5451861122246449, 0.3103728110914477, 0.25474349071638785, 0.8418940719809928, 0.7218709973894424, 0.1179913372507993], "rcnn_confidence": [0.0, 0.0, 0.0, 0.0, 0.0, 0.0, 0.0, 0.0, 0.0, 0.0], "yolo_confidence": [0.0, 0.0, 0.0, 0.0, 0.0, 0.0, 0.0, 0.0, 0.0, 0.0]}