{"pixel_L2": [0.5545927767971035, 0.09202948035716586, 1.0, 0.29579569906327713, 0.33405058561286416, 0.944369999098066, 0.2927871049206942, 0.09666155570730953, 0.7398564636456172, 0.0], "pixel_cosine": [0.0, 0.5655702039409368, 0.6873244689567876, 0.4805411300667371, 0.558568740358154, 0.18977413357594525, 1.0, 0.9477800444160643, 0.7810276724513033, 0.6001876098393449], "low_L2": [0.8380358401503663, 0.5439671928063393, 0.7056536876054593, 1.0, 0.5176958072577372, 0.8915184006493091, 0.5133599606997159, 0.0, 0.7086012089109123, 0.9213567141545099], "low_cosine": [0.04850655087501645, 0.1362243651196451, 0.2658367638489445, 0.036072106618545464, 0.29435703678640573, 0.06650970882911333, 0.46494764939190586, 1.0, 0.0, 0.1704073384838061], "mid_L2": [0.0, 0.24535220177360215, 0.278856178906552, 0.7835303351569181, 0.43456766983353445, 0.798823846397151, 0.20712720968100934, 0.7925330646767335, 0.9600119489708656, 1.0], "mid_cosine": [0.5917323088150072, 0.43312656950913264, 0.7312699877658775, 0.5859844175913803, 0.5541327724238587, 0.3969650790925286, 1.0, 0.3487390268506793, 0.0, 0.3390504603893456], "high_L2": [0.43496133751306165, 0.6195005224660397, 0.0, 0.28933960292580985, 0.4488380355276907, 0.6915256008359456, 0.6794148380355277, 0.8222110762800418, 0.550307210031348, 1.0], "high_cosine": [0.6270699173899845, 0.40127218449840674, 0.8299977111392844, 1.0, 0.6354250706543707, 0.4011942658357507, 0.45605062765106075, 0.16925069842717932, 0.0, 0.12304087320847949], "clip_cosine": [0.03015075376884422, 0.6030150753768844, 0.39652809502055736, 0.8181818181818182, 0.0, 0.46139789858382824, 1.0, 0.5637277295568753, 0.5376884422110553, 0.5728643216080402], "dino_cosine": [0.7548701098168072, 0.0, 1.0, 0.41312860548713454, 0.6223734759675367, 0.7526836559485134, 0.6893382580015565, 0.33006806418539153, 0.655454399466357, 0.5774708781638729], "clip_L2": [0.7743778762670923, 0.477057158171373, 0.6413570904042181, 0.2042317872819704, 1.0, 0.7545306002942086, 0.0, 0.3491803007728289, 0.5985917654642522, 0.5407323102932877], "dino_L2": [0.07977801237784385, 1.0, 0.09282414357524044, 0.8873499985472014, 0.5387203104469132, 0.0, 0.1772963095687771, 0.5900137854442496, 0.6548731706844618, 0.09629148950595164], "rcnn_confidence": [0.0, 0.0, 0.0, 0.0, 0.0, 0.0, 0.0, 0.0, 0.0, 0.0], "yolo_confidence": [0.0, 0.0, 0.0, 0.0, 0.0, 0.0, 0.0, 0.0, 0.0, 0.0]}