{"pixel_L2": [0.6080027017812928, 0.0, 0.08303635979756749, 0.10223262556290919, 0.48730546671992236, 0.8771603510853282, 0.4632778017956426, 1.0, 0.3024884539065692, 0.8250427523071622], "pixel_cosine": [0.0, 0.7308009909165979, 1.0, 0.5914571910694411, 0.8269178493211811, 0.013355832405844972, 0.16946622831087702, 0.18389914397525786, 0.32878222915202776, 0.47756332993111794], "low_L2": [0.486098075107202, 0.45795941827097997, 0.36544685061942844, 0.3284220041139505, 0.6654067162435923, 1.0, 0.7859054017896959, 0.8806366855092961, 0.0, 0.6724199683738287], "low_cosine": [0.5669703655174894, 0.6291679110136829, 0.7515131520313216, 0.6855880380074395, 0.30695526135978074, 0.04484339990524721, 0.22002348493258636, 0.0, 1.0, 0.38361433425219565], "mid_L2": [0.5945316672212562, 0.47557053295008067, 0.45282963443803387, 0.38530904439974556, 0.5691114031467617, 1.0, 0.37806840087045673, 0.9589773915287938, 0.0, 0.7894974070733517], "mid_cosine": [0.6473225515058225, 0.6660723636438421, 0.6662005052894023, 0.614121209340735, 0.5147805851169016, 0.0, 0.8558928546003641, 0.052050820027431804, 1.0, 0.5501484702893312], "high_L2": [0.3226382183731492, 0.5313540379290039, 0.29175232563766434, 0.6380851611022997, 1.0, 0.6826070739402982, 0.3754222685957221, 0.6163242935819523, 0.0, 0.3097120281778821], "high_cosine": [0.5880783727689436, 0.9354392833466291, 0.6225321951433225, 0.21791017183100084, 0.1603178278936151, 0.0, 0.6172724554775675, 0.46859490086895234, 1.0, 0.5336226150029441], "clip_cosine": [0.7983751001258725, 1.0, 0.3304725941183202, 0.06350841057329214, 0.9752832131822863, 0.35553266964183544, 0.7672502574665293, 0.1505893122782927, 0.5968646298203456, 0.0], "dino_cosine": [1.0, 0.7604480249061769, 0.7975031199817498, 0.0, 0.8037520296655469, 0.22074262275283035, 0.6451317101973081, 0.536569764581162, 0.6378271507745159, 0.6201584369226916], "clip_L2": [0.18786001996943505, 0.0, 0.6592289268899524, 1.0, 0.04239008293178072, 0.7243383091174007, 0.18393949132268808, 0.8395333426028836, 0.42850214811083803, 0.9752011906767969], "dino_L2": [0.14015271991577993, 0.49096492695543914, 0.0, 1.0, 0.5300877717661542, 0.8552892252640503, 0.43437847830379245, 0.493044044766993, 0.170237157439174, 0.913572948447678], "rcnn_confidence": [0.0, 0.0, 0.0, 0.0, 0.0, 0.0, 0.0, 0.0, 0.0, 0.0], "yolo_confidence": [0.0, 0.0, 0.0, 0.0, 0.0, 0.0, 0.0, 0.0, 0.0, 0.0]}