{"pixel_L2": [0.8398889492146738, 0.682201839808087, 0.0, 0.5480995452462639, 0.6978621568650102, 0.8972529947901625, 0.11948163464907721, 0.3172571534187392, 1.0, 0.4034601329991028], "pixel_cosine": [0.15423265502719125, 0.34638863387798174, 1.0, 0.4320462258157033, 0.2809282488503925, 0.10226188956907045, 0.838086828126308, 0.6563685714952239, 0.0, 0.5581164139657238], "low_L2": [0.11175938051782462, 1.0, 0.045927305522057475, 0.20875215529901212, 0.0, 0.18941061426453767, 0.058041900049412065, 0.17362639640915956, 0.291479355777238, 0.658341482292858], "low_cosine": [0.19049584036030276, 0.06904914909788391, 1.0, 0.425453776404823, 0.6897042529339297, 0.08997347964652577, 0.9410294550986168, 0.665975658686639, 0.0, 0.2907164627350433], "mid_L2": [0.05441598231230178, 0.8242853053228282, 0.4237206802707868, 0.46131600839836784, 0.2798287438550123, 0.0, 0.48705824667253167, 0.46471242915091726, 0.11071105832440752, 1.0], "mid_cosine": [0.8394683743648421, 0.15873226786746883, 0.9454520847943503, 0.12638935026267548, 0.7005068960001969, 1.0, 0.9028137649331316, 0.23872833081115663, 0.46901290616272345, 0.0], "high_L2": [1.0, 0.07620278860375655, 0.4597628755483365, 0.11247073828702761, 0.2960251425793243, 0.8751063524159954, 0.6502280164228651, 0.0, 0.7401591458342213, 0.5583111157414203], "high_cosine": [0.0, 1.0, 0.5019181761163266, 0.859579598276248, 0.6018921116883763, 0.011292804836378942, 0.33828182922549965, 0.7451808898929885, 0.36501195924370794, 0.7747865802273224], "clip_cosine": [0.2605432451751251, 0.8352394567548249, 0.7959256611865618, 0.6833452466047176, 0.3162973552537527, 0.0, 0.5793423874195854, 1.0, 0.42280200142959257, 0.9442458899213724], "dino_cosine": [0.16812348655911233, 1.0, 0.5998692182726595, 0.3378485384120237, 0.5586295505399855, 0.0, 0.9417689250355052, 0.9011550683028006, 0.2904554882347532, 0.7604778641709153], "clip_L2": [0.6931446985566048, 0.36834882896217835, 0.23333531571655444, 0.43334676948627643, 0.778655900123128, 0.562485820453349, 0.43729171209628215, 0.0, 1.0, 0.4028797420258635], "dino_L2": [0.9392081565576107, 0.0, 0.4150310307136226, 0.5538291031658797, 0.5091680475880499, 1.0, 0.012579672938870027, 0.09880709735152744, 0.7026167634454992, 0.17770910859301514], "rcnn_confidence": [0.0, 0.6297468138597665, 0.0, 0.1162370271309783, 0.0, 0.0, 0.888168157978085, 0.3429424657488057, 0.0, 1.0], "yolo_confidence": [0.0, 0.0, 0.0, 0.0, 0.0, 0.0, 0.0, 0.0, 0.0, 0.0]}