{"pixel_L2": [0.6540419389150585, 0.6355796991338702, 1.0, 0.03833953806412399, 0.47098655219571495, 0.030324038899863244, 0.04459333687889379, 0.5594989363318644, 0.0, 0.7650433064883756], "pixel_cosine": [0.170431085762273, 0.13739546520172155, 0.0, 0.5542181321949683, 0.17998792819902726, 0.5505812834598831, 1.0, 0.5657672591763183, 0.6243395500192449, 0.10769927219286889], "low_L2": [0.0, 0.5797091113506982, 0.9096080512474147, 0.19892773090912141, 0.3575782492144664, 0.13720933159376272, 0.8051960582784125, 0.4074077181559992, 1.0, 0.6411086826108662], "low_cosine": [0.03967444754611948, 0.12305030222516836, 0.0, 0.5654672185260009, 0.1788434254172586, 0.2666991484592522, 1.0, 0.15587783474383787, 0.479146779470905, 0.13455861036930805], "mid_L2": [0.1983901803773794, 0.15588927987586934, 0.08660053753013217, 0.2010556648471918, 0.8852539414258402, 0.49563326036962124, 0.0, 0.4633814524396664, 1.0, 0.625438474966058], "mid_cosine": [0.516389804310004, 0.6260966618092654, 1.0, 0.8493696558476498, 0.3214476863593611, 0.4485912346981156, 0.5201006495406402, 0.5129572724716656, 0.0, 0.34488809660757386], "high_L2": [1.0, 0.4960620658589, 0.0, 0.4620896730008349, 0.8096163060599714, 0.8377700246461598, 0.5428496010420821, 0.04916751068048076, 0.31802297056519757, 0.8576418875687525], "high_cosine": [0.0, 0.5687174302301937, 1.0, 0.29490619014053754, 0.5323942564031281, 0.2818559761668061, 0.5668888036302042, 0.8822564519666188, 0.5854014173499754, 0.16854029670335346], "clip_cosine": [0.43300175541252195, 0.44821533060269164, 0.7893504973668812, 1.0, 0.05402769650867954, 0.5277940315974254, 0.6457967622391262, 0.4805929393407451, 0.0, 0.7017749171055198], "dino_cosine": [0.17317299985214352, 0.7180688388597931, 0.5686773849637752, 1.0, 0.7465448277472121, 0.6109370987447764, 0.5273962475584227, 0.56130596172852, 0.0, 0.4166498058411088], "clip_L2": [0.6365111827079819, 0.5404508897419243, 0.2731592742976551, 0.0, 0.9094061139053472, 0.540701020847575, 0.3764809490580527, 0.5711791170845704, 1.0, 0.3627777438269017], "dino_L2": [0.9607722752982336, 0.3107460595121544, 0.5947043184127617, 0.0, 0.45758341491933424, 0.47324310153629146, 0.7031951707274069, 0.6032258872767599, 1.0, 0.7733753404572219], "rcnn_confidence": [0.0, 0.0, 0.0, 0.9051721645822915, 0.0, 0.0, 0.0, 0.0, 1.0, 0.0], "yolo_confidence": [0.0, 0.0, 0.0, 0.0, 0.0, 0.0, 0.0, 0.0, 0.0, 0.0]}