{"pixel_L2": [0.6157153666335883, 0.5067599546891525, 0.9022354312690402, 0.5424730687358704, 0.5497983642207293, 0.0, 0.6270138241548777, 0.8782186342427891, 0.31010953882776465, 1.0], "pixel_cosine": [0.0, 0.033527619451855444, 0.29465138400436575, 0.9638650557846229, 0.3194683407106476, 1.0, 0.7482107802267767, 0.7625676464346349, 0.22724512263521707, 0.952329633307058], "low_L2": [0.7450148470841246, 0.43104008696764456, 0.77650616802325, 0.8867123940057908, 0.3166599626980768, 0.0, 0.39911048278462335, 0.8851257703848758, 0.2827568079837727, 1.0], "low_cosine": [0.0, 0.2271247251732072, 0.4126995391157082, 0.4431655954894842, 0.49442482803946125, 1.0, 0.6315540476176776, 0.3291131957137569, 0.3963298036590722, 0.39685148708545825], "mid_L2": [0.4631457308948554, 0.390892199191601, 0.6591477366875749, 1.0, 0.30319151907147684, 0.0, 0.7010214524247936, 0.9953600528258281, 0.10264172582576041, 0.8102394104756745], "mid_cosine": [0.03876771214774717, 0.02762908586025924, 0.13760719802751326, 0.0, 0.4682841574260138, 1.0, 0.27376142262306885, 0.1691423153769914, 0.5382068902209007, 0.44018999097808204], "high_L2": [0.0, 1.0, 0.4125728980116637, 0.9473628139780502, 0.7486347981815678, 0.0788579694172751, 0.34520824723331955, 0.9980079900812784, 0.32612848418055745, 0.6346016439362631], "high_cosine": [0.8636343219558645, 0.0, 0.5946816060512143, 0.6584300171133659, 0.28460543809767647, 0.9240796512646373, 0.8412566870140545, 0.6283524904214559, 0.3222438946607197, 1.0], "clip_cosine": [0.270565749235474, 0.08241590214067278, 0.36269113149847093, 0.037767584097859325, 0.02782874617737003, 0.0, 0.02018348623853211, 1.0, 0.05749235474006116, 0.9090978593272171], "dino_cosine": [0.0, 0.41196844942987654, 0.3299793790309607, 0.8727593586537383, 0.7809887340284989, 0.6535823449405502, 0.6764457834262008, 0.7548200905762659, 1.0, 0.5527053443896827], "clip_L2": [0.7747180763279852, 1.0, 0.5256881382543525, 0.9101739962280074, 0.8592057017327452, 0.9080074202649232, 0.9774762998535241, 0.0, 0.941184311397795, 0.1887605373874275], "dino_L2": [0.7157449415746401, 0.7285649681249908, 0.754070810660987, 0.069962605824544, 1.0, 0.0, 0.7484252140804388, 0.24794234780959606, 0.4775562006739704, 0.8502589388612526], "rcnn_confidence": [0.0, 0.0, 0.6762950344748214, 0.0, 0.0, 0.0, 0.0, 1.0, 0.0, 0.8549951464507772], "yolo_confidence": [0.0, 0.0, 0.0, 0.0, 0.0, 0.0, 0.0, 0.0, 0.0, 0.0]}