{"pixel_L2": [0.04768027161647333, 0.2100277011955599, 0.3837451226814231, 0.0, 0.7910408674882714, 0.8017673494364354, 0.1429026378644418, 0.06429572506727903, 0.44795925752900073, 1.0], "pixel_cosine": [0.9938951314156995, 0.9858632432004364, 0.761454327874911, 1.0, 0.22659287090728308, 0.3130377396675671, 0.8124420354254842, 0.9047911515482151, 0.5003141305973761, 0.0], "low_L2": [0.07252650411293614, 0.035171821015449765, 0.3255214507666938, 0.0, 0.9881129264741744, 0.2987771046957731, 0.3416226239252887, 0.04712625639515091, 0.09003937891887846, 1.0], "low_cosine": [0.9960869350880663, 0.8571052666959891, 0.4802698170936658, 1.0, 0.0, 0.45735354656720106, 0.7163463292928633, 0.9687217299946798, 0.7456142878087413, 0.056276557399194724], "mid_L2": [0.06524489295063575, 0.2147582916510845, 0.2669214834985041, 0.06527045741398654, 1.0, 0.35671191333208674, 0.09850572059648467, 0.0, 0.36295402486910994, 0.9546822410246821], "mid_cosine": [1.0, 0.6224100607798856, 0.5286188026471087, 0.8711078619307991, 0.06086336111232768, 0.44644897907235903, 0.8865998638189173, 0.9521704187587008, 0.5931067965889596, 0.0], "high_L2": [0.9862378400299057, 0.5091259236195798, 1.0, 0.6053380382795811, 0.5098485787622032, 0.9551242688161813, 0.0, 0.7135960069459459, 0.576210807730488, 0.26339050188976243], "high_cosine": [0.0, 0.5346363646874011, 0.00573951849609152, 0.42245182865409264, 0.5639761574779936, 0.08226576940474625, 1.0, 0.23195480354993156, 0.5282091228212158, 0.7870292156882581], "clip_cosine": [0.6574971815107102, 0.0, 0.692108229988726, 0.2983089064261556, 1.0, 0.8227733934611049, 0.5939120631341601, 0.5305524239007892, 0.6076662908680946, 0.6907553551296505], "dino_cosine": [0.5944705599780401, 0.0, 0.8718175267636563, 0.25329398847104034, 0.8580453952786166, 0.8264265371946198, 0.559557713423003, 1.0, 0.6263939404337084, 0.715087153444963], "clip_L2": [0.2688618159241957, 1.0, 0.413536482346595, 0.7941062359419051, 0.0, 0.12475873510223606, 0.36299186793278576, 0.47957293924867433, 0.2808476077066349, 0.30300428485644204], "dino_L2": [0.2557165005681531, 1.0, 0.39296207476144907, 0.47194725713288915, 0.13727328897880797, 0.04942165763762429, 0.054016769075516266, 0.0, 0.1774336434672175, 0.39454736049273625], "rcnn_confidence": [0.07259710801752761, 0.0, 0.0, 0.5989817934230517, 0.0, 1.0, 0.17278104768964977, 0.7429542338095636, 0.7512716492155654, 0.0], "yolo_confidence": [0.0, 0.0, 0.0, 0.0, 0.0, 0.0, 0.0, 1.0, 0.0, 0.0]}