{"pixel_L2": [0.05884953639985028, 0.4652646756895782, 1.0, 0.0, 0.21838928671649388, 0.32563276301049443, 0.06801402109946156, 0.3256653307927489, 0.9023488509149539, 0.29880449471085835], "pixel_cosine": [0.7510818524378817, 0.8439632029016095, 0.024893024656421948, 0.9080327963616956, 0.9984862804037841, 0.4603898836210431, 1.0, 0.7804232768668424, 0.0, 0.7369004776417163], "low_L2": [0.5453345679157046, 0.24172107033603302, 0.26074067128462985, 0.35223103880729967, 0.0, 0.6860824279078126, 1.0, 0.08680754970561462, 0.6572307067202694, 0.014632926624393942], "low_cosine": [0.057461820882608546, 1.0, 0.1435266823122246, 0.11081878845189373, 0.0, 0.043024008146920215, 0.39871058142517507, 0.21126939583389165, 0.028260012327576637, 0.4843451262045229], "mid_L2": [0.7428479003109845, 0.3908020355348716, 0.4879479916490877, 1.0, 0.2796903203357763, 0.18970869669225585, 0.26372925863906227, 0.044005393297522996, 0.14621843942326512, 0.0], "mid_cosine": [0.4124386219784075, 0.5141055284735542, 0.4528539917643557, 0.0, 0.754128499442481, 0.574941800527097, 1.0, 0.9673209056186228, 0.6962017082358414, 0.7167888477785641], "high_L2": [0.0, 0.7935683306892266, 1.0, 0.7060015826721608, 0.3825808056810522, 0.7779557044305778, 0.3340940426948129, 0.253688988294468, 0.7311551610834158, 0.19956515892787816], "high_cosine": [1.0, 0.055033337158712954, 0.0, 0.36740051622131736, 0.6546276505269802, 0.07348379200318053, 0.8870786361428697, 0.7462907479778429, 0.2515382637011777, 0.8772990702278218], "clip_cosine": [0.7174659887316202, 0.0, 0.5237048234162429, 0.6212725024048371, 0.8743987907104576, 0.49855709770509826, 0.410196509550639, 1.0, 0.7507214511474509, 0.7886491686134396], "dino_cosine": [0.7132868867915165, 0.8095418862456705, 0.9896239616518295, 1.0, 0.0, 0.8805043618066514, 0.6237854924028146, 0.8712646758170324, 0.8084750052103492, 0.998017586169252], "clip_L2": [0.36074662822239506, 1.0, 0.6897843200485612, 0.26949864370127286, 0.0019705218430487318, 0.6427148737598877, 0.7270163324923649, 0.0, 0.4325830377297646, 0.05661323671680862], "dino_L2": [0.24759596842062384, 0.28984365452668637, 0.1514104374189086, 0.4058481995439382, 1.0, 0.17152846572732844, 0.6225737590256815, 0.01669279791574037, 0.09248382072663074, 0.0], "rcnn_confidence": [0.0, 0.0, 0.0, 0.0, 0.0, 0.0, 0.0, 0.0, 0.0, 1.0], "yolo_confidence": [0.0, 0.0, 0.0, 0.0, 0.0, 0.0, 0.0, 0.0, 0.0, 0.0]}