{"pixel_L2": [0.5159587638280879, 0.5416343389659308, 0.8314357907896855, 0.7997745228982468, 0.0, 0.4798509363322418, 0.24062122720478857, 1.0, 0.7659446911912379, 0.1753198621786961], "pixel_cosine": [0.28347201457569643, 0.8519902828690527, 0.0, 0.2687880755925372, 1.0, 0.23064237965097947, 0.937339179884609, 0.9102451221833324, 0.307217817452188, 0.8306505160046436], "low_L2": [0.11627119034133407, 0.2700285670328003, 1.0, 0.4108781453888513, 0.09396819227322067, 0.08341079205646411, 0.13073114641893513, 0.09982266533868107, 0.9645893238652563, 0.0], "low_cosine": [0.7982544366055525, 0.6544189914962671, 0.0, 0.4798715111922215, 0.7867469339556271, 0.8654411174607409, 0.780794112527763, 1.0, 0.09773612476171517, 0.9302624077476833], "mid_L2": [0.13202946803506804, 0.267955468621357, 1.0, 0.5765310153505808, 0.0, 0.10415046803432966, 0.1409264399338099, 0.24257447309679453, 0.7390556317337391, 0.08589207114328562], "mid_cosine": [0.6916226632298106, 0.6054255612002303, 0.0, 0.32062801871918717, 1.0, 0.8586438599564553, 0.7821029054781151, 0.9345829475212092, 0.24941095873270103, 0.9014771390675442], "high_L2": [0.27905550490039355, 0.9441793271678764, 0.46861468657611893, 0.4928063091333231, 0.0, 0.0680203436393563, 0.2097187849076563, 0.0003734995875222521, 1.0, 0.5912133358595129], "high_cosine": [0.49427792878281285, 0.23972752790460264, 0.617598517541818, 0.27882934471561555, 0.9969726082220789, 0.7665716206457319, 0.7191026097156105, 1.0, 0.0, 0.4026933465392961], "clip_cosine": [0.2463403976403758, 0.29571771902993227, 1.0, 0.40987546427791127, 0.43139611098973124, 0.0, 0.22536596023596242, 0.6200568057679703, 0.5546209307406598, 0.2815162770373607], "dino_cosine": [0.42834426804226977, 0.0857539940902489, 0.0, 0.46563079080482794, 0.5439412530675615, 0.43179370962087443, 0.5196762157559974, 0.08607953122652376, 1.0, 0.7857652626834276], "clip_L2": [0.9254763422811515, 0.9120095073278424, 0.0, 0.7707740751824913, 0.6892188116707654, 1.0, 0.9495304889420929, 0.5368252811644741, 0.726073152642057, 0.8240198821126046], "dino_L2": [0.6397705221333057, 0.6950840732898302, 0.7048020724551555, 0.22474868404097983, 0.0, 0.9117629523639182, 1.0, 0.6592103668914904, 0.6367376140225363, 0.496533407184742], "rcnn_confidence": [0.3561697179117064, 1.0, 0.45550040412817944, 0.0, 0.2273177919115219, 0.5982832907915295, 0.0, 0.5271181907376516, 0.37150880586466195, 0.0], "yolo_confidence": [0.0, 0.0, 0.0, 0.0, 0.0, 0.0, 0.0, 0.0, 0.0, 0.0]}