{"pixel_L2": [0.0, 0.41364567560345594, 0.6170170125590095, 1.0, 0.7331655829696268, 0.49282978533891514, 0.27518482230337576, 0.7406030105994478, 0.8440589649951011, 0.6697247706422018], "pixel_cosine": [0.7499189640362393, 0.2852182298504076, 0.33030258828868253, 1.0, 0.46737897278812335, 0.07357255149835497, 0.3982593474984198, 0.5219445389864021, 0.06841461240498534, 0.0], "low_L2": [0.48721522122454414, 0.22550893289516, 0.4764876144567624, 0.78320031643113, 0.66699320190598, 0.0, 0.1377954065733392, 0.6771663148711541, 1.0, 0.3573158064003371], "low_cosine": [0.4756290983121464, 1.0, 0.558767133016121, 0.0, 0.72660559145894, 0.8390088298653031, 0.7659908150462799, 0.14420140615013138, 0.7642863906446038, 0.3885614184598632], "mid_L2": [0.5801717108734232, 0.0289282459590388, 0.9861803923449566, 0.5175488032999185, 0.8834356563863974, 0.4917561993380978, 0.0, 1.0, 0.5157801333397285, 0.20441627895822342], "mid_cosine": [0.36470888141123686, 1.0, 0.16172558959343908, 0.03159113752567408, 0.2089746391061778, 0.0, 0.8413465600372911, 0.1241620416903378, 0.8416815976926102, 0.33892117874987254], "high_L2": [0.0, 0.7135049705862267, 0.6259270460376769, 0.7973073958810961, 1.0, 0.8595924021735949, 0.950902900402915, 0.8717910695296723, 0.8784367286811118, 0.3418748719549672], "high_cosine": [0.6887368457582183, 0.39481435737224985, 0.16285650613638142, 0.4009693446429117, 0.10435339603021927, 0.3288321077852373, 0.0, 0.7895961022176936, 0.2099456499697498, 1.0], "clip_cosine": [0.2372159090909091, 0.6637581168831169, 0.474025974025974, 0.0, 0.32650162337662336, 0.5097402597402597, 0.49573863636363635, 0.5872564935064936, 0.40584415584415584, 1.0], "dino_cosine": [0.5236284141491295, 0.8628967261042484, 0.9447836278873759, 0.0, 1.0, 0.8314325598546106, 0.773856243579951, 0.9947849448205021, 0.8726472989701582, 0.707551294545263], "clip_L2": [0.3959665087276454, 0.3940745572605538, 0.7747050649434107, 1.0, 0.7986902831224524, 0.5740835816893924, 0.6756436470024869, 0.5802306964634051, 0.7642938038934951, 0.0], "dino_L2": [1.0, 0.6168861831346258, 0.4993810676050251, 0.39972228076587546, 0.21307814821830173, 0.2878088992874274, 0.6536032803416933, 0.0, 0.5583944039974496, 0.6499323709646008], "rcnn_confidence": [0.0, 0.0, 0.0, 0.0, 0.0, 0.0, 0.0, 0.0, 0.0, 0.0], "yolo_confidence": [0.0, 0.0, 0.0, 0.0, 0.0, 0.0, 0.0, 0.0, 0.0, 0.0]}