{"pixel_L2": [1.0, 0.24380202960439507, 0.6121632320130509, 0.3372661916528721, 0.3546145910802965, 0.11124919031739558, 0.3243352605778535, 0.48907388303784916, 0.0, 0.8115138865564698], "pixel_cosine": [0.4968112934258599, 0.6777028341656398, 0.4776087943446397, 0.67455736429081, 0.44653782130272174, 0.26368981991914736, 1.0, 0.8043917677324514, 0.8062779687398663, 0.0], "low_L2": [0.6304996980204095, 0.7418591836685587, 1.0, 0.589918934721878, 0.4794786220105825, 0.23924724067653053, 0.1741110851774942, 0.0, 0.18974183752776166, 0.9192138424556836], "low_cosine": [0.5822475570032574, 0.27686932875756165, 0.25121786295951604, 0.3676019369474174, 0.7127188517915309, 0.38268526058631924, 1.0, 0.924172580269893, 0.8788099115867846, 0.0], "mid_L2": [0.7096023578170166, 0.015071570368822484, 1.0, 0.992864730261554, 0.21307421725350886, 0.0, 0.9204476195451538, 0.17598953435725978, 0.864429874969526, 0.7218420227771393], "mid_cosine": [0.5242750455112308, 0.8848004434060079, 0.0, 0.47557683394731687, 0.5071408435225931, 0.9011414837855788, 0.21262464821371405, 1.0, 0.8264982870576093, 0.3669184715871355], "high_L2": [0.6074968761674117, 0.6846587615452988, 0.717301201870435, 0.0, 1.0, 0.42295888134588877, 0.5185481585489958, 0.8931922992696029, 0.7060763374512102, 0.4703461335325716], "high_cosine": [0.415417778608558, 0.7689305869860045, 0.46945755795686395, 0.3824409295370212, 0.12225567438364282, 0.7122301013772834, 0.47122897584683243, 0.0, 1.0, 0.5847166487032537], "clip_cosine": [0.6582488479262673, 0.22506912442396312, 0.0, 0.7647926267281105, 0.41935483870967744, 0.39225806451612905, 0.9559447004608295, 1.0, 0.7340092165898617, 0.7646082949308756], "dino_cosine": [0.8152494579576556, 0.3664087769392083, 0.8332879163062924, 0.5813359714702084, 1.0, 0.8390756252739832, 0.6053161617478052, 0.0, 0.6145871592241982, 0.29522647299266613], "clip_L2": [0.4991933276357238, 0.86517789480077, 1.0, 0.2976264556849498, 0.7358524278065641, 0.5530260555613744, 0.06632052662106819, 0.0, 0.25100316947865114, 0.37871265124556724], "dino_L2": [0.6095381202551093, 0.34810354260190507, 0.42542699332249145, 1.0, 0.0, 0.7489564050871973, 0.6319313812924838, 0.9499036969865026, 0.4746352101803902, 0.6729182436128993], "rcnn_confidence": [0.0, 0.0, 0.0, 0.0, 0.0, 0.0, 0.0, 0.0, 0.0, 0.0], "yolo_confidence": [0.0, 0.0, 0.0, 0.0, 0.0, 0.0, 0.0, 0.0, 0.0, 0.0]}