{"pixel_L2": [0.7339562563966491, 1.0, 0.0, 0.5503013532466547, 0.4831128463667033, 0.49861642849020127, 0.2894886471324059, 0.6358363974072249, 0.020753572646980783, 0.9475948599370759], "pixel_cosine": [0.2668153968118308, 0.0, 1.0, 0.4719068010149801, 0.5305540247025643, 0.49347954862267435, 0.7106127898101186, 0.42866699870622454, 0.9805226381230531, 0.0932608740499297], "low_L2": [0.05630853151134798, 1.0, 0.17186869459944618, 0.14446237980601978, 0.183206239650446, 0.1496145443413161, 0.15100260217358027, 0.12964599307014738, 0.0, 0.33273729179132516], "low_cosine": [0.8833363072668065, 0.0, 0.9930633001739751, 1.0, 0.6636760048177722, 0.7963487531783914, 0.7611187937725833, 0.9110050408172369, 0.9908551545701922, 0.8391956996921979], "mid_L2": [0.14980956564992756, 1.0, 0.1448644448720695, 0.4567955472128326, 0.18920351604622707, 0.07478315173387844, 0.0, 0.08687364526564594, 0.035752279221415786, 0.5115948922203302], "mid_cosine": [0.7010024439868118, 0.0, 0.7862192276163845, 0.6573915129773129, 0.6835241775703514, 0.7851452824961227, 1.0, 0.8007850843494396, 0.8461278470732615, 0.6274372032488744], "high_L2": [1.0, 0.0, 0.34931669585265623, 0.8006230255458073, 0.8105961275031752, 0.7392767154468683, 0.45416626334269045, 0.6675583793122666, 0.7970649747592522, 0.6556639885954646], "high_cosine": [0.1318573249986181, 1.0, 0.5843009147250753, 0.3737513568411826, 0.0, 0.2529279524165592, 0.5586043016800837, 0.3177185994908543, 0.13080283085513036, 0.2497523214360558], "clip_cosine": [0.6364503816793893, 0.0, 1.0, 0.6226145038167938, 0.9293893129770993, 0.9565839694656488, 0.08349236641221373, 0.06583969465648855, 0.6927480916030534, 0.13358778625954199], "dino_cosine": [0.5133088148297508, 0.9372511835704919, 1.0, 0.8316438673467857, 0.8122334779225151, 0.1659581630119432, 0.0, 0.6680653434229142, 0.554322594406515, 0.5197211756216974], "clip_L2": [0.5829719342081181, 1.0, 0.2449808624243051, 0.5298920179200917, 0.1706453726323384, 0.0, 0.7857161803361741, 0.7322675706286621, 0.41922165901428887, 0.7137771977708637], "dino_L2": [0.3750755203171457, 0.29325510406342914, 0.4529300297324083, 0.0, 0.023828741328047572, 0.8426148662041625, 1.0, 0.7500654112983152, 0.30840515361744303, 0.931578989098117], "rcnn_confidence": [0.0, 0.0, 0.0, 0.0, 0.0, 0.0, 0.0, 0.0, 0.0, 0.0], "yolo_confidence": [0.0, 0.0, 0.0, 0.0, 0.0, 0.0, 0.0, 0.0, 0.0, 0.0]}