{"pixel_L2": [0.8702682255845943, 0.556636863823934, 0.5993603851444291, 1.0, 0.3896423658872077, 0.6128266850068775, 0.975302613480055, 0.0, 0.116767537826685, 0.3990852819807428], "pixel_cosine": [0.09682953140211013, 0.11596811113742206, 0.38423448312153025, 0.05046438813902702, 0.35768674191596284, 0.25565290604362356, 0.0, 1.0, 0.788744178703923, 0.4929460362564791], "low_L2": [0.38594158273734314, 0.4466062293754677, 0.555224063692236, 0.2934578063471423, 0.2333721800360661, 0.39283585019075773, 1.0, 0.0, 0.6540083663530306, 0.18654023087208804], "low_cosine": [0.7182836094038691, 0.6046325387460141, 0.45732448267885534, 0.6954737510943754, 0.6908634658686632, 0.6426450651354683, 0.0, 0.9067899589773922, 0.3573329741537074, 1.0], "mid_L2": [0.18130778093123895, 0.3001714109084778, 0.6052884480287746, 0.12704639334588474, 1.0, 0.41901256076657206, 0.3329249445022059, 0.40874476634726165, 0.5842020962711102, 0.0], "mid_cosine": [0.3034580549311523, 0.10474370233954555, 0.4151774487462713, 0.41118083793414295, 0.20036445376428122, 0.08157844847931474, 0.0, 0.23074914206345828, 0.05072368446506158, 1.0], "high_L2": [0.7719807703250652, 0.5857396431239594, 0.2903394562605661, 0.03195584296866826, 0.8350444121787941, 1.0, 0.8453310767773591, 0.5131749705846181, 0.5086483976188684, 0.0], "high_cosine": [0.6680347456662747, 0.0, 1.0, 0.4852067923478613, 0.7634239906940282, 0.03216224759448216, 0.25741784571811505, 0.9746270657107815, 0.6636872384275943, 0.677875810795433], "clip_cosine": [0.5105148658448151, 0.934010152284264, 0.9187817258883249, 0.0, 0.883248730964467, 0.397389412617839, 0.5195794053662074, 1.0, 0.7810007251631617, 0.3593183466279913], "dino_cosine": [0.5395166334944556, 0.0, 0.8169576343474552, 0.7511856696047768, 0.8778731873756042, 0.9369121410292863, 0.7075803241398919, 0.6010918396360535, 0.3814955928348024, 1.0], "clip_L2": [0.45999023872828604, 0.0, 0.2565699173111044, 0.743662661726124, 0.49898775259933503, 1.0, 0.7391925631090884, 0.23168572229005777, 0.5263563146089588, 0.7524178529078547], "dino_L2": [0.7660986654401729, 0.5497870462814429, 0.5712207726162832, 0.5094922390615827, 0.3738599777884971, 0.3735271791765291, 0.3662878745386626, 1.0, 0.4597444555377315, 0.0], "rcnn_confidence": [0.0, 0.0, 0.0, 0.0, 0.0, 0.0, 0.0, 0.0, 0.0, 0.0], "yolo_confidence": [0.0, 0.0, 0.0, 0.0, 0.0, 0.0, 0.0, 0.0, 0.0, 0.0]}