{"pixel_L2": [0.39329646202162255, 0.10425502348461688, 0.4213056891136989, 0.07167115977877213, 0.7374225285567383, 0.6402212278702648, 0.0, 1.0, 0.3665879214029627, 0.16582640838220172], "pixel_cosine": [0.6333568100552606, 0.5390345649582837, 0.025517390833243038, 1.0, 0.091071622060895, 0.0, 0.2268934879185177, 0.22432007801495288, 0.2507855672337198, 0.853532343699209], "low_L2": [0.5433748257797857, 0.0, 0.05426058537992022, 0.3700197049070025, 0.6971451915220839, 0.6198875378478397, 0.4106550680059595, 1.0, 0.8630749267073581, 0.27846397846878457], "low_cosine": [0.47356653443923546, 1.0, 0.9164563048443323, 0.7882758344352286, 0.2506230716832953, 0.23066875025043074, 0.36259165765115997, 0.3046039187402332, 0.0, 0.6739832511920504], "mid_L2": [0.7750513106960069, 0.0, 0.21907718687485386, 0.6802109584058611, 0.8757761554649138, 0.5163609674988958, 0.13950014289054585, 0.6950520900989842, 1.0, 0.2525720298251539], "mid_cosine": [0.18356251546537525, 0.9906253314008979, 0.7864470288804836, 0.07406412386439959, 0.24391813072218885, 0.48011594612747005, 1.0, 0.7298985471384637, 0.0, 0.7288345293223515], "high_L2": [0.5898100803506209, 0.6859618832591805, 0.4462381300219138, 1.0, 0.0, 0.1408692476260044, 0.453748588883724, 0.6538116740819444, 0.18107776080749055, 0.5996912145560794], "high_cosine": [0.2891508307868602, 0.26250835561497327, 0.502219012605042, 0.0, 1.0, 0.6457744461420932, 0.3229134835752483, 0.604427282276547, 0.8254488158899924, 0.22322741596638657], "clip_cosine": [0.8910770726963287, 0.661560904449307, 0.7870167760758571, 0.30926331145149527, 0.6209579382445903, 1.0, 0.09020179917335279, 0.36299538050085095, 0.0, 0.787503039144177], "dino_cosine": [0.26731924456545225, 0.3341256464554792, 0.17459700073469034, 0.5784389990924413, 0.05646311422274083, 0.9528645720788855, 1.0, 0.8478902862411225, 0.3617413601855453, 0.0], "clip_L2": [0.0, 0.2629476267446344, 0.6558607030407158, 0.7887135201393572, 0.7105511367989279, 0.953751882314968, 0.5162572984839751, 0.974222175334421, 1.0, 0.27126058272326864], "dino_L2": [0.008521146826958304, 0.6769630524159079, 0.5135822738436071, 0.8450318186135497, 0.0, 0.36358702289040556, 1.0, 0.20697702818220057, 0.47249623468432406, 0.47650578705274155], "rcnn_confidence": [0.0, 0.0, 0.0, 0.0, 0.0, 0.0, 0.0, 0.0, 0.0, 0.0], "yolo_confidence": [0.0, 0.0, 0.0, 0.0, 0.0, 0.0, 0.0, 0.0, 0.0, 0.0]}