{"pixel_L2": [1.0, 0.6262276892661351, 0.010916435931187872, 0.3036867242622769, 0.2670449215499372, 0.0, 0.38488947392310835, 0.653457501803015, 0.5569258469126837, 0.30845273579148574], "pixel_cosine": [0.0, 0.34069659936853214, 0.8593040622007433, 0.7926823822448038, 0.7329807169095452, 1.0, 0.6461348642046366, 0.23824598138013275, 0.7273193378353122, 0.5703769125554271], "low_L2": [0.3703722227900291, 1.0, 0.29574934925705487, 0.26763073028906686, 0.3047655911920828, 0.0, 0.23364727014149989, 0.9671133978023698, 0.48971837019608183, 0.9952154899654024], "low_cosine": [0.37822992483042583, 0.0, 0.7784454114495122, 0.7300748960368242, 0.6435003354631252, 1.0, 0.755659753011, 0.038047521030080744, 0.39299942025285484, 0.03613199999088209], "mid_L2": [0.4340503094357086, 1.0, 0.741163981642922, 0.3996713831339778, 0.48282220792374625, 0.0, 0.41944827278244506, 0.7010489758885747, 0.3562955806207388, 0.7310152211110457], "mid_cosine": [0.02841793390090233, 0.0, 0.3578363606012353, 0.615688914611753, 0.4363384102670213, 1.0, 0.5310518618922099, 0.22580459752880577, 0.5925033511360877, 0.29746093340010615], "high_L2": [0.7258891328784188, 0.22718682530288198, 0.6594115120037317, 0.5326992063887153, 0.17083569179635907, 1.0, 0.5121647525472938, 0.0, 0.5998030875430747, 0.09838247847883283], "high_cosine": [0.07859219946916803, 0.9775666394829636, 0.22857149448463043, 0.29854349949996595, 0.6042997158976217, 0.020893463338335597, 0.0, 1.0, 0.29660149883325393, 0.771076924496592], "clip_cosine": [0.5530006097029876, 0.4490898005400226, 0.7231948436547339, 0.0, 0.8734430798710914, 0.6608309380715965, 1.0, 0.7972302064280115, 0.3365560491246407, 0.8570681996341782], "dino_cosine": [0.1871724551817503, 0.8248302524057752, 0.2845897795549229, 0.49996859756735823, 0.12417917530233565, 0.9161206132546179, 0.40717091995171006, 0.0, 0.8113830329167278, 1.0], "clip_L2": [0.6731785271500951, 0.7808874267160351, 0.645352488472818, 0.7760256612383413, 0.13994205898544038, 0.45870458725014834, 0.0, 0.2200836692972858, 1.0, 0.31887042782174363], "dino_L2": [0.5887995626625498, 0.7957817113643215, 0.08990405088505697, 0.2514737263191977, 0.09344803274399922, 0.5822969835681715, 0.6621568197308638, 0.3775895057781803, 1.0, 0.0], "rcnn_confidence": [0.0, 0.0, 0.0, 0.0, 1.0, 0.0, 0.0, 0.0, 0.0, 0.0], "yolo_confidence": [0.0, 0.0, 0.0, 0.0, 0.0, 0.0, 0.0, 0.0, 0.0, 0.0]}