{"pixel_L2": [0.16421966151174153, 0.3712606365161462, 0.23854226367765968, 0.34745552318880646, 0.9564083029416292, 0.662718414622002, 1.0, 0.3498735700462335, 0.0, 0.39210556187337786], "pixel_cosine": [1.0, 0.7731124023676971, 0.979297268174927, 0.6821084460630562, 0.29707426767196143, 0.5404779903332758, 0.0, 0.8902383507979135, 0.9089310101852023, 0.8353763202846678], "low_L2": [0.0, 1.0, 0.13873974239015122, 0.17795183417009056, 0.5697942387025209, 0.43748488539289027, 0.7491643227489652, 0.08406191728501561, 0.2328054383760336, 0.059975467897968635], "low_cosine": [1.0, 0.006878585954310044, 0.7021435222155583, 0.6366714933745978, 0.18019816713623396, 0.14891995506854036, 0.0, 0.8107254731795394, 0.6048848051478994, 0.8678847602646366], "mid_L2": [0.0, 0.7119962173197707, 0.28113070461237094, 0.26057302880450434, 1.0, 0.5184762533497334, 0.7579620377692369, 0.10307737075107731, 0.23634231326135882, 0.13136578281565772], "mid_cosine": [1.0, 0.260378019819364, 0.533818802253723, 0.6337923686605133, 0.014602616601786664, 0.3208613852822547, 0.0, 0.8322296120384285, 0.6497069466899861, 0.7874567417162593], "high_L2": [0.13343472012094923, 0.7335539100499785, 0.1938390617043564, 0.26792921779374923, 1.0, 0.0031824867554090183, 0.5471362700806643, 0.14358251072656794, 0.0, 0.31364631816666894], "high_cosine": [0.8095953041693825, 0.2899768923611244, 0.825818261754673, 0.6269477773834379, 0.0, 1.0, 0.4340414503226646, 0.7846963569718406, 0.9671784824283232, 0.5901007559828736], "clip_cosine": [0.9183954380100285, 1.0, 0.8757251007767182, 0.408514403696785, 0.458460328384623, 0.8503588634352571, 0.0, 0.6918690394258185, 0.7439779766001376, 0.8531117884180514], "dino_cosine": [0.7587479468812066, 0.7474199999541843, 0.2579954230054681, 1.0, 0.0, 0.46537588395784035, 0.3215121033786833, 0.8854605973000772, 0.7763320359836987, 0.7184140416144558], "clip_L2": [0.2444396713100315, 0.0, 0.346972192017231, 1.0, 0.8162235109685138, 0.3455283188573116, 0.8433960702187736, 0.35033986208624757, 0.3008342543991146, 0.1957798033766943], "dino_L2": [0.2664956070128484, 0.20067746791884722, 0.37044869803490493, 0.0, 1.0, 0.6124951211158107, 0.7035231517990138, 0.014793971690523414, 0.25498542308887134, 0.29170748998335205], "rcnn_confidence": [0.0, 0.0, 0.0, 0.0, 0.0, 1.0, 0.0, 0.0, 0.0, 0.0], "yolo_confidence": [0.0, 0.0, 0.0, 0.0, 0.0, 0.0, 0.0, 0.0, 0.0, 0.0]}