{"pixel_L2": [0.35540780329862215, 0.0, 0.7790785631976699, 0.836380281789711, 0.788265360225658, 0.48226619442500335, 0.49200087661626124, 0.5618580023046524, 1.0, 0.02743314033636614], "pixel_cosine": [0.48823593190935705, 0.2723625718312913, 0.128428927680798, 0.0, 0.902146806895804, 0.684484441071235, 1.0, 0.06228992735552423, 0.08180635368101485, 0.4518594817304565], "low_L2": [0.19689314071347966, 0.0, 0.5870805079145613, 1.0, 0.31252605146244017, 0.27195185181419845, 0.3563331740593516, 0.5043461464168437, 0.6040787694559946, 0.4899403230889664], "low_cosine": [1.0, 0.9945981068788087, 0.2060235674270762, 0.0, 0.7536870203536871, 0.7356444163461707, 0.6779656849832288, 0.44633756563581123, 0.20337881741390512, 0.8833710903886343], "mid_L2": [0.0039437360326015514, 0.22456947548310766, 0.3524911265939267, 0.5510187984750887, 0.4849086367819114, 0.19006178519784409, 0.0, 0.7149861969238859, 0.5088602602865782, 1.0], "mid_cosine": [1.0, 0.3686092536833553, 0.6141155819723059, 0.21519223834165374, 0.28378889193029105, 0.6172351916300612, 0.5932776322249594, 0.011557328258536564, 0.0, 0.0221587872626077], "high_L2": [1.0, 0.0, 0.506822820892769, 0.6787412445920292, 0.14476401311600284, 0.7362636054725391, 0.8592588625259613, 0.5071560768631092, 0.5069537428811168, 0.8888531828920667], "high_cosine": [0.7589938247124809, 1.0, 0.2600950371083791, 0.22134723245141918, 0.6692715710158065, 0.1811228825562291, 0.38634850716673275, 0.3082119993201518, 0.22230680981247522, 0.0], "clip_cosine": [0.07041420118343195, 1.0, 0.6715976331360947, 0.2988165680473373, 0.6671597633136095, 0.7068047337278106, 0.08994082840236686, 0.4532544378698225, 0.8742603550295858, 0.0], "dino_cosine": [0.12047289876607016, 0.4752244977065702, 0.20890238387492732, 0.7724271593772207, 1.0, 0.289708637508883, 0.7341042703016991, 0.7346340202855481, 0.37020479359131725, 0.0], "clip_L2": [0.707646516415414, 0.0, 0.437841013874295, 0.5735440567838226, 0.25177192117170244, 0.29580511654836705, 1.0, 0.49296506765595177, 0.14405421053760212, 0.958108635515622], "dino_L2": [1.0, 0.413437467072156, 0.49090010645912585, 0.0, 0.10894619999055312, 0.5163449275678268, 0.5095340869040742, 0.4589333013592614, 0.7690545484934035, 0.4670267383176551], "rcnn_confidence": [0.0, 0.0, 0.0, 0.0, 0.0, 0.0, 0.0, 0.0, 0.0, 0.0], "yolo_confidence": [0.0, 0.0, 0.0, 0.0, 0.0, 0.0, 0.0, 0.0, 0.0, 0.0]}