{"pixel_L2": [0.7978263101541531, 0.42995643819944557, 0.4996553190865222, 0.2928761055456959, 0.18672905146746066, 1.0, 0.2713592161809355, 0.0, 0.7680664134117543, 0.5442878305636633], "pixel_cosine": [0.0, 0.8249982315908608, 0.7487797976939945, 0.8449105184975596, 1.0, 0.1486878404187593, 0.8347952182216878, 0.829879040814883, 0.41914833415859093, 0.8425408502511141], "low_L2": [0.16639644886587227, 0.6667348769853138, 0.31319554848966613, 0.5318358544916495, 0.22566072187504918, 0.6114530371956115, 0.3678162728832502, 0.7670670087676494, 1.0, 0.0], "low_cosine": [0.8288335204237115, 0.3745780822657609, 0.737849733637307, 0.8177353963422866, 0.9622231737471695, 0.2843580871262532, 0.7538623554871486, 0.17468455019229806, 0.0, 1.0], "mid_L2": [0.0, 0.5256820486565783, 1.0, 0.009116954976419971, 0.715454518603117, 0.9240713209739192, 0.46910966928885783, 0.15286160147289035, 0.8959229686223159, 0.3909066742805384], "mid_cosine": [0.7977630479292923, 0.17608280531916465, 0.12132805072876628, 1.0, 0.5576141586062068, 0.18080825163412106, 0.4319957704135833, 0.44438570018865664, 0.0, 0.5396860320207276], "high_L2": [0.366803393083575, 0.9428194706215425, 0.6407728276848399, 0.0, 1.0, 0.39293470892691473, 0.6646525438822682, 0.8689818888448789, 0.5850650092908392, 0.8632797858454929], "high_cosine": [0.7079358117093703, 0.12854549781388383, 0.4584637925966021, 1.0, 0.09963463629279491, 0.4627268358009771, 0.18294129449807986, 0.0, 0.22262968545124517, 0.46514066269417237], "clip_cosine": [1.0, 0.0, 0.5658590308370044, 0.6870044052863437, 0.9259911894273127, 0.8689427312775331, 0.5863436123348018, 0.6874449339207048, 0.3447136563876652, 0.9433920704845815], "dino_cosine": [0.3900878851930137, 0.9682469049473166, 0.1803474087376635, 0.0, 0.18292198401220539, 0.5386265753381116, 0.990814169699474, 1.0, 0.6402746213626178, 0.7818444765824897], "clip_L2": [0.0010062669116238667, 1.0, 0.39173188517226587, 0.3778613186143192, 0.21688289265317243, 0.24852229838916362, 0.1300188573879685, 0.3772772521629343, 0.6282086560536532, 0.0], "dino_L2": [1.0, 0.7749414330721383, 0.6762234904463441, 0.30725184491762614, 0.6321996930285161, 0.29009755610782967, 0.8792570909937608, 0.45214618685344726, 0.5081637307964627, 0.0], "rcnn_confidence": [0.0, 0.0, 0.0, 0.0, 0.0, 0.0, 0.0, 0.0, 0.0, 0.0], "yolo_confidence": [0.0, 0.0, 0.0, 0.0, 0.0, 0.0, 0.0, 0.0, 0.0, 0.0]}