{"pixel_L2": [0.7506915699141847, 0.46860238936564025, 0.35440013461214875, 0.2525270065623422, 1.0, 0.4739491839138482, 0.06553727073868416, 0.0, 0.1719872118458691, 0.3437617364967188], "pixel_cosine": [0.15016526026183133, 0.35696216555569915, 0.5464852189006038, 0.6414036966597115, 0.0, 0.3973632217441882, 0.9757233598611444, 1.0, 0.7581845375482393, 0.4890595860184279], "low_L2": [0.23630856183244703, 0.22810335954640254, 0.2793578851380023, 0.22016811274930254, 1.0, 0.29811302016088986, 0.09684991738820321, 0.0, 0.05981816376095848, 0.27360124233696587], "low_cosine": [0.7658169281362965, 0.7608251228381272, 0.7143777671023716, 0.7689646165217384, 0.0, 0.6792175934356689, 0.8905552044390647, 1.0, 0.9348296663862312, 0.7313761083859528], "mid_L2": [0.44545654221062014, 0.4628310742065706, 0.32602199292934136, 0.26497129070236164, 1.0, 0.2407356447200223, 0.28992140813992534, 0.0, 0.20626681511515277, 0.2685184016373094], "mid_cosine": [0.6139072823073893, 0.6084589287970332, 0.7499080329074979, 0.8142227573034877, 0.0, 0.8192874501148195, 0.7061772159424491, 1.0, 0.7911139351511233, 0.8405151271932758], "high_L2": [0.3398361340104504, 0.7767555268071363, 0.2003206672079933, 0.21816609552121036, 0.5046356825991017, 1.0, 0.8894569760027158, 0.0, 0.12827835198157655, 0.08327025501988687], "high_cosine": [0.3266588309937732, 0.3455325117626253, 0.8663296598045781, 0.6738468008454748, 0.0, 0.10589826833249669, 0.3097748601308079, 0.9145068934879238, 0.8509820318377894, 1.0], "clip_cosine": [0.06657273687918282, 0.7770341669601972, 0.4216273335681578, 0.20042268404367736, 0.0, 1.0, 0.6548080309968298, 0.7330045790771398, 0.4603733709052483, 0.8217682282493836], "dino_cosine": [0.7659783173629463, 0.5618526137020797, 0.5713616432540061, 0.16199755503012292, 0.0, 0.6203928056395354, 1.0, 0.9038995073458901, 0.946452231584033, 0.6604127167714685], "clip_L2": [1.0, 0.25049957978095805, 0.8488707516860621, 0.8085052082645802, 0.9540876909450811, 0.0, 0.7994835423113744, 0.4275428595135768, 0.8249412101931247, 0.24166020780255928], "dino_L2": [0.2641463324754215, 0.42109764872680583, 1.0, 0.09270490483773054, 0.03893187068094408, 0.3511316096223184, 0.5036569542255228, 0.0, 0.05864897312415025, 0.43146241318249084], "rcnn_confidence": [0.0, 0.0, 0.0, 0.0, 0.0, 0.0, 0.0, 0.0, 0.0, 0.0], "yolo_confidence": [0.0, 0.0, 0.0, 0.0, 0.0, 0.0, 0.0, 0.0, 0.0, 0.0]}