{"pixel_L2": [0.0, 0.4827898711111612, 0.4658256242021914, 0.23656261016398034, 0.3601841016172676, 0.0870466475541383, 0.2908630900161453, 0.451041316221128, 1.0, 0.45399431453255057], "pixel_cosine": [0.9404947001680232, 0.519658346658994, 0.5468869596652077, 0.692980466149133, 0.5900952992233307, 1.0, 0.7264947333669011, 0.5415013639205661, 0.0, 0.5122863513879897], "low_L2": [0.0, 0.19507193683900032, 0.16151281489410935, 0.12715140057464272, 0.27938266732201195, 0.19571673980135035, 0.20992273659798988, 0.30317421846685993, 1.0, 0.3265575234919017], "low_cosine": [1.0, 0.7755657953677756, 0.8545482703898546, 0.8404549691678405, 0.7378702824247378, 0.7744150417417744, 0.7643974079617644, 0.7056697650757057, 0.0, 0.6951992793576952], "mid_L2": [0.0, 0.33960820628305066, 0.365656645872538, 0.27302610587279325, 0.2791062259010986, 0.3286568997131176, 0.2276623835204994, 0.793049731482046, 1.0, 0.862268086850349], "mid_cosine": [1.0, 0.6608312863864021, 0.6146959041179331, 0.7183500432886348, 0.711958869470758, 0.7295255601766248, 0.8008026923904183, 0.15239858801329567, 0.0, 0.09913368506478835], "high_L2": [0.24937878385457402, 0.3039778304308253, 0.5119240956279191, 0.2643202525386666, 0.01326232170545484, 0.0, 0.05681463876031817, 0.6255785682266969, 1.0, 0.8368020307232982], "high_cosine": [0.9311770105913141, 0.6536411924020223, 0.5298981973300206, 0.5536484999063725, 1.0, 0.8558256794837248, 0.8199581645375948, 0.36664717998839935, 0.0, 0.1861499956611693], "clip_cosine": [0.1377245508982036, 0.27647336905137093, 0.0, 0.5880869839268831, 0.5429404349196344, 0.7610305704380712, 0.8299716356760164, 0.3188622754491018, 0.3923731484399622, 1.0], "dino_cosine": [0.45950908608065555, 0.2712508061762586, 0.6086346219507569, 0.3580219279942335, 0.4715543078265488, 0.5939982548655108, 0.6350468530672636, 0.0, 1.0, 0.7254903448537502], "clip_L2": [0.13136612935676978, 0.09078797467527547, 0.3605311084923532, 0.3879301897786569, 0.5993702133997372, 0.15024535613220488, 0.06479172164751809, 1.0, 0.7905494122165928, 0.0], "dino_L2": [0.4541042301116183, 0.6987630895478574, 0.3752871129157675, 0.7493938416100284, 0.4434611644067379, 0.4920754034146549, 0.571653579919911, 1.0, 0.0, 0.11182221744167546], "rcnn_confidence": [0.0, 0.0, 0.0, 0.0, 0.0, 0.0, 0.0, 0.0, 0.0, 0.0], "yolo_confidence": [0.0, 0.0, 0.0, 0.0, 0.0, 0.0, 0.0, 0.0, 0.0, 0.0]}