{"pixel_L2": [0.6154030356616563, 0.33901598880047157, 0.3470748600058945, 0.6885039050987327, 0.7614113616268788, 0.5722443265546714, 0.22313402593575007, 0.3487695254936634, 0.0, 1.0], "pixel_cosine": [0.5072937643736372, 0.6755281753077299, 0.7141514042968983, 0.33258183291428844, 0.2473612087558537, 0.4665816660907282, 0.7952383789516331, 0.6356287460826253, 1.0, 0.0], "low_L2": [0.26803745698651776, 0.5791024990128053, 0.5927962994302477, 0.9630366108196536, 0.5442122186495176, 0.7995994810176567, 0.3606927286060811, 0.6322981892029108, 0.0, 1.0], "low_cosine": [0.7801835087737254, 0.33008551119935725, 0.36070271681003824, 0.09941508497387584, 0.5244942762252256, 0.10843188528910563, 0.779165152778986, 0.3129372150266359, 1.0, 0.0], "mid_L2": [1.0, 0.32541860101194514, 0.6009702154295551, 0.0, 0.8011997287569766, 0.8764383704553753, 0.09246257367899431, 0.69981743258046, 0.5016326743518856, 0.6626780032340515], "mid_cosine": [0.008416408452731899, 0.5799946400767222, 0.2602730017120747, 1.0, 0.20878230073599277, 0.0, 0.8403363019630166, 0.1776770269701594, 0.346525684442269, 0.18094170751208752], "high_L2": [0.476721735887141, 0.290901511661072, 0.8822538888523224, 0.40831303889949316, 0.2901884639856074, 0.0, 0.395714034972246, 0.1733693148160337, 0.784840606419623, 1.0], "high_cosine": [0.8408544899681839, 0.882822031378687, 0.316331703227291, 0.8161921588595865, 0.582393259950083, 0.8967639376344895, 1.0, 0.7230391738062122, 0.3679215407520815, 0.0], "clip_cosine": [0.9629470056010341, 1.0, 0.7897457992244722, 0.975441619991383, 0.3369237397673417, 0.7509694097371823, 0.4080137871607066, 0.952175786299009, 0.9215855234812581, 0.0], "dino_cosine": [0.6738474795346834, 0.3945894464727091, 0.7739234449760766, 0.5804156556838024, 1.0, 0.611453774462006, 0.48323658132837477, 0.8033912333613007, 0.0, 0.5862944737975918], "clip_L2": [0.17615273911524426, 0.1375025383783893, 0.21987717401860932, 0.07995923458904758, 0.39780457072079856, 0.0, 0.566115770235448, 0.12157602711303446, 0.0739352369804838, 1.0], "dino_L2": [0.171792756138504, 0.6697335476712095, 0.05378837454121262, 0.14250149372634932, 0.20209406208211228, 0.14636739977807495, 0.56612584288844, 0.0, 1.0, 0.725065439440066], "rcnn_confidence": [0.0, 0.0, 0.0, 0.0, 0.0, 0.0, 0.0, 0.0, 0.0, 0.0], "yolo_confidence": [0.0, 0.0, 0.0, 0.0, 0.0, 0.0, 0.0, 0.0, 0.0, 0.0]}