{"pixel_L2": [0.3200201030096507, 0.0, 0.6860165162923685, 0.6194020094950454, 0.17467568059680036, 0.20294921609788888, 0.2834551537108992, 0.6738767424615354, 0.40885550132466014, 1.0], "pixel_cosine": [0.24526701555521055, 0.4257002690299098, 0.7438220219127832, 0.3882836950102415, 0.7902984489719304, 0.0, 0.988414590616752, 1.0, 0.22654974257696606, 0.9257214858997675], "low_L2": [0.33705705973111494, 0.08195634342351538, 0.9048699669673115, 1.0, 0.0, 0.10472954807377814, 0.699354929302512, 0.9558266134901459, 0.3883938647218079, 0.7949849905902218], "low_cosine": [0.32131779749709816, 0.0036503295128031106, 0.23721274665888606, 0.13773096024914847, 1.0, 0.18843597176148222, 0.2181317670639426, 0.0, 0.4436942222673272, 0.8380978960655093], "mid_L2": [0.22919757758380999, 0.08464547980182613, 0.9308101861340888, 1.0, 0.3240275674849522, 0.0, 0.9408194625196958, 0.918634455270023, 0.3378600296482871, 0.6571147703554324], "mid_cosine": [0.6467262854398816, 0.7964406523244613, 0.12076928237434013, 0.0, 0.5564858169297912, 1.0, 0.22849740610936697, 0.22830144648189624, 0.5918115528649555, 0.36712445601895144], "high_L2": [0.0, 0.12089149320589813, 1.0, 0.7389639696865083, 0.049967237540766596, 0.06079435035807934, 0.7223097778516452, 0.9712035349423108, 0.12891695538268208, 0.596097036553394], "high_cosine": [0.9512850813135628, 0.6880899101060866, 0.0, 0.3309438596898824, 1.0, 0.8312351515932347, 0.23897763758218216, 0.10667091900043403, 0.7118322243120143, 0.5015624158465611], "clip_cosine": [0.10161443494776828, 0.0798670465337132, 0.6438746438746439, 0.6396961063627731, 0.5143399810066477, 0.0, 1.0, 0.6873694207027541, 0.2714150047483381, 0.8744539411206078], "dino_cosine": [0.6917022130122175, 0.7332445564836771, 0.10109167040526394, 0.3941573439105965, 0.0, 0.7046270778886301, 0.5356709654601086, 0.058787365202798134, 0.07498083227109696, 1.0], "clip_L2": [0.8055857167659323, 0.9145804844310822, 0.31140789832054555, 0.35220343661080356, 0.4992312769705635, 1.0, 0.0, 0.4133196491595848, 0.5723439395122828, 0.27213928395240594], "dino_L2": [0.8859210168855965, 0.9141830593042966, 0.6236857511278109, 0.8810600466047056, 0.9487118658335469, 0.7055301954872258, 0.0, 0.8447183246794492, 1.0, 0.10199543136137013], "rcnn_confidence": [0.0, 0.0, 0.11721733435312347, 0.23645936328977749, 0.12469875743657927, 0.0, 1.0, 0.0, 0.1197305486874933, 0.0], "yolo_confidence": [0.0, 0.0, 0.0, 0.0, 0.0, 0.0, 0.0, 0.0, 0.0, 0.0]}