{"pixel_L2": [0.9612276197204942, 0.6028846650927953, 0.5108821147317812, 0.4681291034102463, 0.41738036566662645, 0.15633023728696732, 1.0, 0.5951301890368941, 0.0, 0.3992521238648309], "pixel_cosine": [0.0, 0.5899512858275745, 0.9039311204259658, 0.629422982515766, 0.540850043427363, 1.0, 0.46214266832823536, 0.552886975567388, 0.9530323628261772, 0.7527472527472527], "low_L2": [0.7347315848458434, 0.9276182719522907, 0.8510734250318881, 0.44672587696418775, 0.0, 0.9296543971891376, 0.8235571276162527, 1.0, 0.7432530213742667, 0.8375811505285512], "low_cosine": [0.40568437014146147, 0.0, 0.42621739380794255, 0.4334728113783374, 1.0, 0.3971765292999866, 0.4425036948885775, 0.017740263728670415, 0.17758498243728288, 0.33277030269294994], "mid_L2": [0.6871413390010627, 1.0, 0.6345023025150549, 0.6201676703270752, 0.0, 0.5116227811233125, 0.8024638879049081, 0.38272916912661864, 0.1759908686582438, 0.43319557602235603], "mid_cosine": [0.5723639466777001, 0.0, 0.7099572025187159, 0.1597600237907449, 1.0, 0.30595932299815104, 0.6411114415381234, 0.7194941880761822, 0.6516285023467501, 0.6002120479435228], "high_L2": [0.7120111352525801, 0.210887048101877, 1.0, 0.45301089383789006, 0.2960913452833605, 0.827573329712113, 0.24756699257649828, 0.24505099885328022, 0.0, 0.27815498823103385], "high_cosine": [0.5482892457340418, 0.32003357682484684, 0.05222173864408659, 0.11526194529383951, 0.0, 0.048551035927766585, 1.0, 0.09310048889436179, 0.6542386041365671, 0.7307518407563621], "clip_cosine": [1.0, 0.41013494114269305, 0.8326155612977318, 0.0, 0.5686190066035027, 0.8021820269882285, 0.7220786678151019, 0.4191788687912719, 0.6016365202411714, 0.8043353430950331], "dino_cosine": [0.5155940127221083, 0.816092381023141, 0.0, 0.6388515811191569, 0.39125912294037296, 1.0, 0.819492944545096, 0.2433546130501626, 0.8914991627183934, 0.5766812786118842], "clip_L2": [0.0, 0.5261255164193578, 0.23355942989323125, 1.0, 0.6908706148546955, 0.21885069546157032, 0.4005959656158143, 0.7125284093778725, 0.5484050343942868, 0.3593990848392408], "dino_L2": [0.3388774027143764, 0.9875539907064339, 0.9824210353933389, 0.4500470819430513, 0.7580755767538023, 1.0, 0.44345049231336103, 0.3642095351169884, 0.0, 0.366967922867495], "rcnn_confidence": [0.0, 0.0, 0.0, 0.0, 0.0, 0.0, 0.0, 0.0, 0.0, 0.0], "yolo_confidence": [0.0, 0.0, 0.0, 0.0, 0.0, 0.0, 0.0, 0.0, 0.0, 0.0]}