{"pixel_L2": [0.9608165766420045, 0.0, 0.8242136080976805, 1.0, 0.9087081839226544, 0.66042167854387, 0.6316326993781489, 0.7112023966229404, 0.10551041713948527, 0.144807316962462], "pixel_cosine": [0.0, 0.8093523730202442, 0.1948657325935976, 0.21826681533026154, 0.2654451176099193, 0.5399981193159683, 0.21959672760978494, 0.3039991402587284, 1.0, 0.7949382732633898], "low_L2": [0.9724346070825646, 0.4868990192812168, 1.0, 0.5614790011954522, 0.7478239689574369, 0.5594408531105556, 0.3567123103584397, 0.7091719463474314, 0.700406229789998, 0.0], "low_cosine": [0.0, 1.0, 0.6577568178309262, 0.6108102797310764, 0.39944418712366836, 0.5563518463935324, 0.9050851263912867, 0.3369264670793156, 0.6384353025390542, 0.993888865496091], "mid_L2": [0.580288168424952, 0.25140649961027034, 0.699009083402147, 0.24910285004283167, 0.4012749176165523, 0.7368630235304104, 0.4277032189354592, 1.0, 0.9272401737962755, 0.0], "mid_cosine": [0.21166277456256136, 1.0, 0.267533698237323, 0.8049025127916386, 0.6694972878341748, 0.29745982517837527, 0.3697129688600904, 0.0, 0.20153715036444247, 0.29519378986329947], "high_L2": [0.6887573639890648, 0.0, 0.30627794353843296, 0.90110844607259, 0.3723610785177239, 0.2793454773754484, 1.0, 0.2467625877354724, 0.31531740202427794, 0.2945412764349302], "high_cosine": [0.0, 1.0, 0.5368691676899798, 0.22466816382857902, 0.5698024011403753, 0.3155729998996301, 0.17275013817770993, 0.6013902449647989, 0.6064479684833078, 0.5369267924618141], "clip_cosine": [0.38891352549889135, 0.864079822616408, 0.23747228381374721, 0.46208425720620844, 0.11241685144124168, 0.4361419068736142, 1.0, 0.0, 0.35121951219512193, 0.5008869179600887], "dino_cosine": [0.23537841039757482, 0.9722246419735879, 0.7290105927035785, 0.13320586083138786, 0.08448465103313704, 0.0, 0.46331318164395974, 0.5510209414962194, 1.0, 0.23854489703473988], "clip_L2": [0.5401932233899313, 0.3317865151789337, 0.9351747404940837, 0.7351752188092663, 1.0, 0.7238447293254241, 0.0, 0.7998529978005473, 0.6754073451673824, 0.905792636018887], "dino_L2": [1.0, 0.728496995395427, 0.0, 0.7277134717777866, 0.8307391458934145, 0.5800993780095427, 0.6617372715820153, 0.392650680151174, 0.6273741643512117, 0.7219478792188467], "rcnn_confidence": [0.0, 0.0, 0.0, 0.0, 0.0, 0.0, 0.0, 0.0, 0.0, 0.0], "yolo_confidence": [0.0, 0.0, 0.0, 0.0, 0.0, 0.0, 0.0, 0.0, 0.0, 0.0]}