{"pixel_L2": [0.8713919048757494, 0.7442994465219294, 0.47894121945608487, 0.0, 0.362255231427811, 0.5370045423994876, 0.6562030592406479, 0.44270126167739493, 0.4711871134787924, 1.0], "pixel_cosine": [0.16500846838008681, 0.4630028968338439, 0.5782376514359225, 1.0, 0.6728891521439347, 0.7071513850197596, 0.360530870253311, 0.672685540819443, 0.40286351562716916, 0.0], "low_L2": [0.37320276608696795, 0.6630857022733941, 1.0, 0.43450251163849923, 0.13144606436976924, 0.6044968620941853, 0.7643264122765911, 0.0, 0.3959104306354205, 0.31425480758703145], "low_cosine": [0.8831949979889575, 0.23952560292097386, 0.566045768192099, 0.2928782979790329, 0.45825911629048854, 0.0, 0.47894412436077577, 1.0, 0.8771932115564424, 0.30227273914428837], "mid_L2": [0.6183960256955802, 0.9670551080988244, 1.0, 0.482904646429432, 0.2502089175762485, 0.44297191019876647, 0.0, 0.3422813286645168, 0.02743869614925174, 0.03412918540089104], "mid_cosine": [0.8713659297918198, 0.2426715773305697, 0.0, 0.5179748466105684, 0.5239155387829592, 0.26704047168798567, 0.13652526487031058, 0.4486667712660099, 1.0, 0.872746641122406], "high_L2": [0.2968881649753321, 0.5031749037252063, 0.5637644975303958, 0.3641520603263383, 1.0, 0.3289265017354451, 0.0, 0.22385658064874886, 0.36920037193639915, 0.24343462570204402], "high_cosine": [1.0, 0.3347791341762468, 0.2691540694593505, 0.6234932383786728, 0.0, 0.44093738084477324, 0.5780781183189322, 0.10687119845337277, 0.5047260084567472, 0.39046672911974056], "clip_cosine": [0.9496031746031746, 1.0, 0.0, 0.37162698412698414, 0.30892857142857144, 0.38333333333333336, 0.32876984126984127, 0.817063492063492, 0.1771825396825397, 0.703968253968254], "dino_cosine": [0.4787598721925725, 0.5844629003439626, 0.2652644321706893, 0.0, 0.05724562189720698, 0.5127079926202268, 0.23216021324517958, 1.0, 0.5024298543251406, 0.7232934274623009], "clip_L2": [0.04341091501891856, 0.0, 1.0, 0.6246803588542453, 0.744167395423726, 0.5794793660556173, 0.7914860790657, 0.10919387092744201, 0.8769721214387368, 0.3958098725978318], "dino_L2": [0.3290793072014585, 0.8715149169164762, 1.0, 0.5576251128390527, 0.9637792181121638, 0.5243001023862043, 0.5581496020530429, 0.0, 0.8837140928035647, 0.9834778510421084], "rcnn_confidence": [0.0, 0.22353478224325893, 0.0, 0.0, 0.0, 0.41012765485409025, 0.0, 1.0, 0.0, 0.0], "yolo_confidence": [0.0, 0.0, 0.0, 0.0, 0.0, 0.0, 0.0, 0.0, 0.0, 0.0]}