{"pixel_L2": [0.31431895379641267, 0.07091496091687653, 0.3271862487209797, 0.08002579065649369, 0.6683611252575562, 0.10382608126860128, 1.0, 0.43603496689731863, 0.4618676733744177, 0.0], "pixel_cosine": [0.0, 0.8284631393715842, 0.33278624727161976, 1.0, 0.4496709023535981, 0.2674404832405543, 0.33791306407675, 0.9760240943469654, 0.3460009136901237, 0.334241383394528], "low_L2": [0.8402631308927981, 0.7037611300491375, 0.7212727873861343, 0.0, 0.4746958831644112, 0.3660460821086954, 1.0, 0.41663151414271543, 0.47459327579720223, 0.19903549074823573], "low_cosine": [0.10785930461044664, 0.009685918456318592, 0.1507477680686923, 1.0, 0.2858578008605493, 0.4252453070998477, 0.20097806926095116, 0.3792987976319098, 0.0, 0.670489224178782], "mid_L2": [0.7958933410979461, 0.189620803189464, 0.13145340112437565, 0.0, 0.3002721347458956, 0.11913454431428763, 0.9215064841982664, 0.8571124599637153, 1.0, 0.3363887831209264], "mid_cosine": [0.5968069456863481, 0.8387435461074735, 0.8238974299806744, 0.8651129250915803, 0.6245233493899449, 0.49177939946349764, 0.2102079667714673, 0.5018316074879575, 0.0, 1.0], "high_L2": [0.0, 0.3559976795084777, 0.8412539883448039, 0.2731851383065686, 0.7865378530179574, 0.2833900271602985, 0.3137640745721594, 0.4353690372597105, 1.0, 0.0921900957202753], "high_cosine": [0.7810966957052919, 1.0, 0.0, 0.1738834256769626, 0.3104581948464877, 0.1632363110364507, 0.24274134460789276, 0.2551309483567753, 0.06402596488940213, 0.775792871151896], "clip_cosine": [0.19232162260050706, 0.6472292647591452, 0.0, 1.0, 0.6693227091633466, 0.6472292647591452, 0.46722202100688154, 0.8127490039840638, 0.4349873234335386, 0.47663889894965594], "dino_cosine": [0.5730895118122713, 0.39254571653519915, 0.0, 0.32145916583725753, 0.10681303880644315, 0.16198978960242832, 0.17576540844066135, 0.6670628023629495, 1.0, 0.41989888636352385], "clip_L2": [0.6063912072694285, 0.5044316431371432, 1.0, 0.40450110325454613, 0.0, 0.6364694101587065, 0.018368585621098346, 0.15280568477377257, 0.8758263453241508, 0.7532325248643117], "dino_L2": [0.19240311284912473, 0.3554772460519216, 0.0, 0.8562226388015864, 0.40117149039611505, 0.044520528895094315, 0.5117121226449205, 0.27122283349372256, 0.24528984096433795, 1.0], "rcnn_confidence": [0.0, 0.0, 0.0, 0.0, 0.0, 0.0, 0.0, 0.0, 0.0, 0.0], "yolo_confidence": [0.0, 0.0, 0.0, 0.0, 0.0, 0.0, 0.0, 0.0, 0.0, 0.0]}