{"pixel_L2": [0.07222674502893976, 0.19413435338113877, 0.5120932416876388, 0.0, 0.25699021462886346, 0.39162425760915764, 0.02995770865937813, 0.5274088282708876, 0.23427271409294181, 1.0], "pixel_cosine": [0.8896364576154376, 0.955187514357914, 0.9178583735354927, 0.9425956237077877, 0.9360340569722031, 0.8468225936135998, 1.0, 0.7612881920514588, 0.9489992533884677, 0.0], "low_L2": [0.02638809787876063, 0.06674726643552518, 0.11420520967596895, 0.025605414172903157, 0.09617350932059723, 0.10585480717671, 0.0, 0.09582579792105886, 0.01908615848845458, 1.0], "low_cosine": [0.7482175761315524, 0.3979889213966394, 0.0, 0.9265383425987548, 0.16571447301104583, 0.0871980425045567, 1.0, 0.1829066869218612, 0.8071177247678182, 0.5296032708528986], "mid_L2": [0.11264612251075477, 0.0782379106629351, 0.0, 0.22427576848191633, 0.07217304086171558, 0.08894971359090058, 0.10484715014609045, 0.042311717761981595, 0.05086871868803341, 1.0], "mid_cosine": [0.787897497500485, 0.8818930655245997, 0.9191485234208288, 0.7539559488457463, 0.982903317266799, 0.7300355901093818, 0.9471572679927776, 1.0, 0.9075365973766284, 0.0], "high_L2": [0.041870567146787205, 0.08143567864892781, 0.12222243104972627, 0.08461664360427919, 0.3466836756668711, 0.19966467523538123, 0.1452245195858011, 0.08411075897573242, 0.0, 1.0], "high_cosine": [0.8413619966169339, 0.8002505367791475, 0.6938885213787855, 0.7375859469904338, 0.07572146293534436, 0.5276585978751503, 0.7697131224102348, 0.7846278473542517, 1.0, 0.0], "clip_cosine": [0.0, 0.10831254526434377, 0.1920012875191116, 0.13864971433169712, 0.06944556208256217, 0.05858211957833749, 0.08071135430916553, 0.06172044741289129, 0.2786674177194818, 1.0], "dino_cosine": [0.41043887891708686, 0.07216864324661552, 0.18834906780448452, 0.2625677889983083, 0.04889657135524901, 0.33168786309608966, 0.14524286049293314, 0.4527663515839433, 0.0, 1.0], "clip_L2": [1.0, 0.8304680574870504, 0.7223725996786424, 0.9037373570378631, 0.8900013218808744, 0.7249578312797356, 0.9030549855619633, 0.8983839195893021, 0.714310386994133, 0.0], "dino_L2": [0.8398380619812065, 0.9364077903985341, 0.9103483983419023, 0.9151455059278367, 0.9370364230310441, 1.0, 0.9178638316954039, 0.7542546215585795, 0.9985143010404116, 0.0], "rcnn_confidence": [0.0, 0.0, 0.0, 0.0, 0.0, 0.0, 0.0, 0.0, 0.0, 0.0], "yolo_confidence": [0.0, 0.0, 0.0, 0.0, 0.0, 0.0, 0.0, 0.0, 0.0, 0.0]}