{"pixel_L2": [0.14853433012000786, 0.11922093252016526, 0.6881762738540232, 1.0, 0.0, 0.5220342317529019, 0.24395042297855596, 0.31044658666142044, 0.8517607711981113, 0.3950422978555971], "pixel_cosine": [0.8895286555972148, 0.8770755222281735, 0.3583288698446706, 0.0, 1.0, 0.4718130690948045, 0.7416309587573647, 0.6762185324049277, 0.15854311730048207, 0.6252008569898232], "low_L2": [1.0, 0.4131672397271856, 0.7406008680457696, 0.732484076433121, 0.4270897920072149, 0.5243221915337354, 0.0, 0.44625443887041316, 0.18071134659827517, 0.6532326249929542], "low_cosine": [0.08426862289667837, 0.5168278071645608, 0.0, 0.2905811178057576, 0.515119726114634, 0.4660790407100878, 1.0, 0.5718418395934175, 0.8729602377490848, 0.2717774163052627], "mid_L2": [0.14681815013591692, 0.19909388722380986, 0.06854394646964522, 1.0, 0.5128040705373946, 0.1745591412838921, 0.23216003345647174, 0.5696382518993518, 0.6004739666829302, 0.0], "mid_cosine": [0.7287335668240191, 0.736874270341607, 0.7884056646870717, 0.0, 0.3975392112075529, 0.7427947819907619, 0.8778742195827623, 0.6360885234252068, 0.340879143190701, 1.0], "high_L2": [0.7655745372742054, 0.04091587411185603, 0.024901441076241173, 0.7497382898634652, 0.5535113704701873, 0.3067910996280375, 0.12199033342985055, 0.0, 1.0, 0.2710648818406575], "high_cosine": [0.6387831640335319, 0.029977805519036445, 0.2868407821266107, 0.0, 0.11982233802207774, 0.3916005895533377, 1.0, 0.6691536513436749, 0.5030306809181856, 0.6521237319097734], "clip_cosine": [0.6505528413473901, 0.9318590897402932, 0.0, 1.0, 0.6310105425559269, 0.7683209051169967, 0.957829776292106, 0.632039084597583, 0.653638467472358, 0.6654667009514014], "dino_cosine": [0.0, 0.5475562430084658, 0.570150119460288, 0.7663550111174026, 0.9816597384303056, 0.24079879572981258, 0.8412352055683686, 0.28985347125357347, 0.23624135121324696, 1.0], "clip_L2": [0.17988791615627556, 0.5121241532073434, 0.9894960531928633, 0.0, 0.8512756190245105, 0.6150229137885826, 0.17372800100186675, 1.0, 0.7008390634111215, 0.9037542608688846], "dino_L2": [1.0, 0.0, 0.8609718654051006, 0.0754119932326587, 0.05443114647952044, 0.2550232888443303, 0.26300728951270963, 0.7158917643127181, 0.5279779434801679, 0.09229901622908704], "rcnn_confidence": [0.0, 0.0, 0.0, 0.0, 0.0, 0.0, 0.0, 0.0, 0.0, 0.0], "yolo_confidence": [0.0, 0.0, 0.0, 0.0, 0.0, 0.0, 0.0, 0.0, 0.0, 0.0]}