{"pixel_L2": [0.3266279002367517, 0.8323184955038557, 0.8551914582544302, 0.8343337270754043, 0.0, 0.8912545927977278, 1.0, 0.14861952979430681, 0.4868770776272154, 0.018144118602089965], "pixel_cosine": [0.7490219210142687, 0.2052831969819524, 0.17579084137124987, 0.268351677927386, 0.9777611478816237, 0.14389784466748484, 0.0, 0.8832376698076807, 0.7367847315653326, 1.0], "low_L2": [0.4272813951369358, 0.5682547142460411, 0.58508269685435, 0.24098905760419995, 1.0, 0.40431060377837236, 0.4681033892696597, 0.5936686780841238, 0.0, 0.34265581219136093], "low_cosine": [0.49147207878972204, 0.18764616160960312, 0.5306311447679127, 0.5926646094402317, 0.409102144823729, 0.29231752367348196, 0.24604359816421587, 0.0, 1.0, 0.806449849125337], "mid_L2": [1.0, 0.11309819323483124, 0.3153708702582213, 0.03044607341629164, 0.7800073967024375, 0.049805133070294806, 0.0, 0.6169302076905606, 0.23087258979054065, 0.5913693748379459], "mid_cosine": [0.0, 0.8791208874289095, 0.7924570810786291, 0.8688029575923444, 0.6500564187956808, 0.8854269400221895, 1.0, 0.5927674317067961, 0.8294632748606541, 0.6638872455720223], "high_L2": [1.0, 0.5458559078058491, 0.684070083778402, 0.781845146643794, 0.5583630311120125, 0.13325798835060135, 0.46151257261611567, 0.0, 0.7698049485442259, 0.050344091516107685], "high_cosine": [0.0, 0.40484441915757885, 0.2290114054536285, 0.034943216528992155, 0.420312213414342, 0.7288162260033457, 0.3708202611294101, 0.9760999432179465, 0.30146507903704667, 1.0], "clip_cosine": [0.8857424279734055, 0.06562423048510219, 0.2101699088894361, 0.8202413198719527, 0.1912090618074366, 0.0, 0.9896577197734548, 0.7138635803989165, 0.8641960108347697, 1.0], "dino_cosine": [0.0860400403851363, 0.3883827066249682, 0.5295747248146963, 0.6288630599128272, 0.0, 0.7478555656792009, 0.2792525466440116, 0.8194119530153414, 1.0, 0.704810920403523], "clip_L2": [0.14868868884044484, 0.9298845264971046, 0.9615080892093786, 0.207978493578439, 1.0, 0.8993959902420275, 0.03675581748435688, 0.28393430357175503, 0.23610200122264488, 0.0], "dino_L2": [0.9421253391294329, 0.7311776878207842, 0.5314296517311031, 0.5075099967172911, 1.0, 0.30891045154163876, 0.6347547432400429, 0.2604580339042565, 0.0, 0.3645775135354592], "rcnn_confidence": [0.0, 0.0, 0.0, 0.0, 0.0, 0.0, 0.0, 0.0, 0.0, 0.0], "yolo_confidence": [0.0, 0.0, 0.0, 0.0, 0.0, 0.0, 0.0, 0.0, 0.0, 0.0]}