{"pixel_L2": [0.006071954523668205, 0.25023654546763985, 0.14832580444084625, 1.0, 0.16800191719791094, 0.052634781248215044, 0.23005257393753212, 0.20139394195261143, 0.0, 0.7088230838575412], "pixel_cosine": [0.9111601595455766, 0.8896185707044408, 0.7612187499730148, 0.0, 0.7109777822681275, 1.0, 0.7041602225831772, 0.5637349001199441, 0.8900468809772383, 0.3272005519675935], "low_L2": [0.1147289391631395, 0.17307749099988665, 0.2589412875377843, 1.0, 0.21730403378460125, 0.0, 0.2603245280358652, 0.22544247977296564, 0.09205598885024326, 0.6464496350893438], "low_cosine": [0.8155171318514411, 0.7933104061631929, 0.645677044531841, 0.0, 0.6886568258863344, 1.0, 0.6480332877099972, 0.6764958967873086, 0.86491161200529, 0.27253013161466183], "mid_L2": [0.37740445221178087, 0.26265256131102455, 0.44289622965849185, 1.0, 0.38217467911987163, 0.0, 0.371993897547559, 0.6356069504927802, 0.18982709718083887, 0.8565350676140271], "mid_cosine": [0.6381690762463729, 0.7148094169715018, 0.5581804477896124, 0.0, 0.6445357365662677, 1.0, 0.6595275720439033, 0.37686838579364335, 0.8527314955772944, 0.09798742988206412], "high_L2": [0.5906488883004448, 0.7603212169023201, 0.907745762743032, 0.8231394594037958, 0.7869060162888671, 0.0, 0.8415301752276083, 1.0, 0.6984058682584079, 0.9448085442077796], "high_cosine": [0.46840816300709404, 0.16401216843813335, 0.18366212419429961, 0.2437467528821754, 0.47736921973488494, 1.0, 0.28389200234385564, 0.38191482884081157, 0.6946519129230743, 0.0], "clip_cosine": [0.9312483149096792, 0.27150175249393366, 0.5753572391480183, 0.7853868967376652, 1.0, 0.0, 0.5165812887570774, 0.5785926125640334, 0.9274737125909949, 0.6988406578592613], "dino_cosine": [0.21519121698639998, 0.5233627607976334, 0.8938626892672054, 0.18626523482747323, 0.12405222182739477, 0.0, 1.0, 0.8169144080741702, 0.7108001716730274, 0.43762315924519246], "clip_L2": [0.2462473839623672, 0.8052896410978428, 0.5387953829428278, 0.22910074194035002, 0.0, 1.0, 0.6762953612689452, 0.5210236661459156, 0.05872668540446066, 0.13660354654076165], "dino_L2": [0.9907894178576323, 0.5480847330823659, 0.0, 1.0, 0.8746203973416139, 0.9552651106200836, 0.16076929956537042, 0.4361454072389834, 0.4589000474035926, 0.6841669253565876], "rcnn_confidence": [0.0, 0.0, 0.0, 0.0, 0.0, 0.0, 0.0, 0.0, 0.0, 0.0], "yolo_confidence": [0.0, 0.0, 0.0, 0.0, 0.0, 0.0, 0.0, 0.0, 0.0, 0.0]}