{"pixel_L2": [1.0, 0.4320014463930573, 0.6548725366118243, 0.08502983185680708, 0.7397938889893328, 0.48586150786476223, 0.6174832760802749, 0.14655577653227264, 0.0, 0.7454890616525041], "pixel_cosine": [0.06405878366706971, 0.5112212492857997, 0.137246043662552, 0.510716326286557, 0.2848430088095776, 0.2493655243891096, 0.0, 0.5333979989104293, 1.0, 0.18522701603794894], "low_L2": [0.6253792457018821, 0.9584618040995535, 0.8054562048296786, 0.12488591795959646, 1.0, 0.9878394711526602, 0.862706889321921, 0.48032855627636223, 0.0, 0.7501788313065785], "low_cosine": [0.3797978008131282, 0.019452073673744623, 0.18018762981995018, 0.8989102507309293, 0.0020672750361773132, 0.0, 0.1552720435505941, 0.5107547522715415, 1.0, 0.23706722581534312], "mid_L2": [0.6964510758794518, 0.8985188181662596, 0.6413890747281129, 0.13685373329391812, 1.0, 0.779697540180169, 0.7710858369766465, 0.0, 0.12236086692701445, 0.886733153890436], "mid_cosine": [0.2613127344385412, 0.05934860985784982, 0.3275887882233453, 0.9141474428748892, 0.0, 0.17158776852949625, 0.30474683672354563, 1.0, 0.8995561094633254, 0.0932696159557809], "high_L2": [0.5974054425313218, 0.8509609691400422, 0.6972680766406935, 0.0, 0.9678019089122043, 1.0, 0.6362468322951945, 0.49174324420339627, 0.19926935556450276, 0.6598861994647467], "high_cosine": [0.4048207497388514, 0.12430943688818531, 0.2989182524041827, 1.0, 0.10603711002703023, 0.0, 0.33418408554905826, 0.43199636007279857, 0.7228997727737753, 0.35513789724205513], "clip_cosine": [0.678125, 0.5786458333333333, 0.43125, 1.0, 0.60625, 0.14583333333333334, 0.48541666666666666, 0.0, 0.36354166666666665, 0.8364583333333333], "dino_cosine": [0.0, 0.726040355064429, 1.0, 0.7735242712972882, 0.6430437315592641, 0.3194076412771795, 0.40164001177701353, 0.7317910457110999, 0.24141624852004284, 0.35134339390978053], "clip_L2": [0.28456245348077713, 0.27662114744884786, 0.5673628727234062, 0.0, 0.23103003053180016, 0.8988805006607629, 1.0, 0.8052010389926025, 0.9747148086825757, 0.1482721431500919], "dino_L2": [1.0, 0.22804172638312284, 0.08415628030212975, 0.0, 0.1903293357885301, 0.571903846599545, 0.5497061464400769, 0.22317544264939954, 0.7043895239953617, 0.559002101570683], "rcnn_confidence": [0.0, 0.0, 0.0, 0.0, 0.0, 0.0, 0.0, 0.0, 0.0, 0.0], "yolo_confidence": [0.0, 0.0, 0.0, 0.0, 0.0, 0.0, 0.0, 0.0, 0.0, 0.0]}