{"pixel_L2": [0.0, 0.507690890829664, 0.6409000392711551, 0.4862915865894218, 0.2910913558279437, 0.5185234740723493, 1.0, 0.5984924046805656, 0.7490521055247217, 0.19514115026256068], "pixel_cosine": [0.8412828631125582, 0.8947354928024817, 0.8633817440682963, 0.947777934446823, 0.8537423249971159, 0.19410867419532643, 0.0, 1.0, 0.7105097868304001, 0.6639021701511286], "low_L2": [0.120941939337059, 1.0, 0.35488172896615555, 0.0, 0.352186711132297, 0.0938823280650959, 0.3731069493622286, 0.3648438354944792, 0.32698560493227213, 0.14213668729817508], "low_cosine": [0.5522133123327179, 0.0, 0.3562185057281662, 1.0, 0.40915016681654437, 0.6536335144281678, 0.6377633280299685, 0.3492505227982611, 0.6029925877050619, 0.4824802720147288], "mid_L2": [0.3616563230569992, 1.0, 0.0, 0.05087037691104496, 0.45149267537884524, 0.046440284575407435, 0.2712447651243756, 0.22706493768605884, 0.7246413374371394, 0.1073649864608036], "mid_cosine": [0.5850202864124988, 0.0, 0.8332861253440486, 0.8709913091719589, 0.04665777203034074, 0.8564304118424986, 0.882770516429357, 0.5144935038551021, 0.1013226701880571, 1.0], "high_L2": [0.6029703030821708, 0.0, 1.0, 0.29387600405902703, 0.6938414656510948, 0.44192045774088246, 0.03412119619038304, 0.593926130597973, 0.6387557614954825, 0.025563006614257942], "high_cosine": [0.31967311895876793, 0.8927206010688253, 0.0, 0.32507334668672444, 0.3292455888097474, 0.4104921084782952, 0.8897410217837581, 0.006603279615023396, 0.39054721199478054, 1.0], "clip_cosine": [0.687251787132645, 0.9249404289118348, 0.0, 0.21783161239078633, 0.7948768864177919, 0.2768069896743447, 1.0, 0.07188244638602065, 0.6622319301032565, 0.670571882446386], "dino_cosine": [0.6259190836874192, 1.0, 0.615047108812119, 0.37033068538703123, 0.0, 0.5669591723628302, 0.9531221134306299, 0.4650748198780713, 0.16495473859227786, 0.08462959541843709], "clip_L2": [0.6149037047172716, 0.44869428385728455, 1.0, 0.23212875859473883, 0.06292888174323538, 0.6879499196113981, 0.0, 0.8287442274142236, 0.13274039612766395, 0.16658776040775836], "dino_L2": [0.1261764558924055, 0.0, 1.0, 0.7850502262813841, 0.6825682006882526, 0.733057068409588, 0.7532570805289573, 0.025875916793087282, 0.46650535856855363, 0.29420832345533854], "rcnn_confidence": [0.0, 0.0, 0.0, 0.0, 0.0, 0.0, 0.0, 0.0, 0.0, 0.0], "yolo_confidence": [0.0, 0.0, 0.0, 0.0, 0.0, 0.0, 0.0, 0.0, 0.0, 0.0]}