{"pixel_L2": [0.0, 0.31515236821732706, 0.704764585825885, 1.0, 0.12372440002815117, 0.6614821591948765, 0.34344429586881553, 0.6726018720529242, 0.6680976845661201, 0.15201632767963966], "pixel_cosine": [0.9275122796879515, 0.5523259173649234, 0.0, 0.5198266396995088, 0.7163709910430511, 0.635619763074256, 0.4200982375036117, 0.636058942502167, 0.33943946836174516, 1.0], "low_L2": [0.831287641991309, 0.7693832431196158, 0.5113974231912785, 1.0, 0.4364565068232065, 0.4048944118319738, 0.0, 0.5715483723412366, 0.8128383014408782, 0.7465883967370588], "low_cosine": [0.0, 0.20934278426255715, 0.5044139601039132, 0.1358512301489344, 0.5093510126835232, 0.5969366764232229, 1.0, 0.4750972716907054, 0.145901658614569, 0.12560096860269657], "mid_L2": [0.0, 0.5182226821459754, 0.6407528376936261, 1.0, 0.7802283090256443, 0.09856740937166511, 0.20098308702260453, 0.6349966044691654, 0.9255570287488277, 0.11816447304595284], "mid_cosine": [1.0, 0.0, 0.43813847900113506, 0.038135090721195385, 0.1485506632557982, 0.6480254798651465, 0.7643536008945059, 0.2705626238839853, 0.017483524488793263, 0.6136852626764023], "high_L2": [0.6776895228832334, 0.23741595844043567, 0.44119213579417826, 0.9266686736292832, 0.16096612092721674, 0.17921404256304566, 1.0, 0.4287026530501972, 0.8520405406448526, 0.0], "high_cosine": [0.2556028326735951, 0.6015230809525928, 0.4502923109615375, 0.17587582096633111, 0.8292488868462539, 1.0, 0.0, 0.3537580366982451, 0.5066393876048292, 0.9459508878049745], "clip_cosine": [0.5658465991316932, 0.12542209358417752, 0.16063675832127353, 0.5938253738543174, 0.2542209358417752, 0.0, 0.22238301977809938, 1.0, 0.18137964302942594, 0.06174626145682586], "dino_cosine": [0.6911378285910402, 0.7717210609294394, 0.6433895687426935, 0.0, 0.6023981381181694, 0.42326708780660455, 0.7784403522131297, 0.3827207499007926, 0.7564055813554414, 1.0], "clip_L2": [0.5220537816514519, 0.4165029534470651, 0.1707860712957991, 0.4302152092197117, 0.49645173282663474, 0.8727762402412326, 0.7970886860258581, 0.0, 0.4636242719649717, 1.0], "dino_L2": [0.3114109110841844, 0.4072002481103225, 0.5903907737580059, 0.9682072586694362, 0.7111930933010213, 0.881794183832439, 0.0, 1.0, 0.26294645433039066, 0.3974886042351855], "rcnn_confidence": [0.0, 0.0, 0.0, 0.0, 0.0, 0.0, 0.0, 0.0, 0.0, 0.0], "yolo_confidence": [0.0, 0.0, 0.0, 0.0, 0.0, 0.0, 0.0, 0.0, 0.0, 0.0]}