{"pixel_L2": [0.8559369460570313, 1.0, 0.8122181751675598, 0.7838203969287729, 0.6682941796854482, 0.7405675474584232, 0.0, 0.7939595725312684, 0.25041481365599433, 0.28567822552334915], "pixel_cosine": [0.8296305870079994, 0.0, 0.3457378797180589, 0.3145549549715889, 0.5909638526410051, 0.4693132878817952, 1.0, 0.38144672522745005, 0.4039655466878384, 0.9640695897821742], "low_L2": [0.566928749866284, 1.0, 0.25920175267484274, 0.3744816541760268, 0.3533650266278209, 0.4396249032526004, 0.05104906692507923, 0.6455956598434842, 0.20564511900192342, 0.0], "low_cosine": [0.6791640996412205, 0.0, 0.666676001304653, 0.31668473193665186, 0.5135225958639866, 0.6485772364419874, 0.9162304096148968, 0.33085965426697284, 0.4186008585670562, 1.0], "mid_L2": [0.30406450648256506, 1.0, 0.2598208920032549, 0.5146989898757545, 0.4207815883075171, 0.7702254880254414, 0.0, 0.7221525739046923, 0.35649794840976595, 0.532471770865981], "mid_cosine": [0.6433969625594266, 0.0011104454119930328, 0.6931358022495689, 0.2792686844389805, 0.31149272096918873, 0.0, 1.0, 0.20032924317420656, 0.40980660020297033, 0.48808244195727396], "high_L2": [0.7913610928280815, 0.534061999900582, 0.15327268832886862, 0.643461403027982, 0.5603557291987921, 1.0, 0.0, 0.7013752742129123, 0.7754828346425544, 0.8325316127245722], "high_cosine": [0.24792197002561983, 0.479850987550237, 0.8547230930417202, 0.33484624010608083, 0.4120945232501985, 0.0, 1.0, 0.26651476209575103, 0.14582634176686776, 0.3856438925767981], "clip_cosine": [0.0, 0.7290621381705905, 0.7599382477807797, 0.6302585874179853, 0.5802778849864917, 1.0, 0.479351601698186, 0.22693940563489, 0.18815129293708993, 0.8790042454650714], "dino_cosine": [0.4552195562714228, 0.27023443561614235, 0.20924385429045658, 0.5021459648984964, 0.6191477032773843, 1.0, 0.4375607696009586, 0.0, 0.17113701764896533, 0.9091623370883627], "clip_L2": [1.0, 0.30176882144264877, 0.2833097928436911, 0.4254549336486664, 0.49722057986247975, 0.0, 0.5012558577497481, 0.6941504620505409, 0.8324814960802347, 0.10403254062103097], "dino_L2": [0.5633420733488805, 0.919593600485396, 0.882405818175297, 0.5603535559210305, 0.3322264473518052, 0.0, 0.6624921821818756, 1.0, 0.9935611814787388, 0.12884773019878368], "rcnn_confidence": [0.0, 0.0, 0.0, 0.0, 0.0, 0.0, 0.0, 0.0, 0.0, 0.0], "yolo_confidence": [0.0, 0.0, 0.0, 0.0, 0.0, 0.0, 0.0, 0.0, 0.0, 0.0]}