{"pixel_L2": [0.1292843295960989, 0.9612486759797749, 0.4753082718788097, 1.0, 0.6495393408877431, 0.5212143014169515, 0.7086755800707476, 0.3753022763155265, 0.0, 0.9477386733816976], "pixel_cosine": [0.5629556687560361, 0.4653928456454637, 0.5684473649326793, 0.348381843316227, 0.7795746775995607, 0.46575264642945063, 0.8139072471452649, 1.0, 0.737477985873085, 0.0], "low_L2": [0.3033328798802884, 0.15399265406067203, 0.14389878928037, 0.5472180655693103, 0.1516528363487961, 0.6260644810229901, 0.4821112773772276, 0.2587131002584682, 0.0, 1.0], "low_cosine": [0.5833635621655936, 1.0, 0.8449941053777092, 0.4730661104561531, 0.9488074725673348, 0.3120295637979505, 0.795093860524168, 0.9151174390133309, 0.9042350593996554, 0.0], "mid_L2": [0.6831881974974636, 0.48023757186337507, 0.16004396347649644, 1.0, 0.3466139668583023, 0.7781112614135949, 0.8502705444707473, 0.41069918836658775, 0.0, 0.721423740277308], "mid_cosine": [0.289628350252861, 0.5041066613650766, 0.45419301929695943, 0.0, 0.5055356055616993, 0.22424483405608917, 0.507697660259198, 0.7317188334845115, 1.0, 0.14603809689484212], "high_L2": [0.37993729299025214, 0.36268697179363263, 0.3582933556501137, 0.3052192977286389, 0.3383938990322847, 1.0, 0.7944046959535119, 0.2976284491802119, 0.0, 0.2742017232640649], "high_cosine": [0.46072882425931166, 0.8942301412804493, 0.4716078542351481, 0.4723534405816662, 0.5383078999499314, 0.14548729782092867, 0.0, 1.0, 0.9033023488691033, 0.49561355769858717], "clip_cosine": [0.7670141017780503, 1.0, 0.716247700797057, 0.4777437155119559, 0.35168608215818514, 0.462047823421214, 0.6055180870631515, 0.7248313917841814, 0.0, 0.6762722256284488], "dino_cosine": [0.611619858503568, 0.8793911365654957, 0.8804630792318765, 0.4847324737374047, 0.778996049125601, 0.27003767112798993, 1.0, 0.0, 0.7464089920676242, 0.9807969128051208], "clip_L2": [0.31024729824237307, 0.0, 0.2618469927689222, 0.37643417475984375, 0.5907397999577747, 0.5852315462366726, 0.4025293102765755, 0.3275670821017629, 1.0, 0.34682452760477145], "dino_L2": [0.4909549078438617, 0.23478263223211518, 0.7914465786720692, 0.8543014092398388, 0.7470053822595204, 0.5904637783543034, 0.0, 1.0, 0.720090024617375, 0.361060698949397], "rcnn_confidence": [0.0, 0.0, 0.0, 0.0, 0.0, 0.0, 0.0, 0.0, 0.0, 0.0], "yolo_confidence": [0.0, 0.0, 0.0, 0.0, 0.0, 0.0, 0.0, 0.0, 0.0, 0.0]}