{"pixel_L2": [0.7691579679888657, 0.0, 0.32297842727905357, 0.15451635351426582, 0.18869867780097424, 0.3632846207376479, 0.9879749478079332, 0.6735421016005567, 0.2110786360473208, 1.0], "pixel_cosine": [0.23499119883150443, 1.0, 0.7056290026590765, 0.8756975394179993, 0.931013819707127, 0.5473765027527059, 0.20231452005542863, 0.6131980075652598, 0.6495075090820569, 0.0], "low_L2": [0.3602677580026014, 0.0, 0.2703382929898586, 0.15232173260154605, 0.2993771348201728, 0.5721688186711504, 1.0, 0.5538847117794486, 0.2744942525089094, 0.8010003912735425], "low_cosine": [0.8740941806278818, 0.20862079421980287, 0.4950064171596324, 0.3800564841177348, 0.0, 0.33335136366691087, 1.0, 0.4860666499476301, 0.7323855934356472, 0.293914106769079], "mid_L2": [0.09348284527282141, 0.01621396370799712, 0.157581038249296, 0.35695975552777465, 0.0, 0.40773572754479676, 1.0, 0.2244320693008044, 0.15879329721811822, 0.46615145660491725], "mid_cosine": [0.9221874862239725, 0.11244544693106844, 0.43562554185708197, 0.5883024995224311, 0.3254816099216787, 0.3557153982925073, 1.0, 0.053028521887352506, 0.1642543311830485, 0.0], "high_L2": [0.03334059773052271, 0.014690999411882365, 0.4094254060847785, 0.628673869366236, 0.27958575023808313, 0.41391540062155374, 1.0, 0.0, 0.11543525183077737, 0.3713828526392152], "high_cosine": [0.6947603072975992, 0.47176334650913754, 1.0, 0.14292057590162796, 0.0, 0.4629381728501758, 0.8969539287734344, 0.7049680983424611, 0.6987274251564892, 0.34168353177822425], "clip_cosine": [0.2837224383916991, 0.3326848249027237, 0.3336575875486381, 0.11835278858625162, 0.44163424124513617, 0.6955252918287937, 0.29701686121919585, 1.0, 0.08852140077821012, 0.0], "dino_cosine": [1.0, 0.3374352550049387, 0.0, 0.5424269435544099, 0.90336071695295, 0.17480546387530416, 0.590850177070033, 0.6605892697969115, 0.9715627936110242, 0.9476450890168397], "clip_L2": [0.7450323131881641, 0.6984065353965416, 0.5851685303256684, 0.8044576513112736, 0.6585504511831111, 0.29403610577409806, 0.7178211488119939, 0.0, 1.0, 0.9625336120570634], "dino_L2": [0.33679588034241187, 1.0, 0.9371623059941209, 0.0, 0.7159459737426841, 0.8753770094213489, 0.7941510620842731, 0.17039271166941328, 0.6054896877010617, 0.1932393032172268], "rcnn_confidence": [0.0, 0.0, 0.0, 0.0, 0.0, 0.0, 0.0, 0.0, 0.0, 0.0], "yolo_confidence": [0.0, 0.0, 0.0, 0.0, 0.0, 0.0, 0.0, 0.0, 0.0, 0.0]}