{"pixel_L2": [0.0, 0.3339414764719583, 0.44163659318342996, 0.2514698150627246, 0.3127972979933131, 0.4432911651270049, 0.17691342756615652, 0.7658957722517293, 0.16053394085267778, 1.0], "pixel_cosine": [1.0, 0.6890061110813712, 0.5944717112436572, 0.7586263731619564, 0.5100280619504183, 0.14005547588390918, 0.7561209424983588, 0.2059919026058733, 0.6357222148655083, 0.0], "low_L2": [0.0, 0.31494340771515533, 0.6548554311382804, 0.3631967928322334, 0.1688962103171186, 0.48941938163957943, 0.06692260329018111, 0.9499931862479876, 0.07569980238385385, 1.0], "low_cosine": [1.0, 0.6785308501090203, 0.30269778404302133, 0.6399001538962605, 0.8300194670067799, 0.4372781991899935, 0.9346579848291602, 0.0, 0.9284991509600491, 0.08709484136751372], "mid_L2": [0.0, 0.2753277260232836, 0.5826769812722342, 0.2773639540228674, 0.5137366364305687, 0.5098577933136383, 0.5313435548642274, 1.0, 0.34714230020006664, 0.8086156415501148], "mid_cosine": [1.0, 0.531495294664667, 0.36663501398175496, 0.5596395523218881, 0.3605721059077008, 0.5013837680665885, 0.36655249870660583, 0.0, 0.6253413578346944, 0.16983477298476088], "high_L2": [0.0, 0.1862939920481067, 0.526468571823021, 0.22073302169330458, 0.34292945113319445, 0.7844287014923266, 0.8555295361639619, 1.0, 0.5325407412946744, 0.9747480584379963], "high_cosine": [1.0, 0.7028836209635951, 0.5245567104419319, 0.5590322835358397, 0.6684931717904719, 0.2664371017038265, 0.20151874941019907, 0.0, 0.5840479313153957, 0.3032564714401542], "clip_cosine": [0.738735431770212, 0.5241809672386896, 0.6492612645682297, 0.18298614297513077, 0.5249151142516288, 0.9186014499403505, 1.0, 0.6325594200238598, 0.44388363769844913, 0.0], "dino_cosine": [1.0, 0.350809192380503, 0.638045804614166, 0.8319486341192134, 0.714173365465096, 0.36521231118376335, 0.968570417432043, 0.5930107798693384, 0.19203783908278424, 0.0], "clip_L2": [0.2460680004139895, 0.28522818768899977, 0.3457638238028104, 0.7054582496169276, 0.39362307314190403, 0.13178120895975057, 0.0, 0.42504040839918383, 0.5997684636547731, 1.0], "dino_L2": [0.0, 0.4490842470894587, 0.49990288363008284, 0.3420803869406619, 0.3092344053346839, 0.4777158774373259, 0.0960158689963704, 0.450723880007733, 1.0, 0.9155573163570289], "rcnn_confidence": [0.0, 0.0, 0.0, 0.0, 0.0, 0.0, 0.0, 0.0, 0.0, 0.0], "yolo_confidence": [0.0, 0.0, 0.0, 0.0, 0.0, 0.0, 0.0, 0.0, 0.0, 0.0]}