{"pixel_L2": [0.41555794585255396, 0.2864758920901222, 0.0, 0.40980920136006294, 1.0, 0.5262242852570812, 0.39901316026941375, 0.6206622726911777, 0.719685539585484, 0.223108557183043], "pixel_cosine": [0.6737445476804332, 0.3149981352661705, 1.0, 0.34219892656191725, 0.0, 0.03952019587812748, 0.6875557393264257, 0.422398696307827, 0.5483452514147654, 0.6560214687616546], "low_L2": [0.1358402838936953, 0.38007908960610615, 0.404796750073391, 1.0, 0.29463684401388385, 0.13426669429622337, 0.0, 0.38535676665112506, 0.309407864062581, 0.37485321797993404], "low_cosine": [0.37017212486971146, 0.07660103770162335, 0.37245397430507965, 0.06656953810184679, 1.0, 0.0, 0.4199769079716446, 0.09848663714418986, 0.37923041928443507, 0.16817446286559978], "mid_L2": [0.0, 0.39087736822535185, 0.46941301234084404, 1.0, 0.3456096385754235, 0.12308171271289552, 0.10095994121102646, 0.39164743337286334, 0.4672216269496399, 0.6579128594279076], "mid_cosine": [1.0, 0.17865954158494132, 0.18886002115445835, 0.10832931124780497, 0.8384745427658941, 0.4296710533071812, 0.9372657349120447, 0.9006459298205979, 0.5005757144764271, 0.0], "high_L2": [0.6440996147299038, 0.638214410456092, 1.0, 0.0, 0.16464189970193502, 0.7313686562269098, 0.5691245168904754, 0.3737865666065261, 0.970834224281528, 0.39295495239102596], "high_cosine": [0.518202468800918, 0.20361163191568502, 0.0, 0.21793981171782717, 1.0, 0.2804656377579106, 0.30591716834462307, 0.9074112845522544, 0.36583725800630224, 0.5387333919285289], "clip_cosine": [0.0, 0.5705302871515405, 0.6434709704464473, 0.5265143575770279, 0.9352337036260742, 0.6348773841961853, 0.5007335988262419, 0.8547474324041081, 1.0, 0.49528400754558793], "dino_cosine": [0.8865964308276297, 0.5001889691663012, 0.47386570223425006, 0.7016135483995553, 0.705856388950959, 0.6650611184215971, 0.2553870005765629, 0.0, 0.8408438231910685, 1.0], "clip_L2": [1.0, 0.532121124184386, 0.6175242705640268, 0.6001787315992191, 0.18000228635748078, 0.6494717195166992, 0.7386066849575265, 0.2203400077384407, 0.0, 0.9330042297613395], "dino_L2": [0.27156068681380224, 0.7376059272414011, 0.7415507687043935, 0.0, 0.5165237332008203, 0.7958009942548282, 1.0, 0.5314110801778336, 0.3580946639756752, 0.31849146981493665], "rcnn_confidence": [0.0, 0.0, 0.0, 0.0, 0.0, 0.0, 0.0, 0.0, 0.0, 0.0], "yolo_confidence": [0.0, 0.0, 0.0, 0.0, 0.0, 0.0, 0.0, 0.0, 0.0, 0.0]}