{"pixel_L2": [0.08320972419464182, 0.6317229741543161, 1.0, 0.015718570473000945, 0.3813831665220957, 0.40306543144007373, 0.919557240525148, 0.4671150811421146, 0.989405897819704, 0.0], "pixel_cosine": [0.7070495684717024, 0.27873418366048014, 1.0, 0.7157819700094198, 0.0, 0.36882303520965404, 0.3131087858652206, 0.36224954810458515, 0.6168232388808269, 0.7088622419104356], "low_L2": [0.3110684715605699, 0.37009921813638297, 0.8102895652650413, 0.037274428127954604, 0.19045759331436588, 0.49212439190076623, 1.0, 0.49501908777069276, 0.8500455340531222, 0.0], "low_cosine": [0.573001519145893, 0.7240782508241049, 0.37053618656296416, 1.0, 0.9238776727869769, 0.4876923793040704, 0.0, 0.4038473745011997, 0.21261271935578058, 0.8695015593461325], "mid_L2": [0.2446309279156224, 0.21055235145019566, 0.2679926748645187, 0.0, 0.18528116690616048, 0.20017122770620593, 0.7356894313073165, 0.18583978841655224, 1.0, 0.5110223395317526], "mid_cosine": [0.6906235026038733, 0.7670708791283071, 0.7111330416274245, 1.0, 0.9578994170388095, 0.7000806622415091, 0.0, 0.7613283884525317, 0.0032024562178271064, 0.4219401296904643], "high_L2": [0.31224113335296644, 0.14879580571863948, 0.47920522366888846, 0.3106875957451982, 0.17928263036882333, 0.22598129540720246, 0.6080505669736818, 0.0, 1.0, 0.48990943551197846], "high_cosine": [0.6256917793641671, 0.8735915240275834, 0.5265183878527745, 0.7785827623578797, 0.9553139511419612, 0.8045733646467701, 0.3264235643220639, 1.0, 0.0, 0.6019779231684063], "clip_cosine": [0.8431943097316521, 0.0, 0.5940834141610087, 0.7786938247655998, 0.7279340446168768, 1.0, 0.07613967022308439, 0.6058842547688329, 0.623666343355965, 0.4393792434529583], "dino_cosine": [0.646692202817633, 0.6790154515354152, 0.6740407712783224, 0.1224517951048497, 1.0, 0.8083490229176135, 0.5816724014802311, 0.4444507563461663, 0.0, 0.7905278192559891], "clip_L2": [0.21549079891758283, 1.0, 0.4016655369131318, 0.22487371501713707, 0.24689019689905012, 0.0, 0.9522313973709831, 0.4185194326550639, 0.3868267160777342, 0.5487048970493461], "dino_L2": [0.392297471417768, 0.37881853124421255, 0.4048100729075721, 0.6639394414988593, 0.0, 0.2394055005884586, 0.5038837309723639, 0.6313207223261946, 1.0, 0.3093453402590798], "rcnn_confidence": [0.0, 0.0, 0.0, 0.0, 0.0, 0.0, 0.0, 0.0, 0.0, 0.0], "yolo_confidence": [0.0, 0.0, 0.0, 0.0, 0.0, 0.0, 0.0, 0.0, 0.0, 0.0]}