{"pixel_L2": [0.8596289979980024, 0.6331197578411574, 0.46009198721164035, 0.5578660188161608, 0.4453790492473972, 0.7240132855877979, 0.9322995494414906, 0.4076475001199454, 0.0, 1.0], "pixel_cosine": [0.11806794935717914, 0.5587555509992964, 0.572525291121663, 0.4318083326731935, 0.5541283591409173, 0.47820373623608464, 0.17028345627466787, 0.5855261625062325, 1.0, 0.0], "low_L2": [0.8616185668476363, 0.0, 0.11695399561863035, 0.39510112074165793, 0.6588087754389307, 0.04195637679779027, 0.08024573768930374, 0.14524240403847985, 0.1435406546655237, 1.0], "low_cosine": [0.19729380232024907, 0.8645391545588935, 1.0, 0.8961969107020277, 0.5169731943728406, 0.7089612712663387, 0.886689187457097, 0.8977506743419648, 0.8436423865581643, 0.0], "mid_L2": [0.6177232164626713, 0.6465889696201297, 0.8360681718437607, 0.49781538011410736, 0.628770663675818, 1.0, 0.2233554396059882, 0.0, 0.09378992539132978, 0.7666918613156483], "mid_cosine": [0.3798242011985741, 0.590169788077342, 0.6961995560395875, 0.258461135610267, 0.5209720709622515, 0.03624436866567877, 0.0, 1.0, 0.9167365934072473, 0.252575386977558], "high_L2": [1.0, 0.6783429531350915, 0.7450880867935025, 0.05100406844542642, 0.34395885354382183, 0.0, 0.5920617385414882, 0.7207952718661264, 0.4253921909105052, 0.604301646392535], "high_cosine": [0.1632795531420481, 0.9336060283330224, 1.0, 0.7490218063752425, 0.30161394136819447, 0.7166849524673333, 0.07204843520265101, 0.16698253936654653, 0.0, 0.3097921132106801], "clip_cosine": [0.20947246823257604, 0.07701193685021178, 0.4370427416249519, 0.5340777820562187, 0.5656526761648055, 0.0, 0.03118983442433577, 0.4189449364651521, 0.20947246823257604, 1.0], "dino_cosine": [1.0, 0.35952818627450983, 0.4286505467571644, 0.8681537518853696, 0.7477080976621417, 0.20969433446455504, 0.5223946549773756, 0.0, 0.8371983408748115, 0.12836420625942685], "clip_L2": [0.7369062164236377, 0.867864313123561, 0.5533998465080583, 0.49682640061396777, 0.7049442824251727, 1.0, 0.8485980046047582, 0.7189587106676899, 0.550310360706063, 0.0], "dino_L2": [0.4128500649761769, 0.6429207468111982, 0.564958208050657, 0.13743581689185383, 0.4415469521092966, 0.6360074058200376, 0.43384342626989714, 1.0, 0.0, 0.6130223882749168], "rcnn_confidence": [0.5884114245395893, 0.0, 0.0, 0.0, 0.7880089962627708, 0.0, 0.0, 1.0, 0.0, 0.0], "yolo_confidence": [0.0, 0.0, 0.0, 0.0, 0.0, 0.0, 0.0, 0.0, 0.0, 0.0]}