{"pixel_L2": [0.6272430764524071, 0.6892747595333828, 0.39188116944268614, 0.0, 1.0, 0.45252957414451883, 0.19439518874383027, 0.882558351777827, 0.747297375290275, 0.25974336150722915], "pixel_cosine": [0.30957445704620684, 0.5819765973857972, 0.3229775209001325, 1.0, 0.14114896251638634, 0.3961807321012891, 0.7421458045815996, 0.3365604452238398, 0.0, 0.2652284746794506], "low_L2": [1.0, 0.0441872324578016, 0.1962874717778027, 0.0, 0.3461942618215828, 0.02969980257686912, 0.3775733248128924, 0.18195726096036938, 0.18445795395153083, 0.1889982627610884], "low_cosine": [0.0, 0.6361577162640237, 0.4053588257015818, 0.9083578250643891, 0.6225029209519916, 1.0, 0.26191241687081296, 0.3427811423572403, 0.4191775787375663, 0.5176290955940511], "mid_L2": [0.8939422633954014, 0.5996085474768312, 1.0, 0.0, 0.5757743387191822, 0.24585402978527368, 0.33702793811808585, 0.7637772525916994, 0.7666012777700948, 0.7029752681987106], "mid_cosine": [0.3518622796214675, 0.5052493842364532, 0.0, 1.0, 0.15904767306196527, 0.7302647783251232, 0.7043087243971999, 0.5183181553020483, 0.22099510630023333, 0.6268764583873477], "high_L2": [1.0, 0.0, 0.6069633394328388, 0.0007031803422430729, 0.2406353223087016, 0.48368316366940756, 0.6616104005572987, 0.5184541880268059, 0.08749847097843588, 0.3459950261861194], "high_cosine": [0.0, 0.8783657704622508, 0.2760566144818765, 1.0, 0.835900712232961, 0.39029249266040417, 0.17637596034584396, 0.2969283783286447, 0.8687744182397754, 0.6405276761034897], "clip_cosine": [0.0, 0.48500365764447695, 0.7856620336503292, 0.8363204096561814, 1.0, 0.9839063643013899, 0.7794440380395026, 0.3928310168251646, 0.8165691294806144, 0.5950987564008778], "dino_cosine": [0.2544669857459661, 0.12186116317098121, 0.5089526383776236, 0.05121446758308631, 1.0, 0.5812718869234732, 0.7048952041037282, 0.0, 0.6503878978846686, 0.0530774227750939], "clip_L2": [1.0, 0.6804561248793014, 0.3655775752996872, 0.18043613062698244, 0.0, 0.053698696747974846, 0.11422743008809734, 0.7819640114121861, 0.3763536775294995, 0.5157743987195148], "dino_L2": [0.906263666954106, 1.0, 0.21881667178211273, 0.7033018798983207, 0.0, 0.32681816631683014, 0.21226740179186768, 0.7846963092712494, 0.4171850506054402, 0.993974266870385], "rcnn_confidence": [0.7022964355901109, 0.0, 0.0, 0.0, 0.0, 0.0, 1.0, 0.0, 0.0, 0.0], "yolo_confidence": [0.0, 0.0, 0.0, 0.0, 0.0, 0.0, 0.0, 0.0, 0.0, 0.0]}