{"pixel_L2": [0.6890657235484822, 0.6002895987903484, 0.0, 0.14338984353976858, 0.25567985238150154, 0.34814643960071245, 0.0781041103379934, 0.15659691521760488, 0.2894920061336853, 1.0], "pixel_cosine": [0.0, 0.6002900645926585, 1.0, 0.35933720703939503, 0.5536758505008943, 0.23645824645296412, 0.7919782775908885, 0.6407137627772063, 0.8391299915668121, 0.46476132224971506], "low_L2": [1.0, 0.22755294403818965, 0.3171321282515165, 0.38048634021010386, 0.3836941484105386, 0.5201856271949161, 0.6156217218784682, 0.32823403317268957, 0.13519923377472368, 0.0], "low_cosine": [0.0, 0.7565283329163733, 0.637999212624385, 0.5055106596307092, 0.5404538464074533, 0.4104612353264021, 0.26721026613683657, 0.5771075388306115, 0.8367087699292332, 1.0], "mid_L2": [0.9328576926492791, 0.37857511734772753, 0.6321843617500682, 0.6590616786892579, 0.444654963142781, 0.8950991904898178, 1.0, 0.035610553565495986, 0.07261579350747177, 0.0], "mid_cosine": [0.23680088067658595, 1.0, 0.4055145928586485, 0.0, 0.10889058979980994, 0.3906216627112318, 0.45279703752049205, 0.6830096506075309, 0.2307861453102361, 0.6265667968960632], "high_L2": [0.5397966653427719, 0.2696637307353846, 0.0, 0.9343445552881807, 0.6730252552391187, 0.9318914562063407, 0.3943025800372248, 0.7796221448652353, 1.0, 0.06225420336580769], "high_cosine": [0.48908195696839263, 0.9618101022126713, 0.6629707483526891, 0.23890611170467593, 0.28986120288674705, 0.0, 0.5141869181907713, 1.0, 0.41031271475161807, 0.8891008827445719], "clip_cosine": [0.6129908103592314, 0.0, 0.5407268170426065, 1.0, 0.9734753550543024, 0.49665831244778613, 0.7965747702589808, 0.25793650793650796, 0.6612364243943192, 0.7871762740183793], "dino_cosine": [0.8669796193441938, 0.780244806900009, 0.7970433275678331, 0.6976100286504414, 0.6334137847465449, 0.0, 1.0, 0.8919184508178489, 0.4353771533479186, 0.7151521992450626], "clip_L2": [0.5054665889025761, 1.0, 0.3319192822688284, 0.0, 0.16054361632662312, 0.9695360046867685, 0.18610812521413458, 0.7628570108425111, 0.37834496743410756, 0.3344762562344221], "dino_L2": [0.5312995971187889, 0.2793573323270552, 0.35709925528018555, 0.2024935905261873, 0.5761409418319442, 1.0, 0.01718904340684343, 0.11304952220286123, 0.0937614454889513, 0.0], "rcnn_confidence": [0.0, 0.0, 0.0, 1.0, 0.0, 0.0, 0.0, 0.0, 0.0, 0.0], "yolo_confidence": [0.0, 0.0, 0.0, 0.0, 0.0, 0.0, 0.0, 0.0, 0.0, 0.0]}