{"pixel_L2": [0.08091283834119692, 0.8234268686367022, 0.3266560715172585, 0.7148736031785449, 1.0, 0.084, 0.4099791407996027, 0.21399255028557237, 0.623219269927986, 0.0], "pixel_cosine": [0.9221928166351607, 0.18840831758034027, 0.6886654064272212, 0.29952362948960304, 0.0, 0.9224196597353497, 0.6143213610586011, 0.8040378071833648, 0.3962117202268431, 1.0], "low_L2": [0.1916422094487457, 1.0, 0.36816891851122063, 0.33163245623666476, 0.6486098705275933, 0.0, 0.02797074827711388, 0.4297704434150486, 0.6381053841489531, 0.19531697444678217], "low_cosine": [0.8186693573467314, 0.0, 0.6511676123209189, 0.6849347256681203, 0.37023573398204523, 1.0, 0.9799442973938645, 0.5925001900523162, 0.38772745806754805, 0.8174668445095613], "mid_L2": [0.16903510640159491, 0.9590433139575828, 0.7009265617937629, 0.5129338363431262, 0.8063230191855356, 0.0, 0.40469226359955324, 0.35276186606446625, 1.0, 0.26465462749518454], "mid_cosine": [0.8285388903847767, 0.02236180571801878, 0.3291855553152326, 0.48926271369737845, 0.17336358459833942, 1.0, 0.6101956768352704, 0.6607812065487515, 0.0, 0.7521176621186774], "high_L2": [0.2921138688392143, 0.9128070881637487, 0.8233856686318854, 0.8170674505367678, 0.5670742011518785, 0.16488471290572762, 0.6669053374207786, 0.2878079599319252, 1.0, 0.0], "high_cosine": [0.7352129235544478, 0.07549556752180968, 0.19190161544430598, 0.1673101794154302, 0.44487031768053237, 0.8539092811625556, 0.3703905753991582, 0.7516354316081548, 0.0, 1.0], "clip_cosine": [0.0, 1.0, 0.1820421571311251, 0.7467834656446756, 0.6285245004106214, 0.2398029017246099, 0.5981385162879824, 0.03175472214618122, 0.03476594579797427, 0.24938406788940598], "dino_cosine": [0.6548633925229759, 0.0, 1.0, 0.7307148500852497, 0.5123508129912255, 0.5832952135401506, 0.7880400881606853, 0.6175406495612759, 0.5812991225516696, 0.8097267850459516], "clip_L2": [0.9745016259315753, 0.0, 0.8059662200051653, 0.19808148635401787, 0.32080507513245027, 0.7151209496182378, 0.30066963553163467, 1.0, 0.922126510175806, 0.68058970162479], "dino_L2": [0.39690542945336516, 1.0, 0.0, 0.2701626561876303, 0.6190433214431681, 0.4127679064138509, 0.1946399633594196, 0.448394668668328, 0.4434842106769761, 0.17885024275974815], "rcnn_confidence": [0.0, 0.0, 0.0, 0.0, 0.0, 0.0, 0.0, 0.0, 0.0, 0.0], "yolo_confidence": [0.0, 0.0, 0.0, 0.0, 0.0, 0.0, 0.0, 0.0, 0.0, 0.0]}