{"pixel_L2": [0.0, 0.45223937246963564, 0.3926492914979757, 0.29820344129554655, 1.0, 0.08900556680161943, 0.7262145748987854, 0.6761766194331984, 0.006705465587044534, 0.4476847165991903], "pixel_cosine": [1.0, 0.0, 0.8150729688521019, 0.38091918971901545, 0.020779786538880417, 0.6888259638423001, 0.7480723153996951, 0.42698032382197054, 0.9126697161112322, 0.30462499092427214], "low_L2": [0.0, 0.17933144631745412, 0.4721932548731994, 0.9019401120749917, 0.9884028740703391, 0.4092112350022346, 0.8775426011024146, 0.719250999851025, 0.1521950884108958, 1.0], "low_cosine": [0.8871709763627711, 0.8103286270394279, 0.6155075841702564, 0.3907403565719306, 0.5082187267380136, 0.9803165460602584, 0.0, 1.0, 0.6015656460883254, 0.4123884950028677], "mid_L2": [0.2279863481228669, 0.0, 0.06001706484641638, 0.9167064846416382, 0.7175255972696246, 0.3876962457337884, 0.6086006825938567, 0.42141638225255973, 0.24477815699658703, 1.0], "mid_cosine": [0.3992435945240505, 0.6501091993820913, 0.5455041815373143, 0.0, 0.2202298513823044, 1.0, 0.082964896393757, 0.4911608426996218, 0.4583843818249614, 0.24874154370638682], "high_L2": [0.012697413955829611, 0.0635751588749764, 0.4311080349839552, 0.5732712514943686, 0.7732586673378217, 0.3339080098156421, 0.0, 0.31772478449631913, 1.0, 0.6375888756056125], "high_cosine": [0.22483743384753968, 0.25298389820966105, 0.13853662312802612, 0.31197570656457607, 0.0009043182074090756, 1.0, 0.03208394324963405, 0.46460139623916225, 0.0, 0.2919047686071388], "clip_cosine": [1.0, 0.0, 0.4306461173681091, 0.22791938352104327, 0.5761707172495554, 0.45672791938352103, 0.21428571428571427, 0.7860106698280972, 0.7107291049199763, 0.3135743924125667], "dino_cosine": [0.3123245947106019, 0.217003169676759, 0.0, 0.7842019678409878, 1.0, 0.7377794103080529, 0.7288275497738304, 0.21273566216528544, 0.461027008287384, 0.7405858949384224], "clip_L2": [0.034645392867409315, 0.6984026843247341, 0.5521461623975762, 1.0, 0.0, 0.4684874216796363, 0.7671668824743002, 0.26794404434528885, 0.25038603703411627, 0.889164760860551], "dino_L2": [0.39132806533564, 0.7272288036771134, 1.0, 0.39372119285150564, 0.0, 0.30504228708745473, 0.3290444067551656, 0.7229852175847407, 0.26800477775369064, 0.2365186441494479], "rcnn_confidence": [0.0, 0.0, 0.0, 0.0, 0.0, 0.0, 0.0, 0.0, 0.0, 0.0], "yolo_confidence": [0.0, 0.0, 0.0, 0.0, 0.0, 0.0, 0.0, 0.0, 0.0, 0.0]}