{"pixel_L2": [0.008239209568382736, 0.9871430057202288, 0.06398127925117005, 1.0, 0.3588247529901196, 0.0, 0.4901466458658346, 0.7298803952158086, 0.22622984919396777, 0.2819386375455018], "pixel_cosine": [0.31935604747938345, 0.48293621613093174, 0.6150005775737957, 0.20024906109040297, 1.0, 0.38821129621646905, 0.0, 0.4334170110978692, 0.48408009398956986, 0.23516832754350822], "low_L2": [0.43877613530772935, 1.0, 0.4484011871085978, 0.6167075496709197, 0.0, 0.27241980195981025, 0.4107956870789973, 0.4889121688927098, 0.6855598483425009, 0.617551292512104], "low_cosine": [0.5844535417938683, 0.0, 0.5700581540832975, 0.33994715085029076, 1.0, 0.73707147647312, 0.5921206722251694, 0.5264275776472119, 0.3155754852012371, 0.4056062137788143], "mid_L2": [0.5807309727816049, 0.5475277445171858, 0.4113994847631932, 0.7690754246556881, 0.0, 0.31275185179425774, 0.565199226626443, 1.0, 0.6407586525054297, 0.7502386987419721], "mid_cosine": [0.3776738545591745, 0.038509126499273155, 0.7651343066298595, 0.0, 1.0, 0.7138061355762387, 0.3202604138489243, 0.13036571339440853, 0.30204043777968104, 0.10129469188272383], "high_L2": [0.2104087279145253, 0.9498390228924183, 0.0, 0.9659647225110288, 0.3750951827055185, 0.20987364675917808, 0.6599699202070517, 1.0, 0.5959371699475373, 0.5684768050551174], "high_cosine": [0.796834388516148, 0.0, 1.0, 0.1452420322297779, 0.7598551847478751, 0.8184047501823429, 0.4676419359048148, 0.1505682731543967, 0.36349372154142634, 0.5098723631198949], "clip_cosine": [0.3956913480420469, 0.35953563590158255, 1.0, 0.4270532517038235, 0.23518539909899502, 0.0, 0.8419198336606215, 0.22444264756844173, 0.6398867968118286, 0.5849023911285665], "dino_cosine": [0.5204830766954134, 0.0, 1.0, 0.22946143032136604, 0.5057342749327919, 0.5042626832296094, 0.8344007168871314, 0.36408329702310976, 0.5322804738689708, 0.7676447133684652], "clip_L2": [0.782372955208247, 0.8340277379522999, 0.0, 0.6407483973469101, 0.7551769328404381, 1.0, 0.28076370246772314, 0.9116396293393462, 0.4834640064157707, 0.5923864609760383], "dino_L2": [0.17506415904670136, 1.0, 0.0, 0.28756973988226203, 0.3122070847534185, 0.22279140670342776, 0.2060594472442429, 0.25358929733627467, 0.3251910063347201, 0.2144596812571206], "rcnn_confidence": [0.0, 0.0, 0.0, 0.0, 0.0, 0.0, 0.11034151918911504, 1.0, 0.14811169815217082, 0.0], "yolo_confidence": [0.0, 0.0, 0.0, 0.0, 0.0, 0.0, 0.0, 0.0, 0.0, 0.0]}