{"pixel_L2": [0.9190453650538851, 0.9494488005323345, 0.5678212014570599, 0.3375728015476117, 0.5930179114102063, 0.7896181048616685, 0.0, 0.1019873364752046, 0.2959944571354092, 1.0], "pixel_cosine": [0.0, 0.12054781868679205, 0.138168528133102, 0.6235725642057487, 0.35714427079553773, 0.3485747082456476, 1.0, 0.6460355053007263, 0.9020206751416716, 0.01946128523647111], "low_L2": [0.37008437811504064, 0.9747240044739588, 0.03939517317871032, 0.0, 1.0, 0.9990827448392697, 0.7577837992147173, 0.34198641900777327, 0.3722230801989882, 0.9930457083222186], "low_cosine": [0.8653857801697658, 0.22011144664318905, 0.941879883361743, 1.0, 0.045513147761981815, 0.0, 0.3310951709338848, 0.6564752403284561, 0.6895198622491802, 0.30424587483019094], "mid_L2": [0.0, 0.793528577806672, 0.45580759620581346, 0.6100032114295562, 0.7409081296164299, 1.0, 0.8893623354142353, 0.7657379630137309, 0.9186529227925339, 0.3524778920489704], "mid_cosine": [1.0, 0.1607471186213346, 0.6017074974525389, 0.3532820798459042, 0.2074071038302264, 0.0, 0.0018721742742763255, 0.2297493149332444, 0.05402480211769922, 0.600136175064129], "high_L2": [0.0, 0.3999228303967612, 0.25878884035394356, 0.45404329368313046, 0.5930272848297422, 0.38426143218721115, 0.6260787187542292, 1.0, 0.6874343122547057, 0.28041744532140084], "high_cosine": [1.0, 0.6497103016782901, 0.8568045523879838, 0.5662604687908889, 0.4912931301249439, 0.6490058317769656, 0.4308291153032156, 0.0, 0.41738150129700075, 0.7888301720080676], "clip_cosine": [1.0, 0.0, 0.15046210720887246, 0.9619223659889095, 0.3131238447319778, 0.49168207024029575, 0.15711645101663585, 0.7456561922365988, 0.6987060998151571, 0.5116451016635859], "dino_cosine": [0.4802794960942791, 0.24888246715130719, 0.3930950015803495, 0.6585372736713776, 0.5324253849279812, 0.0, 0.5607700817266447, 0.3241240348579943, 1.0, 0.48030771662076127], "clip_L2": [0.5071471131975975, 1.0, 0.8576805008546193, 0.0, 0.9427093083150725, 0.5550596275890927, 0.6721602108346394, 0.5483376828989274, 0.27126851930020324, 0.6004810827543089], "dino_L2": [0.24167329123054954, 0.9981764047755745, 0.3540700584433747, 0.0, 0.8040435601878432, 1.0, 0.4820179893712553, 0.4419504188196499, 0.17090270723844014, 0.3443061873426666], "rcnn_confidence": [0.0, 0.0, 0.0, 0.0, 0.0, 0.0, 0.0, 0.0, 0.0, 0.0], "yolo_confidence": [0.0, 0.0, 0.0, 0.0, 0.0, 0.0, 0.0, 0.0, 0.0, 0.0]}