{"pixel_L2": [0.275696304494802, 0.4385871911654927, 0.21359084080430793, 1.0, 0.0, 0.31034664838913745, 0.8586870204348713, 0.3754639700408656, 0.3310289703670035, 0.6700850754103385], "pixel_cosine": [0.6914091400206039, 0.4858214934823819, 0.7556891309749486, 0.0805314601753852, 1.0, 0.6562678854105304, 0.0, 0.5559979116820173, 0.6123462029186199, 0.230440864027606], "low_L2": [0.1546868645138776, 0.32688796712439844, 0.0313408123701764, 0.4663985409719754, 0.0, 0.08322246071773606, 1.0, 0.11625170157924516, 0.5797525862080026, 0.5946292962871252], "low_cosine": [1.0, 0.23825860781498961, 0.830384728195991, 0.5216700125853985, 0.6528199913968606, 0.4891705816424698, 0.4446819506957093, 0.8175235822268081, 0.0, 0.4407719926303118], "mid_L2": [0.30619871901565165, 0.5591592230256628, 0.10373399540127852, 0.5357271651286224, 0.0, 0.32193285003606237, 1.0, 0.3828574334695689, 0.8253356573520981, 0.7830725747292241], "mid_cosine": [1.0, 0.46143230934931745, 0.7279505880883811, 0.3983045142709967, 0.7408186799035332, 0.4175071413519399, 0.7313607787585755, 0.2905113188477058, 0.0, 0.40747656621945416], "high_L2": [0.0874226849028661, 0.3793089554839272, 0.07847482359090513, 0.8832640038330865, 0.0, 0.10730682115166826, 0.3335591079362314, 0.28529053053401865, 1.0, 0.9082629148880564], "high_cosine": [0.9019904999656576, 0.6810423766608206, 0.9118241464956318, 0.20925523769551843, 0.7858580084491876, 0.03081829625458598, 1.0, 0.39961106009862135, 0.0, 0.26576008979042254], "clip_cosine": [0.4924659172446783, 0.15104042095192538, 0.7926333413059077, 0.0, 0.35434106673044724, 0.3343697679980866, 1.0, 0.5388662999282469, 0.388184644821813, 0.7620186558239656], "dino_cosine": [0.3240772503420512, 0.6147241706983365, 1.0, 0.0, 0.38738333786772966, 0.4639909785227331, 0.6521092828950741, 0.43144978451759936, 0.6472338210766628, 0.5991652767756105], "clip_L2": [0.5010860499165326, 0.7549580237033725, 0.09175839058579079, 1.0, 0.6076808250240537, 0.6983430231286272, 0.0, 0.42246049073307673, 0.6980729524846698, 0.10627657699976573], "dino_L2": [0.8372481453525015, 0.3709326333742148, 0.0, 1.0, 0.6587746302162512, 0.6513395884149507, 0.33306018110306235, 0.5090396805842429, 0.5204337323157759, 0.4682983464758466], "rcnn_confidence": [0.0, 0.0, 0.0, 0.0, 0.0, 0.0, 0.0, 0.0, 0.0, 0.0], "yolo_confidence": [0.0, 0.0, 0.0, 0.0, 0.0, 0.0, 0.0, 0.0, 0.0, 0.0]}