{"pixel_L2": [0.059783932152571086, 0.0, 1.0, 0.043555567989347815, 0.32412612275067604, 0.3961090209000218, 0.06687987725883811, 0.03246210833271227, 0.04866408214941104, 0.08198693485299445], "pixel_cosine": [0.0, 0.37790921821804174, 0.8125731273869883, 0.20535594020743303, 0.2353552459271825, 1.0, 0.20838709739344158, 0.20827735632158165, 0.3229302209954827, 0.058760425001895676], "low_L2": [0.18040445178140282, 0.15040468967356904, 1.0, 0.3268369272599853, 0.7367076777161728, 0.5907726308572658, 0.14706610711309276, 0.24698715421301176, 0.0, 0.5046082832492326], "low_cosine": [0.642869468732582, 0.8159131735751965, 0.0, 0.5135534710035012, 0.15591560670300827, 0.3934225307635362, 0.834591312180652, 0.5846603370831112, 1.0, 0.22812471419376326], "mid_L2": [0.30421458116556904, 0.1707874583091886, 1.0, 0.21294232260122242, 0.5819877799935684, 0.9254483818149378, 0.11230111173742723, 0.17035766860929927, 0.0, 0.17571514511323427], "mid_cosine": [0.06061363615756566, 0.44669348372647893, 0.0, 0.42219771223839764, 0.12476279790316584, 0.06559407062761247, 0.6576634573411864, 0.5183142686533139, 1.0, 0.32941461436929825], "high_L2": [0.0, 0.4344315234923107, 0.8339328352002169, 0.18506365949797854, 0.6223149834074511, 1.0, 0.2146012533406729, 0.3831818880898693, 0.04664245046664798, 0.4095425419335946], "high_cosine": [1.0, 0.49446145772474703, 0.09209251162865938, 0.8151296836328182, 0.14143025419920602, 0.0, 0.6882101223800722, 0.48338815468128515, 0.8901442791995894, 0.32768208113979663], "clip_cosine": [0.0, 0.3710795642126114, 0.702542093100033, 1.0, 0.7367117860680092, 0.4242324199405744, 0.1188511059755695, 0.9517992736876857, 0.7611422911852096, 0.14328161109276988], "dino_cosine": [0.5833534684448426, 0.0, 0.8953101887593039, 0.9125478086123274, 0.4965554226310796, 0.12212780000825048, 0.14140152162510977, 0.9902261222132515, 0.1712594364918939, 1.0], "clip_L2": [1.0, 0.7250210834473507, 0.5474196781715324, 0.0, 0.46703008575611393, 0.6763201159314238, 0.9361419374550735, 0.11294071109523302, 0.2785548416263156, 0.8052373150918214], "dino_L2": [0.3505933181007647, 0.9389962330137139, 0.8631263805893274, 0.0, 0.8774892866145702, 0.9258082288697106, 1.0, 0.21216949453986644, 0.5640006731923206, 0.4152276200912141], "rcnn_confidence": [0.0, 0.0, 0.0, 0.0, 0.0, 0.0, 0.0, 0.0, 0.0, 0.0], "yolo_confidence": [0.0, 0.0, 0.0, 0.0, 0.0, 0.0, 0.0, 0.0, 0.0, 0.0]}