{"pixel_L2": [1.0, 0.9561396423321109, 0.3440816788097123, 0.3555192969418911, 0.6784946931390446, 0.9836513141952472, 0.7605935283759552, 0.0, 0.73628051243114, 0.9764139513093488], "pixel_cosine": [0.15191728847093455, 0.0, 0.9007455619160217, 0.6987893666946152, 0.7645266948564673, 0.6155500328746961, 0.27107448983900445, 1.0, 0.42561270591925493, 0.20303291692051562], "low_L2": [0.24234131508931964, 0.9817103762827822, 0.05687571265678449, 0.5218396047130369, 0.4481946028126188, 0.834709236031927, 0.4620296465222349, 0.0, 0.33445838084378565, 1.0], "low_cosine": [1.0, 0.15604083110890532, 0.9953991227481858, 0.4046491663425038, 0.6349613016592668, 0.21355850357473408, 0.636275838016928, 0.9914286864025968, 0.8250057007954287, 0.0], "mid_L2": [0.6537524759043566, 0.0, 0.42165717372556083, 0.4794014234673086, 0.5685434574523537, 0.20312366727636305, 0.4232588113763659, 0.7803197589014093, 1.0, 0.2682506136451946], "mid_cosine": [0.33008533173588583, 1.0, 0.6354951980983577, 0.570094381105935, 0.3316339211175335, 0.7879643378346515, 0.6930096802768343, 0.1149716091946698, 0.0, 0.6827303606365148], "high_L2": [0.4554821452454193, 0.412349872943694, 0.3448548883241942, 0.6995265480807811, 0.20243145646649727, 0.0, 0.5001230440016049, 0.7333315500869333, 1.0, 0.5078801658419152], "high_cosine": [0.8982489211442267, 0.662287510855881, 0.32722890592916243, 0.0, 0.6546947898503404, 1.0, 0.34586130055137776, 0.3981614008630846, 0.013494954119175694, 0.43475026424392577], "clip_cosine": [0.823985408116735, 0.0, 0.9115367077063383, 0.6060191518467852, 0.7191062471500228, 0.9630642954856361, 0.707250341997264, 1.0, 0.4331965344277246, 0.7797537619699042], "dino_cosine": [0.5134925257231605, 0.911993356198365, 0.8738260100519856, 0.32442459932267736, 0.0, 0.46912357902456914, 0.8779115166418603, 0.8083306369852672, 1.0, 0.4852800966371147], "clip_L2": [0.20858206721501862, 1.0, 0.5212300803371527, 0.7512601319397052, 0.930639464578619, 0.5153263173018211, 0.7671683248925446, 0.0, 0.7703770218981598, 0.5982076793218635], "dino_L2": [0.0, 0.3017582472971043, 0.5540537134888566, 0.450871843121442, 0.03650904325473164, 0.5499962197263082, 0.10735697264481948, 0.5811568757578048, 1.0, 0.20233984940509692], "rcnn_confidence": [0.0, 0.0, 0.0, 0.0, 0.0, 0.0, 0.0, 0.0, 0.0, 0.0], "yolo_confidence": [0.0, 0.0, 0.0, 0.0, 0.0, 0.0, 0.0, 0.0, 0.0, 0.0]}