{"pixel_L2": [0.7962169816936326, 0.11313601314055796, 0.0, 0.02952945444483234, 1.0, 0.8330410706787625, 0.20402755366505412, 0.8992120169823371, 0.8696457615748077, 0.9253692564355432], "pixel_cosine": [0.8227072106365722, 0.5214554296642401, 0.3622302832471666, 0.0, 0.7727354905697619, 0.7406721833269475, 1.0, 0.9414381465613757, 0.5671511574868843, 0.4542487074992412], "low_L2": [0.3266874282930803, 0.2725442936922437, 0.08240392855915103, 0.0, 0.7828464684360891, 0.7626457986253581, 0.5261974640955274, 0.20090562560197625, 1.0, 0.6411028335780273], "low_cosine": [0.0, 0.7691316254737431, 1.0, 0.9757665735094445, 0.22370441758711615, 0.19847644705701437, 0.025593024547829264, 0.6019857113294286, 0.1445887700714114, 0.470354305458493], "mid_L2": [0.45639280110178637, 0.6161289791934551, 0.26940715009646116, 0.414411870340872, 0.876637577532185, 0.6827991186440059, 0.605982966908939, 0.0, 1.0, 0.41199600081519033], "mid_cosine": [0.33057842337377497, 0.6378710528400648, 0.8669373277384975, 0.44887368949216994, 0.4159638374198893, 0.5535735878900251, 0.0, 1.0, 0.3367958213859311, 0.7888235555747054], "high_L2": [0.43205085216312783, 0.36846329406929074, 0.38366774471521853, 0.27541869026114735, 0.5331804595587573, 0.4907752935789409, 0.20010528099569863, 0.0, 1.0, 0.7606220231978742], "high_cosine": [0.0, 1.0, 0.7843950392800172, 0.06136171789029138, 0.26733730447655757, 0.329781119579313, 0.3470733167482955, 0.9887572825190216, 0.5442341703634469, 0.42486333920312763], "clip_cosine": [0.18416694269625705, 0.3652423539803467, 0.0, 0.45898200287070773, 1.0, 0.8534834934304958, 0.6164292812189467, 0.06790327923153362, 0.34404328143977037, 0.6181958705973281], "dino_cosine": [0.49925971430350863, 1.0, 0.46299845431743675, 0.5023652340321932, 0.5901478306656627, 0.4732364781084922, 0.517318155825185, 0.0, 0.5609369780490429, 0.2924199274151998], "clip_L2": [1.0, 0.7290754217073585, 0.984678967524825, 0.5824964512590857, 0.0, 0.2475202123939032, 0.47436352749719296, 0.8348295250913036, 0.4818594644460012, 0.357256701462915], "dino_L2": [0.5202689439179928, 0.0, 0.8440806597517758, 0.7337727129570056, 0.5831124850706235, 0.7541115458342997, 0.5776318667175536, 1.0, 0.610158621204132, 0.890758337218175], "rcnn_confidence": [0.0, 0.0, 0.0, 0.0, 0.0, 0.0, 0.0, 0.0, 0.0, 0.0], "yolo_confidence": [0.0, 0.0, 0.0, 0.0, 0.0, 0.0, 0.0, 0.0, 0.0, 0.0]}