{"pixel_L2": [0.28343006664500775, 0.2521787592345147, 0.012228839835564562, 0.7690553949503094, 1.0, 0.81012706609596, 0.2167504528482567, 0.0, 0.7900266466399357, 0.15064519577971766], "pixel_cosine": [0.700811367130442, 0.5082742826824178, 0.9831302118791692, 0.20286255821163626, 0.15352450082622968, 0.007016559752226985, 0.721451926857099, 1.0, 0.0, 0.8838412168749021], "low_L2": [0.44458466453356, 0.432793896449865, 0.08516667725453358, 0.4504140320635129, 0.49687153425759106, 0.4784120031759618, 0.543289207485217, 0.0, 1.0, 0.09129356716388484], "low_cosine": [0.6667976240078792, 0.6264480358777801, 1.0, 0.7310994911015846, 0.0010168452376501903, 0.25013101398366117, 0.39273030423112293, 0.8085211087147579, 0.0, 0.8230227084107918], "mid_L2": [0.2797573895408592, 0.40477711242583697, 0.0, 0.14014892326030173, 0.14762704234218796, 0.5615535761435179, 0.43994196778269234, 0.015743955210376775, 1.0, 0.35366418248192383], "mid_cosine": [0.6154059162523796, 0.6363411267876876, 0.5054304714449446, 0.6677722517352808, 0.7763075186496459, 0.30958103064026316, 0.7989536381935816, 1.0, 0.0, 0.5704940563754686], "high_L2": [0.05856125303366892, 0.3655905600399155, 1.0, 0.0, 0.9011413513269878, 0.46494151386805105, 0.04782732353009001, 0.04897300742196317, 0.4607469621382745, 0.6860808666247852], "high_cosine": [0.9089620688894016, 0.5533503853949364, 0.17511604483287155, 0.7725255183728958, 0.0, 0.44729972571358767, 1.0, 0.7804375217522641, 0.36857882990281293, 0.3246180143671531], "clip_cosine": [0.7665505226480837, 0.0, 0.35986777450192087, 0.850888948449924, 0.5651746627356383, 0.3827392120075047, 1.0, 0.3968551773429822, 0.45850084874475117, 0.4429554185651747], "dino_cosine": [0.4936402372619715, 0.18236606434832256, 0.19941001702280634, 0.09995876463062625, 0.6152845769145371, 0.12475285211304835, 0.9415620803772508, 1.0, 0.0, 0.8386534008606562], "clip_L2": [0.2260330448465775, 1.0, 0.6720116443745082, 0.2332985051140834, 0.6110111723052715, 0.7278061369000787, 0.0, 0.6308849724626279, 0.7129498033044847, 0.6333806451612903], "dino_L2": [0.6678569434464592, 0.6610779493007841, 0.25088931573957096, 0.3250765382931504, 0.04555639568953866, 0.39224629388721644, 0.0, 0.2568333941256371, 1.0, 0.387887250888533], "rcnn_confidence": [0.0, 0.0, 0.0, 0.0, 0.0, 1.0, 0.0, 0.0, 0.0, 0.0], "yolo_confidence": [0.0, 0.0, 0.0, 0.0, 0.0, 0.0, 0.0, 0.0, 0.0, 0.0]}