{"pixel_L2": [0.32832544460549345, 0.0, 0.844771487511352, 0.7397321240625244, 0.5997618345953293, 0.5673689338489575, 0.8088301628065027, 0.9729598065808229, 0.3108720101521011, 1.0], "pixel_cosine": [0.10423812569036683, 0.771650873011259, 0.44764839253531774, 0.708873515105711, 0.38630505978334595, 0.2782977733852683, 0.31554366994167005, 0.5838129566110497, 1.0, 0.0], "low_L2": [0.0, 0.5842444074068411, 0.5705948612873796, 0.9576802907281967, 0.18031366432718135, 0.5329745103136133, 0.7287828050377937, 0.902582608296763, 0.5020056371911905, 1.0], "low_cosine": [0.5984732120914229, 0.0, 0.6037263455394446, 0.19031088719587122, 1.0, 0.6487773408699926, 0.6619255345293684, 0.1987742688621283, 0.17713197345785206, 0.036687453919882033], "mid_L2": [1.0, 0.15005926748390774, 0.2735857077837962, 0.6879529461191052, 0.6311011748465798, 0.529161102525245, 0.6065039186560035, 0.2517642704597856, 0.0, 0.6012073561700702], "mid_cosine": [0.4231225525983938, 0.8608175150992234, 1.0, 0.0, 0.7216018450919227, 0.584277726156501, 0.2445203092851928, 0.5979831751509922, 0.6889228114422248, 0.3805502090661711], "high_L2": [0.7850213435443009, 1.0, 0.4070057725900304, 0.5353238550258552, 0.883509364552364, 0.724065569219023, 0.5083673634649423, 0.0, 0.361387272537973, 0.8938884582904342], "high_cosine": [0.0, 0.5173757043420617, 0.5507337587006961, 0.47689260855154125, 0.10902676499834273, 0.039555435863440506, 0.19251657275439177, 1.0, 0.5161178322837255, 0.3260594133244945], "clip_cosine": [0.8830914083954492, 0.7069438995684583, 0.0, 0.4605727736367203, 0.8340525696351511, 1.0, 0.2579442918791683, 0.25362887406826207, 0.314633189486073, 0.7134170262848176], "dino_cosine": [0.7553569747864007, 0.6253411836064545, 0.8321690388295703, 0.9637639480041412, 0.7058762013323154, 1.0, 0.8031383662926284, 0.0, 0.2625205233050626, 0.9803080848749778], "clip_L2": [0.08097614363330771, 0.4900276362667732, 0.7237574899494614, 0.7781556230175792, 0.2892600747872992, 0.0, 0.5786822900606434, 0.31910550568287926, 1.0, 0.06646022708354143], "dino_L2": [0.2568125532345981, 0.2573790775489168, 0.06848059359158712, 0.029321567462620213, 0.06484539590804209, 0.0, 0.1678131571337804, 1.0, 0.6531494227549999, 0.22128479059254902], "rcnn_confidence": [0.0, 0.0, 0.0, 0.0, 0.0, 0.0, 0.0, 0.0, 0.0, 0.0], "yolo_confidence": [0.0, 0.0, 0.0, 0.0, 0.0, 0.0, 0.0, 0.0, 0.0, 0.0]}