{"pixel_L2": [0.07256928070280311, 0.025399511155095346, 0.04213630536865946, 0.04845954631296258, 0.01942206488264844, 0.15560621860311682, 0.04821850016715485, 1.0, 0.0, 0.10728213967060532], "pixel_cosine": [0.010541490119176851, 0.6857186212370581, 0.06171866792730329, 0.0, 0.4208110095598277, 1.0, 0.4791411329388008, 0.05159855727142207, 0.27191465023170036, 0.7854933408037725], "low_L2": [0.27157080465462796, 0.088422348436746, 0.06506785529847019, 0.09212108128243551, 0.14304853579864374, 0.1526061641226221, 0.08149858405506312, 1.0, 0.0, 0.31843389928800614], "low_cosine": [0.5117502109380992, 0.8489131893840608, 0.8695899171588556, 0.7779289234486462, 0.8691308870905883, 0.8378419354529416, 0.9641501112219069, 0.0, 1.0, 0.7071214380225512], "mid_L2": [0.48514449829132994, 0.2412887277176975, 0.04539352614973023, 0.1270040177735891, 0.42575621833355026, 0.5799274729638705, 0.18158598025980147, 1.0, 0.0, 0.629624738616704], "mid_cosine": [0.17545666700983406, 0.4701876332468172, 1.0, 0.4755275940222652, 0.2546967805551345, 0.2667435085746154, 0.455671651906157, 0.0, 0.8665051193162036, 0.04860336900722359], "high_L2": [0.21285263375511745, 0.5450226867700447, 0.2836693014000113, 0.7410900640657787, 0.1156888818938378, 1.0, 0.17652613717037638, 0.4664300478483925, 0.4490784165580336, 0.0], "high_cosine": [0.7899652463871953, 0.6387149446377055, 0.6423382335850886, 0.0, 1.0, 0.32888451481081427, 0.789711328233967, 0.39492576806068497, 0.579037293420265, 0.9878131805011723], "clip_cosine": [0.827979274611399, 0.5695336787564766, 0.9137823834196891, 0.6870466321243524, 1.0, 0.0, 0.4082901554404145, 0.22279792746113988, 0.17471502590673574, 0.7981347150259067], "dino_cosine": [1.0, 0.0, 0.17215077229484924, 0.2926739693907099, 0.4132395420612892, 0.7178069227563899, 0.30393880967010617, 0.3473243355863014, 0.39891659780635774, 0.8904308889689316], "clip_L2": [0.5312967980654372, 0.6806893336829531, 0.19781196282376248, 0.5960842583690237, 0.0, 1.0, 0.8195184958579766, 0.6797502160844526, 0.9053899717390671, 0.286383280404782], "dino_L2": [0.14770466282422348, 0.2794114790446247, 1.0, 0.7649149047760441, 0.6795838062387439, 0.06707301844539226, 0.36994153085378273, 0.5542816786500204, 0.19442725489162258, 0.0], "rcnn_confidence": [0.0, 0.0, 0.0, 0.0, 0.0, 0.0, 0.0, 0.0, 0.0, 0.0], "yolo_confidence": [0.0, 0.0, 0.0, 0.0, 0.0, 0.0, 0.0, 0.0, 0.0, 0.0]}