{"pixel_L2": [0.8519930072131477, 0.30531741417991104, 0.11115806632615974, 0.12785684590818372, 0.46884163222771924, 0.5131542120131621, 0.6274770810323423, 0.0, 0.7225081614629371, 1.0], "pixel_cosine": [0.0729189507228581, 0.8717274042889094, 0.3379663129120437, 0.0, 0.7354779707348448, 1.0, 0.5732460275694718, 0.9097551126313789, 0.9315313043605373, 0.7305699907906854], "low_L2": [1.0, 0.3619671235642049, 0.04515680377172063, 0.34090396385792326, 0.11439495201057921, 0.273915665949548, 0.8204627636006468, 0.0, 0.4349673870294098, 0.2901720255007767], "low_cosine": [0.15664095038269918, 0.3368906871296777, 0.75443502758263, 0.2798428733085011, 0.07022765492636773, 0.0, 0.01906963631791535, 1.0, 0.5004381001775976, 0.6901688748487277], "mid_L2": [1.0, 0.2694947841994979, 0.05913470583274407, 0.2574616275373507, 0.016188484044451074, 0.10984522890487651, 0.3329054409102999, 0.0, 0.35597676244104653, 0.19880901023049427], "mid_cosine": [0.098289858978468, 0.8093678068820839, 1.0, 0.0839127283587308, 0.0, 0.5928640628186824, 0.30029537309518956, 0.024968313860318756, 0.4498493997843886, 0.947891779085691], "high_L2": [1.0, 0.7463419338739822, 0.1895520911621968, 0.5256213671389953, 0.2250083686783037, 0.06737004850447961, 0.6292765515001114, 0.43151382495747126, 0.0, 0.14316756661955105], "high_cosine": [0.7224192598153113, 0.19256532913047975, 0.7869046323201534, 0.36091395459055065, 0.060563360729465644, 0.7497542417861228, 0.08976178481505502, 0.0, 1.0, 0.7892484981730794], "clip_cosine": [0.19472484532725495, 0.37984369912080757, 0.6300879192445458, 1.0, 0.7600130250732661, 0.20709866492999024, 0.02800390752197981, 0.14685770107456855, 0.11966786063171606, 0.0], "dino_cosine": [0.0, 0.3933514681174494, 0.8911362909032723, 0.7114244139531163, 0.6586676934154733, 1.0, 0.6669283542683415, 0.6477968237458996, 0.35139311144891594, 0.5563395071605729], "clip_L2": [0.6343652766132647, 0.48442435406154777, 0.23517595644351616, 0.0, 0.2602045302002629, 0.7870767277741204, 0.898454336670691, 0.7477709253179567, 0.8356848159163867, 1.0], "dino_L2": [1.0, 0.7479227869401112, 0.09299406875778592, 0.4696221389658442, 0.2168813798040273, 0.0, 0.5456812561590093, 0.3207827055017385, 0.4298024003867393, 0.29508685365264115], "rcnn_confidence": [0.0, 0.0, 0.0, 0.0, 0.0, 0.0, 0.0, 0.0, 0.0, 0.0], "yolo_confidence": [0.0, 0.0, 0.0, 0.0, 0.0, 0.0, 0.0, 0.0, 0.0, 0.0]}