{"pixel_L2": [1.0, 0.3693565791120738, 0.4800233239477683, 0.5708361920486253, 0.420014862678673, 0.6655358566084255, 0.0, 0.4427525427381237, 0.8792938167770804, 0.43758071084167444], "pixel_cosine": [0.3928280677256066, 0.9438533775528015, 0.7764733810438121, 0.23009251178216095, 0.9170033164601152, 0.6678219584569733, 0.8729202304067027, 0.0, 0.9217329376854599, 1.0], "low_L2": [0.7928090110698277, 0.47734486562578254, 0.32627228572653216, 0.32311173374661895, 0.23665225130110518, 0.6359082469877751, 0.0, 1.0, 0.5259984163401215, 0.38221022069721644], "low_cosine": [0.8435709123909719, 0.5869199872275348, 0.1837470379644724, 0.7626254138446801, 0.6868981395896006, 0.0, 1.0, 0.18960388551837723, 0.336646891753357, 0.5253600658790313], "mid_L2": [0.4983400114481969, 0.4396197402830623, 0.0, 0.3489118601075233, 0.1000213250726736, 0.3631210927416187, 0.24714636856459812, 1.0, 0.15509949829960604, 0.06110867930457815], "mid_cosine": [0.2216439858431783, 0.03486532741804164, 1.0, 0.7885715235199309, 0.47912034960038546, 0.0, 0.5915607397437814, 0.7856936344150341, 0.5975341873951115, 0.6003024109798448], "high_L2": [1.0, 0.0, 0.3617085107936645, 0.8903407326336682, 0.5014828806683564, 0.7729560572881979, 0.7085239904666302, 0.28548378157004994, 0.7097530526402842, 0.997456536332116], "high_cosine": [0.31695041160377896, 1.0, 0.4291539861947175, 0.25438948953194485, 0.18587215603987312, 0.0, 0.5188024425875356, 0.8947527028937519, 0.37172198948853985, 0.14106947534469802], "clip_cosine": [0.5043338036686152, 0.30417254585769, 0.0, 0.743801652892562, 0.20056440233823825, 1.0, 0.022374521265873817, 0.39266276960290264, 0.183430759927434, 0.5438419673452933], "dino_cosine": [0.6492102460113579, 0.4105837856927222, 0.8034045146701146, 0.914576699836524, 0.0, 0.31416430756261354, 0.827669584930594, 0.6751271637778322, 0.5053343282391876, 1.0], "clip_L2": [0.49617397686582215, 0.8505961583530297, 0.846708366564264, 0.2567713887591949, 0.8197699662634143, 0.0, 0.9574958987430079, 0.4012909648808864, 0.9952892317251076, 1.0], "dino_L2": [0.7372567545469412, 0.0, 0.5141631993022876, 1.0, 0.7195559350982067, 0.10642174052607034, 0.440932463615386, 0.8448498282973272, 0.9212263265318482, 0.3322395237143497], "rcnn_confidence": [0.0, 0.0, 0.0, 0.0, 0.0, 0.0, 0.0, 0.0, 0.0, 0.0], "yolo_confidence": [0.0, 0.0, 0.0, 0.0, 0.0, 0.0, 0.0, 0.0, 0.0, 0.0]}