{"pixel_L2": [0.4013136208266336, 0.0, 0.09949035177013647, 0.42713237109900093, 0.05313705749381796, 0.2040023197319123, 0.18052006244056804, 1.0, 0.6899358721510374, 0.05493496146630299], "pixel_cosine": [0.0, 0.7490983456691473, 0.2350233285705579, 1.0, 0.3166049311654805, 0.5783955089962282, 0.6937571526277654, 0.9657229148185518, 0.21532846221042437, 0.4578616267022408], "low_L2": [0.5305863634615423, 0.7361617453862364, 0.3032361627575095, 0.0, 0.22363874488624746, 0.6732420937995308, 0.47448538595294437, 1.0, 0.9017451028418395, 0.19800166393056026], "low_cosine": [0.3119161864579525, 0.2542183410069661, 0.3590871882148531, 1.0, 0.35122157978690705, 0.37075617908091124, 0.40676940598640426, 0.12532719442709833, 0.0, 0.5492255724486923], "mid_L2": [1.0, 0.5649786335281693, 0.0, 0.4980188941827529, 0.2385873569428754, 0.4977225469489333, 0.537575519426298, 0.5492574946379161, 0.7060300931610918, 0.25349804345334576], "mid_cosine": [0.014315430084582014, 0.7654554558254727, 1.0, 0.9940083540279789, 0.47253016825670996, 0.7557673372964, 0.886508211209721, 0.4312372093648452, 0.0, 0.9456652138409374], "high_L2": [0.47200515883408095, 0.4164378701224097, 0.5885210309783481, 0.7980662820068766, 0.8073687975016826, 0.26765253337613587, 0.0, 1.0, 0.542723706701134, 0.07578586333032025], "high_cosine": [0.7852475588995198, 0.21308479005646117, 0.24930789939522227, 0.2802518085285776, 0.022522186622693105, 0.7267717309421297, 1.0, 0.0, 0.5249791755465413, 0.779766257691066], "clip_cosine": [0.0, 0.20150375939849624, 0.8223415682062298, 1.0, 0.6006444683136413, 0.5486573576799141, 0.6324382384532761, 0.8476906552094522, 0.43673469387755104, 0.14092373791621912], "dino_cosine": [0.0, 0.7052981789073444, 0.833933693549463, 0.564146821426189, 0.6915899539723834, 0.5178190247481822, 0.6714945634047095, 0.3530951904476019, 0.9509872590220799, 1.0], "clip_L2": [0.8361952230040814, 0.27720735317175615, 0.21147970940812574, 0.5312020411751011, 0.32019508996659807, 0.0, 0.13420868829792795, 0.362391728869609, 0.7067331220571396, 1.0], "dino_L2": [1.0, 0.5394194898247876, 0.6070930408521782, 0.6020103693079013, 0.7096166119470744, 0.6970234296354293, 0.6978244849888477, 0.8388694427812905, 0.0, 0.5335406975596597], "rcnn_confidence": [0.0, 0.0, 0.0, 0.0, 0.0, 0.0, 0.0, 0.0, 0.0, 0.0], "yolo_confidence": [0.0, 0.0, 0.0, 0.0, 0.0, 0.0, 0.0, 0.0, 0.0, 0.0]}