{"pixel_L2": [0.6170887340975185, 0.328228216223779, 1.0, 0.569233882653928, 0.8018248503442831, 0.0, 0.8381419705585481, 0.6408062920360174, 0.2501499055594975, 0.6493184293894846], "pixel_cosine": [0.8529316678912564, 0.09231692383051678, 0.9398156992407544, 1.0, 0.0, 0.45263960323291696, 0.5750930688219447, 0.7838678667646338, 0.293335170217977, 0.012833700710262063], "low_L2": [0.6299016831660739, 0.542495412636205, 0.4818147837709263, 0.456476678069003, 1.0, 0.0, 0.8665247038035475, 0.8725349998867318, 0.31728275151213103, 0.3009140747117323], "low_cosine": [0.2888494333155633, 0.2315891560422747, 0.14982425704553054, 0.07317051132615905, 0.41023254693255506, 1.0, 0.7043678223234212, 0.0, 0.5705034952818965, 0.7328285429448315], "mid_L2": [0.713359805496265, 0.9393056277034497, 0.3510060386215189, 0.6439552782281344, 1.0, 0.39734154750210365, 0.46101812592682967, 0.9667680859921841, 0.0, 0.6445464367605016], "mid_cosine": [0.44336626443985483, 0.0, 0.6101394231763076, 0.5432411049366591, 0.6345981459104226, 0.6941428735193688, 1.0, 0.4601566185134584, 0.7290578646586021, 0.5114513428336788], "high_L2": [0.5706699453266016, 0.6699227342882351, 0.7501254467927239, 1.0, 0.009846681426978076, 0.5055850576817432, 0.0, 0.18811787004425715, 0.8916401306073527, 0.25083888826793055], "high_cosine": [0.4015929350712181, 0.09716544867324704, 0.3291776040396939, 0.0, 1.0, 0.2912809057562237, 0.823503398853631, 0.6732659421070436, 0.2996027583913038, 0.4817726198102992], "clip_cosine": [0.3006535947712418, 0.31681190994916486, 0.0, 0.2392883079157589, 0.7022512708787219, 0.1568627450980392, 0.3266158315177923, 0.0682643427741467, 1.0, 0.7984749455337691], "dino_cosine": [0.10287927211157362, 0.1550219555849794, 0.0, 0.11816176535206564, 1.0, 0.31346540860237104, 0.6449844890163487, 0.4494406378983569, 0.42601451207044533, 0.3450586019316228], "clip_L2": [0.7304385383698894, 0.6845787749177397, 0.9745258158624424, 0.8075132873694146, 0.37217617703740025, 0.7554613349559627, 0.6723991010333442, 1.0, 0.0, 0.27579043672935744], "dino_L2": [0.9602211029338078, 1.0, 0.8427273937831445, 0.8425708947489082, 0.0, 0.6390253679443303, 0.6650803979468425, 0.8020239168962672, 0.7952649432553721, 0.69897753964299], "rcnn_confidence": [0.0, 0.0, 0.0, 0.0, 0.0, 0.0, 0.0, 0.0, 0.0, 0.0], "yolo_confidence": [0.0, 0.0, 0.0, 0.0, 0.0, 0.0, 0.0, 0.0, 0.0, 0.0]}