{"pixel_L2": [0.0, 0.16102875305635328, 0.11403879886680057, 0.1992190767358329, 0.15596281340879914, 0.16252829058782597, 0.1362651696344256, 0.3315165937101856, 1.0, 0.12731037275084522], "pixel_cosine": [0.1520000870312551, 0.04213400637503944, 0.24625493630400017, 0.30274909977045505, 0.1345720781975827, 1.0, 0.5318262420991938, 0.0, 0.07002752363442521, 0.3103316978709979], "low_L2": [0.048165677251753435, 0.09019458385267083, 0.011644502865187438, 0.0368254850984975, 0.0392764988517861, 0.0037917309154405117, 0.0, 0.08727106209299658, 1.0, 0.025195565813754067], "low_cosine": [0.31577474798481364, 0.2621137481531355, 0.6211756344797921, 0.5010963361948044, 0.39783725149151844, 1.0, 0.6372402700630272, 0.2730254914062354, 0.0, 0.5066995829359068], "mid_L2": [0.006272328749731085, 0.07007303903761987, 0.006960927112612723, 0.026822713694731385, 0.0, 0.034806398939152945, 0.03650100336099483, 0.0640325942436351, 1.0, 0.011986548967190624], "mid_cosine": [0.08899661687245929, 0.032032174466995904, 0.48102234728699667, 0.3718766176575215, 0.2966513007090911, 1.0, 0.6053819286852743, 0.0, 0.7718192099820662, 0.5052701390950358], "high_L2": [1.0, 0.9927954084170061, 0.0, 0.15130986464507978, 0.5685309891527884, 0.45276691264432706, 0.239908867293036, 0.441072892724169, 0.11775340403510895, 0.19794480960253774], "high_cosine": [0.015694096519985122, 0.0, 0.30457379383348243, 0.04805018244647592, 0.13285729712578476, 0.2943754224532485, 0.20744604263794808, 0.1032705713900995, 1.0, 0.22229039986241522], "clip_cosine": [0.07701457032411538, 0.5804341361879275, 0.6202795123401724, 0.43146000594707107, 0.535831103181683, 0.22509663990484685, 1.0, 0.21944692239072258, 0.455842997323818, 0.0], "dino_cosine": [0.3324243412277322, 0.3818730177549871, 0.03112309926786614, 0.3464519666834633, 1.0, 0.47207813379968583, 0.2069463793461185, 0.7558466965053205, 0.2160239499659128, 0.0], "clip_L2": [1.0, 0.0, 0.27427968206656733, 0.42799841570333375, 0.43010969240477437, 0.570343443294263, 0.1516796229910984, 0.5296753534458453, 0.32999691196412506, 0.6133057424041031], "dino_L2": [0.0, 0.6267257830858892, 0.15138501181017822, 1.0, 0.3644884121132204, 0.7945936300646913, 0.3587118588706385, 0.709439371898127, 0.8411115177213161, 0.14766200812346703], "rcnn_confidence": [0.0, 0.0, 0.0, 0.0, 1.0, 0.9087751608746164, 0.0, 0.0, 0.0, 0.0], "yolo_confidence": [0.0, 0.0, 0.0, 0.0, 0.0, 0.0, 0.0, 0.0, 0.0, 0.0]}