{"pixel_L2": [0.7531485156296049, 1.0, 0.5712026249091302, 0.7198263158928817, 0.0, 0.7805862820991414, 0.4136491345265929, 0.6339666385052164, 0.44477081163919285, 0.462178517397882], "pixel_cosine": [0.23168231016404534, 0.0, 0.4526467106375782, 0.3855487907999324, 1.0, 0.21380855741586335, 0.6672691527143582, 0.4682056485709454, 0.6166814645695924, 0.5049995772027736], "low_L2": [0.1150586701434159, 0.8766509835043365, 0.29853749787427014, 0.4928433762258375, 0.0, 0.41912306558585116, 0.5709001757269996, 0.359120798140695, 1.0, 0.37201689246641345], "low_cosine": [0.8536286658677588, 0.3650131029669331, 0.8224449214480425, 1.0, 0.39020503838708404, 0.4813200416134427, 0.8274490696235037, 0.6633656847123274, 0.0, 0.04128422244755521], "mid_L2": [0.2984325748089296, 0.440036270996157, 0.432358910142925, 0.6790794075737294, 0.8693035105142709, 0.0, 0.03235027419145904, 0.6410207694632756, 1.0, 0.24796407444190163], "mid_cosine": [1.0, 0.4794135750829275, 0.7959025162976824, 0.6882403415030247, 0.4082947413016349, 0.8076052269242163, 0.9185184957780291, 0.8613357729330302, 0.0, 0.3724129779745285], "high_L2": [0.6544345931421731, 0.8340187141251598, 1.0, 0.0, 0.11037716756160891, 0.23603653259039492, 0.3103547760634885, 0.25239093833295295, 0.08076441129737201, 0.3956879141888895], "high_cosine": [0.622961016223563, 0.41603619826111665, 0.47054923860661524, 0.839078098733816, 1.0, 0.4341583654726641, 0.9523282057582675, 0.7717368420715839, 0.4048115889723541, 0.0], "clip_cosine": [0.5274126322539275, 1.0, 0.0, 0.23244629689002885, 0.08913113177300416, 0.7797370952228279, 0.8150048092337288, 0.8060275729400449, 0.6258416159025328, 0.2651490862455915], "dino_cosine": [0.280142856427287, 0.586638015237351, 0.22370154427196817, 0.013909968393265913, 0.35130058454926594, 1.0, 0.5041299131941835, 0.12562048877735535, 0.0, 0.6174182657870878], "clip_L2": [0.5314275998110265, 0.0, 0.9464901622954895, 0.7165742425726219, 1.0, 0.29260646706793036, 0.375892539099535, 0.2744097000638162, 0.619814663953312, 0.6710721015549417], "dino_L2": [0.40578236572493015, 0.03223377832971127, 0.4741733933561006, 1.0, 0.5723222601676498, 0.013524526544551382, 0.0, 0.3278678981682707, 0.7461735485873953, 0.44979043775225086], "rcnn_confidence": [0.0, 0.0, 0.0, 0.0, 0.0, 0.0, 0.0, 0.0, 0.0, 0.0], "yolo_confidence": [0.0, 0.0, 0.0, 0.0, 0.0, 0.0, 0.0, 0.0, 0.0, 0.0]}