{"pixel_L2": [0.0, 0.7226227593048972, 0.4481013839731305, 0.8012847630474809, 0.5219413862614359, 0.30169349654571265, 0.3541739744402308, 0.5225390555019443, 1.0, 0.21789484935573664], "pixel_cosine": [0.97052058893536, 0.5600272025570404, 0.9444972627426979, 0.38121391410792616, 1.0, 0.8127239960556293, 0.9831847393655003, 0.9607059063551974, 0.0, 0.5731905199088715], "low_L2": [0.3827556166188278, 0.24930835883443728, 0.17540775222614047, 0.3783639209757485, 0.0, 0.43909962029926186, 0.0450583901122158, 0.04070741304695476, 0.306623040869959, 1.0], "low_cosine": [0.6520318870758789, 0.9393758759275891, 0.7190571817893605, 0.4114870479727934, 1.0, 0.3660549413575586, 0.8340199457598261, 0.699928292052693, 0.3645404200566775, 0.0], "mid_L2": [0.3718560669118352, 0.5030651109059633, 0.022586780069716643, 0.5279749383295247, 0.0, 0.7934081954891011, 0.0025147429009589823, 0.07612936422658413, 0.39717904868562437, 1.0], "mid_cosine": [0.34982773250481275, 0.4720112476400845, 0.8254487428892854, 0.30231411073204817, 0.9201724983488334, 0.08714049471373303, 1.0, 0.6291392481040441, 0.36609277951731317, 0.0], "high_L2": [1.0, 0.6159422601212755, 0.17115109891042107, 0.14353124013830967, 0.31621473968530817, 0.9843495610805528, 0.0, 0.1977000417372184, 0.21082317331804099, 0.8143277423558115], "high_cosine": [0.20631078224303734, 0.4678963950769026, 0.609836188213748, 0.7484981958451727, 0.5647689574015119, 0.0, 1.0, 0.43946127337991986, 0.5226647727457535, 0.10733912849152605], "clip_cosine": [0.0, 0.03509119746233148, 0.9611419508326725, 0.7636796193497224, 1.0, 0.257137192704203, 0.7638778747026169, 0.6927042030134813, 0.11419508326724821, 0.4821570182394925], "dino_cosine": [0.33542690846911427, 1.0, 0.8464620224374256, 0.3033162887818352, 0.8295544850188805, 0.8511314622690628, 0.435600642322005, 0.0006686287082860635, 0.0, 0.6163770189024624], "clip_L2": [0.9141660280530752, 1.0, 0.27207522150563557, 0.3991525095361513, 0.0, 0.7340850676356372, 0.528000335810293, 0.33220194683864745, 0.8547098469910537, 0.7257194089738843], "dino_L2": [0.6681260341974627, 0.4607895523074095, 0.3503458815958816, 0.5238109601948888, 0.16914155865048722, 0.0, 0.17027199393270823, 0.9463912254090826, 1.0, 0.8231450519396948], "rcnn_confidence": [0.0, 0.0, 0.0, 0.0, 0.0, 0.0, 0.0, 0.0, 0.0, 0.0], "yolo_confidence": [0.0, 0.0, 0.0, 0.0, 0.0, 0.0, 0.0, 0.0, 0.0, 0.0]}