{"pixel_L2": [0.0, 0.23295790251107829, 0.5450886262924668, 1.0, 0.9120199409158051, 0.3335302806499261, 0.8099704579025111, 0.4655096011816839, 0.7384416543574593, 0.456923929098966], "pixel_cosine": [0.19488138664931806, 0.1271869699574804, 0.39811566253862773, 0.6832872510978415, 0.0, 0.015300076674643927, 0.572364599549246, 1.0, 0.3012616464137178, 0.42164083738005065], "low_L2": [0.8066533977822007, 0.6338214387261871, 0.4133067955644015, 0.05862951379016207, 0.6813477395507535, 0.8764429911856696, 0.5959056013647995, 1.0, 0.0, 0.7444412851862383], "low_cosine": [0.45230966016453966, 0.6316711864547557, 0.8544309842894104, 1.0, 0.7338876130120061, 0.6453966685078054, 0.40120767630288257, 0.0, 0.7732658341396967, 0.48311620354412294], "mid_L2": [0.28554200901139676, 0.6209514974821098, 0.8033328915981978, 0.45446594222104425, 0.0, 0.918036045587066, 0.9879340047707394, 0.42150145772594755, 1.0, 0.6584283063874901], "mid_cosine": [0.4295920745129712, 0.0, 0.04619505584626835, 0.43500815579491287, 1.0, 0.4152804077671221, 0.14767531565528022, 0.5378684530233, 0.2086345095324388, 0.6513867113708296], "high_L2": [0.44695665043188115, 0.5754177542179049, 1.0, 0.0, 0.7640327745338105, 0.9397653580173829, 0.5935944353254581, 0.41218416166617333, 0.6546094233511827, 0.7579245486101768], "high_cosine": [0.42391009119455686, 0.5580942741073505, 0.6513425159693061, 0.30125077428419017, 0.7249869568530746, 1.0, 0.0, 0.8444318952327542, 0.9771847515353786, 0.3233996986886508], "clip_cosine": [0.5593830334190232, 0.46606683804627247, 0.5892030848329048, 1.0, 0.11388174807197944, 0.6681233933161954, 0.7002570694087403, 0.0, 0.22210796915167094, 0.1987146529562982], "dino_cosine": [0.47151406386812456, 0.47445926290424123, 0.5460630576520902, 0.10981178224341671, 1.0, 0.7100751857935755, 0.14731784269597875, 0.4777662800037629, 0.01705610350891158, 0.0], "clip_L2": [0.23138301053915997, 0.019292883375402248, 0.3123616810019978, 0.03647434593805701, 0.12151137056930604, 0.15607766200519183, 0.0, 0.7921985094445707, 0.27490938236455204, 1.0], "dino_L2": [0.2437542559201817, 0.1929897228329393, 0.7105311554067376, 0.4930902909516859, 0.043530918483492415, 0.0, 0.48646969453469435, 0.47928247049642875, 0.7871584287515471, 1.0], "rcnn_confidence": [0.0, 0.0, 0.0, 0.0, 0.0, 0.0, 0.0, 0.0, 0.0, 0.0], "yolo_confidence": [0.0, 0.0, 0.0, 0.0, 0.0, 0.0, 0.0, 0.0, 0.0, 0.0]}