{"pixel_L2": [0.3801147407255723, 1.0, 0.3304351620905774, 0.4478211682875165, 0.5644518595852818, 0.4455518666348875, 0.10381719365266928, 0.86411717116107, 0.6775678188855581, 0.0], "pixel_cosine": [0.19037220162065652, 0.0, 0.4716980268278167, 0.6618230096598453, 0.3306780204184407, 0.42627386348029117, 1.0, 0.46045872819667627, 0.3638373849745914, 0.5062170947214211], "low_L2": [0.5545948291733516, 1.0, 0.47223245048788826, 0.5502090949738303, 0.3068863259777491, 0.5024493043318167, 0.28723271350043394, 0.7099957917992689, 0.17084308671523632, 0.0], "low_cosine": [0.1709663314385658, 0.0, 0.4674164763801843, 0.4456914282012664, 0.6585936614358128, 0.37730165670699123, 0.7065701468849698, 0.3403617872354208, 0.963149200796774, 1.0], "mid_L2": [0.83909308772549, 0.7419239154565584, 0.0, 0.5816659361427197, 0.395063555583385, 0.5559818526466788, 1.0, 0.39336722205461283, 0.7044053440198551, 0.337502063492967], "mid_cosine": [0.0, 0.3051100702091799, 1.0, 0.5519899494369823, 0.528274963551199, 0.3871793281012501, 0.05072845901707148, 0.5889919450734663, 0.4482478725274271, 0.4108943139870335], "high_L2": [1.0, 0.8568758787350458, 0.3929886345445814, 0.8392095675803904, 0.003714554070291089, 0.5516556380797722, 0.28137264923307764, 0.0, 0.5535534164832855, 0.7273235731464356], "high_cosine": [0.0, 0.11424267768143648, 0.6080511367515532, 0.19349312145831912, 1.0, 0.37052382740492934, 0.6225613606881956, 0.9500281627637058, 0.49220403495596365, 0.2113871441250768], "clip_cosine": [0.9638193688792165, 0.7010337323177367, 0.0, 0.7880848748639826, 0.6218715995647442, 0.7301414581066377, 1.0, 0.36588683351468987, 0.801822633297062, 0.4809575625680087], "dino_cosine": [1.0, 0.5220856327726556, 0.8039610940374299, 0.7682771003381691, 0.48391769384135797, 0.9057587874381767, 0.7421929215822346, 0.0, 0.4913530066201822, 0.24149345141711553], "clip_L2": [0.06986733461908538, 0.3352704141314388, 1.0, 0.22706672433297503, 0.4738047976678017, 0.30013200325147815, 0.0, 0.6809625577543575, 0.17937274271387602, 0.6092450174759908], "dino_L2": [0.0, 0.2918511361555786, 0.03493107624297692, 0.25462149838858045, 0.577999986764521, 0.018523052895591925, 0.13529439014221523, 1.0, 0.463657801101633, 0.7727922669507883], "rcnn_confidence": [0.0, 0.0, 0.0, 0.0, 0.0, 0.0, 0.0, 0.0, 0.0, 0.0], "yolo_confidence": [0.0, 0.0, 0.0, 0.0, 0.0, 0.0, 0.0, 0.0, 0.0, 0.0]}