{"pixel_L2": [0.6949094077920192, 0.5070440434261646, 0.6770451327112306, 0.16382847391162267, 0.31836171526088375, 0.5780835844740568, 0.7397697977560728, 0.0, 0.8041828546530627, 1.0], "pixel_cosine": [0.31968422012345876, 0.504357526319459, 0.3385516386980516, 0.8319791482309784, 0.6852820191033954, 0.4326581178704165, 0.2763395706294681, 1.0, 0.2034763674587979, 0.0], "low_L2": [0.7995649164441807, 0.7388015425689707, 0.504993572629289, 0.39154223936187743, 0.26337387521012556, 0.20214904907874354, 1.0, 0.5086851906786645, 0.0, 0.3222419987474867], "low_cosine": [0.5306642201466909, 0.6778615008998983, 0.627417066482175, 0.5378684193375345, 0.33424576496362807, 0.6134799239974532, 0.0, 0.5916517519188638, 1.0, 0.5212340888467767], "mid_L2": [0.22932886934975283, 1.0, 0.29530245836769026, 0.6839217863668947, 0.0, 0.13531588346682466, 0.49975345882762423, 0.3904756380029751, 0.5527328778191672, 0.36466132701303977], "mid_cosine": [0.8241000251392527, 0.36078982961403977, 1.0, 0.5135159842017456, 0.6077320862047831, 0.6644927792171097, 0.0, 0.19465468847064005, 0.47785772013986566, 0.3398723092169642], "high_L2": [0.1746920731707317, 1.0, 0.5727469512195122, 0.6439756097560976, 0.23571341463414633, 0.23341463414634148, 0.0, 0.3853170731707317, 0.7867652439024391, 0.451515243902439], "high_cosine": [0.07415814195150572, 0.7129223050139966, 0.04762355562356003, 0.13896725914950625, 0.3413698473311853, 0.1395936096834453, 1.0, 0.0, 0.5240121219192966, 0.640667432083898], "clip_cosine": [0.0, 0.3485485906604964, 0.29659234328986117, 1.0, 0.15734118636937316, 0.692048801009676, 0.21876314682372738, 0.3561211611274716, 0.37883887252839715, 0.3312999579301641], "dino_cosine": [0.36527671724046346, 0.07421732346203645, 0.072441154012151, 0.5992579927625244, 0.060705155871319014, 0.6977274990870157, 0.0, 1.0, 0.5000497991434547, 0.4695561236346735], "clip_L2": [1.0, 0.6174938239295584, 0.4877694316530338, 0.0, 0.8460310124424696, 0.22706594428451315, 0.7933681408187369, 0.4107270903825297, 0.6741082669943248, 0.5948745266250041], "dino_L2": [0.10142398133009686, 0.961195756475454, 0.911772671193717, 0.2563601044498163, 0.894540457586487, 0.48731991266871955, 1.0, 0.0, 0.6771016179022438, 0.3209758902808844], "rcnn_confidence": [1.0, 0.12985076641665, 0.012237801961854908, 0.0, 0.3009044769571931, 0.5697151728495594, 0.25456263071542506, 0.27202760334148535, 0.5612117110288604, 0.07262143203066203], "yolo_confidence": [0.0, 0.0, 0.0, 0.0, 0.0, 0.0, 0.0, 0.0, 0.0, 0.0]}