{"pixel_L2": [0.5744694949227227, 0.04530621034671261, 0.6242052777179585, 0.0, 0.43661934500637767, 0.770626335580698, 0.40320042407275497, 0.7547534248844567, 1.0, 0.6843275299418556], "pixel_cosine": [0.2201876415399547, 1.0, 0.3306835513241207, 0.9392152331654111, 0.5375699034062024, 0.2983130748255303, 0.7568054721079632, 0.8892730045754956, 0.0, 0.4090493136756482], "low_L2": [0.6767448506208845, 0.0, 0.7588065884489339, 0.13011112484774295, 0.5948857844100939, 0.9194461390043555, 0.6232679176910028, 0.7077799553717099, 0.916361476989678, 1.0], "low_cosine": [0.44573664958139225, 0.9356244649270077, 0.4460702015765891, 1.0, 0.4823606586540065, 0.038869925840273066, 0.4246172490855116, 0.4799034922893897, 0.0, 0.14071446837371165], "mid_L2": [0.5913939549128546, 0.1914283211423065, 0.5563808317301375, 0.0, 0.5599320087734962, 1.0, 0.81547693251079, 0.3429328544522798, 0.9043287972156616, 0.8366020559091384], "mid_cosine": [0.5524452840269429, 0.49622187875665463, 0.7420955215906272, 0.9701852805922873, 0.32925945007346347, 0.0, 0.015618142614536226, 1.0, 0.10454710248630908, 0.183143473200145], "high_L2": [0.9375694308195035, 0.6814618866239539, 0.04130330358773823, 0.0, 0.6608312078425536, 0.9117793909707799, 0.592141209263306, 0.3465134058142603, 1.0, 0.5631240316895453], "high_cosine": [0.44344711924810454, 0.30318996541001364, 1.0, 0.7449425247196114, 0.2801963593165857, 0.18222633730477622, 0.33704098389294573, 0.6632402781174662, 0.0, 0.33298102791656475], "clip_cosine": [0.7328345070422535, 0.9907570422535211, 0.6866197183098591, 0.9722711267605634, 1.0, 0.8772007042253521, 0.5136443661971831, 0.11795774647887323, 0.15536971830985916, 0.0], "dino_cosine": [0.21343974870586727, 0.0, 1.0, 0.2588425725595782, 0.3887526643909162, 0.06596470984181932, 0.7394426014071189, 0.08602977707261567, 0.6968764523935446, 0.10979694536596311], "clip_L2": [0.5116799128345042, 0.021406949515185864, 0.6070698949532759, 0.1377425718214689, 0.0, 0.44276249599100226, 0.6943122756608805, 0.7780311317894848, 1.0, 0.7555697609538998], "dino_L2": [0.6795309993589498, 0.4805749954949233, 0.42550671034867815, 0.0, 0.24607024374680583, 1.0, 0.6010894900253171, 0.619053668018682, 0.7638069522934533, 0.6987743237215183], "rcnn_confidence": [0.0, 0.0, 0.0, 0.0, 0.0, 0.0, 0.0, 0.0, 0.0, 0.0], "yolo_confidence": [0.0, 0.0, 0.0, 0.0, 0.0, 0.0, 0.0, 0.0, 0.0, 0.0]}