{"pixel_L2": [0.22214179528490594, 0.8351818556829415, 0.5612269518450199, 0.42464644577797495, 0.4556938379993929, 0.7987951525906555, 1.0, 0.0, 0.7230174111347203, 0.5775717810415548], "pixel_cosine": [0.7382982178378598, 0.14764069879159394, 0.43309787683189216, 0.5795951230733839, 0.5458260598925561, 0.18818251938456543, 0.0, 1.0, 0.28197269245862594, 0.4114805342426826], "low_L2": [0.20490325472520357, 0.2868491172149314, 0.5079761934407451, 0.2925343028612695, 0.6101576312971586, 0.4982095276041537, 1.0, 0.0, 0.691485917772742, 0.5248773563762233], "low_cosine": [0.9471430194931424, 0.6550688749723363, 0.4173530238595106, 1.0, 0.5206834263429573, 0.42200948638351066, 0.0, 0.9885337974842542, 0.2108238080712017, 0.4268095007386938], "mid_L2": [0.0, 0.2781613610861192, 0.6774193548387096, 0.6104568291869269, 0.5369335126009644, 0.05497316040072381, 1.0, 0.3978427229809646, 0.5977396103961747, 0.6772576096076667], "mid_cosine": [0.9548571222137928, 1.0, 0.16669917994292113, 0.43666052527004084, 0.8269932444637116, 0.581250677359922, 0.7595390339944366, 0.9487229507604494, 0.0, 0.43783822838770275], "high_L2": [0.621293328664925, 0.49032562148186054, 1.0, 0.0, 0.22345336529397505, 0.5610735543645129, 0.5170325082819359, 0.5558943144173019, 0.3436989953944356, 0.5595168197365941], "high_cosine": [0.35881008810796705, 0.0, 0.32122102353297194, 1.0, 0.5550251719184929, 0.5312529438098088, 0.5288562136999594, 0.30128272995479144, 0.3278676771558692, 0.4169501755240086], "clip_cosine": [0.6836191602602011, 0.0638675340035482, 0.9041986989946778, 0.30337078651685395, 0.0, 0.49024246008279126, 1.0, 0.4535777646363099, 0.908929627439385, 0.6197516262566529], "dino_cosine": [0.8874929893438026, 0.36272200411291833, 0.4477846326416153, 0.6412538169128186, 0.9327475540599489, 0.3634822708294385, 0.0, 1.0, 0.4320932261481897, 0.27043061008288155], "clip_L2": [0.33547757981771315, 0.6923661558795096, 0.30424121040184604, 0.8396296424649234, 1.0, 0.6859083212139391, 0.23368542314710694, 0.6131441552652743, 0.0, 0.5498074241198452], "dino_L2": [0.3615862216169351, 0.8480003173349905, 0.6859479155057809, 0.4421307533494897, 0.0, 0.4975019313989751, 1.0, 0.0586540840824391, 0.7585250722975998, 0.6988906497622821], "rcnn_confidence": [0.0, 0.0, 0.0, 0.0, 0.0, 0.0, 0.0, 0.0, 0.0, 0.0], "yolo_confidence": [0.0, 0.0, 0.0, 0.0, 0.0, 0.0, 0.0, 0.0, 0.0, 0.0]}