{"pixel_L2": [0.08492949110974862, 0.4103789086450031, 0.1209319435928878, 0.023157572041692213, 0.7980245248313917, 1.0, 0.004586143470263642, 0.0, 0.06691109748620479, 0.10040098099325567], "pixel_cosine": [0.9332728186090535, 0.5804535501001791, 0.8728638011393061, 1.0, 0.0, 0.27402308481565313, 0.996411787182128, 0.9778209656365586, 0.9027303390182262, 0.9327598011548227], "low_L2": [0.27684399533653814, 0.7043835172632505, 0.26662270905154223, 0.06636307012760637, 1.0, 0.7623094631315009, 0.1991759087932722, 0.11749687999799224, 0.24938113305696313, 0.0], "low_cosine": [0.7468059555638138, 0.6072493539651571, 0.8096683286364622, 0.8439200465213905, 0.0, 0.19303796379452134, 0.863392276485708, 0.8776225917782389, 0.8353510954204646, 1.0], "mid_L2": [0.3831555624631778, 0.0, 0.4081983033755381, 0.31962431370564615, 0.12357997159039567, 0.07849689337723689, 0.29634904054332467, 0.523085514354802, 0.5868227869604976, 1.0], "mid_cosine": [0.30366464158235, 0.829660153356981, 0.4843892171220786, 0.5804561729804378, 0.877121744505265, 0.7120914796108719, 0.47342090755703553, 0.3432490074116972, 0.0, 1.0], "high_L2": [0.3514283153050858, 1.0, 0.30443435128189805, 0.24605271021335087, 0.690384270603, 0.9613089902189287, 0.27688997788800573, 0.29636745751907406, 0.2603298870495428, 0.0], "high_cosine": [0.6057893064262865, 0.10293793678451447, 0.5771691964017258, 0.7404337830632045, 0.45329577883262895, 0.0, 0.6357927208015244, 0.6644679598930235, 0.5462234376730717, 1.0], "clip_cosine": [0.74510556621881, 0.2071017274472169, 0.6495201535508637, 0.6792706333973129, 0.22955854126679462, 0.0, 0.7216890595009597, 0.563147792706334, 0.74510556621881, 1.0], "dino_cosine": [0.8274613194798721, 0.5782158476223115, 0.7113613440142066, 0.9349664892146287, 0.6462538407916412, 0.0, 0.7261228352344197, 0.8933691093257731, 1.0, 0.7047974359673342], "clip_L2": [0.39077370659688176, 1.0, 0.42601459635412026, 0.5722590835029824, 0.8025941151094014, 0.9782766034062913, 0.46141521172557143, 0.6540721118364524, 0.3155921434963509, 0.0], "dino_L2": [0.0620627536210805, 0.6409244949395257, 0.03475946384529555, 0.15939507021914523, 0.6302269577521562, 1.0, 0.0, 0.3312756218326584, 0.17660338389998317, 0.6163753249154856], "rcnn_confidence": [0.0, 0.0, 0.0, 0.0, 0.0, 0.0, 0.0, 0.0, 0.0, 0.0], "yolo_confidence": [0.0, 0.0, 0.0, 0.0, 0.0, 0.0, 0.0, 0.0, 0.0, 0.0]}