{"pixel_L2": [0.16368690972080735, 1.0, 0.17184426982718545, 0.23012666080666744, 0.0, 0.2820390053080949, 0.15654638699446072, 0.29226933321580073, 0.13515725116694097, 0.20532984117295341], "pixel_cosine": [0.9929164638068215, 0.0, 0.8864270519136, 0.9129065005240612, 1.0, 0.7646654719516639, 0.9103257466105533, 0.7904325175934811, 0.9722996254822728, 0.8992404174031617], "low_L2": [0.0, 0.9712959978233932, 1.0, 0.5343904860201316, 0.8915521434352336, 0.34174994060663055, 0.9481803941748166, 0.49627325090223706, 0.1915502704493096, 0.12939769701593912], "low_cosine": [1.0, 0.0, 0.6973326843282718, 0.5433834515336444, 0.6676155987415221, 0.7716559195022321, 0.5374184713816779, 0.5648003543102551, 0.8132221040131027, 0.9338051832672966], "mid_L2": [0.0, 1.0, 0.7222034987075361, 0.3195475929636039, 0.6830600737877923, 0.4374700028992122, 0.7894002528892639, 0.32732267906695717, 0.021119583163129816, 0.49187611512065027], "mid_cosine": [0.9508663357121355, 0.0, 0.4033851393827737, 0.5093175365835239, 0.6332201904247273, 0.5904692966453889, 0.5999027772311508, 0.7891904023895101, 1.0, 0.354519529118432], "high_L2": [0.8655529702164291, 1.0, 0.708192363821213, 0.7031567554447142, 0.33279415914525307, 0.8442492894738675, 0.22882804554662348, 0.0, 0.6559750348423911, 0.7100599093484382], "high_cosine": [0.0, 0.009124127723750293, 0.20523929603042654, 0.19743098179245427, 0.6476956184627536, 0.12122142305322073, 0.7816236258709894, 1.0, 0.2589527491002915, 0.23114098155381102], "clip_cosine": [0.7454622203461376, 0.90488251020121, 1.0, 0.6310679611650486, 0.7149289432953426, 0.7607992120444632, 0.0, 0.8991135500211059, 0.6644153651329675, 0.869283804699592], "dino_cosine": [0.9759970845320066, 0.9059761572144028, 0.2908151714770048, 0.9090545159384439, 0.6428220404962922, 0.5600100495298256, 0.0, 1.0, 0.5581464691363478, 0.7201261160775912], "clip_L2": [0.28670024978991254, 0.1653924062940576, 0.0, 0.3390082020913828, 0.2590055166761968, 0.19296166569821951, 1.0, 0.11166650847410542, 0.3177290647578612, 0.16959091403661888], "dino_L2": [0.2686958936577809, 0.0, 0.769444027507059, 0.4500541553723123, 0.7416365120697708, 0.656987036704843, 1.0, 0.3608002966386014, 0.6615142793936063, 0.8942432656186342], "rcnn_confidence": [0.0, 0.0, 0.0, 0.0, 0.0, 0.0, 0.0, 0.0, 0.0, 0.0], "yolo_confidence": [0.0, 0.0, 0.0, 0.0, 0.0, 0.0, 0.0, 0.0, 0.0, 0.0]}