{"pixel_L2": [0.4680042078918599, 1.0, 0.5617655956710969, 0.4978943351599618, 0.0, 0.5885977819184411, 0.2005074222536974, 0.41447219147283093, 0.6394036069608983, 0.7068295735040325], "pixel_cosine": [0.8131080040286747, 0.0, 0.6172610936666865, 0.740944368742224, 1.0, 0.36781799869660525, 0.7401534451093075, 0.6091119142129273, 0.42716393151253035, 0.24542330706795426], "low_L2": [0.33918864381372826, 1.0, 0.16942033043965277, 0.36106626912876605, 0.0, 0.10912250646548174, 0.5567459271583178, 0.22285115390317425, 0.06333701220617062, 0.42678356696921277], "low_cosine": [0.6327690650568719, 0.0, 0.8382444275757367, 0.6131031854854437, 1.0, 0.9379164878950353, 0.7045752536056863, 0.7985826284980483, 0.9143966419936812, 0.7212362695886202], "mid_L2": [0.17489433577178873, 0.8570023811106375, 0.0, 0.12025195200243975, 0.34667250540539485, 0.5380899504619511, 1.0, 0.41855545954653334, 0.022247158502207123, 0.8883869050644542], "mid_cosine": [0.926728754049914, 0.0, 1.0, 0.6923782540521732, 0.851853358095987, 0.5389537326989033, 0.41859955445298486, 0.6822382185349366, 0.9874130708853552, 0.2456066624190582], "high_L2": [0.49546172293746604, 0.00041549394698940363, 0.5318813328978121, 0.22647635746357447, 0.9010430505887151, 0.7211883296127867, 1.0, 0.5375002327104591, 0.0, 0.5454496219935924], "high_cosine": [0.5125184709283649, 0.9804690009637006, 0.4545406360424028, 0.7646113074204947, 0.10760038548024414, 0.271935432059107, 0.0, 0.4691647928043688, 1.0, 0.44018952778670095], "clip_cosine": [0.705969517358171, 0.5325994919559696, 0.4462320067739204, 0.7527519051651143, 0.6054191363251482, 0.29530059271803555, 0.8010160880609652, 0.8052497883149873, 1.0, 0.0], "dino_cosine": [0.23337186663421758, 0.5778230713068874, 0.0, 0.7532489656850815, 0.9680761742516427, 0.9332197614991482, 0.8893161353127281, 0.9378133365782428, 0.5988196641518617, 1.0], "clip_L2": [0.40676636959132983, 0.6442343533232183, 0.34672253396984215, 0.43666526752676144, 0.5586327930441706, 0.4233146161895077, 0.3331498018089911, 0.3045907607926903, 0.0, 1.0], "dino_L2": [0.5209269176087031, 0.4052105308545825, 1.0, 0.33926299856014297, 0.27240746041232056, 0.18746428459977107, 0.3047755537711604, 0.15511263332770722, 0.7016788041703843, 0.0], "rcnn_confidence": [0.0, 0.0, 0.0, 0.0, 0.0, 0.0, 0.0, 0.0, 0.0, 0.0], "yolo_confidence": [0.0, 0.0, 0.0, 0.0, 0.0, 0.0, 0.0, 0.0, 0.0, 0.0]}