{"pixel_L2": [0.13090791206473773, 0.0, 0.09072438295612499, 0.14923902916485987, 0.11044629456383473, 0.6543426152321083, 0.75606018795837, 0.20187625053723224, 1.0, 0.31469790481831217], "pixel_cosine": [1.0, 0.9516855260754161, 0.9702192452764683, 0.7270142947953322, 0.7421762178846546, 0.19370509886000392, 0.0, 0.8333568920950848, 0.08389151066219959, 0.40332186806928094], "low_L2": [0.4448448066995295, 0.0, 0.05855637278964754, 0.3065972112672432, 0.0785326730205643, 0.24390686269239317, 0.26688326532971957, 0.36392065318721, 1.0, 0.7448494070563128], "low_cosine": [0.7501375950330736, 1.0, 0.8898767981011423, 0.7475286082042715, 0.8524527991223518, 0.47390319414728543, 0.4702244348428549, 0.7562963024630205, 0.0, 0.23979368607612267], "mid_L2": [0.1961053021707365, 0.03931957957907436, 0.3049981518382406, 0.6297365021101702, 0.10430287684809991, 0.0, 0.07396086053578382, 0.39480396867378187, 0.5166990198062572, 1.0], "mid_cosine": [0.855206211602231, 1.0, 0.7388696817279381, 0.424050211158913, 0.8865666115766897, 0.8651944379247776, 0.717086551579129, 0.5395797908923897, 0.3181229553304903, 0.0], "high_L2": [0.0, 0.13007798827048866, 0.2002454909090238, 0.7525774802486651, 0.2881505934576632, 0.3795309548821256, 0.5469460352664546, 0.6545109159587341, 1.0, 0.9174261020485122], "high_cosine": [1.0, 0.9221179169791458, 0.8172754095024927, 0.41341642688780544, 0.7102211286045266, 0.6303304470517709, 0.48720546494761013, 0.3831110797024326, 0.0, 0.07471017878781049], "clip_cosine": [0.5512465373961218, 0.9716473847156591, 0.06615610233012872, 0.9507902884145348, 0.0, 1.0, 0.7443376242463744, 0.3648362392048232, 0.5838357503666286, 0.9195046439628483], "dino_cosine": [0.6850214665009603, 0.9127838662298046, 1.0, 0.6834933905773359, 0.6629053214326065, 0.7130098293978081, 0.8124082024629985, 0.0, 0.9188001355779009, 0.35187549429443], "clip_L2": [0.5350784265970582, 0.15410541184111373, 0.9286044782326536, 0.0, 1.0, 0.06943267784008475, 0.3123451975569292, 0.5797616397242555, 0.4634782032681526, 0.12870349202933956], "dino_L2": [0.6814643439694973, 0.0, 0.25764423606292075, 0.8418531046826947, 0.22779356145476706, 0.2515904953101354, 0.5712806928145078, 0.6328497297214248, 0.5311255675081877, 1.0], "rcnn_confidence": [0.09288416657026084, 0.32656832304608957, 0.0, 0.13558354940375464, 0.9396173908575618, 0.41467422596473796, 0.3664734425206835, 1.0, 0.16502438874150993, 0.24463166862405772], "yolo_confidence": [0.0, 0.0, 0.0, 0.0, 0.0, 0.0, 0.0, 0.0, 0.0, 0.0]}