{"pixel_L2": [0.46059219909016197, 0.0, 0.3782709672806449, 0.7658884369537748, 0.3144118547068094, 0.3974772402175814, 0.9262604755008088, 1.0, 0.13620459906990362, 0.41267993645008255], "pixel_cosine": [0.7403584384724082, 0.9559669198696554, 0.6253483339194372, 0.33403237313299905, 0.67238753003591, 0.40087484035173576, 0.0, 0.171166811891879, 1.0, 0.34337575623466066], "low_L2": [0.8526189903193521, 0.07935503462737115, 0.30702019589217683, 0.09222055600879242, 0.3770270804745334, 0.0, 1.0, 0.5280206524063525, 0.11867759708635357, 0.2542971659251384], "low_cosine": [0.4533383261539301, 1.0, 0.2510952926062672, 0.37502368180196943, 0.6350888553069325, 0.8748996025015099, 0.0, 0.3292009144807511, 0.8141472935443482, 0.7765380718877221], "mid_L2": [0.4938579208652201, 0.06514515273639361, 0.2894903150377603, 0.27517103794476055, 0.49977795598233554, 0.0, 0.5692230765223466, 1.0, 0.6364682532565744, 0.3503986971140256], "mid_cosine": [0.17485986508189835, 0.461094345526091, 0.11601896978283661, 0.32975988766497316, 0.20816075364388636, 0.46094705089013904, 0.17793349726038285, 0.0, 1.0, 0.23883084015346398], "high_L2": [0.0, 0.4358850742940417, 0.4706498490877741, 0.8296317176355305, 0.5824893921739213, 0.22653106813192336, 0.7116524339111235, 0.6209366765390377, 0.5268705421219421, 1.0], "high_cosine": [1.0, 0.4148105790287321, 0.4545087689402142, 0.0, 0.5047202252395595, 0.6626334076474498, 0.06330190517794905, 0.6174752249665304, 0.9363545724835665, 0.0716830735163695], "clip_cosine": [0.015274084969168976, 0.07365503196243707, 1.0, 0.7411325451151214, 0.0, 0.8405272387848617, 0.7289698478248572, 0.9688295525258811, 0.805905979521412, 0.3987101883803813], "dino_cosine": [0.0, 0.3330100767447241, 0.28241467749001925, 0.2791115530592052, 0.4082139991434521, 1.0, 0.20662003239129473, 0.08420259819534215, 0.6314825662963164, 0.4022378544951536], "clip_L2": [1.0, 0.8740571133616044, 0.0, 0.37769124547507316, 0.8158799638924672, 0.305407778882402, 0.3370831345111772, 0.0643669247322103, 0.1433473545065913, 0.6550840382204075], "dino_L2": [0.6333710211587287, 0.5590380725730999, 0.5799422416540627, 0.6099025231682613, 0.5149348486473697, 0.0, 0.6585667780193927, 1.0, 0.49792965019094537, 0.8369550768990738], "rcnn_confidence": [0.6131146513337791, 0.01937143299892918, 1.0, 0.03939844732814037, 0.44053793694033627, 0.74965947150328, 0.025199847404657225, 0.5985785618886227, 0.10338830703664645, 0.0], "yolo_confidence": [0.0, 0.0, 0.0, 0.0, 0.0, 0.0, 0.0, 0.0, 0.0, 0.0]}