{"pixel_L2": [0.7611562075075199, 0.48636120153281964, 0.4482364333099839, 0.12108039062178087, 0.6707425110222918, 0.24717746919939018, 0.5793192962215171, 0.0, 0.23520746631505213, 1.0], "pixel_cosine": [0.18971777521043076, 0.43257963360290475, 0.47844678839892574, 0.6406247655628742, 0.32038740266170534, 0.6382691413224505, 0.4123617758706057, 1.0, 0.6787798766673169, 0.0], "low_L2": [1.0, 0.43720312295886177, 0.3353817675457979, 0.1175862385244603, 0.7191366002662687, 0.0, 0.6181574098007988, 0.3970432505899324, 0.542145769580335, 0.4376255951437934], "low_cosine": [0.0, 0.34220660671135655, 0.4249691268597727, 0.7999223600300432, 0.2000917051819054, 1.0, 0.24045323738983423, 0.5735990345638519, 0.3308700458807214, 0.6955134786926104], "mid_L2": [0.42110500915293725, 0.539567315693127, 0.0, 0.8250091529372607, 1.0, 0.5968214345148943, 0.5146946247295723, 0.021387918122815777, 0.4451456149109669, 0.9591313030454318], "mid_cosine": [0.5536264732042966, 0.026359878748342697, 1.0, 0.2500164199591004, 0.018348051924920155, 0.30594892335163093, 0.32228539113455795, 0.9730623613348369, 0.356542435297012, 0.0], "high_L2": [0.0, 0.5915511881990794, 0.6513212024958144, 0.9651700133909229, 0.0893674260895033, 0.389733223226835, 0.7406282411090764, 0.8406948183016324, 0.5088626169818641, 1.0], "high_cosine": [0.24504788166306804, 0.0, 0.6014680897575044, 0.09559841532213219, 1.0, 0.23332387333315435, 0.1857605264873613, 0.16736530046366785, 0.29045204738693065, 0.19834935780660948], "clip_cosine": [0.0, 0.7834981247869076, 1.0, 0.9263552676440504, 0.7674735765427889, 0.9594272076372315, 0.2935560859188544, 0.6055233549266962, 0.7344016365496079, 0.4916467780429594], "dino_cosine": [0.0, 0.8151559473455351, 0.887615132229118, 0.5789882858309945, 0.5439599776872971, 1.0, 0.6060051038111678, 0.9777575733617953, 0.7672099897660241, 0.3355206809766639], "clip_L2": [1.0, 0.08808927459505042, 0.08185552214133934, 0.0, 0.3313550069667245, 0.1547562204891506, 0.8700936249584649, 0.3589775808293613, 0.4284577431163457, 0.6951939374139631], "dino_L2": [1.0, 0.7195829335459994, 0.1559627502045665, 0.08563963896607726, 0.7241633541430429, 0.0, 0.5917039455375426, 0.20785929978027273, 0.38792039974579756, 0.6434239656411342], "rcnn_confidence": [0.0, 0.0, 0.0, 0.0, 0.0, 0.0, 0.0, 0.0, 1.0, 0.0], "yolo_confidence": [0.0, 0.0, 0.0, 0.0, 0.0, 0.0, 0.0, 0.0, 0.0, 0.0]}