{"pixel_L2": [0.7792980728097578, 0.6152032698605564, 0.6170632367161915, 1.0, 0.3200681580432602, 0.8925259816591594, 0.5172325533742904, 0.0, 0.39112291814204625, 0.4937611664515758], "pixel_cosine": [0.2050096469416868, 0.45753253227281143, 0.47525022958147706, 0.0, 0.7429403905044498, 0.25873388870345304, 0.5898025984304428, 1.0, 0.6668385249603527, 0.6428843803241895], "low_L2": [0.24787747915504774, 1.0, 0.049930516825759705, 0.26067194723427006, 0.1552413128747828, 0.0, 0.2597927488603838, 0.15685567319170904, 0.2947803502044165, 0.08593328693439774], "low_cosine": [0.32190038562533746, 0.0, 0.748910364573773, 1.0, 0.7266837219411677, 0.28596027314040035, 0.6068641463671267, 0.6278634850976275, 0.7759863168671339, 0.777119921722895], "mid_L2": [0.43780037093695423, 1.0, 0.5505747856594648, 0.1494390645973897, 0.5144391531140688, 0.0, 0.7650048788310799, 0.4808444699465047, 0.6168706542215687, 0.35934439340561153], "mid_cosine": [0.42234636716570656, 0.0, 0.42404830127839194, 1.0, 0.41828289546972136, 0.8137320475302773, 0.353185533467596, 0.4575152039293323, 0.5573630837456047, 0.4856927985815059], "high_L2": [0.1064853253013629, 0.7030731957527944, 0.5798396959047788, 0.267232617342068, 0.09383793623845933, 0.0, 0.41502514971864046, 0.30052947927046497, 0.13390788552595484, 1.0], "high_cosine": [0.8566164416738934, 0.09877388839183845, 0.4448135279615787, 0.7870703308847201, 0.9722893711759782, 1.0, 0.8054361422205412, 0.6323750362685171, 0.9416495123652407, 0.0], "clip_cosine": [0.0, 0.44607483492296407, 0.714013206162876, 0.46177549523110784, 0.7247248716067498, 0.6151137197358767, 0.7822450476889214, 0.09523110785033015, 1.0, 0.2921496698459281], "dino_cosine": [0.2756010511040515, 0.20235931896127213, 0.2837240111037028, 0.05160084192911584, 0.8200877663167344, 0.0, 1.0, 0.3015648899870573, 0.7999851834420607, 0.351496690242425], "clip_L2": [0.947827721783195, 0.4037194308643629, 0.3006218468166801, 0.5530313811501026, 0.1806955420126797, 0.3881715164300384, 0.08953122209572283, 1.0, 0.0, 0.7183317846459505], "dino_L2": [1.0, 0.7371006272930579, 0.8767831253579063, 0.80549922742904, 0.46087120261857756, 0.4416394593373826, 0.0, 0.9639117296710749, 0.21351739968048397, 0.4171257500016387], "rcnn_confidence": [0.0, 0.0, 0.0, 0.0, 0.0, 0.0, 0.0, 0.0, 0.0, 0.0], "yolo_confidence": [0.0, 0.0, 0.0, 0.0, 0.0, 0.0, 0.0, 0.0, 0.0, 0.0]}