{"pixel_L2": [0.13534947141887088, 0.13826483727003322, 0.13720189140577566, 0.1211018078886006, 0.10247193225517079, 0.04072658276233116, 0.11075438929285539, 0.13885224219457146, 1.0, 0.0], "pixel_cosine": [0.525764015677949, 0.4826363010517736, 1.0, 0.7591846019036524, 0.4664956647834632, 0.797428251153918, 0.6675053053951755, 0.7262480710591231, 0.0, 0.8237596403963084], "low_L2": [0.22857304823684757, 0.09100865082847981, 0.043024457087453415, 0.10415886795440307, 0.005967908563743538, 0.04582759527297855, 0.14574657011412917, 0.1452031444407847, 1.0, 0.0], "low_cosine": [0.497221568965495, 0.5862521727653138, 1.0, 0.6399609106460878, 0.8987571975873975, 0.739045457926278, 0.6035547579852215, 0.5319294929863158, 0.0, 0.8843192446279009], "mid_L2": [0.2099940799643336, 0.25042024944545344, 0.1996276224478982, 0.044770269727057124, 0.19759854849495884, 0.27194432973867794, 0.22164229828940205, 0.10845267808527044, 1.0, 0.0], "mid_cosine": [0.4692608200338018, 0.5527331834289567, 0.9332063546562259, 0.9777723934376, 0.5776301128520277, 0.5477335338336061, 0.712620380294981, 0.5830706203900737, 0.0, 1.0], "high_L2": [0.09240246406570841, 0.2365295497133111, 0.4124151434566488, 0.2636292231909427, 1.0, 0.33138541982248854, 0.17968772792046767, 0.8204418711639232, 0.0, 0.4619253599039508], "high_cosine": [0.8279150265667496, 0.655844158949112, 0.670338243113493, 0.6168391879640575, 0.4014938297815368, 0.43104898017343934, 0.7282031677358397, 0.0, 1.0, 0.2664819282984657], "clip_cosine": [0.35201970443349756, 1.0, 0.9209852216748768, 0.0, 0.7178325123152709, 0.1238423645320197, 0.765320197044335, 0.2258128078817734, 0.6043349753694581, 0.35310344827586204], "dino_cosine": [0.43142865579966927, 0.6671745806756437, 0.05526813134892511, 0.2221533191589889, 1.0, 0.7842901015828018, 0.0, 0.22935270493739665, 0.8331325301204819, 0.0012107252539570045], "clip_L2": [0.6514588812926683, 0.0, 0.09187132544916549, 1.0, 0.4222623991915988, 0.7826439722861508, 0.17157765147852322, 0.7048063487535536, 0.531742861218017, 0.5713476294312182], "dino_L2": [0.46029174379469573, 0.1362852684943611, 0.49737339791088997, 0.5129853062263743, 0.0, 0.2225468352315025, 0.68012332150932, 0.6992419714203849, 0.09527810335939924, 1.0], "rcnn_confidence": [0.0, 0.0, 0.0, 0.0, 0.0, 0.0, 0.0, 0.0, 1.0, 0.0], "yolo_confidence": [0.0, 0.0, 0.0, 0.0, 0.0, 0.0, 0.0, 0.0, 0.0, 0.0]}