{"pixel_L2": [1.0, 0.3975549567437243, 0.0954624875904127, 0.7526881293433556, 0.0, 0.25404283080414125, 0.9661347326620338, 0.7231584172457808, 0.8143511558644164, 0.4361083534250461], "pixel_cosine": [0.2977939723231387, 0.0, 0.3879198513743204, 0.6801789904521656, 1.0, 0.20712076375488261, 0.6521809632640154, 0.5958985547086958, 0.08253648264536462, 0.20577231631109338], "low_L2": [0.2109754686842384, 1.0, 0.4069439351016621, 0.2175792585227063, 0.1187468772843511, 0.0, 0.2540319027706333, 0.2544815738240745, 0.26451192108236093, 0.8053581493341078], "low_cosine": [0.6149005419704395, 0.41971670343868617, 0.7634335167042592, 0.06548396574789743, 0.0, 1.0, 0.2055788902624263, 0.4114231955016422, 0.14325150073075907, 0.649150750972899], "mid_L2": [0.11816702013400023, 1.0, 0.8799375852683118, 0.2494170490821257, 0.12999020652750637, 0.0, 0.13277334363972373, 0.21532310482412148, 0.2307909245439448, 0.9458579992805426], "mid_cosine": [0.8155395579017994, 0.8645097273819229, 0.6671158814922606, 0.0, 0.28693630178030693, 1.0, 0.8555749994025221, 0.9784633577900932, 0.5377654682588787, 0.5189126080217819], "high_L2": [0.2258573310496349, 0.923272741005615, 1.0, 0.5444962726317484, 0.2758357522401268, 0.0, 0.20642004419970283, 0.10898985119406449, 0.14079946005516986, 0.8280388002545431], "high_cosine": [0.6908981409877416, 0.656389900829095, 0.12018060546251971, 0.0, 0.6633640027087587, 1.0, 0.6009931157471171, 0.8309618924724798, 0.9372449352491622, 0.23045453595866394], "clip_cosine": [1.0, 0.005154639175257732, 0.5925773195876288, 0.13017182130584193, 0.0, 0.44481099656357387, 0.7479725085910653, 0.8229553264604811, 0.5645360824742268, 0.6780068728522337], "dino_cosine": [0.7665801731953606, 0.1759402257166974, 0.7204645637290149, 0.0, 0.4315659486666458, 0.21839497295776408, 0.5997999187169788, 1.0, 0.20747178541282396, 0.5089067433644918], "clip_L2": [0.006032221629222535, 1.0, 0.37228384964916517, 0.830500820985796, 0.6402997521715448, 0.3546650778816444, 0.16945909258471795, 0.0, 0.3764638424336078, 0.48453724933208936], "dino_L2": [0.2887953536373363, 0.950555726890083, 0.5040399532974622, 0.741200631965969, 1.0, 0.8501165553375108, 0.33803086663301235, 0.0, 0.2947109892817331, 0.7706493042573854], "rcnn_confidence": [0.7730203875707672, 0.2038835853512545, 0.0, 0.06264669806660042, 0.5459817528824892, 0.44045684883330716, 1.0, 0.5382170161586535, 0.5154265292505283, 0.058399254450957505], "yolo_confidence": [0.0, 0.0, 0.0, 0.0, 0.0, 0.0, 0.0, 0.0, 0.0, 0.0]}