{"pixel_L2": [0.5478600984986703, 1.0, 0.8353665080671127, 0.0, 0.41987145088779976, 0.9151313514351471, 0.561442421207026, 0.1655874742126665, 0.4542744368523355, 0.7351625943548099], "pixel_cosine": [0.38428665351742275, 0.0, 0.07848263841108206, 1.0, 0.43799214103328593, 0.020755928627127197, 0.29964986315612435, 0.9802073299389936, 0.5332400654404232, 0.27796125559989604], "low_L2": [0.46621884053357104, 0.9135971474961001, 1.0, 0.5763458660978638, 0.7582566616790296, 0.7475597720543758, 0.0, 0.5385565566202922, 0.84173060392856, 0.9797714176562351], "low_cosine": [0.771364247746873, 0.4175279977558639, 1.0, 0.8295859137302289, 0.17519366463112013, 0.42933129059404873, 0.721360291737695, 0.9172834444612276, 0.45732904645793326, 0.0], "mid_L2": [0.5586896014844358, 0.8530771117485844, 0.877090420483508, 1.0, 0.0, 0.5100871252919283, 0.26781056380834567, 0.3638254081665298, 0.412666759088437, 0.8288825141565269], "mid_cosine": [0.21845901211069435, 0.7335727214806876, 0.16646006776443992, 0.015442934717412688, 1.0, 0.0, 0.5055914993215559, 0.6356181839023467, 0.9972702286983203, 0.3918834622243904], "high_L2": [0.6396662373464319, 0.0, 0.712109413922523, 1.0, 0.1858575271892564, 0.5333965627318052, 0.3100073439593167, 0.7457919851201789, 0.5126083603042392, 0.010864631270504962], "high_cosine": [0.0, 0.6017601028370567, 1.0, 0.6284846168773703, 0.7521019525553054, 0.550245692299011, 0.5936592072793369, 0.23237431294010025, 0.025232605989928245, 0.8387220789087234], "clip_cosine": [0.4125671765192228, 0.2629185613890037, 0.7077304671351798, 0.7031831335262505, 0.0, 0.3927242662257131, 0.6763125258371228, 0.5919801570897065, 0.8805291442744936, 1.0], "dino_cosine": [0.08345727033520192, 0.9192664102857444, 0.5246715302772962, 0.8570529687678755, 0.3023461494460236, 1.0, 0.735838180810152, 0.586370156556634, 0.128677408851302, 0.0], "clip_L2": [1.0, 0.7428664542294322, 0.3097652154720521, 0.25800778016884623, 0.6044201429123214, 0.6199011615074767, 0.31184130662693815, 0.4788442172929427, 0.0, 0.18450311758538873], "dino_L2": [0.503742789277231, 0.3241126569392603, 0.7591126569392602, 0.7108160841533763, 1.0, 0.0, 0.5482524601289447, 0.6023668137088565, 0.5645300305395318, 0.6399168646080761], "rcnn_confidence": [0.0, 0.0, 0.0, 0.0, 0.0, 0.0, 0.0, 0.0, 0.0, 0.0], "yolo_confidence": [0.0, 0.0, 0.0, 0.0, 0.0, 0.0, 0.0, 0.0, 0.0, 0.0]}