{"pixel_L2": [0.48557964184731384, 0.0, 0.22249450204209864, 0.8833804586867735, 0.10449261702796105, 0.7411247251021049, 1.0, 0.3289349670122526, 0.3051837888784166, 0.11523719761231542], "pixel_cosine": [0.0, 0.9727798541260723, 0.44519812026587985, 0.4665578364854636, 1.0, 0.19028077081777042, 0.604752781116122, 0.3542785876230773, 0.39590118863145274, 0.4528823374954965], "low_L2": [0.2234953449595614, 0.0, 0.18157327905914186, 0.9329128270247498, 0.12470405335643547, 0.2022643255976787, 1.0, 0.10619069941315042, 0.24094062079073383, 0.055201837094352835], "low_cosine": [0.31699748604492456, 1.0, 0.5474705878921857, 0.0, 0.8192839602666776, 0.3863383165250258, 0.08324049392509464, 0.5996891094999505, 0.6625875655465665, 0.688707033824653], "mid_L2": [0.14081247310036515, 0.0, 0.19822150027073182, 1.0, 0.055193191442098104, 0.08326877420967137, 0.53853277243256, 0.08550127035694947, 0.20563260999347466, 0.09515320643647521], "mid_cosine": [0.7778097465082939, 1.0, 0.7693511530363457, 0.0, 0.9689862660116219, 0.8491190489653773, 0.43851304379642164, 0.8913288606677067, 0.6603856426768139, 0.890063231561896], "high_L2": [0.004852308712677687, 0.12366514258811562, 0.11794168638346642, 1.0, 0.09174540499767178, 0.07834829060930495, 0.2800610318716269, 0.0, 0.3439228441676933, 0.013634231457187482], "high_cosine": [0.9083112092565483, 0.2891785898291034, 0.8317246855072823, 0.061908494137302095, 0.7560372336414406, 0.5259867289595043, 0.45526557892591074, 1.0, 0.0, 0.9900450168405699], "clip_cosine": [0.7297780045930085, 1.0, 0.7223781576932891, 0.0, 0.6884409288083695, 0.7427915284511355, 0.42893595304924725, 0.8073488134728247, 0.53023730543506, 0.859402908905333], "dino_cosine": [0.8403079610130191, 0.0, 0.6552302179215643, 0.9154412133744215, 0.6453630185800467, 0.6200074280035734, 1.0, 0.5065095409694549, 0.11231342159942985, 0.5921223010750529], "clip_L2": [0.34096691728870515, 0.0, 0.3575519335635804, 1.0, 0.6385291487382079, 0.286794617397405, 0.8521229603712057, 0.43921687889746375, 0.16188306780645997, 0.3501296268973554], "dino_L2": [0.364726970908051, 1.0, 0.06837933223131273, 0.29126997412344025, 0.4442067195357564, 0.4626969513088238, 0.0, 0.46655925453188535, 0.044649271480683254, 0.5183176051278832], "rcnn_confidence": [0.0, 0.0, 0.0, 0.0, 0.0, 0.0, 0.0, 0.0, 0.0, 0.0], "yolo_confidence": [0.0, 0.0, 0.0, 0.0, 0.0, 0.0, 0.0, 0.0, 0.0, 0.0]}