{"pixel_L2": [0.23620758446834364, 0.7359672826855764, 0.46968116940822285, 0.5631494949128566, 0.004062460327535864, 0.5999338036598415, 0.0, 0.4490786920328624, 1.0, 0.619130742305809], "pixel_cosine": [0.6590785563531895, 0.24574183484036732, 0.3744573618787455, 0.3810149009310435, 0.9685675765340336, 0.49377069083568037, 1.0, 0.4647241104264165, 0.3016538551129746, 0.0], "low_L2": [0.44079439333599985, 0.04190699229218959, 0.40327364562621854, 0.3915525180328756, 0.3121460329605992, 0.751027482624095, 0.6675226606534538, 0.0, 1.0, 0.36323901941347986], "low_cosine": [0.4070947957066835, 0.8558888788671417, 0.7551366465229548, 0.7847406872914224, 0.8198773338143772, 0.8482511048976279, 0.0, 1.0, 0.3695787859655452, 0.5935221430504194], "mid_L2": [0.8204516736905918, 0.47916194955920915, 0.6625630875081256, 0.6128052120689781, 0.22673157406528233, 1.0, 0.2692220607246938, 0.0, 0.9033145135962254, 0.28196007683711555], "mid_cosine": [0.0, 0.3367894683403605, 0.34447125275876256, 1.0, 0.43070896858350566, 0.4332472973478472, 0.26466218852034135, 0.4109981777471397, 0.46178345650907654, 0.8286681522569751], "high_L2": [0.5505079195938055, 0.6254661957369333, 0.6671865241645525, 1.0, 0.2417178585164302, 0.3104519584631507, 0.0, 0.34361051617615407, 0.563321465998144, 0.7195027715931985], "high_cosine": [0.32337802535641835, 0.4970475538196694, 0.11248046045006048, 0.43449972647583907, 0.4118206547959675, 0.6053560323597396, 1.0, 0.3786783485836017, 0.0, 0.37502230137597026], "clip_cosine": [0.555181347150259, 0.794300518134715, 1.0, 0.5844559585492228, 0.3010362694300518, 0.0, 0.5922279792746113, 0.6699481865284974, 0.8204663212435234, 0.019430051813471502], "dino_cosine": [0.7165631607865337, 0.9008341519455221, 0.18478713308136727, 0.7185111803000283, 0.373736701020629, 1.0, 0.0, 0.38057974392700755, 0.2927523684254341, 0.4183413529578262], "clip_L2": [0.16861722177826696, 0.6485487689036986, 0.0, 0.6546688177555298, 0.16503475415768284, 0.9867014459538923, 0.25010177464831207, 0.36584593579904406, 0.585413808181174, 1.0], "dino_L2": [0.4805268597352279, 0.7893634822135626, 1.0, 0.10399395113483333, 0.3301329229172352, 0.0, 0.8674171077297518, 0.6200623677369996, 0.6821750860128941, 0.60731590556254], "rcnn_confidence": [0.0, 0.0, 0.0, 0.0, 0.0, 0.0, 0.0, 0.0, 0.0, 0.0], "yolo_confidence": [0.0, 0.0, 0.0, 0.0, 0.0, 0.0, 0.0, 0.0, 0.0, 0.0]}