{"pixel_L2": [0.6402489262862652, 0.742606713997721, 1.0, 0.7509159435533351, 0.3340695941800333, 0.9589797528267158, 0.0, 0.13207117188184767, 0.16529056008414408, 0.857463406082917], "pixel_cosine": [0.41641027773158157, 0.23976696324629967, 0.00714077831365375, 0.0, 0.6013273324463662, 0.029020455679361384, 1.0, 0.6114512306668884, 0.6597424330616997, 0.20412023948112423], "low_L2": [1.0, 0.0, 0.4696927452183126, 0.17972453019572854, 0.9101656164612725, 0.784085206044722, 0.016561646127251434, 0.8547370768973401, 0.22082194836335248, 0.4627223554341159], "low_cosine": [0.3411375004693347, 1.0, 0.6769266711444675, 0.9961410256945111, 0.0, 0.7354036904309953, 0.6423168864543745, 0.6065806984534899, 0.8732796275359719, 0.7135431224734148], "mid_L2": [0.3000009455102446, 0.4619952157181623, 1.0, 0.0, 0.10834601892911509, 0.8925522158032583, 0.05236235734614184, 0.7030435974773787, 0.15605646587180771, 0.33474844699942324], "mid_cosine": [0.35020568299117666, 0.4488334905535866, 0.0, 1.0, 0.32920253904920416, 0.09530048055215568, 0.5062913571465288, 0.1874278442394175, 0.3600473466824674, 0.7044986294746991], "high_L2": [0.16275799372150174, 0.15876077785195813, 0.3478685776786602, 0.0, 0.5274535149647012, 0.42958280657395703, 1.0, 0.4930780266765153, 0.029457804798363612, 0.2319720450574582], "high_cosine": [1.0, 0.6605952867267563, 0.6384225299230929, 0.7184046955538113, 0.48751618095467514, 0.6646578257873295, 0.0, 0.6466012452450861, 0.648349722211979, 0.6074082552441139], "clip_cosine": [0.6082261029411765, 0.7869944852941176, 1.0, 0.15418198529411764, 0.0, 0.8228400735294118, 0.9239430147058824, 0.8198529411764706, 0.8189338235294118, 0.29480698529411764], "dino_cosine": [0.5841884606453152, 0.8314159653053668, 0.0, 0.8695342458875437, 0.31321822849001774, 0.5888987215454425, 0.36242335235010953, 0.1295933673501409, 1.0, 0.4936987315873046], "clip_L2": [0.5255682651684075, 0.527503740758127, 0.0, 0.8703781466377186, 1.0, 0.3768392060790987, 0.4325847538434456, 0.5334046033329422, 0.42269008185658963, 0.7307956079098697], "dino_L2": [1.0, 0.49859064915106466, 0.8197231539905132, 0.04770551032169403, 0.9275098636088248, 0.9268910791600786, 0.788761766140115, 0.9403528733763835, 0.0, 0.496737990040341], "rcnn_confidence": [0.0, 0.0, 0.0, 0.0, 0.0, 0.0, 0.0, 0.0, 0.0, 0.0], "yolo_confidence": [0.0, 0.0, 0.0, 0.0, 0.0, 0.0, 0.0, 0.0, 0.0, 0.0]}