{"pixel_L2": [0.8689058398025982, 0.5551241929850259, 0.3711761855937264, 0.5894899327346681, 0.0, 0.7478162709992902, 0.17480676709519677, 1.0, 0.048249777472310795, 0.6871655042646446], "pixel_cosine": [0.23833100002978685, 0.43816355535886775, 0.9201020838031855, 0.7319342731794913, 1.0, 0.3918769122096314, 0.9072862899622558, 0.0, 0.961285600609354, 0.33767122121845256], "low_L2": [1.0, 0.12795417176687884, 0.31714882212453804, 0.6590215762682933, 0.6117657700505814, 0.14379972250955242, 0.6224452131438851, 0.0, 0.05259260988373705, 0.19295215113454495], "low_cosine": [0.5749066944964093, 0.181306887676272, 0.12851410638585273, 0.0, 0.41686697049936255, 0.32392229136482314, 1.0, 0.380175749265861, 0.2938179668374569, 0.3700759026625144], "mid_L2": [1.0, 0.09397994217564148, 0.3008818214672931, 0.4613037585833032, 0.4531252258764004, 0.13701933501987712, 0.5266642573183954, 0.058409830140946875, 0.0, 0.38767256956993135], "mid_cosine": [0.37651714955344623, 0.21657231489669496, 0.27771299153866885, 0.0, 0.19910967441228342, 0.1331014406564384, 1.0, 0.11897170632663849, 0.3427349897226272, 0.293451258983865], "high_L2": [0.29637872764706646, 0.7075069600010359, 0.8585624198790578, 1.0, 0.20163051782407707, 0.0, 0.6248576275136934, 0.6842653476115866, 0.45068797182332604, 0.4595320289536043], "high_cosine": [1.0, 0.49194268404648067, 0.4093349616019195, 0.0, 0.9436672885787104, 0.9922727498826011, 0.9803882720821632, 0.2761917568692054, 0.38648496324592563, 0.4750597954519204], "clip_cosine": [0.0, 0.8538824763903463, 0.9897691500524659, 0.24895068205666318, 0.8751311647429171, 0.047743966421825816, 0.7838405036726128, 1.0, 0.17077649527806926, 0.17287513116474293], "dino_cosine": [0.5020975662895419, 0.32343649609721503, 1.0, 0.0, 0.672523993623932, 0.5747442792130847, 0.7332833859855449, 0.5730035326262153, 0.2901222079691957, 0.7037418270502682], "clip_L2": [1.0, 0.32144615166795903, 0.14651336227546388, 0.9765919406538156, 0.40075878429881184, 0.783346421498175, 0.2959151755213452, 0.0, 0.7568786949371027, 0.7596255632438235], "dino_L2": [0.2891778918931266, 0.822294992098908, 0.0, 0.8837667340145646, 0.1369951762846802, 1.0, 0.253455819294446, 0.6155158343698541, 0.22699910087441522, 0.06467370877882964], "rcnn_confidence": [1.0, 0.0, 0.0, 0.0, 0.0, 0.0, 0.0, 0.0, 0.0, 0.0], "yolo_confidence": [0.0, 0.0, 0.0, 0.0, 0.0, 0.0, 0.0, 0.0, 0.0, 0.0]}