{"pixel_L2": [0.14246541856560388, 0.21472380429543897, 0.17463435000563615, 0.0, 0.1892707490532168, 0.04399919578955261, 0.2486540644595729, 1.0, 0.005098083118693194, 0.531622006710484], "pixel_cosine": [0.3519984777605848, 0.8347623475516718, 0.8333966403027246, 1.0, 0.7994270061069086, 0.6647382573948883, 0.7441438659854884, 0.0, 0.9332971921145126, 0.49221826902709515], "low_L2": [0.2664122449327821, 0.0, 0.18783180684783327, 0.19952595653995422, 0.2864489667989965, 0.4855229722709048, 0.4714657897962785, 1.0, 0.3205767730828451, 0.7458319693975467], "low_cosine": [0.5396022879405121, 1.0, 0.20771524017804677, 0.7898327532018049, 0.141442775430696, 0.20185612139094994, 0.3131308593434121, 0.7743839434448132, 0.44816732946019916, 0.0], "mid_L2": [0.25677852598325535, 0.04034929161032707, 0.14068960304685382, 0.0, 0.22409440840062592, 0.47083589276826987, 0.4686452940238289, 1.0, 0.21196925219236018, 0.8092187056635944], "mid_cosine": [0.8632891437088055, 0.4427576099071167, 0.6168134637583033, 1.0, 0.22771809873018534, 0.3953298541895604, 0.20642760348192551, 0.14331045017738547, 0.5790120852923756, 0.0], "high_L2": [0.3774905173883396, 0.7776521631922458, 0.45952614339291803, 0.48317140847985973, 1.0, 0.6706481966294872, 0.5165595623691004, 0.7140334281087136, 0.0, 0.5954878446008475], "high_cosine": [0.8050981153017167, 0.4460979243672583, 0.5524818009052695, 0.7043008069377187, 0.0, 0.5606753460866093, 0.6520656342984833, 0.31620707431448963, 1.0, 0.49775577642841945], "clip_cosine": [0.9860964183164576, 0.22563095058183466, 0.0, 0.16563397309959196, 0.756385068762279, 1.0, 0.2198881668429802, 0.24165029469548133, 0.0929424210367236, 0.9469548133595285], "dino_cosine": [0.0, 0.5309357351304822, 0.9854156606691721, 0.2332549530067953, 0.6771955239234952, 0.734798065685513, 0.46738818556542305, 0.5152806645531971, 0.5012771794279636, 1.0], "clip_L2": [0.06317554538156511, 0.9032532048666929, 1.0, 0.7226539070338909, 0.3644682382974455, 0.0, 0.7059255954311769, 0.7259912111687649, 0.7439266835873493, 0.017982835470707146], "dino_L2": [1.0, 0.4359766888954257, 0.0, 0.5018615104134678, 0.2697048574633355, 0.24860538241977767, 0.49516661871805895, 0.22402188880879495, 0.3795580135053449, 0.011042995354911284], "rcnn_confidence": [0.21694101066939864, 0.0, 0.3436631771891029, 0.07555003657677324, 0.0, 0.0, 0.0, 1.0, 0.4505354965812731, 0.7961157991029831], "yolo_confidence": [0.0, 0.0, 0.0, 0.0, 0.0, 0.0, 0.0, 0.0, 0.0, 0.0]}