{"pixel_L2": [0.3145330181860415, 0.318494187361078, 0.20039719802262784, 0.0, 0.287695046808763, 0.2516542452836017, 0.09919788177528581, 1.0, 0.24151595031611514, 0.5732013190718064], "pixel_cosine": [0.0, 0.929936990418088, 0.4783369022405051, 0.7486222252687975, 0.8326090360211658, 0.672704598087045, 0.9213361708027821, 1.0, 0.7265937981247463, 0.7692076402915469], "low_L2": [0.0, 0.46561058470047506, 0.5722079552349632, 0.09035954896593643, 1.0, 0.6345306114776201, 0.36714452661161545, 0.4558532186358068, 0.7341177797527605, 0.5956314299350518], "low_cosine": [0.5011672759767813, 0.4508900844729134, 0.45792747013450996, 1.0, 0.3089442887127044, 0.16194666823772583, 0.39971118295808555, 0.6969620242917529, 0.5729537366548043, 0.0], "mid_L2": [0.0, 0.3740260175278258, 0.5283926542994797, 0.31179819651302204, 0.792669931145141, 0.48353667086904506, 0.2858502887096356, 0.20527529300341762, 1.0, 0.5362196524844332], "mid_cosine": [0.9130216996824436, 0.37453374666061795, 0.37646754288690626, 0.5416377883629887, 0.3290866475124754, 0.6953937530453483, 0.6245762765260345, 1.0, 0.0, 0.3618482954449989], "high_L2": [0.21900793373987174, 0.3543455674221036, 0.4856322577565983, 1.0, 0.28201869195477414, 0.0, 0.2637401287167607, 0.043283488936452987, 0.7005777446542405, 0.16182283884216103], "high_cosine": [0.7299478560087729, 0.627810152120153, 0.5675579141312355, 0.0, 0.7282785654379063, 1.0, 0.8334669264435953, 0.8966806812571052, 0.7033122438371543, 0.9233926742518925], "clip_cosine": [0.9289437293904904, 0.2076374853738964, 0.34996276991809383, 0.3014572917774705, 0.49058610786086587, 1.0, 0.5764280395702585, 0.0, 0.4301670035102649, 0.33624082544410167], "dino_cosine": [0.835145247818312, 0.40507084870634813, 1.0, 0.18515727572305096, 0.0, 0.5960218067362063, 0.5927003660540647, 0.7726726004330046, 0.7563523277618532, 0.8399361216818199], "clip_L2": [0.22931505003572797, 0.6549749131097915, 0.4624948322368288, 0.751222500413237, 0.5186821771349074, 0.0, 0.39750636789908844, 1.0, 0.6128910059384639, 0.6667539158115698], "dino_L2": [0.22197458433912234, 1.0, 0.10877398061239482, 0.9736387707888011, 0.8066651283333817, 0.2537029386310952, 0.6220158522020964, 0.0, 0.07099753544269224, 0.12578085383024262], "rcnn_confidence": [0.09236404280415814, 0.693703363341818, 0.0, 0.0, 0.6006792923402503, 0.49442065741952707, 0.153022012574122, 1.0, 0.7418782381305311, 0.9624377046439071], "yolo_confidence": [0.0, 0.0, 0.0, 0.0, 1.0, 0.0, 0.0, 0.0, 0.0, 0.828909653543916]}