{"pixel_L2": [1.0, 0.7447419630432165, 0.0, 0.31214893870201643, 0.6570314153323695, 0.5236097741023198, 0.9946245714941254, 0.6523927568523531, 0.9348998840691651, 0.8447973276766877], "pixel_cosine": [0.12287747329839933, 0.3039233933701763, 1.0, 0.7591308020502248, 0.6582505321230516, 0.5592446238868367, 0.0, 0.4253572144432036, 0.0079406837900524, 0.28252631980834025], "low_L2": [0.761981723389966, 0.5397336746391512, 0.400496924390145, 0.3010269836669736, 0.32536480521137584, 0.0, 0.8394144917157838, 0.5933647142140751, 1.0, 0.6359643092760868], "low_cosine": [0.0, 0.5618981893615805, 0.9065173182623751, 0.859799253530214, 0.47111063923621604, 1.0, 0.5408541117091218, 0.31806881569383305, 0.00026461292193102095, 0.49291997092524686], "mid_L2": [0.2667913928427846, 0.4609845309761487, 0.2927855016330896, 0.9049602303930714, 0.0, 0.19298835684649485, 0.8267729466821874, 0.447835729319673, 0.6939040957308437, 1.0], "mid_cosine": [0.2126846731624039, 0.5659753169598123, 0.624384422791987, 0.32061002452316856, 0.8193958564695202, 1.0, 0.0, 0.35919618820318544, 0.022359191620441875, 0.22455571384117323], "high_L2": [0.0, 0.18748963322092863, 0.23272938307419136, 0.9038075552891647, 0.1256401182599427, 0.517363553764884, 0.9605233052962538, 0.38312507841849275, 0.18782292395416436, 1.0], "high_cosine": [1.0, 0.9879419179966805, 0.5884143647803505, 0.08779846425213149, 0.6276994705188158, 0.5495296042459469, 0.0, 0.6561914273272875, 0.7499696289845195, 0.23012512858377981], "clip_cosine": [0.01831671690238813, 0.6577788082541155, 1.0, 0.20867145838163692, 0.07025272432181776, 0.8306283329469047, 0.5630651518664502, 0.0, 0.37966612566658936, 0.162647808949687], "dino_cosine": [0.090228300346507, 0.24908571183052244, 1.0, 0.23450764918630249, 0.0, 0.053651718760662485, 0.6679851287585648, 0.06489866376183773, 0.3174823018578942, 0.12189413718240018], "clip_L2": [0.889865494210907, 0.35226993904002935, 0.0, 0.6380937482878085, 1.0, 0.1792582052184022, 0.5324857803741768, 0.8954925989656577, 0.7634611002016117, 0.78722492776041], "dino_L2": [0.7659739876320153, 0.6777588419776047, 0.0, 0.8588262436047478, 1.0, 0.7319341859157719, 0.48579741325969583, 0.634641494623922, 0.5693365555622342, 0.877554123191916], "rcnn_confidence": [0.8426979697080904, 0.8419120891574522, 0.12705970173781564, 0.0, 0.0, 1.0, 0.24806267025233228, 0.41585785192791774, 0.12710074584220687, 0.0], "yolo_confidence": [0.0, 0.0, 0.0, 0.0, 0.0, 0.0, 0.0, 0.0, 0.0, 0.0]}