{"pixel_L2": [0.38076768027783503, 0.32979029410315724, 0.6415468451941715, 0.07783756123065741, 0.4694653233312444, 0.31216444646214336, 0.4267390778068366, 0.2588477538473274, 1.0, 0.0], "pixel_cosine": [0.5292023101729774, 0.5217028147688562, 0.6694407000870306, 0.7725281778669645, 0.32862625962382785, 0.638024009028859, 0.4209072731249314, 1.0, 0.0, 0.9750135802813665], "low_L2": [0.6070499505763193, 0.15319773391335398, 0.8216035915992806, 0.0, 0.2844600626178439, 0.39227248777471513, 0.015073569434828236, 0.2863499196593032, 1.0, 0.3752367764438464], "low_cosine": [0.5024995777314473, 0.4523391156814154, 0.5016264692214545, 1.0, 0.08538816353935837, 0.2627804514449988, 0.40366100532688626, 0.13687047321808973, 0.0, 0.19857294237567868], "mid_L2": [0.7789204439244748, 0.4400437082431466, 0.21248730649395078, 0.10561502247120459, 0.16451144707051563, 0.1610117563337618, 0.4257454254661142, 0.3057873726770072, 1.0, 0.0], "mid_cosine": [0.42553488552544083, 0.4488076354428428, 0.5198530558303331, 0.7721557305730313, 0.5067023631807294, 0.6483278873414853, 0.4017852046120463, 0.4186833887405241, 0.0, 1.0], "high_L2": [1.0, 0.61159362298784, 0.1965358184653919, 0.0, 0.4805651015212996, 0.19764316277342328, 0.7514388954411857, 0.08554008181835264, 0.5843497253746324, 0.11539350073561354], "high_cosine": [0.11490986698470021, 0.1223965048391112, 0.6401394638584995, 0.9109875111650926, 0.33830939402309046, 0.563149646019136, 0.0, 0.8060916290977478, 0.6130191731256716, 1.0], "clip_cosine": [0.0, 0.3768947152806227, 0.3609176566980746, 0.43404342482589103, 0.4010651372388365, 0.6530110610405572, 0.5796804588283491, 1.0, 0.08377714051618189, 0.17554281032363786], "dino_cosine": [0.6209292115389582, 0.7071983825683369, 0.813770305518969, 0.276749050902611, 1.0, 0.3017705416403797, 0.021940844207831114, 0.0, 0.629381620161817, 0.13848151796551889], "clip_L2": [1.0, 0.5968408520113007, 0.47462984601859437, 0.45070835275311805, 0.5663435067234792, 0.23866197499394398, 0.6419227317139258, 0.0, 0.6135429712896431, 0.25147645585800105], "dino_L2": [0.11293356544220093, 0.40037560174020675, 0.3915556680192801, 0.9467343684738435, 0.11459511534814806, 0.4350029115232297, 0.5628949991920904, 1.0, 0.0, 0.9636394954985716], "rcnn_confidence": [0.0, 0.0, 0.0, 0.0, 0.0, 0.0, 0.0, 0.0, 0.0, 0.0], "yolo_confidence": [0.0, 0.0, 0.0, 0.0, 0.0, 0.0, 0.0, 0.0, 0.0, 0.0]}