{"pixel_L2": [0.4801141114870515, 0.8187667428993284, 0.38109213926133817, 0.0, 1.0, 0.20455382121577076, 0.7024271575641042, 0.013996247413416882, 0.6815516628847218, 0.11720252191235454], "pixel_cosine": [0.5096564029224356, 0.13131203716165882, 0.6764808127889309, 1.0, 0.0, 0.8181189717206628, 0.24543306446214846, 0.9865750340617351, 0.26834637383770854, 0.8902013762884261], "low_L2": [0.7282034016108754, 0.7777524070632604, 0.2744314964623905, 0.6314971044613086, 0.0, 1.0, 0.3746447040996622, 0.43196878572772907, 0.7540278907532574, 0.7219620720748559], "low_cosine": [0.6458947342323377, 0.8868541090289593, 0.5912673588282926, 0.4993263886951952, 0.6326102249901604, 0.3708594377083314, 1.0, 0.46560597789634045, 0.0, 0.5530519262892584], "mid_L2": [1.0, 0.8243547107402412, 0.5208370979445123, 0.5853355081317596, 0.0, 0.6299846942377815, 0.47137798531173375, 0.2618198818540356, 0.8552215306639797, 0.6500816347208244], "mid_cosine": [0.07756459060791812, 0.2009998174882824, 0.5198892023852693, 0.6469746636174207, 1.0, 0.44829308203540535, 0.7388368080386059, 0.801064635633896, 0.0, 0.7661350711916088], "high_L2": [0.21072253918175013, 0.503863743491905, 1.0, 0.21073963392599088, 0.14045664699975974, 0.5554600546846291, 0.32764674678403466, 0.2371536641259106, 0.4605638164692356, 0.0], "high_cosine": [0.8343062770257108, 0.29479369111815823, 0.0, 0.747473657538465, 0.7514463801932273, 0.2804408103189081, 0.5886049838953136, 0.6238308321160976, 0.3747788115128492, 1.0], "clip_cosine": [0.2005553565030455, 0.0, 0.5819598710139735, 0.8053565030455034, 0.8745969186671444, 1.0, 0.857309208169115, 0.4344321031888212, 0.7814403439627373, 0.9300429953421713], "dino_cosine": [0.3343553943276703, 0.24180846040184623, 0.0, 0.5780266316162854, 0.35037832215159437, 0.38770567254732563, 0.809261221816251, 0.5911270017779073, 0.2671148066824945, 1.0], "clip_L2": [0.7332171029266549, 1.0, 0.5373277484257419, 0.09331388849800222, 0.1262656352131835, 0.0, 0.1959082388961279, 0.45166995925234854, 0.18641030186401164, 0.12316585311473732], "dino_L2": [0.8376148747176959, 0.8604326612977655, 1.0, 0.547074423764316, 0.6575922929915275, 0.9864754022711195, 0.34466951932328654, 0.639225857038383, 0.718707501651513, 0.0], "rcnn_confidence": [1.0, 0.36871556582694254, 0.22655217515901077, 0.9707687321220507, 0.8496290219123859, 0.24515351082409334, 0.0, 0.1441748697145812, 0.9324123779853974, 0.4157380136150135], "yolo_confidence": [0.0, 0.0, 0.0, 0.0, 0.0, 0.0, 0.0, 0.0, 0.0, 0.0]}