{"pixel_L2": [1.0, 0.27482006521361935, 0.1664483292526097, 0.605714867245058, 0.14668797681967774, 0.0, 0.786071579484985, 0.3588417803311755, 0.4006453095276548, 0.22768099118127547], "pixel_cosine": [0.0, 0.8224326553051127, 0.7537465640461792, 0.5551575957485798, 0.7989188198643944, 1.0, 0.47103078614623417, 0.5660756826094924, 0.5983489096573209, 0.8368050210738501], "low_L2": [0.5337218259442851, 0.477751036874883, 0.5752673244058369, 0.0, 0.30928160781975567, 0.07460015580323531, 0.3493247801128921, 0.934059544688981, 1.0, 0.09212062129804115], "low_cosine": [0.5052389537164245, 0.4989146459991459, 0.06377831494781915, 0.18135247049912373, 0.4217712312594319, 0.5317388271529795, 0.7557000890774781, 0.0, 0.374487901114338, 1.0], "mid_L2": [0.2548798214574126, 1.0, 0.4780213487600394, 0.0, 0.7366555566975495, 0.35689136212136785, 0.9619642621169631, 0.6321494119547183, 0.8334224088566521, 0.06796070888454932], "mid_cosine": [0.29397771426360897, 0.7731455617000565, 0.05916038946960271, 0.3859182970285985, 0.22690886616413106, 0.43707104320672785, 0.5100810750267866, 0.0, 0.12854984377853526, 1.0], "high_L2": [0.10546704154951578, 0.8685380081019763, 0.0, 0.6120874112085875, 0.48577340073030456, 0.4537260384818269, 1.0, 0.671861764510066, 0.4239330946784048, 0.27115399388510764], "high_cosine": [0.19470787102114923, 0.20281578863176922, 0.0993404240641615, 1.0, 0.012585905585337714, 0.5168244476748255, 0.3629968377146765, 0.09970196735537769, 0.0, 0.6343008979970527], "clip_cosine": [0.8401606425702811, 0.6694779116465863, 0.7050870147255689, 0.7136546184738956, 0.0, 0.33078982597054885, 0.44136546184738956, 0.40562248995983935, 1.0, 0.30977242302543506], "dino_cosine": [0.4670566227384409, 0.0, 0.6046515523788251, 0.4919337726155908, 0.41632789814607996, 0.4019851463033281, 1.0, 0.05741568014295287, 0.8778199687290597, 0.16970627652445835], "clip_L2": [0.23696954882766996, 0.0, 0.23159056101501363, 0.06619587593429299, 1.0, 0.3472863013646311, 0.9090265020299508, 0.3491539325284823, 0.12840346180140474, 0.3756263630079174], "dino_L2": [0.6722871041371371, 0.6276776267193708, 0.0, 0.38260099951421744, 1.0, 0.9586219746727622, 0.2376075542512627, 0.602639196662075, 0.07698522023251017, 0.8404969621954709], "rcnn_confidence": [0.0, 0.0, 0.0, 0.0, 0.0, 0.0, 0.0, 0.0, 0.0, 0.0], "yolo_confidence": [0.0, 0.0, 0.0, 0.0, 0.0, 0.0, 0.0, 0.0, 0.0, 0.0]}