{"pixel_L2": [0.5114396685558424, 0.30266767398456024, 1.0, 0.15265590582716934, 0.0, 0.2964502957979134, 0.38450827985726566, 0.2801898471604276, 0.22269791075356846, 0.17408888685293622], "pixel_cosine": [0.5372422412917416, 0.8005399922563815, 0.0, 0.8926360543466579, 0.9865590804232197, 0.7401191575060837, 0.6928771959267978, 1.0, 0.8813238937740424, 0.8930085135638458], "low_L2": [0.49984313496807303, 1.0, 0.7493495057876782, 0.33694025716534975, 0.279297314633933, 0.2242423535586203, 0.26838440679942854, 0.0, 0.32639531154328366, 0.5587369157652273], "low_cosine": [0.3890030883506619, 0.17078281248448376, 0.0, 0.5229421753507909, 0.513335518018689, 0.5803159849455318, 0.6735921192440989, 1.0, 0.6697738850656895, 0.37118201408129015], "mid_L2": [0.5325908660341914, 1.0, 0.9285697450202604, 0.6314225088243107, 0.37335004022777263, 0.28432976963468853, 0.33274196702660386, 0.0, 0.7234233930071836, 0.575475646431322], "mid_cosine": [0.4609958653939064, 0.2188297683814713, 0.0, 0.389382563142817, 0.47948051602575514, 0.6046637449148726, 0.8473024130467184, 1.0, 0.3693698803980395, 0.3276228381729493], "high_L2": [0.9675586605100237, 0.450025628109813, 0.7002466401525923, 1.0, 0.7690666282208166, 0.536351450497946, 0.0, 0.34653494245726474, 0.9410350041504713, 0.7404595546856101], "high_cosine": [0.2977498602155326, 0.3113427340052884, 0.05693157773938542, 0.036344722770004785, 0.20622253078208125, 0.3272532323611795, 1.0, 0.5361340469287573, 0.0, 0.17444340280117035], "clip_cosine": [0.3452327563010135, 0.2681854874876671, 0.14512512332944658, 0.07659879809848417, 0.2404699973091757, 0.41824378868059914, 0.5447125302717732, 0.21867432056686698, 1.0, 0.0], "dino_cosine": [0.44180637128304767, 0.2510851978668892, 0.0, 0.9706372309239489, 0.2860441330902399, 0.6881197771111331, 0.3650506425671215, 0.32051049623216565, 1.0, 0.565674567203593], "clip_L2": [0.6515960312045171, 0.7591467343201104, 0.9151141335000729, 1.0, 0.7609602381108297, 0.6573357126108751, 0.44527908101725205, 0.9183785987541007, 0.0, 0.7593439805827293], "dino_L2": [1.0, 0.8499247393156039, 0.5990657761621366, 0.14380014927326457, 0.8404541245030317, 0.38394681221701465, 0.7046158103423621, 0.8451630434201194, 0.0, 0.7070542493847738], "rcnn_confidence": [0.0, 0.0, 1.0, 0.0, 0.0, 0.0, 0.0, 0.0, 0.0, 0.0], "yolo_confidence": [0.0, 0.0, 0.0, 0.0, 0.0, 0.0, 0.0, 0.0, 0.0, 0.0]}