{"pixel_L2": [0.6395936569276983, 1.0, 0.3264495152909161, 0.2348063882855129, 0.45651907325713204, 0.6449760551259945, 0.5393573539181407, 0.0, 0.40038004689804313, 0.7250599554905793], "pixel_cosine": [0.07390589308164963, 0.4630099782196802, 0.7719640359109663, 0.03344961308944097, 0.0, 1.0, 0.9337050448887079, 0.039799992916969174, 0.30870172471800683, 0.7841557027251961], "low_L2": [0.7279747871084333, 0.7769668978765893, 0.29425852420490745, 0.07400639528924019, 1.0, 0.1695703159109633, 0.22001223438383885, 0.0, 0.5045727077377494, 0.6450220579581393], "low_cosine": [0.18064382855436797, 0.0, 0.3690857153576523, 1.0, 0.5918629704221637, 0.961965961384209, 0.5230046447524874, 0.8549045408552212, 0.3563816358813288, 0.7824399833384675], "mid_L2": [0.6493171034350178, 0.6955478464509477, 0.4125516650792125, 0.02227387516493503, 1.0, 0.33007104221462963, 0.8896739747813246, 0.38635779760396366, 0.6100664983091428, 0.0], "mid_cosine": [0.8319436083729109, 0.6367600450434198, 0.7501277053112116, 1.0, 0.6845161345453786, 0.8756553798592108, 0.728594406032628, 0.5402855661665429, 0.0, 0.8638281589736481], "high_L2": [0.0, 0.3610118211076122, 0.160466192285188, 0.2624706232238114, 0.23235646253367456, 0.05020387112834877, 0.0761931677028139, 0.07633192147964579, 1.0, 0.277431035036859], "high_cosine": [0.4778044623631171, 0.16799190974047862, 0.9298115784514804, 0.36680876788223615, 0.5829163095417867, 0.6419591387692165, 0.9271373687539362, 1.0, 0.0, 0.09000474755843775], "clip_cosine": [0.008827586206896552, 1.0, 0.2976551724137931, 0.4917241379310345, 0.22979310344827586, 0.9944827586206897, 0.0, 0.5675862068965517, 0.5740689655172414, 0.10648275862068965], "dino_cosine": [1.0, 0.6771729489067438, 0.0, 0.22940725622411107, 0.020177228925000647, 0.944902300186874, 0.9127461871668346, 0.9040397516383772, 0.5314112003858045, 0.7113872598410279], "clip_L2": [1.0, 0.08674977656575841, 0.8162613298845913, 0.6983049884870338, 0.8556320872494523, 0.0, 0.9755602296017241, 0.41181994537941974, 0.39203318683486593, 0.8093052266176191], "dino_L2": [0.381818309368826, 0.2885921812890061, 1.0, 0.2114494719682348, 0.7556093783843272, 0.2971525833350141, 0.32982890595746805, 0.0, 0.3868228386124818, 0.3927051554455715], "rcnn_confidence": [0.0, 0.0, 0.0, 0.0, 0.0, 0.0, 0.0, 0.0, 0.0, 0.0], "yolo_confidence": [0.0, 0.0, 0.0, 0.0, 0.0, 0.0, 0.0, 0.0, 0.0, 0.0]}