{"pixel_L2": [0.7483380250173617, 0.06443078531404564, 0.6363339569973397, 0.28543172015448687, 0.0, 0.6298433934664311, 0.5867539796275585, 1.0, 0.17565385292805225, 0.26674496337776776], "pixel_cosine": [0.0, 0.8993121597301957, 0.1830638140615793, 0.6674217067276091, 1.0, 0.36812033328399835, 0.29136242137425256, 0.9118414121700569, 0.789508375153176, 0.838294871948086], "low_L2": [0.5549210833513447, 0.3083534912464817, 0.5649527124561503, 0.6176754236391693, 0.0, 0.339294351468771, 1.0, 0.41270585094027346, 0.517388201975157, 0.6404044520299985], "low_cosine": [0.285897477808507, 0.7647416241143562, 0.09387224935544963, 0.3958334695443143, 1.0, 0.11880430731812565, 0.0, 0.4939725006374674, 0.4602235603588996, 0.5697158312029936], "mid_L2": [0.35741329980839404, 0.5347163480000506, 0.5439139656706574, 0.8052427751781456, 0.23992471530311874, 0.07843231864487546, 1.0, 0.0, 0.6565854476650896, 0.742161227183153], "mid_cosine": [0.5324419351945956, 0.24657178513780115, 0.2737905967896216, 0.34230725399055417, 0.8003681360973277, 0.7320149496323309, 0.049248595085789444, 1.0, 0.0, 0.4066983768757099], "high_L2": [0.5933249711418299, 0.5647956152800285, 0.5488436532887055, 0.42509094545524384, 0.7639431485770256, 0.0, 0.6917569940084942, 0.6764027256152602, 0.8079413445688692, 1.0], "high_cosine": [0.5658633454696362, 0.5132630111777021, 0.5050643687346896, 0.7696912798582062, 0.4984876879408725, 1.0, 0.49770391463787605, 0.0, 0.2732241601480614, 0.6571350741995007], "clip_cosine": [0.20357921511627908, 0.16306322674418605, 0.31195494186046513, 0.6763263081395349, 1.0, 0.663063226744186, 0.7355559593023255, 0.0, 0.3762718023255814, 0.5515079941860465], "dino_cosine": [0.14714657444842813, 0.014443003534467414, 1.0, 0.32956153956993073, 0.6840677736245667, 0.53780693501496, 0.2603893847314398, 0.938413812393521, 0.0, 0.9586246938066298], "clip_L2": [0.854047965298536, 0.4927953550896316, 0.41952338061295, 0.10220929955000618, 0.0, 0.3401458363107819, 0.33250412965188253, 0.8798048465660966, 1.0, 0.5014377866093224], "dino_L2": [0.8115768260043104, 0.8077458565643337, 0.42475571689224845, 0.7184676122240093, 0.3757452462539019, 0.750104579235459, 0.6187734031799716, 0.8524269375766862, 1.0, 0.0], "rcnn_confidence": [0.6463599470255699, 0.7943317969789934, 0.6657265306704935, 0.27748732150897165, 0.3819803327471373, 0.5680471087658913, 1.0, 0.0, 0.30205324938997374, 0.6046093571528717], "yolo_confidence": [0.0, 0.0, 0.0, 0.0, 0.0, 0.0, 0.0, 0.0, 0.0, 0.0]}