{"pixel_L2": [0.0, 0.15170410556127895, 0.948728017905054, 0.13749209321862235, 0.13103820233655486, 0.3556330458102447, 0.15641275697816176, 0.8268003228576506, 1.0, 0.5593598893485557], "pixel_cosine": [0.8852523631458706, 0.7725125616607169, 0.29986661511354046, 1.0, 0.9990148409444816, 0.8090530467544482, 0.8068788113120271, 0.24441963891625443, 0.0, 0.3471405670137675], "low_L2": [0.13377159015979925, 0.39649630557313403, 0.6238563552156889, 0.252553302070718, 0.0, 0.9261215426364937, 0.4344126753727986, 0.5817201715657713, 1.0, 0.9066623101587765], "low_cosine": [0.4285612428992943, 0.35448581561541576, 0.0012081930100748966, 0.3377882051132885, 1.0, 0.0, 0.13145856493913274, 0.2918949617003525, 0.0013295089259426638, 0.09273431175920138], "mid_L2": [0.18295046344706073, 0.15588737761128285, 0.4273362806147519, 0.1481407224231259, 0.0, 0.8159690749668966, 0.30346778631227883, 0.4175033438076966, 1.0, 0.35146632159731583], "mid_cosine": [0.5644699004791465, 0.7350515210201597, 0.3154368070029968, 0.9549344888883841, 1.0, 0.11301684300997102, 0.1304784270518012, 0.4761562649674101, 0.0, 0.5292963684448659], "high_L2": [0.5975696583489944, 0.0, 0.9103894222668995, 0.36922439992315387, 0.6451601469150602, 0.7754805069103625, 0.3470205464157021, 0.32865805432303213, 1.0, 0.40546921393164614], "high_cosine": [0.596516461714633, 1.0, 0.0, 0.47139548079380894, 0.5004973769991033, 0.5241297089572968, 0.3347406556829576, 0.7685155215652696, 0.17737009834373854, 0.6248309432594535], "clip_cosine": [0.8767957377984968, 1.0, 0.48268480639330225, 0.8201408048710874, 0.952335648368376, 0.4478165731138807, 0.9288364570450005, 0.9824945295404814, 0.0, 0.930739225573209], "dino_cosine": [0.831713775553585, 1.0, 0.5926883039586041, 0.5271721306497261, 0.8719709208400647, 0.7864187933484762, 0.6406950332211789, 0.5822543029625761, 0.0, 0.6053117446281293], "clip_L2": [0.1663883789719609, 0.0269660776169881, 0.6363980015173886, 0.2201836632262103, 0.060942843144526776, 0.640812963727361, 0.13374323669432803, 0.0, 1.0, 0.07872459529928844], "dino_L2": [0.137430513823685, 0.0, 0.2565012566226563, 0.38345190524388173, 0.0018544273486557439, 0.11784776102188037, 0.3986540305116506, 0.3679975778566957, 1.0, 0.3836880182471472], "rcnn_confidence": [0.7402992904191059, 0.14973739919667745, 0.9259151193085052, 0.9258055471057004, 0.7106599578266007, 0.7059672359454767, 0.0, 0.8994412748865478, 0.6124305990981763, 1.0], "yolo_confidence": [0.0, 0.0, 0.0, 0.0, 0.0, 0.0, 0.0, 0.0, 1.0, 0.0]}