{"pixel_L2": [0.026294116465460097, 0.0, 0.49608366979357077, 0.12836242626331612, 1.0, 0.1879704584563673, 0.2095454271538477, 0.11932855258488506, 0.1273607456360605, 0.05789928288773276], "pixel_cosine": [0.22714543431007397, 0.6698046116943698, 0.0, 0.5825528649317567, 0.25048917388876163, 0.220407490889513, 0.1382905632631414, 1.0, 0.09259147652166226, 0.5952211628476951], "low_L2": [0.7086067570518959, 0.05661676998807184, 1.0, 0.0, 0.9339535977689296, 0.7558940241587285, 0.3657013255380273, 0.004053559128404147, 0.05174268770055273, 0.46711892881743194], "low_cosine": [0.3665849498594052, 0.5536921329762937, 0.0, 0.6172217123652196, 0.3801977127675178, 0.41525715650654366, 0.6112635094644825, 0.6833218091682067, 1.0, 0.3231799152659568], "mid_L2": [0.09218480803679995, 0.0, 0.9195977489835832, 0.05816781238333042, 0.5443729727322859, 1.0, 0.2877238771462921, 0.6291936826313465, 0.04847974187979737, 0.6595029405015123], "mid_cosine": [0.7411249308418129, 0.6858182256926336, 0.02796808682061259, 0.5642299965153005, 0.2585440623975526, 0.5377177044165192, 0.6471325051020287, 0.0, 1.0, 0.3116091294363439], "high_L2": [0.1345441595901091, 0.13902137385964902, 0.7575098172922402, 0.797395732195493, 1.0, 0.3872932272134631, 0.43312338596103017, 0.5691055441976529, 0.0, 0.02305829861986967], "high_cosine": [0.6829327033147065, 0.39351195160817415, 0.0, 0.30110837640931376, 0.04657973806059806, 0.5566001053910055, 0.5854837171402558, 0.2742068542606325, 0.7967066702184903, 1.0], "clip_cosine": [0.02939068100358423, 0.1810752688172043, 0.0, 0.17089605734767024, 0.447168458781362, 0.06193548387096774, 0.49476702508960574, 0.3167025089605735, 0.08014336917562724, 1.0], "dino_cosine": [0.5743783408757628, 0.23167347324934168, 0.4603115785490153, 0.0, 1.0, 0.8536124820637349, 0.21401315063309104, 0.6470379539254797, 0.2918328891972437, 0.9831123164982103], "clip_L2": [0.984310290014446, 0.8690592664995435, 1.0, 0.9043645489782856, 0.58797916630145, 0.9702575405603759, 0.5591113317941324, 0.5862555013481827, 0.933429008267243, 0.0], "dino_L2": [0.8636314462675807, 0.8872951471685832, 0.8091831159539526, 0.9712935580733402, 1.0, 0.10971757195701443, 0.0, 0.25562796989446335, 0.2090342064569267, 0.23736882918771596], "rcnn_confidence": [0.0, 0.0, 0.0, 0.0, 0.0, 0.0, 0.0, 1.0, 0.0, 0.0], "yolo_confidence": [0.0, 0.0, 0.0, 0.0, 0.0, 0.0, 0.0, 0.0, 0.0, 0.0]}