{"pixel_L2": [0.6299719737766888, 0.0, 0.9386159414299211, 0.6733343070713719, 1.0, 0.7346544475749036, 0.17079699754126743, 0.311340147914858, 0.6127368104937618, 0.11143481004316583], "pixel_cosine": [0.1428620383483075, 0.9955581943536395, 0.0, 0.14595081824559458, 0.16443113237551124, 0.0808288495584762, 1.0, 0.6815495648678432, 0.19200605896789624, 0.8615782271435293], "low_L2": [0.18636836440716897, 0.2269542555076487, 0.4402632580604939, 0.6561780166558384, 1.0, 0.3751419158807972, 0.151167483708385, 0.46020531044304, 0.4041768386719955, 0.0], "low_cosine": [0.1840772697320414, 0.8273386491654026, 1.0, 0.22732258078782222, 0.0, 0.7654429638933237, 0.35689635601628067, 0.8011575128510167, 0.9268586616663055, 0.8517846955337282], "mid_L2": [0.19874277597809759, 0.5026691589377222, 0.3715912781073525, 0.48916099701402693, 1.0, 0.7252139155320761, 0.0, 0.5424082097098246, 0.3199914988211875, 0.07151286661333629], "mid_cosine": [0.5463914306236533, 0.1438863438176389, 1.0, 0.3928833962327607, 0.13695939924040232, 0.9795386681336526, 0.0, 0.13945355571944373, 0.41212497567701967, 0.7106754461615334], "high_L2": [0.7668158333626225, 0.8687726116794462, 0.8961180756249072, 0.20713120357909368, 1.0, 0.30701317784018567, 0.7448716625983123, 0.0, 0.721885554715304, 0.6694882490127674], "high_cosine": [0.23056267276863207, 0.4436786048715421, 0.5357348968496882, 0.6826376928103548, 0.0, 1.0, 0.034142113217207365, 0.2767289213847988, 0.4365504882994514, 0.23559005750907772], "clip_cosine": [0.6456611570247934, 1.0, 0.0, 0.4536063110443276, 0.31930879038317056, 0.9451540195341849, 0.9679752066115702, 0.8613824192336589, 0.9753944402704733, 0.7666228399699474], "dino_cosine": [0.8649859961163381, 0.609658231614726, 0.9193173835284879, 1.0, 0.5149226488660382, 0.9461717093941058, 0.0, 0.2691567913467349, 0.876121614449922, 0.6503017047005807], "clip_L2": [0.4452362489560156, 0.032872356592590864, 1.0, 0.5176603839264723, 0.7863515035323365, 0.07395708720890208, 0.009744546927016562, 0.11493530868815813, 0.0, 0.30298290528350263], "dino_L2": [0.2126711439325699, 0.32933800063598967, 0.3014461796911523, 0.10593991544631398, 0.53922878017942, 0.0, 1.0, 0.4931370126982558, 0.31266899018270133, 0.5630604025485195], "rcnn_confidence": [1.0, 0.2739479196052829, 0.0, 0.0, 0.0, 0.32596859261426897, 0.0, 0.1889616683701062, 0.0, 0.0], "yolo_confidence": [0.0, 0.0, 0.0, 0.0, 0.0, 0.0, 0.0, 0.0, 0.0, 0.0]}