{"pixel_L2": [0.4016570935537484, 0.3329640410230555, 1.0, 0.39847043521729647, 0.05748706663924616, 0.6789798790974179, 0.33740257297490517, 0.0, 0.6006995351131428, 0.19631430925102603], "pixel_cosine": [0.2549759545055588, 0.651830611834406, 0.812967424297835, 1.0, 0.25346282548273846, 0.776452329578701, 0.9124396576945583, 0.616000082284962, 0.0, 0.8557773186073727], "low_L2": [0.42035025985949726, 0.40394078693183, 0.1515800329861616, 0.07549063799557137, 0.21931902686668855, 0.2161871071468632, 0.09753040002991188, 0.01928277947878541, 1.0, 0.0], "low_cosine": [0.47446611447495857, 0.5028121788263272, 0.729282364123866, 0.8758499614128759, 0.7430436063594966, 0.627036799791804, 0.8407232480678668, 1.0, 0.0, 0.9954800962906111], "mid_L2": [0.7407433296590608, 0.8804143350398858, 0.16740241733846964, 0.24269402271391755, 0.4248316811909252, 0.2975999446938768, 0.2357961201218271, 0.20199025229578021, 1.0, 0.0], "mid_cosine": [0.0, 0.16029068669363086, 0.22473830595769792, 0.6998408323426172, 0.7638519356777713, 0.34476372889617896, 0.8184297495401692, 1.0, 0.1767293906880259, 0.8741752631046862], "high_L2": [0.07873486924073952, 0.3699115613594067, 0.0, 0.5065897457624459, 0.7197839875219292, 1.0, 0.22066664783657997, 0.6430874751678232, 0.6544969385417353, 0.5980717991206349], "high_cosine": [0.5643528960751926, 0.5510390780064952, 1.0, 0.22899044290580448, 0.04642032365294008, 0.0, 0.5836130592126009, 0.13124936667509918, 0.18979976658212885, 0.3983236288471609], "clip_cosine": [1.0, 0.4178978471929084, 0.18873997467285775, 0.4999472351203039, 0.20726044744617983, 0.05450612072604474, 0.2653545799915576, 0.34903967918953144, 0.752796538623892, 0.0], "dino_cosine": [0.9776112434047719, 0.3957270259273341, 0.1665832883090202, 0.17020857929948838, 0.0, 0.2946124240423162, 0.45370166556607233, 0.7396860971591326, 1.0, 0.1197346567146259], "clip_L2": [0.0, 0.6743725069051082, 0.8446176881317582, 0.5332296794204825, 0.9109833612235808, 0.8352427425865998, 0.7600470002666296, 0.744233595297425, 0.2161362085864488, 1.0], "dino_L2": [0.0, 0.5967777889234405, 0.9297639348647474, 0.8019995318821681, 0.8794039299606559, 0.5280647785914111, 0.654764213506314, 0.26582544777699757, 0.3442797672785635, 1.0], "rcnn_confidence": [1.0, 0.0, 0.07130684209851584, 0.0, 0.0, 0.0, 0.0, 0.0, 0.0, 0.0], "yolo_confidence": [0.0, 0.0, 0.0, 0.0, 0.0, 0.0, 0.0, 0.0, 0.0, 0.0]}