{"pixel_L2": [0.25511985654964137, 0.8201149018497547, 0.3474837202718007, 0.20292445262363157, 0.19366978104945262, 0.43558890147225365, 0.0, 0.4254789543223858, 1.0, 0.12824414873537185], "pixel_cosine": [0.5107206123847576, 0.0, 0.4978341544150924, 0.6954653012141666, 0.4702432212265798, 0.37207028977074363, 1.0, 0.4408523733788484, 0.1250759662257393, 0.5731771338427919], "low_L2": [1.0, 0.4177686496598985, 0.40025316970504204, 0.5320234258233099, 0.5306111659024128, 0.4949691417648674, 0.0, 0.24157066891706405, 0.6870232733114394, 0.36192388640915885], "low_cosine": [0.1578956949453062, 0.16665544089082904, 0.8310690640069466, 0.0, 0.7756962559913786, 0.66840575172346, 1.0, 0.8719096501016691, 0.2994551554527234, 0.9784483307878128], "mid_L2": [0.9889892463928909, 0.4334276712523187, 0.43165130019221126, 0.5000324294544908, 0.46879256365901917, 0.6097279206920522, 0.0, 0.3143062729247629, 1.0, 0.4323700895129248], "mid_cosine": [0.4388953882830336, 0.1551684532487426, 0.5176594104983903, 0.3286719280648495, 1.0, 0.36500140379294566, 0.8153343712893295, 0.6033563032208, 0.0, 0.7713707000031619], "high_L2": [0.09460000375260337, 0.36550565288001885, 0.3759264239566199, 1.0, 0.6280586323428545, 0.19436609147596146, 0.5555739711091237, 0.3444837772871596, 0.0, 0.03528176839348965], "high_cosine": [0.36998915884212896, 0.0, 0.893617575453181, 0.5804909285161767, 0.8446554467726669, 0.7202209709077577, 0.21114064117143477, 1.0, 0.8721244639622417, 0.6729980470189765], "clip_cosine": [0.8500590318772137, 1.0, 0.5106257378984652, 0.5273514364423455, 0.9645808736717828, 0.0, 0.37977174340810704, 0.6062573789846517, 0.5840220385674931, 0.4197166469893743], "dino_cosine": [0.8143809817380778, 0.7963446082595914, 0.7034899893992136, 0.43981610266974414, 0.9076754204602696, 0.3088437624521649, 0.0, 1.0, 0.6597899390266824, 0.8115165139201107], "clip_L2": [0.16801465923817613, 0.0, 0.5799813109775703, 0.5386690704789338, 0.13913820781196504, 1.0, 0.5323845535751011, 0.19698148535437596, 0.5262222742327276, 0.6553016631839582], "dino_L2": [0.0, 0.05559156004285166, 0.01425019707719362, 0.6081890627210802, 0.22426121318699088, 0.6372579487801427, 1.0, 0.13312185434479412, 0.24514318416105754, 0.15371831605117944], "rcnn_confidence": [0.0, 0.0, 0.0, 0.0, 0.0, 0.0, 0.0, 0.0, 0.0, 0.0], "yolo_confidence": [0.0, 0.0, 0.0, 0.0, 0.0, 0.0, 0.0, 0.0, 0.0, 0.0]}