{"pixel_L2": [0.04162269390590862, 0.0, 0.5041904051859248, 0.1756567473598568, 1.0, 0.1753936725948212, 0.280551461588545, 0.15228169111365947, 0.09862865930395902, 0.051825728712020486], "pixel_cosine": [0.2727068706915576, 0.614756520405606, 0.19982195823499269, 0.348924455682188, 0.17628752996974037, 0.31119531106813836, 0.0, 1.0, 0.2156736599177866, 0.6971793845589913], "low_L2": [0.6821885242994868, 0.23275313970748412, 0.9562404060975425, 0.5182714764097653, 1.0, 0.7738194750520541, 0.828230517095511, 0.4554963245538044, 0.0, 0.5456372124362306], "low_cosine": [0.0, 0.2411268103901116, 0.017270398044617875, 0.21132813756284774, 0.07163409483174495, 0.29816146910946495, 0.2805147886493498, 0.3884735369475027, 1.0, 0.23604806981057236], "mid_L2": [0.15022939084165468, 0.04658090789469472, 0.44578500331360116, 0.3350883146736503, 0.9896990225677047, 0.6457744382085424, 0.3057253264777541, 0.5938789623145904, 0.0, 1.0], "mid_cosine": [0.3777029403985754, 0.7873917989302506, 0.28960396675200356, 0.4656979177633353, 0.1124469426377052, 1.0, 0.6400065992702285, 0.590692461168302, 0.8857202833834484, 0.0], "high_L2": [0.23902408712942877, 0.0, 0.7872830802603037, 0.6315874845057329, 1.0, 0.3859404051750852, 0.8373376329924594, 0.6248716881004028, 0.05180169274868299, 0.6186594553765107], "high_cosine": [0.763716388072661, 0.9000241848342599, 0.0, 0.35806460678935603, 0.09159728626930072, 0.6917683551428273, 0.1801326393937668, 0.4190965522189031, 1.0, 0.19661197837121427], "clip_cosine": [0.27507447864945384, 0.5445630585898709, 1.0, 0.7420556107249255, 0.0, 0.10538728897715988, 0.5955809334657398, 0.7216981132075472, 0.28711519364448856, 0.535377358490566], "dino_cosine": [1.0, 0.23326705852731014, 0.4499596273561562, 0.5131232798214921, 0.5921538154319005, 0.18905250180157496, 0.51751651805482, 0.0, 0.4148137214895335, 0.6790418225861066], "clip_L2": [0.7212724543876928, 0.4051434032174851, 0.0, 0.25164633753107263, 1.0, 0.9008108203179963, 0.4295325031658928, 0.26619845164391914, 0.7719776716617419, 0.46836745462220347], "dino_L2": [0.18139184777558884, 1.0, 0.6157369272192172, 0.7245891575812053, 0.8913095905513291, 0.845795109667599, 0.6111526973458238, 0.6134808304858073, 0.3190899609437396, 0.0], "rcnn_confidence": [0.0, 0.0, 0.0, 0.0, 0.0, 0.0, 0.0, 0.0, 0.0, 0.0], "yolo_confidence": [0.0, 0.0, 0.0, 0.0, 0.0, 0.0, 0.0, 0.0, 0.0, 0.0]}