{"pixel_L2": [0.234325061442897, 0.1753295102197426, 0.8179879914135496, 0.17517084754902468, 0.4399539567151642, 1.0, 0.006606796569567878, 0.2673932656510873, 0.0727432049859485, 0.0], "pixel_cosine": [0.8614612827305024, 0.7835119398656948, 0.0, 0.8859448768869354, 0.8171979247104771, 0.22383650524198498, 1.0, 0.5141478746963037, 0.7848977831937172, 0.8297356797094507], "low_L2": [0.3730204784331363, 0.27970444518436455, 1.0, 0.29403518060436407, 0.17279413616900832, 0.3776233512669808, 0.2607181672413769, 0.4847690708929436, 0.3711898632374272, 0.0], "low_cosine": [0.6641300744659401, 1.0, 0.0, 0.5001627554106562, 0.3913810544158405, 0.1498075983281901, 0.6568919440770701, 0.2977629461036098, 0.622357894449058, 0.8325148573049412], "mid_L2": [0.5514418986710476, 0.3807179667713009, 1.0, 0.0, 0.3408533067347278, 0.5847664309951985, 0.10840496376917887, 0.4185720851546533, 0.399200086054312, 0.36512453427993075], "mid_cosine": [1.0, 0.5859211647685336, 0.0, 0.7385910273930811, 0.21178021239757855, 0.3813157837761946, 0.8058911559180878, 0.5495444546281796, 0.5080346171181662, 0.5976806452099668], "high_L2": [0.6475182844922679, 0.6791193974569746, 0.33597546391190747, 0.4218351201523514, 0.20501136883153845, 1.0, 0.20980817809050054, 0.42452165628686794, 0.0, 0.06948712592103683], "high_cosine": [0.2703483141531696, 0.41927646516726613, 0.42138269604449313, 0.4495491473142463, 0.8054287324944788, 0.0, 0.7462684538626303, 0.3703769368226078, 0.9211647296496573, 1.0], "clip_cosine": [0.7604166666666666, 0.0, 0.5689583333333333, 0.6456944444444445, 0.366875, 0.6526388888888889, 0.3921527777777778, 0.14923611111111112, 1.0, 0.9731944444444445], "dino_cosine": [0.0, 0.39780914695179564, 0.4335943273557283, 0.7969017483793113, 0.07241414793403118, 0.5506262921075034, 0.5012825190132743, 0.531423119018887, 0.03626600810110478, 1.0], "clip_L2": [0.3016879251617784, 0.7546169473944858, 0.5211238016506367, 0.5100313320712118, 0.6894332736067756, 0.4819372656674979, 0.6307075744843467, 1.0, 0.0, 0.09166483067618392], "dino_L2": [1.0, 0.7379496068492919, 0.8116673834210028, 0.18044687911390384, 0.9538495341722802, 0.3965312220066743, 0.5801432131502198, 0.5311393764800664, 0.7587900686018407, 0.0], "rcnn_confidence": [0.0, 0.0, 0.7484339433054258, 0.5978873638086596, 0.40445032221527377, 0.3655471046251769, 0.2065176990723581, 0.0, 1.0, 0.0], "yolo_confidence": [0.0, 0.0, 0.0, 0.0, 0.0, 0.0, 0.0, 0.0, 0.0, 0.0]}