{"pixel_L2": [0.0, 0.7239142111720885, 0.05952243445529206, 0.12760714708156704, 0.04322586525404161, 0.08293783386212032, 0.17712802258313823, 1.0, 0.1125975962194464, 0.020093300014392808], "pixel_cosine": [0.1664506933937936, 1.0, 0.14102267688701664, 0.5119952557428141, 0.4765408870215497, 0.0, 0.6340347711858741, 0.7231091810820904, 0.30866618054793227, 0.5570111179729217], "low_L2": [0.3862746166259325, 0.9215621260423849, 0.7768070665191344, 0.6436945932186514, 0.8488342385025351, 0.2001299047740709, 0.0, 0.8043697974687825, 0.4836801844027856, 1.0], "low_cosine": [0.5854315704657063, 0.43440314027809535, 0.28226202920327964, 0.7234293165213036, 0.0, 0.8290481168131186, 1.0, 0.4191511776042858, 0.5911042694280207, 0.05740099521989569], "mid_L2": [0.242414442084354, 0.7571042663851251, 0.4274133084063269, 0.6132446977948224, 0.1829512907932825, 0.0, 0.21312103647383013, 1.0, 0.3415570198317149, 0.41399556822307443], "mid_cosine": [0.6430913765675021, 0.6119605925917205, 0.2859864722391575, 0.5768469138055198, 0.6228364106268787, 1.0, 0.9624523928271218, 0.0, 0.7550797020424306, 0.315243871655386], "high_L2": [0.413017989044851, 0.5404859707404067, 0.5077152563475543, 1.0, 0.24503076742055524, 0.04995039695592566, 0.7902996068972854, 0.0, 0.2866172528371851, 0.25650844943402906], "high_cosine": [0.5016451796695658, 0.03266277057047001, 0.05234236991325676, 0.0, 0.6156259257010489, 1.0, 0.18957601077610572, 0.804054041622279, 0.5686237711749803, 0.49918993172529924], "clip_cosine": [0.819194622518205, 1.0, 0.122549324702807, 0.5888467044252194, 0.11794361112839982, 0.0, 0.13051596439907887, 0.672060745627684, 0.3650339204580818, 0.3960913673990166], "dino_cosine": [0.9393897496804141, 0.0, 0.6837029347500884, 0.6135277745038487, 0.32370420402723504, 0.6365742209811512, 1.0, 0.4972869200990036, 0.5562697757912584, 0.8528386476758629], "clip_L2": [0.16213173174504011, 0.0, 1.0, 0.5794308795710243, 0.9516455589359316, 0.9814118435809895, 0.8801937929998446, 0.2874033456757269, 0.6807711659877366, 0.6630900475757616], "dino_L2": [0.0, 1.0, 0.45310126760745856, 0.7602344841356636, 0.9852616721931903, 0.06037463504748288, 0.23337222603697577, 0.5893966956698017, 0.055616058139384236, 0.5548558594741331], "rcnn_confidence": [0.0, 0.8166977160389918, 0.0, 1.0, 0.7951107266847093, 0.0, 0.8796726540961115, 0.0, 0.0, 0.0], "yolo_confidence": [0.0, 0.0, 0.0, 0.0, 0.0, 0.0, 0.0, 0.0, 0.0, 0.0]}