{"pixel_L2": [1.0, 0.11546655874542319, 0.0, 0.15851582303514739, 0.8243948633462541, 0.4430056219171842, 0.39538957696324756, 0.5896306181433801, 0.14176433653848727, 0.4066143034627662], "pixel_cosine": [0.44694522939513975, 0.7101435336098648, 0.875670270550778, 0.6228475220856609, 0.3241510601054676, 0.0, 1.0, 0.867424554248852, 0.7057591217129415, 0.37783241344915613], "low_L2": [0.8772775454018271, 0.025208762741611494, 0.5086256687238664, 0.34799252685465065, 1.0, 0.20042900354684395, 0.8262765080084972, 0.3929441413715418, 0.0, 0.4048884321733792], "low_cosine": [0.0, 0.8608654412852257, 0.47565912461683274, 0.39651532058498795, 0.424919793255894, 0.24120824172071453, 0.3211352290454934, 0.4674731291010829, 1.0, 0.17482039705108762], "mid_L2": [0.9055026977622641, 0.1109020712027092, 1.0, 0.40187360714097914, 0.8188018823891662, 0.10017200843291264, 0.47371653682460396, 0.5689798268206304, 0.0, 0.9407224137342202], "mid_cosine": [0.04697709541360503, 0.7991838235869506, 0.11947065912309944, 0.5742904429889428, 0.3739394793060544, 0.7558431344930394, 1.0, 0.5007091657471966, 0.8326044087611804, 0.0], "high_L2": [0.9338182299030378, 0.3433649867776881, 0.6149006520168759, 0.9170737209135237, 0.752738366484126, 0.5016955959538232, 0.4226706101955191, 0.0, 0.6849347931950178, 1.0], "high_cosine": [0.18347717032393895, 0.516807146528289, 0.313233642588858, 0.15713693649191213, 0.2755174974361926, 0.3673826143881752, 0.4199108122733438, 1.0, 0.11492123935610266, 0.0], "clip_cosine": [0.45959230880439494, 0.7569032817695532, 0.8351163799334972, 0.7871186930750326, 1.0, 0.3502963712592164, 0.731025010842851, 0.7913112621078502, 0.714833020095417, 0.0], "dino_cosine": [0.0262901471839099, 0.36694499176329987, 0.7116670435091573, 0.18469857984215682, 0.873720081397978, 0.7288133768317236, 1.0, 0.468269862290987, 0.0, 0.4460065462924082], "clip_L2": [0.5049260526686628, 0.394357699447287, 0.3344597521577033, 0.4256812357668132, 0.0, 0.9830431749422843, 0.2401822543802116, 0.10706627163139938, 0.6988147202249126, 1.0], "dino_L2": [1.0, 0.6200894002196825, 0.6761617035773794, 0.5282127592087513, 0.14250269708284302, 0.0, 0.13087910216021162, 0.2957972498565798, 0.8829021590368429, 0.5183027663944457], "rcnn_confidence": [0.0, 0.0, 0.0, 0.0, 0.0, 1.0, 0.0, 0.0, 0.0, 0.0], "yolo_confidence": [0.0, 0.0, 0.0, 0.0, 0.0, 0.0, 0.0, 0.0, 0.0, 0.0]}