{"pixel_L2": [0.2730760603513511, 0.683700156030082, 0.0, 0.18034538602039482, 0.48335186139204467, 1.0, 0.15532387950435184, 0.48100155044109927, 0.15735498199368486, 0.41332935657926845], "pixel_cosine": [0.42539005973318667, 1.0, 0.5411427418628629, 0.4580831071029928, 0.02819962067297389, 0.8344901388236394, 0.3926837491806494, 0.7624410399172936, 0.36774966370851153, 0.0], "low_L2": [0.14398838302036615, 1.0, 0.2538373185757544, 0.4037125040370461, 0.45178795612550415, 0.34958087569297563, 0.35265692271454624, 0.20196522191005098, 0.5778196794160428, 0.0], "low_cosine": [0.7187822077235201, 0.583940987430711, 0.5152857393145415, 0.3473823783190663, 0.0, 1.0, 0.9208647236541335, 0.6211808271663125, 0.06049232525677756, 0.4695605396215148], "mid_L2": [0.11760301267979557, 1.0, 0.12850424216436063, 0.48339801953823874, 0.49683715725041805, 0.5892941691456954, 0.19805104890731884, 0.7025888288182931, 0.45251918861652735, 0.0], "mid_cosine": [1.0, 0.7459641609716648, 0.9275989406542579, 0.4005720530498253, 0.4751103749693458, 0.0, 0.8371831307841207, 0.49051564931751246, 0.6862747743493571, 0.8241563844469506], "high_L2": [0.2096935216057566, 0.12562785041496266, 0.2502706922166545, 0.5746999426769424, 0.585049198588105, 1.0, 0.26239592606362416, 0.24804886827694592, 0.0, 0.2812221809127549], "high_cosine": [0.33962647639919136, 0.7601011697302373, 0.44360355204315544, 0.547783697770115, 0.5143279911336808, 0.0, 0.8195450119881188, 0.15643237023078538, 1.0, 0.34067119497431986], "clip_cosine": [0.623885798538972, 0.28288988673681387, 0.8256819248039675, 0.04523825480865894, 0.8286307888211246, 0.022183499765431273, 0.8323168688425708, 0.0, 1.0, 0.6253602305475504], "dino_cosine": [0.0, 1.0, 0.7337902747952378, 0.724498758189436, 0.867157787686114, 0.6311591492652096, 0.7037178673637056, 0.6011960043536911, 0.25561546316802475, 0.4311625111889023], "clip_L2": [0.4460495316379207, 0.6998267982111245, 0.19993569128474153, 0.9098901546560189, 0.18016607107697252, 1.0, 0.2205268405323174, 0.9674753536935817, 0.0, 0.38882556861595424], "dino_L2": [0.8185084268715462, 0.35881070354784533, 0.4302949263110016, 0.30430178375766304, 0.0, 0.7551333167913935, 0.39642480369248156, 0.6828606245840164, 1.0, 0.5899681706807587], "rcnn_confidence": [0.0, 0.630768962835474, 0.0, 0.0, 0.0, 0.0, 0.0, 1.0, 0.0, 0.0], "yolo_confidence": [0.0, 0.0, 0.0, 0.0, 0.0, 0.0, 0.0, 0.0, 0.0, 0.0]}