{"pixel_L2": [0.15363391989559616, 0.0, 1.0, 0.08723859780310192, 0.09676098879665065, 0.2631789060497276, 0.0370327589299013, 0.3639431898895269, 0.41206986869475964, 0.12426021113809696], "pixel_cosine": [0.7144509813986857, 0.9559838589119665, 0.0, 1.0, 0.8253151656364599, 0.697249429390252, 0.8832913696762392, 0.5030530595074288, 0.4723960100512453, 0.7618863988922095], "low_L2": [0.043087722128256165, 0.04534014000811298, 1.0, 0.03943490682335936, 0.018791103562196702, 0.7901230467777022, 0.045187922896695584, 0.05124695466934885, 0.13768334254543385, 0.0], "low_cosine": [0.44940637707148645, 0.6206790778886765, 0.0, 0.6470765201387414, 1.0, 0.7528078620136381, 0.5644707140778493, 0.6344755511510661, 0.4591778548563429, 0.4379704348646799], "mid_L2": [0.11656714539235173, 0.13795453696672436, 1.0, 0.20389827390412485, 0.13863922120280348, 0.5979679401793457, 0.24124987378295648, 0.0, 0.3033171913837676, 0.054068269242739234], "mid_cosine": [0.7389581194089136, 0.6628437052343344, 0.0, 0.6310937295319228, 0.8340580353181294, 0.27581312407827624, 0.4817814569256578, 1.0, 0.5804786836200448, 0.7455590346885049], "high_L2": [0.6230542071408206, 0.8607292084621472, 0.5508621376308579, 0.5057442343638687, 0.0, 0.9477015246246875, 0.829519848557372, 0.3116350429189182, 0.28181996163314466, 1.0], "high_cosine": [0.4375712792019386, 0.328718331160563, 0.6527625177822435, 0.8313326135043212, 0.9983348419380732, 0.0, 0.5476228880324315, 0.93695550280183, 1.0, 0.31121535348475043], "clip_cosine": [0.3682959048877147, 0.5422721268163805, 1.0, 0.0, 0.5471598414795245, 0.3301188903566711, 0.6321003963011889, 0.45561426684280054, 0.25785997357992074, 0.42549537648612945], "dino_cosine": [1.0, 0.7824282941228067, 0.0, 0.5787763569867705, 0.33496684044131386, 0.14459398132081444, 0.28628197256470783, 0.9222132813661967, 0.7760824050309476, 0.839041709728965], "clip_L2": [1.0, 0.8823171238775277, 0.0, 0.8189940186492606, 0.8058370202903616, 0.6027731930621781, 0.7112526539278131, 0.08311075341715964, 0.9620305677984298, 0.9666217043490354], "dino_L2": [0.09540466038493371, 0.0, 0.21069973062266315, 1.0, 0.316427531664734, 0.7454776681477561, 0.3159161408836743, 0.09692088919193528, 0.5722597416579379, 0.6160419699311193], "rcnn_confidence": [0.0, 0.0, 0.0, 1.0, 0.0, 0.0, 0.0, 0.0, 0.0, 0.0], "yolo_confidence": [0.0, 0.0, 0.0, 0.0, 0.0, 0.0, 0.0, 0.0, 0.0, 0.0]}