{"pixel_L2": [0.38185116798609514, 0.5285156640254024, 0.09642370084341512, 0.4389616376721406, 0.05039125457847901, 0.1590111929743894, 0.3956482933693152, 1.0, 0.0, 0.9627345210396382], "pixel_cosine": [0.655992945595684, 0.47603550809416517, 0.9553621457609348, 0.5640378132735283, 0.9671859106326398, 0.8276871482778853, 0.6746600381187793, 0.0, 1.0, 0.04568490558832413], "low_L2": [1.0, 0.0, 0.5143283701861963, 0.8954873118537484, 0.23947181261940675, 0.150222907314561, 0.1979013952044614, 0.009504480412772054, 0.13012884135374914, 0.32827979751170977], "low_cosine": [0.0, 0.6446902509612217, 0.25042665798828173, 0.4443119630806591, 1.0, 0.8152853593187738, 0.7025913165625977, 0.8000541453405219, 0.982139737938173, 0.6362474685229548], "mid_L2": [0.7779941050809875, 0.2844728619856388, 0.7826021224658363, 1.0, 0.5537745427012889, 0.0, 0.5778925787443675, 0.5768097130959141, 0.23993893670213942, 0.10532189748544092], "mid_cosine": [0.6799380315700249, 0.5279716449370565, 0.4006108272272624, 0.2742258413636162, 0.0, 1.0, 0.2232883513181111, 0.18448738139097992, 0.37156506801687816, 0.8541061465752264], "high_L2": [1.0, 0.3969180445796961, 0.7276218795107212, 0.6343892442279246, 0.0, 0.351452642507797, 0.4875406406271627, 0.5603251438487533, 0.6463396836127764, 0.5402238243603035], "high_cosine": [0.0, 0.47828718767703726, 0.30363415600698507, 0.5477465714893124, 0.9613123928373908, 1.0, 0.5150274094786479, 0.13762084062596622, 0.35437860829446016, 0.24931402073911965], "clip_cosine": [0.33252601363473266, 0.7412988876928597, 0.8832077502691066, 0.3408683171869394, 1.0, 0.0, 0.8123430211697166, 0.7378902045209903, 0.058575529242913524, 0.8327054180121995], "dino_cosine": [0.876644882435357, 0.0, 0.8333521566999484, 0.9226756449038024, 0.9939378584706676, 0.7042615084537266, 1.0, 0.8585469785444145, 0.7053451238831893, 0.8603051827341907], "clip_L2": [0.6914997831671893, 0.24529623242907475, 0.18725110286029623, 0.5472895026537763, 0.0, 1.0, 0.19099667435810838, 0.3233436164485947, 0.8290212783956683, 0.17360775129876205], "dino_L2": [0.5734327929762166, 0.7800875775202685, 0.5423443740844557, 0.47480077457185965, 0.5273787601586586, 0.6136707537804061, 0.36241568309950295, 0.5848788096750396, 1.0, 0.0], "rcnn_confidence": [0.0, 0.0, 0.0, 0.0, 0.0, 0.0, 1.0, 0.5696345797201862, 0.0, 0.0], "yolo_confidence": [0.0, 0.0, 0.0, 0.0, 0.0, 0.0, 0.0, 0.0, 0.0, 0.0]}