{"pixel_L2": [0.6021212743112253, 0.05864139697156267, 0.0, 0.5037996746110353, 0.09697423954457442, 0.9922251667841517, 0.6014490813859071, 1.0, 0.7422467304952515, 0.16887508811378502], "pixel_cosine": [0.48435777386423834, 0.7806079349397935, 1.0, 0.37264292770929086, 0.23954440674083302, 0.0, 0.331829961485045, 0.7091476597511561, 0.18349011354036912, 0.8574660309551423], "low_L2": [0.0, 1.0, 0.12989086717971499, 0.7079866655461243, 0.7080566994425301, 0.8047034764826176, 0.5069153470279615, 0.9723266060773414, 0.8001572761216429, 0.26452202866187235], "low_cosine": [1.0, 0.0, 0.39647121052907736, 0.08464613547635963, 0.2986665645637725, 0.30333919006879184, 0.45532785664753656, 0.6188910207595038, 0.5400136988049707, 0.5883679277792195], "mid_L2": [0.26683765673226806, 0.7379711801005654, 0.0, 0.15216459760406897, 1.0, 0.8869726685007732, 0.616804224655277, 0.6599574801943408, 0.08568341168652925, 0.12681625192260318], "mid_cosine": [1.0, 0.350195937602379, 0.37649945817897734, 0.9305776064111287, 0.1725195937602379, 0.6649561502986315, 0.278203044278118, 0.0, 0.9770088329427182, 0.33747259393664475], "high_L2": [0.0, 0.22377134953308928, 0.42520376425263506, 0.6089120382942823, 0.9123297740217324, 0.7866857124235545, 0.6168453564199771, 1.0, 0.5932119618940027, 0.6900484109828118], "high_cosine": [0.7461997394878394, 0.0, 0.5549814514441778, 0.2999365592147741, 0.6240391083195166, 1.0, 0.3634004035913784, 0.47232845679165103, 0.5698287323766223, 0.5192976970095093], "clip_cosine": [0.32365747460087085, 0.41364296081277213, 1.0, 0.3904208998548621, 0.0, 0.521044992743106, 0.11030478955007257, 0.648766328011611, 0.591799709724238, 0.12663280116110304], "dino_cosine": [0.788281000004507, 0.470188706457123, 0.9394399650259826, 1.0, 0.7163183536972855, 0.6511612185019763, 0.0, 0.4311539172251542, 0.736996290771096, 0.08766039147463257], "clip_L2": [0.5513606700523043, 0.3214437414907518, 0.0, 0.4620585623122983, 1.0, 0.10114187415841744, 0.7107771146844244, 0.06231167546708221, 0.32651721530686856, 0.7861081734871445], "dino_L2": [0.32417093282178416, 0.3267294576161091, 0.819167206020828, 1.0, 0.8140781950600611, 0.0, 0.42216593727291635, 0.7991336063984149, 0.94839256882899, 0.8770763188085452], "rcnn_confidence": [0.0, 0.0, 0.0, 0.0, 0.0, 0.0, 0.0, 0.0, 0.0, 0.0], "yolo_confidence": [0.0, 0.0, 0.0, 0.0, 0.0, 0.0, 0.0, 0.0, 0.0, 0.0]}