{"pixel_L2": [1.0, 0.36260694608018995, 0.5820331564932167, 0.1665842126846422, 0.8053865929237437, 0.5693405986884037, 0.2723843947822206, 0.6141324100577269, 0.0, 0.11911991264645541], "pixel_cosine": [0.0, 0.5998992219776283, 0.3738857947095548, 0.80431688138801, 0.0018498247077236864, 0.3337209411116858, 0.7771068153476641, 0.5192079702851857, 1.0, 0.8676680313133622], "low_L2": [0.9126934478216708, 0.18755215172988582, 0.5552963498961152, 0.5094957607067645, 1.0, 0.7840306764643779, 0.0011355572259433779, 0.7524186416594504, 0.407923483540167, 0.0], "low_cosine": [0.2800084201912629, 0.9302843741707668, 0.2230179566508393, 0.49412270226301114, 0.0, 0.20064261137746578, 1.0, 0.5558065329756587, 0.71725522942374, 0.8602070358999598], "mid_L2": [0.8998518847929077, 0.1347054269801251, 0.1768544756562846, 0.29000814095690314, 0.4512113836091644, 0.4635263100459613, 0.2697433574863758, 1.0, 0.0, 0.03594368240738701], "mid_cosine": [0.0, 0.8012666942175813, 0.40175064240003927, 0.4370734381904777, 0.0199921438976088, 0.36965979394098103, 0.6443129183783696, 0.12036945162768621, 1.0, 0.7689047693088267], "high_L2": [0.6850668430530304, 0.5065035410551089, 0.46147047125980856, 0.5731877192582946, 0.0, 0.24875402416697956, 0.5745663997039986, 1.0, 0.3597227952013447, 0.3433004338871533], "high_cosine": [0.36785795683103145, 0.5048473338525701, 0.5152538291607941, 0.4511926381392561, 1.0, 0.7986280489133757, 0.4736946816530479, 0.0, 0.7375933601759529, 0.7699703287318475], "clip_cosine": [0.031326083428014934, 0.7148190228858952, 0.19737055672780393, 0.845155007304009, 0.724070767732511, 0.0, 1.0, 0.36292809608829735, 0.20467456581723747, 0.5305956825190716], "dino_cosine": [0.0, 0.5003759545721559, 0.3338241629136479, 0.33571372625807716, 1.0, 0.7196083806540043, 0.2494458586254161, 0.1407088310162522, 0.48876248286665364, 0.28702173487370275], "clip_L2": [0.8697149872404681, 0.4382547648479557, 0.8008400566287165, 0.3151934710952416, 0.24910479983149172, 1.0, 0.0, 0.6873573058554928, 0.8618966328276014, 0.5867238751480236], "dino_L2": [1.0, 0.33021182807355975, 0.6397869453273797, 0.7989621469989434, 0.0, 0.19718494552802587, 0.5021259445727421, 0.7359577033213106, 0.6432375976296791, 0.6452802605550583], "rcnn_confidence": [0.2267644022763882, 0.0, 0.09167882496494269, 0.08408450372678888, 0.4706343603132765, 0.0, 1.0, 0.0, 0.23743908782194212, 0.0], "yolo_confidence": [0.0, 0.0, 0.0, 0.0, 0.0, 0.0, 0.0, 0.0, 0.0, 0.0]}