{"pixel_L2": [0.5649172623127386, 0.18542645810894612, 0.2150578103071249, 0.4312640751982767, 0.2815498629198081, 0.221628276053396, 0.0, 1.0, 0.3567511994516792, 0.27992509546656225], "pixel_cosine": [0.5854611510759752, 0.0, 0.36470276101792487, 0.4307108863118021, 0.233243503939603, 0.179177780902703, 0.6781192735134756, 1.0, 0.28421115656900786, 0.17420823427564477], "low_L2": [0.3396318778971132, 0.46891199336529005, 0.12281783397916896, 0.18390166027559954, 0.47071870697174445, 0.0, 0.5145088018410311, 1.0, 0.5278034551294938, 0.35376428107013297], "low_cosine": [0.7626823978526504, 0.07350777448395406, 0.1790243112691126, 0.44673525508089573, 0.0, 0.4336028867776574, 1.0, 0.1327518716276956, 0.3486632701006263, 0.3316140708243791], "mid_L2": [0.0, 0.5093832490159217, 0.3999836233160084, 0.17054459227543894, 0.4951372222611473, 0.4631604805290513, 0.4917116251664048, 0.9056247156239474, 1.0, 0.63317747344909], "mid_cosine": [0.9410356321991593, 0.37047668331144007, 0.32804283117423055, 0.675236734675825, 0.18816039133646179, 0.0, 0.8212618183051227, 0.5843281128601147, 1.0, 0.45074238048271315], "high_L2": [1.0, 0.5026433604440187, 0.4193829963025893, 0.48549857401271995, 0.31480968079295324, 0.20349483542816674, 0.0, 0.6005094576307475, 0.29297107675078027, 0.2681597215550535], "high_cosine": [0.0, 0.49769347190980917, 0.7263598654791019, 0.21566368794291446, 0.4167670340398706, 0.47976372988870875, 0.7872683476055329, 0.5627639089555497, 1.0, 0.5920629235973301], "clip_cosine": [1.0, 0.44957694946261145, 0.38097415961582437, 0.4031557283329522, 0.5028584495769495, 0.15344157329064714, 0.0066316030185227534, 0.37297050080036587, 0.8271209695860965, 0.0], "dino_cosine": [0.5531402129063501, 0.8914483465632814, 0.7402786076978191, 0.0, 1.0, 0.5391900043328905, 0.41227595698827285, 0.4172092219771008, 0.3020506183572964, 0.9261681104915424], "clip_L2": [0.04271107365607929, 0.460955027388992, 0.31472666051695536, 0.42142794778059955, 0.6143125040333755, 0.9026352651778291, 1.0, 0.89455238073546, 0.0, 0.9958916511974855], "dino_L2": [0.6819091703819469, 0.0, 0.4680006804398116, 0.6499196298698522, 0.21471446544084405, 1.0, 0.32952344651861337, 0.6391710914964127, 0.5969160521027682, 0.5334281976805008], "rcnn_confidence": [0.0, 0.0, 0.0, 0.0, 0.0, 0.0, 0.0, 0.0, 0.0, 0.0], "yolo_confidence": [0.0, 0.0, 0.0, 0.0, 0.0, 0.0, 0.0, 0.0, 0.0, 0.0]}