{"pixel_L2": [0.5842521023420989, 0.6520304214256636, 0.0, 0.5325638500708743, 0.6786017616561264, 0.529069000351778, 0.7200209356129809, 0.44538496577671505, 0.22923386102458207, 1.0], "pixel_cosine": [0.7665775471725229, 0.6908794457561767, 0.9305952771149577, 0.6532624271625462, 0.22717404355713344, 1.0, 0.6168915670582084, 0.7501322420792673, 0.6498452269301896, 0.0], "low_L2": [0.4240455279451025, 0.08387642105775654, 0.5715141990819758, 1.0, 0.9685248047778375, 0.2091753740123936, 0.3639609204045366, 0.48382205368034686, 0.6601941537487794, 0.0], "low_cosine": [0.40530570133562976, 0.9678236855005509, 0.542935612009366, 0.2077419793224572, 0.0, 0.45324775817633806, 1.0, 0.4075327909829217, 0.43594205129378516, 0.6327680325271574], "mid_L2": [0.4598741021448246, 0.10342499098303516, 0.5630839798861031, 0.6899029402583623, 0.669619217214235, 0.11848938747717454, 0.918208446348655, 0.20461555381955396, 1.0, 0.0], "mid_cosine": [0.29970062029932465, 1.0, 0.20517270132430385, 0.09054314786136547, 0.021459636041820024, 0.5556228948968733, 0.0, 0.41219889125596104, 0.05487060332659915, 0.4837268058725309], "high_L2": [0.14079765829247093, 0.15061823390557696, 0.5336558129625705, 0.7078055784405162, 0.4778742408772111, 0.0, 1.0, 0.10184399268839674, 0.566250355551073, 0.05731086666069832], "high_cosine": [0.42863853755969283, 1.0, 0.6318312145527996, 0.47081103752862746, 0.04247306899707013, 0.6828602357620955, 0.5228764726126508, 0.47905093303361673, 0.0, 0.6315119162383093], "clip_cosine": [0.6631411951348493, 1.0, 0.7780274986779482, 0.4558434690639873, 0.6221575885774723, 0.23294553146483343, 0.5409836065573771, 0.3742067689053411, 0.0, 0.45511634056054995], "dino_cosine": [0.8968672708755895, 0.6766219928624612, 0.642149563103888, 0.3256373719479319, 1.0, 0.23541468758290757, 0.4316242607854716, 0.42672469126293355, 0.0, 0.6520021908992101], "clip_L2": [0.2726131588519817, 0.0, 0.2029601495705833, 0.4938221594743093, 0.4507255058167368, 0.6802955274803095, 0.46789740415981923, 0.6922803023097656, 1.0, 0.5849029510623681], "dino_L2": [0.09336243548947777, 0.2778331149557451, 0.4936813113351338, 0.3835641896408803, 0.0, 0.5874267989410915, 0.26318822365430383, 0.6735934700644437, 1.0, 0.06911717517447924], "rcnn_confidence": [0.0, 0.41833857225278503, 0.0, 0.0, 0.0, 1.0, 0.0, 0.0, 0.0, 0.0], "yolo_confidence": [0.0, 0.0, 0.0, 0.0, 0.0, 0.0, 0.0, 0.0, 0.0, 0.0]}