{"pixel_L2": [0.0, 0.2189557651183249, 0.09007484375962953, 0.03129988606819656, 0.7535517108041054, 0.10200686863155851, 0.126042170583561, 0.09947408119645301, 1.0, 0.1777417942104755], "pixel_cosine": [0.6910803166299212, 0.14344792029088707, 0.095778568170797, 0.14600057326528662, 0.2124903329084921, 0.11777897558574912, 0.0, 1.0, 0.6052689930180615, 0.07188350095634351], "low_L2": [0.09696111414301208, 0.19687586783367989, 0.0, 0.04334629758837224, 0.9568291688830246, 0.23884413188999495, 0.07998120988967718, 0.08383484045676548, 1.0, 0.17620619382827774], "low_cosine": [0.939516885332305, 0.9725132000976582, 0.9972033291804151, 0.8213221787836525, 0.0, 0.5542479742735624, 0.9643961485787694, 1.0, 0.2466204711274387, 0.7854432707531521], "mid_L2": [0.15894850370986394, 0.5984185973985472, 0.004017828137791234, 0.09091570617357746, 0.788719674623491, 0.24757656873318867, 0.17570071598425094, 0.0, 1.0, 0.21222500877113193], "mid_cosine": [0.6625740717265399, 0.16850250180973128, 0.5491035528488034, 0.48080510160680645, 0.33659191012181855, 0.8759877657759868, 0.6750383359575864, 1.0, 0.0, 0.7526157285838675], "high_L2": [0.35007448947063685, 1.0, 0.19959570462780993, 0.654504291646238, 0.7468351585570038, 0.7145879303992151, 0.0019871744449366383, 0.6352387536867704, 0.0, 0.36849252118617754], "high_cosine": [0.4493800631451854, 0.27109808875577207, 0.3384163099063999, 0.02114522348617678, 0.22751734773025545, 0.3403081475221871, 0.7290987409653316, 0.30836676777347816, 1.0, 0.0], "clip_cosine": [0.0, 0.8903612270829552, 0.5193320021782538, 0.8148484298420766, 0.7115628970775095, 1.0, 0.9809402795425667, 0.3044109638772917, 0.8398983481575604, 0.39989108731167183], "dino_cosine": [0.377801161713949, 0.7377514942335214, 0.8553076858321408, 0.6063978449364424, 0.3989645593063389, 1.0, 0.5736341442882398, 0.10298004882565873, 0.8595673036450879, 0.0], "clip_L2": [1.0, 0.07050007382979771, 0.5642245410247576, 0.2334514610096635, 0.27940476776426965, 0.0, 0.13774425358074519, 0.7046176436809897, 0.05447572640317632, 0.6123291660514184], "dino_L2": [0.7821644468737993, 0.15595053187664823, 0.10315987070128549, 0.26843979499613047, 0.4819434855451243, 0.0, 0.6052264544365834, 1.0, 0.18491131008110936, 0.9725437380502675], "rcnn_confidence": [0.0, 0.0, 0.0, 0.0, 0.0, 0.0, 0.0, 0.0, 0.0, 0.0], "yolo_confidence": [0.0, 0.0, 0.0, 0.0, 0.0, 0.0, 0.0, 0.0, 0.0, 0.0]}