{"pixel_L2": [0.6626460351955034, 0.4234440613715462, 0.9906178003627392, 0.49255077531412883, 0.0, 0.8301955850394601, 0.0854855312821686, 0.11409290697864415, 0.6504403522818255, 1.0], "pixel_cosine": [0.08189361352043814, 0.5766165996756223, 0.0, 0.5194744141221823, 1.0, 0.3507745104952636, 0.6134499212561408, 0.5944338669111252, 0.5571539383682392, 0.267541076087723], "low_L2": [0.578521463929238, 0.2727744867321269, 0.6299440071411182, 1.0, 0.4900787145987178, 0.6204138602613, 0.37446076442424736, 0.0, 0.13500284021747952, 0.3574616570640266], "low_cosine": [0.41601234816455274, 0.702145269892401, 0.3589300494373979, 0.0, 0.5113974453616088, 0.35732501174417824, 0.6194438851978614, 1.0, 0.847018097219426, 0.6297955394492539], "mid_L2": [0.6651754385964912, 1.0, 0.9250751879699248, 0.3256265664160401, 0.8665225563909774, 0.9212218045112782, 0.7876691729323309, 0.1874749373433584, 0.0, 0.8115225563909775], "mid_cosine": [0.4825556303623526, 0.0, 0.10186959448961624, 0.859253888514855, 0.4015312375921418, 0.21546083864173873, 0.4407530167279507, 1.0, 0.8527370656170697, 0.10242201391406425], "high_L2": [0.6244366823122145, 0.69548618149875, 0.6643588184232823, 0.6235348542261171, 1.0, 0.0, 0.3414419893236029, 0.6721867901677349, 0.2531693929423506, 0.7866253956868188], "high_cosine": [0.5141964209462127, 0.3112064130291776, 0.33984853765669615, 0.2479393781319029, 0.0, 1.0, 0.7357487599338016, 0.43917847489745937, 0.8189907280671587, 0.29279180506090113], "clip_cosine": [0.8007319088655412, 0.5252036359343643, 0.8478337858576319, 0.33337268327234093, 0.12229961043560382, 0.0, 0.4469366072482588, 1.0, 0.43560382481407156, 0.3405737221107307], "dino_cosine": [0.6409587169719115, 0.0, 0.5955440541110877, 1.0, 0.21085775847707053, 0.7228805935337694, 0.116229994335662, 0.7108299921143529, 0.34130413052411784, 0.11274253917833779], "clip_L2": [0.29926341139704243, 0.43123757537545576, 0.6316740296737101, 0.8642327717870875, 0.7864324899343447, 1.0, 0.8702772031801281, 0.0, 0.5882589187391768, 0.5624516870139011], "dino_L2": [0.22212675574125482, 1.0, 0.512712428063947, 0.03315982179267152, 0.7322157939843033, 0.0, 0.3584754245290219, 0.04874969197521845, 0.41227345186199615, 0.7316902437375563], "rcnn_confidence": [0.0, 0.0, 0.0, 0.0, 0.0, 0.0, 0.0, 0.0, 0.0, 0.0], "yolo_confidence": [0.0, 0.0, 0.0, 0.0, 0.0, 0.0, 0.0, 0.0, 0.0, 0.0]}