{"pixel_L2": [0.4219730411477219, 0.0, 0.5090651111461454, 0.8237032949708339, 0.12582374270849755, 0.1414709128172789, 0.20406353460507645, 1.0, 0.101911556046035, 0.03199984234589311], "pixel_cosine": [0.6484894183441747, 1.0, 0.6601713377490431, 0.0, 0.5631349048453366, 0.6418240853303319, 0.6957271082523065, 0.7730005649705094, 0.1564616578477042, 0.7329602036531828], "low_L2": [0.63407021667857, 0.6216588591898594, 0.45205009532057516, 0.42342018096850204, 0.29129292940653806, 0.14150747099611408, 0.8815775414602325, 1.0, 0.0, 0.5364045866348744], "low_cosine": [0.6437392199683895, 1.0, 0.43768731841999986, 0.0, 0.3385372603799818, 0.767679251841213, 0.7745686347807268, 0.4322538545786032, 0.5438480859910415, 0.9269023681639024], "mid_L2": [1.0, 0.16120469684054453, 0.08568763067217908, 0.5251334834530497, 0.3811934795103247, 0.5898802466702021, 0.0, 0.5840383499418309, 0.2679761881623847, 0.22628603636747308], "mid_cosine": [0.0, 0.6377361885057689, 0.6744753076191062, 0.04133624342507066, 0.18474190295380624, 0.1916778320132185, 1.0, 0.21192222290608326, 0.03171589677065037, 0.6426741912422651], "high_L2": [1.0, 0.6069375464393258, 0.0, 0.12736381056665755, 0.5065746353290838, 0.5199202221266278, 0.34905166008368854, 0.18734034648625397, 0.26733956435024053, 0.1141613546595753], "high_cosine": [0.0, 0.15809765442322302, 0.7645567299580354, 0.2802682257235056, 0.27634520700332643, 0.3680754835411886, 0.32724579227110934, 0.43757739222574216, 0.4392289442651681, 1.0], "clip_cosine": [0.5873246250604741, 0.2709240445089502, 0.0, 0.7044025157232704, 0.47701983551040156, 0.6105466860183841, 0.03918722786647315, 0.5607160135462023, 1.0, 0.2636671504596033], "dino_cosine": [1.0, 0.8995146081648476, 0.57722862556033, 0.36909981381483037, 0.0, 0.6713094659597818, 0.05303820344961262, 0.48154801229586514, 0.3242734137405747, 0.26948801808343936], "clip_L2": [0.5193859220426565, 0.6697612975432545, 0.9037617612374965, 0.14078457732935468, 0.4453633077745512, 0.341605883245793, 1.0, 0.47993855217310805, 0.0, 0.6706736743431971], "dino_L2": [0.0, 0.25282485274741484, 0.610372425295817, 0.6443415721030633, 1.0, 0.08805654953118862, 0.6609212274901749, 0.24819134255496886, 0.37987337625038825, 0.296527632995358], "rcnn_confidence": [0.0, 0.0, 0.0, 0.0, 0.0, 0.0, 0.0, 0.0, 0.0, 0.0], "yolo_confidence": [0.0, 0.0, 0.0, 0.0, 0.0, 0.0, 0.0, 0.0, 0.0, 0.0]}