{"pixel_L2": [0.08785248421997498, 0.5192845752045913, 0.37573170615253865, 0.10715138319916731, 0.4281471720094346, 1.0, 0.548667411502946, 0.775317271607414, 0.373774123623724, 0.0], "pixel_cosine": [1.0, 0.495016678255787, 0.6375326258931181, 0.5974745795164818, 0.0, 0.08996180629037297, 0.6387721578942065, 0.7772167971702392, 0.6322117080347875, 0.5449305156654675], "low_L2": [0.0, 0.534116975470864, 0.2896018322885158, 0.5326620047269145, 0.15009519964078236, 0.7513287920610113, 0.2727165139179438, 1.0, 0.2611463637914171, 0.3250223640838035], "low_cosine": [0.924595005817596, 0.6503282598280519, 0.6824619223864252, 0.5046014288647528, 0.8215656440684213, 0.4147735349397971, 0.5257290421762547, 0.0, 1.0, 0.33874466281634824], "mid_L2": [0.4739725239570678, 0.729348037066059, 0.5131413413082392, 0.587611338360783, 0.44926421428725477, 1.0, 0.7328059064146711, 0.8525768675010603, 0.5213906242137122, 0.0], "mid_cosine": [0.17566895271930386, 0.3032178708883863, 0.4462792890956205, 0.18498103095174873, 0.0, 0.48534515121826155, 0.1459380598768767, 0.04247968037993035, 1.0, 0.3005060447626809], "high_L2": [0.45276544174513444, 0.3521539111646189, 0.23188888800299787, 0.5610023679867329, 0.0, 1.0, 0.6680369629174873, 0.5993079419245274, 0.5597920636565861, 0.04672189311370323], "high_cosine": [0.0, 0.04666901563918612, 0.8981062505573937, 0.022269429097336646, 0.6924166687378561, 0.5785256152529215, 0.3816666106227165, 0.16930292534799637, 0.9034806217077225, 1.0], "clip_cosine": [0.46524064171123, 0.4466813463353256, 1.0, 0.37275872916011327, 0.4768795218622208, 0.8722868826675055, 0.9087763447625039, 0.030827304183705568, 0.0, 0.6923560868197547], "dino_cosine": [1.0, 0.5576228837873373, 0.812937418389984, 0.5984312804131443, 0.6066724800860266, 0.7379262358410859, 0.1357584027253792, 0.0, 0.21543236929972392, 0.5177181274765392], "clip_L2": [0.6363359367958209, 0.5389872752995027, 0.06286617314527791, 0.6269080192653611, 0.5402217319230482, 0.0, 0.014984931791372912, 0.8228564542486861, 1.0, 0.41629012473890264], "dino_L2": [0.0, 1.0, 0.7322061740691782, 0.6578378496408062, 0.5941672363490387, 0.5467724624219591, 0.6260504131107009, 0.8680968353654337, 0.3567029079835596, 0.9370230834737243], "rcnn_confidence": [0.0, 0.0, 0.0, 0.0, 0.0, 0.0, 0.0, 0.0, 0.0, 0.0], "yolo_confidence": [0.0, 0.0, 0.0, 0.0, 0.0, 0.0, 0.0, 0.0, 0.0, 0.0]}