{"pixel_L2": [0.17468922410782875, 0.6912624834136462, 0.2943335777638103, 0.09476045813255116, 1.0, 0.4318213562399609, 0.8571216565402612, 0.7271151965919408, 0.37601264054752426, 0.0], "pixel_cosine": [0.996290607702785, 0.8013388587822761, 0.83001709798012, 0.9570985597125221, 0.0, 0.5532848407569478, 0.34275944011360016, 0.5891963949343612, 0.9315327324890602, 1.0], "low_L2": [0.0, 0.9217504158779326, 0.9531814661848219, 0.122805885389778, 1.0, 0.7346770492743647, 0.7349961280330408, 0.630911919921987, 0.8694394252280159, 0.39064202948431137], "low_cosine": [1.0, 0.44797823648873936, 0.4171895365402686, 0.9068180210764551, 0.0, 0.5631434835763289, 0.30870540450425876, 0.7724733007992078, 0.26675962131086256, 0.8890884382609399], "mid_L2": [0.536967427301818, 0.2697064125316155, 0.3964758324832665, 0.0, 0.3382334446571552, 0.8780794544666937, 0.5714684962899823, 1.0, 0.1081005547559493, 0.9854254293419784], "mid_cosine": [0.0, 0.4384003419544996, 0.7004165975527287, 0.784732943743381, 0.7482854426907226, 0.6322968369208783, 1.0, 0.31007489824301737, 0.639646306763809, 0.3161117349087058], "high_L2": [0.8729377166830795, 0.6625207408706444, 1.0, 0.7625220898703611, 0.46777914176638025, 0.7450727785347165, 0.30478625099488726, 0.3342753848021692, 0.0, 0.40719556448893146], "high_cosine": [0.8422327249404578, 0.12403158376384918, 0.13106714482931237, 0.25952284113085206, 0.3957063132330339, 0.0, 0.9260542586849484, 0.5229682324277183, 0.9624942804290949, 1.0], "clip_cosine": [0.44717444717444715, 0.27225927225927227, 0.21785421785421785, 0.4747864747864748, 0.5587925587925588, 0.17152217152217153, 0.0, 1.0, 0.22627822627822627, 0.06095706095706096], "dino_cosine": [0.3600876941743781, 0.849706557795356, 0.3860887044279309, 0.8437283563591295, 0.0, 0.9745457764631752, 0.3614937171602502, 0.719352604527394, 0.79906369284126, 1.0], "clip_L2": [0.5308025051260896, 1.0, 0.9791806916202596, 0.4335346204558409, 0.3571892480529163, 0.9182631141595141, 0.9563305205331252, 0.0, 0.8995885486389839, 0.8646421701760931], "dino_L2": [1.0, 0.3283041919167393, 0.148423143081331, 0.2927338576317626, 0.6648434644590585, 0.0, 0.663785325607727, 0.5823060781642568, 0.05566730478743933, 0.03970065405249289], "rcnn_confidence": [0.0, 0.0, 0.0, 0.0, 0.0, 0.0, 0.0, 0.0, 0.0, 0.0], "yolo_confidence": [0.0, 0.0, 0.0, 0.0, 0.0, 0.0, 0.0, 0.0, 0.0, 0.0]}