{"pixel_L2": [0.4516126988953076, 0.36042490118577075, 0.6529276882537752, 0.4772663930272626, 0.5341194131955002, 0.0, 0.7499334904226208, 1.0, 0.22512225093746832, 0.16831357048748352], "pixel_cosine": [0.5974424311060778, 0.3569035485088713, 0.0, 0.0750047187617969, 0.46644960362400906, 0.5608720271800679, 0.5556342015855039, 0.8437382030955077, 1.0, 0.26094752736881843], "low_L2": [0.3356159291596798, 0.2826013332121823, 0.7378676865381915, 0.39068733944044737, 0.4510701216741973, 0.015050263916537944, 0.5641949100040475, 1.0, 0.07763028555852008, 0.0], "low_cosine": [0.0, 0.6016422794344631, 0.0007408779403593258, 0.24835463357411866, 0.7525961597826758, 0.37452614681731183, 0.43340124714453293, 0.19559177625486202, 0.7465209606717294, 1.0], "mid_L2": [0.5028949735876912, 0.3009503817674333, 0.9256649212244239, 1.0, 0.8075822933727019, 0.41065950035754656, 0.5344282715508293, 0.8209153191391202, 0.0, 0.08876381167677792], "mid_cosine": [0.6108343765979581, 0.41276691411140304, 0.1808315553753108, 0.0, 0.16866503270855007, 0.18745702043623155, 0.27846789977606545, 0.2777581859538377, 0.8253178283638672, 1.0], "high_L2": [0.7651787588329951, 0.0, 0.8393339396907578, 0.6242006576645911, 0.7242496326873294, 0.22004477716364654, 0.6606380745819632, 1.0, 0.4269572518015812, 0.9589449380815784], "high_cosine": [0.3214238975902539, 0.8667293244264138, 0.32116588047040906, 0.0391122723946963, 0.418866628199561, 0.0, 0.3530618527265048, 0.8015238624939771, 0.9258487053042966, 1.0], "clip_cosine": [0.10956271023546373, 0.40269101393560786, 1.0, 0.7078327727054301, 0.6429601153291686, 0.8457472369053339, 0.0, 0.49711677078327726, 0.7890437289764536, 0.4163863527150408], "dino_cosine": [0.4735612998070503, 1.0, 0.18171725215154205, 0.9563413065449756, 0.47706042693945055, 0.8884031116964258, 0.0, 0.2122752748767266, 0.9093442773575082, 0.8968331750941778], "clip_L2": [0.49003542225312013, 0.35078375873141987, 0.0, 0.11340707451915119, 0.7839966729565995, 0.2629771245075645, 0.26864840930910056, 0.18077556526632899, 0.48429999668950907, 1.0], "dino_L2": [0.5641608272182413, 0.2840398796276655, 1.0, 0.38444723283849325, 0.28037981282605334, 0.24133071112437396, 0.6030876870031675, 0.40560946583877727, 0.5450623254007917, 0.0], "rcnn_confidence": [0.0, 0.0, 0.0, 0.0, 0.0, 0.0, 0.0, 0.0, 0.0, 0.0], "yolo_confidence": [0.0, 0.0, 0.0, 0.0, 0.0, 0.0, 0.0, 0.0, 0.0, 0.0]}