{"pixel_L2": [0.2231770710144699, 1.0, 0.5764413398718575, 0.5238020151689556, 0.25260042994475895, 0.7768176729371324, 0.8287369190095503, 0.2569366698728562, 0.0, 0.46696836384469426], "pixel_cosine": [0.8372118493545331, 0.059961048175502255, 0.32377156516811667, 0.2885244496507193, 1.0, 0.32390013475997964, 0.0, 0.2845816488335881, 0.5631443360332947, 0.4649695480540754], "low_L2": [0.6625545589716533, 0.7344860664780085, 0.5984843397764881, 0.9415751354981055, 0.0, 0.5477432970406254, 0.9937838745263562, 1.0, 0.8816969638831599, 0.7750779413880762], "low_cosine": [0.5534763145965549, 0.5268444016319129, 0.567047257479601, 0.627882762919311, 1.0, 0.8803263825929284, 0.0, 0.29837658658204896, 0.682641092475068, 0.6309213508612874], "mid_L2": [0.2820363748874045, 0.17119751678639422, 0.4647941093542197, 0.6536625654051815, 0.0, 0.34672418912546066, 1.0, 0.35771300817673934, 0.33166820952613835, 0.28190163459930984], "mid_cosine": [0.873377651155429, 0.880937505206511, 0.7219306576031722, 0.46493310674597227, 1.0, 0.6287757618166975, 0.0, 0.7593134069742257, 0.9667324769663951, 0.8843842155245664], "high_L2": [0.0, 0.22849998723331302, 0.6527242286185351, 0.5324182658461942, 0.8010694836057501, 0.4378298820722886, 0.48390303154101205, 0.27339313006335925, 1.0, 0.1297733730681267], "high_cosine": [0.6254690710478676, 0.6408638891468813, 0.23844614665161076, 0.24999388965200345, 0.320123575677882, 0.562040399991527, 0.8269386504766886, 0.8817346218835188, 0.0, 1.0], "clip_cosine": [0.7304011402972918, 0.6953777234779067, 0.6952759112197109, 0.0, 1.0, 0.22938301771533293, 0.7739767868051314, 0.5501934432905722, 0.7039299531663612, 0.5013235593565465], "dino_cosine": [0.6864221427972657, 1.0, 0.2563690262991442, 0.8355065119150136, 0.7195951867460239, 0.8986290304143392, 0.6715464750306734, 0.7084841603097065, 0.3213357618064182, 0.0], "clip_L2": [0.3409649312717027, 0.38991684496242884, 0.36302493880673714, 1.0, 0.0, 0.8893667412208759, 0.3102434863941778, 0.6099232859530163, 0.35777545443268816, 0.5767121208502416], "dino_L2": [0.5848530911935358, 0.0, 0.40854370706675647, 0.27462491583034626, 0.21040733408330006, 0.576141112020569, 0.29051668407180864, 0.30325402233503085, 0.32620730532113495, 1.0], "rcnn_confidence": [0.0, 0.0, 0.0, 0.0, 0.0, 0.0, 0.0, 0.0, 0.0, 0.0], "yolo_confidence": [0.0, 0.0, 0.0, 0.0, 0.0, 0.0, 0.0, 0.0, 0.0, 0.0]}