{"pixel_L2": [0.3995456839979808, 0.409806202401071, 0.7082940104909685, 0.2436114098427818, 0.5980181287448149, 1.0, 0.3556577339800569, 0.0, 0.778314275472057, 0.7956309578678606], "pixel_cosine": [0.6195642879965438, 1.0, 0.33954664710567883, 0.757073232198226, 0.575876081742128, 0.2789285858935876, 0.9311735242629753, 0.823051064078736, 0.0, 0.7524965010733042], "low_L2": [0.2607946572885029, 0.30050976003978613, 0.38912275092804743, 0.0025043960142803858, 0.0, 0.4001349887213371, 0.23882346672350402, 0.442017015683558, 0.2455018560949184, 1.0], "low_cosine": [0.7186142586608834, 0.688114449284692, 0.6033587290079437, 1.0, 0.9986250085936963, 0.5755651527177955, 0.7635327279204505, 0.5595652527171705, 0.735820401122493, 0.0], "mid_L2": [0.5696050427092203, 0.30953885028427036, 0.6490084869125765, 0.6972657859320498, 0.5574445878766239, 0.6404391771265346, 0.6873025900189513, 1.0, 0.5907467933752644, 0.0], "mid_cosine": [0.5135076688526186, 0.7112516151355092, 0.40262692667419947, 0.2472981959139099, 0.3705999383680509, 0.2069887386535041, 0.25295590071849877, 0.0, 0.3622607031448513, 1.0], "high_L2": [0.2552943781204678, 0.5567399616401688, 0.49285666309271786, 1.0, 0.7021068055116758, 0.34302445625810046, 0.0, 0.5124047534348467, 0.023923897279238177, 0.03964595517720899], "high_cosine": [0.6057328303058933, 0.36856035358601186, 0.4359190065423766, 0.09991199176864189, 0.0, 0.4036471646465758, 1.0, 0.57278151309446, 0.940982715442209, 0.9675307867029916], "clip_cosine": [0.7588342440801458, 0.6156648451730419, 1.0, 0.46265938069216755, 0.6357012750455373, 0.44608378870673954, 0.3668488160291439, 0.0, 0.9132969034608379, 0.3963570127504554], "dino_cosine": [1.0, 0.9826621875886007, 0.7835093175706442, 0.9886075623104482, 0.0, 0.839870095280644, 0.19482271270609058, 0.7978400762932478, 0.6998616755303154, 0.9844578282199101], "clip_L2": [0.20409829822883788, 0.6016704606037014, 0.27554983879293565, 0.8692361069974867, 0.35656379314721887, 0.5556820201233805, 0.6903978133382979, 1.0, 0.0, 0.40198525865059953], "dino_L2": [1.0, 0.36774364532756165, 0.497623262467254, 0.8206760875400512, 0.6177852679648399, 0.3975590446840247, 0.6797877075610493, 0.48255416888937214, 0.0, 0.84245576957708], "rcnn_confidence": [0.0, 0.0, 0.0, 0.0, 0.0, 0.0, 0.0, 0.0, 0.0, 0.0], "yolo_confidence": [0.0, 0.0, 0.0, 0.0, 0.0, 0.0, 0.0, 0.0, 0.0, 0.0]}