{"pixel_L2": [0.7266203485282652, 0.8427053898222595, 0.16303554312900712, 0.2390731075034391, 0.3457571227794856, 1.0, 0.0, 0.17498919850417907, 0.9331548810345598, 0.4589220355480952], "pixel_cosine": [0.3318045449843098, 0.15955339456149828, 0.7999317984145047, 0.7450180274415593, 0.6341099884670353, 0.0, 1.0, 0.7932419125563717, 0.047928855784299076, 0.5317539685276503], "low_L2": [0.749325039076685, 0.581745267379257, 0.925312218766282, 1.0, 0.045921025624832246, 0.9918373146817816, 0.0, 0.6901653062191137, 0.8823989137470989, 0.6327817863176343], "low_cosine": [0.408127444842219, 0.1291117496909666, 0.0, 0.6651736740995221, 0.8896362770437677, 0.24037180331026956, 1.0, 0.215472540174343, 0.21483841967539452, 0.465819032176933], "mid_L2": [1.0, 0.8418001490035388, 0.4369412367293723, 0.4905592289066865, 0.0, 0.7167186626932389, 0.05203482957720246, 0.1780010243993295, 0.2571242317005029, 0.5392298379586515], "mid_cosine": [0.19140620720965246, 0.0, 0.47640863541924044, 0.3784830201815254, 0.4828570837385421, 0.14163703926396645, 1.0, 0.7920953562165208, 0.11256668447759413, 0.46620528655916005], "high_L2": [0.5979320642967387, 0.3232237042985791, 0.7618151322366247, 0.9822987380740258, 1.0, 0.7638897602884402, 0.061561241263348096, 0.0, 0.6442514817277971, 0.8674956813438236], "high_cosine": [0.5340062386172226, 0.7078445323281077, 0.266519012906261, 0.0, 0.11191692639982073, 0.6121807133892375, 1.0, 0.6207932565939686, 0.2562383818386502, 0.1936114902536906], "clip_cosine": [1.0, 0.184924360980699, 0.6974439227960355, 0.0, 0.6502347417840375, 0.37532603025560773, 0.8737610850286907, 0.4360980699008868, 0.44992175273865415, 0.935054773082942], "dino_cosine": [0.04589303620780618, 0.3763438606053618, 1.0, 0.959924390917127, 0.23606525301440556, 0.0, 0.578252256218358, 0.9204113078205088, 0.12477595044181, 0.42653794954037083], "clip_L2": [0.0, 1.0, 0.3556733752083066, 0.9752257402897064, 0.21089911549801307, 0.507662094603256, 0.15219894885271118, 0.7036072298423279, 0.8888122035636457, 0.1993621330598641], "dino_L2": [0.45057437712464804, 0.04829957208042699, 0.31394012369328445, 0.2085859599405656, 0.4180678954911345, 0.45487587089032, 0.0, 0.6601860467001948, 1.0, 0.4438626684261844], "rcnn_confidence": [0.0, 0.0, 0.0, 0.0, 0.0, 0.0, 0.0, 0.0, 0.0, 0.0], "yolo_confidence": [0.0, 0.0, 0.0, 0.0, 0.0, 0.0, 0.0, 0.0, 0.0, 0.0]}