{"pixel_L2": [0.08953751470721333, 0.0, 0.8478836697136996, 0.390014179262075, 0.6677346366186985, 0.9757051920234109, 0.6357498416146258, 0.5927565088846652, 1.0, 0.2972968896129363], "pixel_cosine": [0.9438364360855672, 1.0, 0.10036027854751306, 0.6735426541792736, 0.3077644482730818, 0.0, 0.38273124238810785, 0.5018056363011403, 0.030001994474880226, 0.7424538830728492], "low_L2": [0.0, 0.2588406589870648, 0.527422935838857, 0.7023617993435871, 0.5282273634081988, 0.7485681189265718, 0.35850923482849606, 0.7046141965377437, 1.0, 0.42072366304137976], "low_cosine": [1.0, 0.6342893009775054, 0.33893314380128675, 0.3271920027322152, 0.3423484128229506, 0.10364879957909116, 0.6459196765647932, 0.2583327948900191, 0.0, 0.5205146902720216], "mid_L2": [0.5060987102506799, 0.32831614565102274, 0.36583734977606647, 0.655084053600438, 0.4598490356049795, 0.44306524139045206, 0.0, 0.7068625075168062, 1.0, 0.5510963317985585], "mid_cosine": [0.6065924823079005, 0.6797633319153873, 0.6935351328357632, 0.6073465717931861, 0.3437342898023899, 0.6810733207007231, 1.0, 0.30598147646854096, 0.0, 0.6427211029042113], "high_L2": [0.8373169591691692, 0.579043972484916, 0.9866671788928657, 0.7468514095824716, 0.8015699733002094, 0.8189152329668782, 0.0, 0.8629133291928383, 1.0, 0.9822172137882755], "high_cosine": [0.26963992681592697, 0.45982420732972445, 0.0, 0.498724465737405, 0.26341079276458496, 0.20544353697870493, 1.0, 0.11207725823792368, 0.031555916026934756, 0.14976799894373502], "clip_cosine": [0.43402311206664873, 0.6784466541252352, 0.2014243482934695, 0.48790647675356086, 0.9625100779360387, 0.0, 1.0, 0.7270894920720237, 0.6977962913195378, 0.7167428110722924], "dino_cosine": [0.10685026308022674, 0.5341088348141138, 0.43354807193234207, 0.735230360577657, 0.7889862506233526, 0.5963626741570747, 0.0, 0.6015123296593696, 0.7599100336864817, 1.0], "clip_L2": [0.5706670324750849, 0.6999648204404304, 0.6343700609410274, 0.2277835918699079, 0.0, 1.0, 0.273146785790408, 0.1963299680433896, 0.3270732892740694, 0.5146784315374058], "dino_L2": [0.6707496028664848, 0.0, 1.0, 0.09093823238187504, 0.9387274631182283, 0.4034520341071797, 0.5355461209137988, 0.9780062829015322, 0.6763165955506799, 0.6488947934549547], "rcnn_confidence": [0.0, 0.0, 0.0, 0.0, 0.0, 0.0, 0.0, 0.0, 0.0, 0.0], "yolo_confidence": [0.0, 0.0, 0.0, 0.0, 0.0, 0.0, 0.0, 0.0, 0.0, 0.0]}