{"pixel_L2": [0.687858902609381, 0.28872674293546324, 0.09709832119987381, 0.6012966373819097, 0.17955964437214392, 0.33747696794864823, 0.7714932769744753, 0.0, 0.10791895525106208, 1.0], "pixel_cosine": [0.4542065694083952, 0.514783406426206, 0.7538955517766043, 0.6644813389420925, 0.7450416181867001, 1.0, 0.0, 0.4920690503893314, 0.7370536113845878, 0.10523807392821982], "low_L2": [0.5791089600712783, 0.09537040204935923, 0.3006774772360591, 0.17027533473064543, 0.051753629073645134, 0.0, 1.0, 0.04485113897177008, 0.010886101389973852, 0.5921331245187075], "low_cosine": [0.3901254750806071, 0.7543950898977745, 0.8218074087462456, 0.869102299810301, 1.0, 0.9242351370860401, 0.0, 0.9715329538485694, 0.9175382132791927, 0.39602790921297576], "mid_L2": [0.3531483198331104, 0.4587899556211355, 0.485464901293856, 0.4037710497870394, 0.0, 0.16928545945821222, 0.6737067800089811, 0.13936330144200249, 0.13827320601649845, 1.0], "mid_cosine": [0.7293768555120771, 0.4821036557000024, 0.593792314902458, 0.7753885570123267, 1.0, 0.7516472295248736, 0.39789445274456237, 0.8294801221360428, 0.8679521298068383, 0.0], "high_L2": [0.7765246532725475, 0.370679359462304, 0.43471420392164184, 0.5177965688977217, 0.5292556137636725, 0.5803158883093872, 0.7350818815018888, 0.0, 0.5851031912072295, 1.0], "high_cosine": [0.1060633215791877, 0.38933856613946716, 0.3910711607801282, 0.19360022804363552, 0.24347830211191573, 0.04237485323730441, 0.031264157015695966, 1.0, 0.19645258220951758, 0.0], "clip_cosine": [0.5015878185815488, 0.252015308199658, 0.10992590179952773, 0.14453220421789756, 0.35444996335803275, 0.42244116928588876, 0.793502157804739, 1.0, 0.145020763781451, 0.0], "dino_cosine": [0.7338714354329526, 0.5727203648546366, 0.5579200787524518, 0.1874683079375512, 0.6948178923904849, 0.27852285620391176, 0.5826001097418984, 1.0, 0.41222953008757046, 0.0], "clip_L2": [0.7361753049919919, 0.7205779154665465, 0.7747569461830918, 0.26866291191426334, 0.6281358242131457, 0.5122131050583206, 0.23402325275927857, 0.0, 1.0, 0.7108238321551654], "dino_L2": [0.5577836171367829, 0.530425731679063, 0.3312937152885291, 0.7207248080978542, 0.5151696007418833, 1.0, 0.5658981226221736, 0.0, 0.5852331778284382, 0.7007982293583388], "rcnn_confidence": [0.0, 0.0, 0.0, 0.0, 0.0, 0.0, 0.0, 0.0, 0.0, 0.0], "yolo_confidence": [0.0, 0.0, 0.0, 0.0, 0.0, 0.0, 0.0, 0.0, 0.0, 0.0]}