{"pixel_L2": [0.0, 0.34307454162484624, 0.6625305701239769, 0.4184290136982428, 0.10639109967627476, 0.3790907420234948, 0.3116279562900239, 1.0, 0.34911081581588654, 0.6376927861575651], "pixel_cosine": [0.5966875243875494, 0.7814922594506161, 0.0, 0.6522464752645608, 0.08343715181631416, 0.37040397534683206, 1.0, 0.7517617800677915, 0.340114051459492, 0.4852640437024884], "low_L2": [0.0, 0.2824218023758999, 1.0, 0.3401674114059438, 0.552686297010999, 0.6442475568918835, 0.09405298440642036, 0.6813498906932166, 0.1308454553808214, 0.6618926421469006], "low_cosine": [1.0, 0.7834741631459213, 0.0, 0.8210803658479967, 0.48332095269046843, 0.4021600352848322, 0.9157748734853057, 0.36032313477877337, 0.866474766702261, 0.30637448349505547], "mid_L2": [0.20284603380326394, 0.5245060438543127, 0.8038855238447906, 0.0, 0.7408350305498982, 0.8381847276959293, 1.0, 0.23840161874785093, 0.42631655513529243, 0.24796995265427038], "mid_cosine": [0.4436716926911413, 0.0, 0.07414768815818738, 1.0, 0.5253319400266188, 0.1371395083651358, 0.058218803286038574, 0.5964329465259709, 0.22182172499373365, 0.18524036305995573], "high_L2": [0.6548804613888609, 0.16569216711933743, 0.40510470106964425, 0.44987928779800823, 0.0, 0.3365921436475204, 0.6012934647755088, 0.9606993763202897, 0.6881601448546424, 1.0], "high_cosine": [0.5521557838332936, 0.6497385135494406, 0.5533375756629784, 0.31486604929907225, 1.0, 0.5587319665256177, 0.49019833176961747, 0.009226209364113665, 0.3677156427043651, 0.0], "clip_cosine": [0.6590073529411765, 1.0, 0.5799632352941176, 0.16681985294117646, 0.3046875, 0.6089154411764706, 0.23253676470588236, 0.40487132352941174, 0.0, 0.6488970588235294], "dino_cosine": [0.5188366506059671, 0.8072112093841013, 0.4987585392368707, 1.0, 0.8796722543585339, 0.19169496302460107, 0.9456038867787784, 0.0, 0.10359151243473942, 0.3403917647532513], "clip_L2": [0.3382980645609646, 0.0, 0.4925160707460301, 0.9649841898606623, 0.6380027103096008, 0.4842308627818896, 0.8170249139997915, 0.5160040307168421, 1.0, 0.5286424128704958], "dino_L2": [0.373402950118008, 0.09678627329569997, 0.47734197028202024, 0.0, 0.5475013016192637, 0.433862138400314, 0.19069173878266982, 1.0, 0.8265093445587387, 0.660659235255569], "rcnn_confidence": [0.0, 0.0, 0.0, 0.0, 0.0, 0.0, 0.0, 0.0, 0.0, 0.0], "yolo_confidence": [0.0, 0.0, 0.0, 0.0, 0.0, 0.0, 0.0, 0.0, 0.0, 0.0]}