{"pixel_L2": [0.0, 0.897119341563786, 0.27044532122806275, 0.7531147030956118, 0.6873276483814857, 0.4258057217201929, 1.0, 0.944833340404169, 0.6945116173829423, 0.4885947421266245], "pixel_cosine": [0.5642460917801311, 0.2755673222390318, 0.8399646999495713, 0.3984871406959153, 0.521583459404942, 0.0, 0.635249621785174, 1.0, 0.48663640948058495, 0.23875441250630358], "low_L2": [0.3067824349600408, 0.7846667233463697, 0.6241285495664003, 0.11767769086889984, 0.8130738819928583, 0.6438530862098283, 1.0, 0.3586975004250978, 0.5743921101853426, 0.0], "low_cosine": [0.7130269264495156, 0.0, 0.47523900164681226, 1.0, 0.3273680946168488, 0.2578490921145497, 0.568225078597857, 0.6390861261415403, 0.6801334559531194, 0.8327950895053147], "mid_L2": [0.8933650375293646, 0.14349968486793102, 1.0, 0.1873488798487366, 0.42229989113619437, 0.7040566091789378, 0.15097690941385436, 0.0, 0.3292213373059073, 0.4776027044061193], "mid_cosine": [0.3175210569070931, 0.697450368406801, 0.17352174098935397, 0.1461299471261419, 1.0, 0.0, 0.5018812262174527, 0.8265495175794889, 0.7092971054769336, 0.2535664913705873], "high_L2": [0.36607077596586995, 0.08114154039092585, 0.16668974829484473, 0.8013768191208208, 0.7926577340765618, 0.4423863325985682, 0.7792934713614699, 0.3507214932274656, 0.0, 1.0], "high_cosine": [1.0, 0.8196954626823137, 0.9640328895366417, 0.0, 0.4047879105091348, 0.895389417431993, 0.5266841806759106, 0.10091424025832323, 0.8181617246530717, 0.5121389138060545], "clip_cosine": [0.0, 0.4495213228894691, 0.23759791122715404, 0.7665361183637946, 0.5269799825935596, 0.9560487380330722, 0.7867711053089643, 0.6059617058311575, 0.13968668407310705, 1.0], "dino_cosine": [1.0, 0.5487587590585135, 0.770115889081871, 0.743426962927472, 0.6086647301910523, 0.7802449541833862, 0.6031023537162364, 0.9094223513205966, 0.0, 0.391148110439001], "clip_L2": [1.0, 0.5861014034401444, 0.7348806356259018, 0.17394972636053982, 0.47381096919664767, 0.0822814297892441, 0.2461901748118844, 0.5410818999398473, 0.5592808614753282, 0.0], "dino_L2": [0.07801003764115433, 0.575711417816813, 0.0, 0.2796210790464241, 0.20317440401505646, 0.5107051442910916, 0.6331116687578419, 0.13852948557089084, 1.0, 0.4443989962358846], "rcnn_confidence": [0.46843869200944066, 0.17155208455326104, 0.17193764847703208, 1.0, 0.7794096428845874, 0.33043112167071637, 0.0, 0.3450655864490505, 0.48555621841439506, 0.5093589080576085], "yolo_confidence": [0.0, 0.0, 0.0, 1.0, 0.0, 0.0, 0.0, 0.0, 0.8988717188990122, 0.0]}