{"pixel_L2": [0.4578986293264964, 0.9232718666798146, 1.0, 0.4907208362094468, 0.3063476411173877, 0.0, 0.8790584895825996, 0.5825186301717216, 0.6180293574879907, 0.8296617690563061], "pixel_cosine": [0.31879792920269917, 0.17804088984366723, 0.08839798181293408, 0.4833793672888558, 0.803769304120039, 1.0, 0.07493213645048975, 0.6186013715195955, 0.22311397788178042, 0.0], "low_L2": [0.0, 0.21576671503862144, 0.3176671336243473, 0.9682107000216648, 1.0, 0.133652004363114, 0.5911973378802692, 0.12279492400378986, 0.4807123290656223, 0.5283298601347906], "low_cosine": [0.9511215455458972, 0.331382457661091, 0.2750488298062887, 0.23703392135487036, 0.0, 0.17325159599151752, 0.48706543209837544, 1.0, 0.3525741039497572, 0.3990942280215328], "mid_L2": [0.12980964142594306, 0.5305506248672315, 0.052544295183607634, 0.828536143645653, 0.5380115864174638, 0.0, 1.0, 0.12384936937196432, 0.3607818851511671, 0.7888708463701533], "mid_cosine": [1.0, 0.22832097661864198, 0.6610079924282259, 0.1717114488028885, 0.0, 0.7130021558523504, 0.45420040663231326, 0.9429952325866723, 0.45143285308654957, 0.5546780243278298], "high_L2": [0.37935251573171497, 1.0, 0.17846396102055492, 0.11652359682650507, 0.26655298656426507, 0.8020780185647663, 0.0, 0.5251931219062452, 0.34445705070251914, 0.9622938615728432], "high_cosine": [0.6086113191850892, 0.03187882786642524, 0.5758161437062103, 1.0, 0.6153981141929651, 0.18035802378386098, 0.9670233886589397, 0.0, 0.5402830238602635, 0.2695916551084409], "clip_cosine": [0.9004039307891722, 0.3748718876228372, 0.6747452824501116, 0.9175257731958762, 0.7212274672936637, 0.9704587930306867, 0.834810393681799, 0.0, 1.0, 0.45192017845300536], "dino_cosine": [0.5846768440576402, 0.4540928580546816, 0.10413678653760954, 1.0, 0.0, 0.23387974859391308, 0.7691163992160456, 0.20760525940332356, 0.7485563673772818, 0.7634319784337431], "clip_L2": [0.0985535322503597, 0.6113852394069675, 0.40277479812238803, 0.08442942936500444, 0.35848937192678343, 0.03127154290846785, 0.1604816171948523, 1.0, 0.0, 0.6206983907000426], "dino_L2": [0.5382244934521705, 0.481652760492862, 1.0, 0.0, 0.9686524280476461, 0.8766005512650642, 0.3118403189941185, 0.6407383349572372, 0.2597177952079986, 0.4643977041160933], "rcnn_confidence": [0.4151220816472055, 0.2527243478735415, 0.5289487527201839, 0.9923147548770297, 0.6731271452478996, 0.678245416604656, 0.9362344121252867, 0.0, 1.0, 0.7231466865806352], "yolo_confidence": [0.0, 0.0, 0.0, 0.0, 0.4441605850863385, 0.0, 1.0, 0.0, 0.639514970164522, 0.0]}