{"pixel_L2": [0.30568493100021943, 0.43832921167411687, 1.0, 0.2996170925166613, 0.452005887849776, 0.3571086909889763, 0.31496544463374765, 0.10329872454577507, 0.21294883142948018, 0.0], "pixel_cosine": [0.9240558956518612, 0.05331796157960501, 0.2816581717501326, 0.7441681723793857, 0.3105184146418202, 0.0, 0.6061392626951808, 0.7990210619994067, 0.6675026743255755, 1.0], "low_L2": [0.36833144326919276, 0.13525917187827785, 1.0, 0.6788330044723073, 0.6841033951227224, 0.0, 0.6902129134451968, 0.34975054193662153, 0.08118712243055154, 0.7716417411291132], "low_cosine": [1.0, 0.3751379626150667, 0.14382749389442043, 0.39166852573736616, 0.0, 0.600061055795604, 0.17760485158745068, 0.7168287972008266, 0.5087004508735675, 0.4193300300582378], "mid_L2": [0.7776601473473967, 0.14478824021726988, 0.889631164691309, 0.7453414181561736, 0.6801337763647306, 0.0, 0.5049974408434713, 1.0, 0.20386724396347491, 0.9258644864097951], "mid_cosine": [0.8866772383307726, 0.3310650814648054, 0.14898980354780667, 0.49351978900492155, 0.0, 0.4336852656746831, 0.5506133482322589, 0.5030211405894387, 1.0, 0.10086517841737258], "high_L2": [0.5699384958712048, 0.2967273694080245, 1.0, 0.0, 0.6567471401075085, 0.4778852422617793, 0.6666240045707368, 0.06638316407559253, 0.3704941402079176, 0.5704900389898558], "high_cosine": [0.05502208952378063, 0.4396116403881863, 0.2354186392680015, 1.0, 0.4346706938428838, 0.49825515512500784, 0.29060756482229794, 0.6743408351768354, 0.6516255679466818, 0.0], "clip_cosine": [0.4536852589641434, 0.48530876494023906, 0.38383964143426297, 1.0, 0.7312001992031872, 0.11827689243027889, 0.2554780876494024, 0.508839641434263, 0.4148406374501992, 0.0], "dino_cosine": [0.5839624799816976, 0.6198524365133836, 0.9317661862274079, 1.0, 0.7747726492793411, 0.0, 0.8303520361473347, 0.5003574696865706, 0.1999113475177305, 0.18062943262411346], "clip_L2": [0.8316909680880555, 0.6033777679388765, 0.564785674825642, 0.0, 0.4977967176627557, 0.7026261888949384, 0.7440812028455698, 0.5077271938589301, 0.6713778716462144, 1.0], "dino_L2": [0.3880779364036485, 0.5704093045536148, 0.48106084743863287, 0.11936566254073379, 0.0, 1.0, 0.09601528492228993, 0.02828567598865277, 0.813193682993876, 0.6582965090344965], "rcnn_confidence": [0.6891055535204896, 0.0, 0.7626497761784146, 1.0, 0.48100809165744235, 0.0, 0.0, 0.0, 0.0, 0.0], "yolo_confidence": [0.0, 0.0, 0.0, 0.0, 0.0, 0.0, 0.0, 0.0, 0.0, 0.0]}