{"pixel_L2": [0.0, 0.8094155699804375, 0.7458096211986484, 1.0, 0.032244798150453495, 0.01784523386092833, 0.25323448337186555, 0.5194458029521608, 0.5535912768984528, 0.3938844922639161], "pixel_cosine": [0.6270733436467292, 0.5515416865799767, 0.7908411608685902, 0.7257625759631435, 0.5363886957329268, 0.0, 0.5402324364604969, 1.0, 0.534275431090132, 0.42396890579097934], "low_L2": [0.8321270876160125, 0.0, 1.0, 0.6975425024226279, 0.03183677772236481, 0.644642038980996, 0.11030154115629295, 0.3598261384324077, 0.5288505593330982, 0.3505370327571736], "low_cosine": [0.7472526391389471, 1.0, 0.0, 0.44144702537311964, 0.48590655529647886, 0.6044653017587701, 0.8918863079602137, 0.6260473749626962, 0.18369194140275277, 0.9572425056324587], "mid_L2": [1.0, 0.6789121013950914, 0.9386027604383983, 0.6977997463470254, 0.0, 0.554194569182403, 0.16185662410198998, 0.4779024468836625, 0.5009398379760641, 0.8080912820216225], "mid_cosine": [0.0, 0.004508275304098135, 0.31129313610408316, 0.5306062320826455, 0.8604492374748046, 0.5411380121498954, 1.0, 0.5933456172923224, 0.6866631747798474, 0.23738127195095146], "high_L2": [0.9588934086019278, 0.515317560559658, 0.5201956506598551, 1.0, 0.5679845572636766, 0.0, 0.531039824716284, 0.4964790787063791, 0.4217444419137398, 0.8001206581421658], "high_cosine": [0.40240670667659784, 0.5122565777725572, 0.5006786388656717, 0.0, 0.2627890665473475, 1.0, 0.5646981499876765, 0.38173656861992894, 0.5325009964007358, 0.2274502801125203], "clip_cosine": [0.45018141222439295, 0.6606195925202344, 0.8718950600055819, 0.8344962322076472, 0.07061121964833939, 0.2308121685738208, 0.0, 0.6296399665085124, 1.0, 0.44934412503488697], "dino_cosine": [0.5209214501510574, 0.7551800100704934, 1.0, 0.3555010070493454, 0.3468152064451158, 0.1818605236656596, 0.20838368580060423, 0.8141931017119839, 0.37871978851963745, 0.0], "clip_L2": [0.7051410178309762, 0.47923176976143045, 0.20619062515435402, 0.45189423251066074, 0.93070615934274, 0.7859731300525216, 1.0, 0.6224015015558885, 0.0, 0.6987701071834302], "dino_L2": [0.14845564348469842, 0.29033632052031816, 0.6692977800614565, 0.4974139592115449, 1.0, 0.8511758879585152, 0.9000875535378052, 0.9568215699464876, 0.0, 0.9441381385238947], "rcnn_confidence": [0.16200780943257045, 0.14709588903054976, 1.0, 0.8106020581665039, 0.48221233047037004, 0.4972973939379727, 0.0020705189392787246, 0.0, 0.3819647941659355, 0.40158844889400425], "yolo_confidence": [0.0, 0.0, 0.0, 0.0, 0.0, 0.0, 0.0, 0.0, 0.0, 0.0]}