{"pixel_L2": [0.34806551599351765, 0.37733058514404394, 0.440659565429457, 0.08710291549317935, 0.21885866230312948, 0.0, 0.7025976682348128, 1.0, 0.25078276193023585, 0.45436379942413896], "pixel_cosine": [0.2115969721466892, 0.5927096347468215, 0.11880649665613287, 0.5945763210112442, 1.0, 0.0, 0.16879547291835084, 0.22823546703902403, 0.1862570735650768, 0.054104505034173585], "low_L2": [0.02195721007309206, 0.9877489420885982, 0.5474802473885124, 0.0, 0.06434764596218151, 0.14542952682508212, 0.5967803983073418, 1.0, 0.43763501316840764, 0.8390495072944101], "low_cosine": [0.3415153486721476, 0.0, 0.17194800970012422, 1.0, 0.3236159578872656, 0.9645043473117644, 0.8486869344058674, 0.6004465605962027, 0.6360087537706276, 0.3657212988702904], "mid_L2": [0.5040304644527139, 0.6422976359671487, 0.815157367124863, 0.0, 0.02628209996419776, 0.6651514000846235, 0.09838564438610005, 0.583722999142916, 0.7353509162119058, 1.0], "mid_cosine": [0.5323469479296159, 0.5629028950774712, 0.340367043022466, 0.7574107062758718, 0.5557805431313999, 0.40231196093760013, 1.0, 0.5658601289264248, 0.2507465173204834, 0.0], "high_L2": [0.3240311829171845, 0.4512202011072195, 1.0, 0.4771494746356344, 0.06052635295446842, 0.65687139871201, 0.0, 0.47655279064512485, 0.3632004858208112, 0.5679160546830867], "high_cosine": [0.56727842901281, 0.5873335107675574, 0.0, 0.6738477382922342, 0.8310043162803615, 0.4519828274529317, 1.0, 0.8647719777358621, 0.4771491720379092, 0.39675989677956885], "clip_cosine": [0.6223404255319149, 0.6349734042553191, 1.0, 0.4763962765957447, 0.0, 0.2553191489361702, 0.8091755319148937, 0.0, 0.660904255319149, 0.061835106382978726], "dino_cosine": [0.0, 0.272574468453794, 0.8125075811398569, 0.41482264464814844, 0.4767713874785562, 0.520473409693462, 0.8838136165935989, 0.8615640541336707, 1.0, 0.5025039421927255], "clip_L2": [0.6984041207191442, 0.5918907259429087, 0.0, 0.7885280837558422, 0.9562981515300258, 0.4748179121405118, 0.123488952777583, 1.0, 0.6262976332389231, 0.23063954073310752], "dino_L2": [0.5240033315093965, 0.4497126088914499, 0.2352031107000528, 0.6515885198510505, 0.7255475442223976, 0.7562720022468319, 0.0, 1.0, 0.4991065937737576, 0.6362480812345954], "rcnn_confidence": [0.0, 0.0, 0.0, 0.0, 0.0, 0.0, 0.0, 0.0, 0.0, 0.0], "yolo_confidence": [0.0, 0.0, 0.0, 0.0, 0.0, 0.0, 0.0, 0.0, 0.0, 0.0]}