{"pixel_L2": [0.6508255753335933, 0.7857095940342735, 0.3947463161106709, 0.0, 1.0, 0.36003465429266746, 0.45622110236901336, 0.4040342984376468, 0.9682731968834417, 0.7253397875013406], "pixel_cosine": [0.36523443873820194, 0.26743408846703787, 0.6226100157247337, 1.0, 0.0, 0.7741065244954125, 0.5980861995820436, 0.6888944218894095, 0.06579006211330268, 0.3094037775620982], "low_L2": [0.11658857154474045, 0.015606861389281725, 0.15362072407705016, 0.45449536511663186, 0.7930855453044667, 0.0, 0.13830942348962957, 0.0732438241084828, 1.0, 0.3300481081241689], "low_cosine": [0.9164072552444906, 0.8979754707098719, 0.29349528760305055, 0.3844080666305378, 0.07681040511778722, 1.0, 0.6533044302283688, 0.7664249664697743, 0.0, 0.1880847353458533], "mid_L2": [0.09428691017100439, 0.05195016952514469, 0.14182230985644012, 1.0, 0.23561221522381184, 0.20077593264044027, 0.27939682555691714, 0.0, 0.5772707992588073, 0.1367928677849555], "mid_cosine": [0.9753196420814043, 0.9536876869846884, 0.7856047682439213, 0.0, 0.7080286665208384, 0.7422316574568478, 0.64493665853691, 1.0, 0.4488990703275711, 0.6910800518839321], "high_L2": [1.0, 0.5625859618835509, 0.14475157537300484, 0.4988374417128461, 0.6259110147620522, 0.0, 0.6650549431240377, 0.7738623160234488, 0.7628025276253105, 0.39238505652453715], "high_cosine": [0.0, 0.15476227736324635, 0.6623954629675998, 0.0951965129283723, 0.4048029654297494, 1.0, 0.4933417630660858, 0.13298790208155975, 0.49903757073463867, 0.3775956899861452], "clip_cosine": [0.25105248386191414, 0.7854336233511087, 0.2312657872579287, 0.0, 0.9152399663205164, 0.870895312938535, 0.9298344092057255, 0.6260174010665169, 0.1237721021611002, 1.0], "dino_cosine": [0.1263924794359577, 0.30813748531139834, 0.0, 0.10764394829612221, 0.7109283196239718, 1.0, 0.013660399529964748, 0.7184723854289071, 0.8087955346650999, 0.6463278495887191], "clip_L2": [0.9995971702487695, 0.3494740911240855, 0.8845444399737208, 1.0, 0.10054946535617677, 0.23215445617054334, 0.15345908559969595, 0.5028304946303305, 0.8555932004939891, 0.0], "dino_L2": [0.7517999859832369, 0.6553540141153995, 0.7969022953747278, 1.0, 0.3100178324373853, 0.0, 0.878850002465912, 0.3826202521459924, 0.07227406405660695, 0.4117148990403709], "rcnn_confidence": [0.4005607970821429, 0.0, 0.3178968112531766, 0.23041919319539128, 1.0, 0.694882855913555, 0.0, 0.0, 0.37741762158046166, 0.1357503157083505], "yolo_confidence": [0.0, 0.0, 0.0, 0.0, 0.0, 0.0, 0.0, 0.0, 0.0, 1.0]}