{"pixel_L2": [0.6528618144079579, 0.5739098082985764, 0.05960563159646753, 0.10628757171669702, 0.6361001781902915, 0.15022812273590633, 0.4796256045742035, 1.0, 0.12755291860032505, 0.0], "pixel_cosine": [0.0, 0.30946256134240935, 0.7207733101155612, 1.0, 0.5559650546145322, 0.39653910083900584, 0.44702786132657907, 0.2916040050656957, 0.4818050498654425, 0.42055168592686404], "low_L2": [0.9438011774012924, 0.8948044342617612, 0.9916883276997523, 0.29755581354730665, 0.8222288432494632, 0.4843167271120791, 0.0, 0.939907328449755, 0.7494066760502605, 1.0], "low_cosine": [0.0, 0.20744689069138664, 0.5590652761684047, 1.0, 0.47526458091927387, 0.23591348010814986, 0.6679953650057937, 0.3022788721514098, 0.2140131324835844, 0.06624179219775975], "mid_L2": [0.0, 0.4755665976535542, 0.5581559696342305, 1.0, 0.8097667356797792, 0.837736369910283, 0.4031469979296066, 0.16834230503795722, 0.02228295376121463, 0.6132394755003451], "mid_cosine": [0.8332235965448588, 0.4766025490288294, 0.0, 0.49648058442678206, 0.4872117449717036, 0.3705262662841556, 0.36554891909263354, 0.35914499365094293, 1.0, 0.3084465973757231], "high_L2": [0.6649140385512049, 0.0, 1.0, 0.5071814763742423, 0.8802333310185415, 0.4410948304084285, 0.7130068154085772, 0.7347546155296079, 0.5102032717929386, 0.8517217091100286], "high_cosine": [0.3199466633659467, 1.0, 0.0, 0.5590306885689441, 0.25500187228339183, 0.620786659090014, 0.3828185022858111, 0.3041700971024305, 0.576386349272435, 0.3049621448678493], "clip_cosine": [0.778283115406481, 0.5997725980670836, 1.0, 0.26918703808982375, 0.001989766913018761, 0.8183627060830017, 0.5278567367822626, 0.3828880045480387, 0.42950540079590677, 0.0], "dino_cosine": [0.12891600999423408, 0.716221410724582, 0.0, 0.2403901595233519, 0.02955025946569287, 0.033490294061118586, 0.954641552950221, 0.5072554295598694, 1.0, 0.8384585815875456], "clip_L2": [0.25977081534893953, 0.3193144396109917, 0.0, 1.0, 0.9604070632354794, 0.1755784627363361, 0.7806881933982934, 0.6762771505573516, 0.6939578079069268, 0.892894824444106], "dino_L2": [1.0, 0.0025221891995713796, 0.1993388730514951, 0.012060006874102828, 0.7072744182285032, 0.3880481591556984, 0.0, 0.30962273306241284, 0.0009805705505347647, 0.5236246739855643], "rcnn_confidence": [0.0, 0.37828885302750936, 0.5953765181241889, 0.929490930836052, 0.33478984906747367, 0.7582383584583995, 0.2798409587226149, 0.38275082289724055, 0.5651290234814285, 1.0], "yolo_confidence": [0.0, 0.0, 0.0, 0.0, 0.0, 0.0, 0.0, 0.0, 0.0, 0.0]}