{"pixel_L2": [0.6355734174186011, 0.7102225538084714, 0.21505792592801137, 0.8425371978772224, 0.10634299469305593, 0.6992637846816537, 1.0, 0.9083601965117752, 0.45090020974394346, 0.0], "pixel_cosine": [0.16498437022659315, 0.0, 0.19398199721657342, 0.5281999376660567, 0.22472003727693243, 1.0, 0.8726968070826172, 0.3724977704814834, 0.20497066910242207, 0.41449912207886785], "low_L2": [0.43020575554957274, 1.0, 0.3583111743814241, 0.4192633516137003, 0.0, 0.03312225471792054, 0.0986475970598974, 0.017698886581817244, 0.045418168004809197, 0.8561813333726724], "low_cosine": [0.6412095570549272, 0.0, 0.5497208208442805, 0.5673000620854971, 0.580916727313096, 0.8625618285206794, 1.0, 0.5518927853363101, 0.5657664269590853, 0.42801474427764963], "mid_L2": [0.7177664267612158, 0.7062727655335499, 0.6181930486966685, 0.7715801361920132, 0.5766905159127862, 1.0, 0.7895321692317474, 0.0, 0.18664179804946876, 0.7569587215269977], "mid_cosine": [0.7168566286742651, 0.0, 0.7114350714762708, 0.7772520967504613, 0.37097863446178686, 0.37395728401489514, 1.0, 0.902370469302366, 0.9379312816681946, 0.2674483971130302], "high_L2": [0.06659108391230341, 0.7276364119404276, 0.5524440311763416, 0.38345788011998505, 0.9312789034528138, 1.0, 0.2502556324083199, 0.8279354477969275, 0.33911994488843306, 0.0], "high_cosine": [0.9943523355068855, 0.5014405091439756, 0.5442967419881632, 0.5164116700061384, 0.4224962648104608, 0.14544581948321192, 0.5799294367681634, 0.0, 0.31086476876570807, 1.0], "clip_cosine": [0.7650962176509621, 0.7016589250165892, 0.27113470471134704, 0.5365627073656271, 0.16005308560053086, 0.0, 1.0, 0.5992037159920371, 0.7925680159256802, 0.42906436629064365], "dino_cosine": [0.278784000657001, 0.5717037883635543, 0.6785827941020474, 0.0, 0.41867730643279255, 0.14805449002008644, 0.7546922532054463, 0.2529864459325821, 1.0, 0.30324702210876786], "clip_L2": [0.3239052158387661, 0.3771416717126599, 0.8750863148876508, 0.6038435951092228, 0.8849875424631376, 1.0, 0.0, 0.500746273995118, 0.22754645224246184, 0.6989471372071132], "dino_L2": [0.8569970104249311, 0.7242784756530668, 0.6826005148163024, 1.0, 0.7848099512685414, 0.8161777362723897, 0.5913244945323026, 0.7191065701402588, 0.0, 0.6548613735425575], "rcnn_confidence": [0.32152661101530466, 0.0, 0.0, 0.0, 0.0, 1.0, 0.0, 0.0, 0.0, 0.0], "yolo_confidence": [0.0, 0.0, 0.0, 0.0, 0.0, 0.0, 0.0, 0.0, 0.0, 0.0]}