{"pixel_L2": [0.0, 0.37400177462289264, 0.6641526175687666, 0.8207630878438332, 0.46672582076308783, 0.5687666370896185, 0.09627329192546584, 0.5953859804791481, 0.5643300798580302, 1.0], "pixel_cosine": [0.6554775520324825, 0.5493824290607032, 0.4824647046972585, 0.36416797103021475, 0.5779492822126139, 0.22302808643410252, 1.0, 0.5045639809692067, 0.13825220450354114, 0.0], "low_L2": [0.24512862777418026, 0.45381762524283276, 0.0, 0.25866839347736503, 0.33831753694001293, 1.0, 0.1859657385059163, 0.0699947018308118, 0.687996703361394, 0.5361747218461176], "low_cosine": [0.6214084354331563, 0.391494090859807, 1.0, 0.8560392497018324, 0.7359048032093679, 0.0, 0.8217499728938523, 0.9222324623224547, 0.1985931909357042, 0.4920578987314323], "mid_L2": [0.12156326164108265, 0.5481677855218712, 0.6065763030743575, 0.032710480181297304, 0.4632060546457434, 0.5144310941976311, 0.5332022063539573, 1.0, 0.5284559798178475, 0.0], "mid_cosine": [0.7191059710416966, 0.37871345206288176, 0.15259496976256615, 0.7552243776538173, 0.6085255182749146, 0.44738535130675666, 0.45568077746913815, 0.0, 0.538846966038707, 1.0], "high_L2": [0.0, 0.44591008706983354, 0.8100752235977018, 0.1466267843392762, 0.24024758632944382, 0.2149558727714269, 0.4916010187762838, 1.0, 0.3532429070662797, 0.6342178522774389], "high_cosine": [0.9936343581249211, 0.06585505351744424, 0.2782647126547772, 0.34225166940258045, 1.0, 0.6182434690891264, 0.7761329282695407, 0.0, 0.37230834367038307, 0.36748397447800996], "clip_cosine": [0.42338709677419356, 0.3817204301075269, 0.678763440860215, 0.2567204301075269, 0.18548387096774194, 0.0, 1.0, 0.9005376344086021, 0.33064516129032256, 0.3951612903225806], "dino_cosine": [0.9152515258909234, 0.6872661941327033, 0.6251353612915929, 0.6392498523331365, 0.45558919078558774, 0.0, 0.7737989761764127, 1.0, 0.443172868674936, 0.9030690096475684], "clip_L2": [0.5678491593795767, 0.8904923817435915, 0.18613126182992318, 0.8456307436685823, 0.9632490857235845, 1.0, 0.0, 0.04320009592408294, 0.6108908092738033, 0.45366524207983966], "dino_L2": [0.4272055704173255, 0.68463752668983, 0.3378958772320411, 0.0, 0.37203081119552905, 1.0, 0.21822376332738472, 0.516701084422255, 0.7021677926940864, 0.12681043822158958], "rcnn_confidence": [0.0, 0.0, 0.0, 0.0, 0.0, 0.0, 0.0, 0.0, 0.0, 0.0], "yolo_confidence": [0.0, 0.0, 0.0, 0.0, 0.0, 0.0, 0.0, 0.0, 0.0, 0.0]}