{"pixel_L2": [0.0, 0.50353534617235, 0.6335631915793156, 0.544997302931786, 0.6511597393320018, 0.10763488985756564, 0.4131179566428061, 0.9353140991063228, 0.4412986747918884, 1.0], "pixel_cosine": [0.2530482712543845, 0.08000668114247536, 0.0, 0.04693502588942709, 0.8947720060130282, 0.09420410890262235, 1.0, 0.6961750459328545, 0.33021546684483044, 0.16953399031234342], "low_L2": [0.0, 0.7372334775020867, 0.7228166021701191, 0.7125730328553, 0.86144624023067, 0.3818195614234767, 0.7149252598831475, 0.969193413764322, 0.5480688974884286, 1.0], "low_cosine": [0.44997563183179, 0.3956694283923971, 0.0, 0.5213163452389241, 0.5001044350066142, 0.5730929007403281, 1.0, 0.8434403211956648, 0.006730255981805101, 0.8465501636148437], "mid_L2": [0.20297320039778668, 1.0, 0.33041793099931155, 0.3644337914679858, 0.47138995843639236, 0.3988703878420073, 0.6049034857332279, 0.46173853175918605, 0.0, 0.46618813269755466], "mid_cosine": [0.8406406283557819, 0.0, 0.24971875351558107, 0.5078851287086185, 0.2638782356129639, 0.8937527485451886, 0.5705315047198274, 0.5912593706215036, 0.8327785107231614, 1.0], "high_L2": [0.0, 0.6732883391010076, 0.6545169493145708, 0.6298338527426725, 0.6841901994149475, 0.6572242509989866, 0.7195036613578571, 0.6648031661663767, 0.2683478959141923, 1.0], "high_cosine": [0.7187425697019852, 0.6040473315773384, 0.06744857847784266, 0.03377485386437255, 0.19438431585675775, 1.0, 0.6881513572935033, 0.2083694876838468, 0.0, 0.5036777080251851], "clip_cosine": [1.0, 0.3005825242718447, 0.3572815533980582, 0.7223300970873786, 0.0, 0.6846601941747573, 0.8466019417475729, 0.5495145631067961, 0.31145631067961166, 0.31844660194174756], "dino_cosine": [0.6626004655452589, 0.4908208529140498, 0.8376410909570029, 0.0, 0.6895010760244191, 1.0, 0.5819425534718258, 0.4120404936536519, 0.7821709341648733, 0.6657077605516272], "clip_L2": [0.3207773509182969, 0.5038149708266937, 0.7046969640820394, 0.6471725020142003, 0.4014798710362803, 0.3645640749021723, 0.0, 0.7388621930146024, 1.0, 0.4950595475838518], "dino_L2": [0.2769785198493643, 0.4928396996291143, 0.2652110416169476, 1.0, 0.2390359073191013, 0.0, 0.352964308818254, 0.4559357471673248, 0.2730715369617392, 0.45430120841794963], "rcnn_confidence": [0.0, 0.0, 0.0, 0.0, 0.0, 0.0, 0.0, 0.0, 0.0, 0.0], "yolo_confidence": [0.0, 0.0, 0.0, 0.0, 0.0, 0.0, 0.0, 0.0, 0.0, 0.0]}