{"pixel_L2": [0.6551287222382951, 0.45086184383264455, 0.12441002747397785, 0.0, 1.0, 0.4411463469745892, 0.039333613493292, 0.8132860581001072, 0.317353656896968, 0.23599112216733997], "pixel_cosine": [0.36448389628583, 0.4790966765519591, 0.6411015786654554, 1.0, 0.0, 0.360260119527958, 0.8394422162617917, 0.18453673620539435, 0.600575229554177, 0.8202879966555486], "low_L2": [1.0, 0.27335297143124326, 0.3856189897289631, 0.003508361777403719, 0.16942379327005502, 0.7979598198282446, 0.0, 0.20936394382880566, 0.6215270958993782, 0.0052461775845139575], "low_cosine": [0.34928306119811703, 0.5341428665648226, 0.34094285991582585, 0.0, 0.9488000437546885, 1.0, 0.9617714857773133, 0.8098987475756632, 0.5917698288902127, 0.5550754098114526], "mid_L2": [1.0, 0.5926403230111884, 0.5775460200785961, 0.0, 0.35428698709687684, 0.9070326352317666, 0.6032921614278113, 0.6201074111197733, 0.7836433158852136, 0.3161919257809669], "mid_cosine": [0.5340359759455268, 0.3157431261848185, 0.0, 1.0, 0.6364548737209134, 0.3937684153408771, 0.07751946005042197, 0.37880277148365427, 0.42825906267567504, 0.21934934282452673], "high_L2": [0.6422926005415555, 0.6913021042909844, 1.0, 0.30778137385311516, 0.06533692742621225, 0.2998956235611851, 0.0, 0.46067055405906027, 0.3386618686997926, 0.40033458682096035], "high_cosine": [0.37143049347465357, 0.030107534918950164, 0.0, 0.3824924381724047, 0.6391710144060914, 0.775819094175275, 1.0, 0.5292133207759656, 0.8395691626926585, 0.5073161616312619], "clip_cosine": [1.0, 0.6762558088072582, 0.6397433060411596, 0.2414250940473556, 0.2856826731577783, 0.04403629121487054, 0.6565611861031202, 0.9849524231024563, 0.0, 0.6501438371321089], "dino_cosine": [0.7980605176813708, 0.3016794264187629, 0.0, 0.9795406489245352, 0.848316927937781, 0.8948013124316442, 1.0, 0.5155766192733018, 0.37090290436262, 0.83628630453275], "clip_L2": [0.0, 0.6073982786656573, 0.49245319258590375, 0.9284072312381423, 0.7854207170227504, 0.8989500434114159, 0.5066768409004196, 0.09577279707705157, 1.0, 0.5143648766446582], "dino_L2": [0.32248407318471256, 0.4562167946400514, 1.0, 0.3484937741811062, 0.14917076117365993, 0.5354005745594225, 0.0, 0.6283983339181538, 0.631561250862343, 0.28685277701175965], "rcnn_confidence": [0.9179844649516865, 0.345041076088429, 0.14004226782043264, 0.0, 0.5136953551865406, 1.0, 0.0, 0.806402169366522, 0.0, 0.0], "yolo_confidence": [0.0, 0.0, 0.0, 0.0, 0.0, 0.0, 0.0, 0.0, 0.0, 0.0]}