{"pixel_L2": [1.0, 0.8974644970762298, 0.3407457084701093, 0.0, 0.14208699539962114, 0.27882296189097927, 0.7357641217512031, 0.6755521042909416, 0.7847328603532056, 0.2190227430494276], "pixel_cosine": [0.0, 0.14761505984158554, 0.5286428347116089, 1.0, 0.6074139013922328, 0.8655047280086535, 0.3242131616595136, 0.3145957639833909, 0.09917914093304023, 0.6806064412575457], "low_L2": [1.0, 0.4772346838293448, 0.014756505102498664, 0.11169380939903106, 0.4422141577736379, 0.0, 0.39004052564889496, 0.576525514886326, 0.7288933398901847, 0.09346743769495565], "low_cosine": [0.0, 0.6402096227441607, 0.942986147600824, 0.7178625734121357, 0.5008416529878681, 1.0, 0.6126489749038609, 0.22615587785336638, 0.25769926483239014, 0.8630105136873236], "mid_L2": [1.0, 0.0, 0.2589162600501768, 0.937962505679461, 0.42741945042571267, 0.6122597341024476, 0.32239584362221213, 0.19700519547223486, 0.8271270816459572, 0.26615436281385196], "mid_cosine": [0.5828107693618472, 0.6155043878333475, 0.47061003663627843, 0.0831387918548181, 0.1798926471841186, 0.22251001107608417, 0.576765783419954, 1.0, 0.0, 0.8905618982704269], "high_L2": [0.5986121080279783, 0.6675341565532225, 0.43151950336778033, 0.7556144597567813, 0.5370028752536684, 0.7495718806528631, 0.0, 0.13046928493391877, 1.0, 0.08305859758710145], "high_cosine": [0.7243292732393061, 0.5554394057042197, 0.37767218700383604, 0.12849367034817913, 0.28996024893668804, 0.4950510119330451, 0.5725675169299353, 1.0, 0.0, 0.4908734803620476], "clip_cosine": [0.14157821873557913, 0.2526072911859714, 0.3417628057221966, 0.38744808491001387, 0.3711121365943701, 0.0, 0.5997231195200738, 1.0, 0.7457314259344716, 0.593354868481772], "dino_cosine": [0.5855297509591592, 0.6057420902479814, 0.7060243516689747, 0.9611644607898779, 0.5261791792473534, 0.8515441137521094, 0.734765072230168, 0.0, 1.0, 0.805882842591962], "clip_L2": [0.740686647368789, 0.6918483976865469, 0.6127697599175415, 0.6083289813142703, 0.6669721675805589, 1.0, 0.3659776150222402, 0.0, 0.26989152871052763, 0.4031378089280891], "dino_L2": [0.8343113072114718, 0.5124374775924392, 0.6685806119658, 1.0, 0.5633104536615392, 0.8002363138243588, 0.7847934104145092, 0.7073468797924679, 0.0, 0.8674822477114911], "rcnn_confidence": [0.0, 0.0, 0.0, 0.0, 1.0, 0.6202237474107304, 0.0, 0.0, 0.6027787678007795, 0.0], "yolo_confidence": [0.0, 0.0, 0.0, 0.0, 0.0, 0.0, 0.0, 0.0, 0.0, 0.0]}