{"pixel_L2": [0.8553735957023239, 0.4511947159392163, 0.8151028901271495, 0.8210164464141015, 0.9984206340472784, 0.6441199567831454, 0.5749617350766799, 0.4976153199747902, 0.0, 1.0], "pixel_cosine": [0.19346955081131256, 0.6020632365554759, 0.1670602795630701, 0.348678361473718, 0.138802398492913, 0.45193026981087, 0.33707755153195706, 0.4915069694940214, 1.0, 0.0], "low_L2": [0.0, 0.16519087090975695, 0.12912176379884652, 0.12526089808575347, 0.08206043464556197, 0.09713331572714959, 1.0, 0.11785437414276344, 0.1570295528313299, 0.21941678096487566], "low_cosine": [1.0, 0.3068196200658688, 0.9030624370016471, 0.7535600044798829, 0.8820889366014625, 0.5346366878732667, 0.0, 0.6463469377906347, 0.7285637149519733, 0.7587519337705771], "mid_L2": [0.623465771910659, 1.0, 0.6868889480496828, 0.9934362119139639, 0.5172563365800369, 0.09791289899110446, 0.738793364606953, 0.0, 0.3864808915735649, 0.4560363900083539], "mid_cosine": [0.0, 0.14728355664790296, 0.2489594069610719, 0.30273081344644415, 0.011973013953857132, 0.4197640826924602, 0.6904062277015778, 0.7457781653849204, 1.0, 0.01169552247680964], "high_L2": [0.660934810413736, 1.0, 0.8035931447540314, 0.37061190616785183, 0.4319712366026543, 0.5079781037041766, 0.15685718389559816, 0.0, 0.4295335523570893, 0.7041866064161345], "high_cosine": [0.0, 0.48920389550692306, 0.24197286996454645, 0.7313526005841742, 0.3763944055046676, 0.6889971545568601, 0.5193091688215448, 1.0, 0.9718783818565592, 0.1757724194054373], "clip_cosine": [1.0, 0.43899690053536206, 0.30149337841645535, 0.0, 0.35362073823612283, 0.315018315018315, 0.6390532544378699, 0.8374189912651451, 0.6232741617357002, 0.22090729783037474], "dino_cosine": [0.5740299893318582, 0.732837133035679, 0.35538247263819195, 1.0, 0.44008554269232286, 0.536913746098226, 0.0, 0.7228308111738907, 0.7737958828875103, 0.7147259868031135], "clip_L2": [0.0, 0.808386722331834, 1.0, 0.85646374609025, 0.6180770686335957, 0.5429806991852163, 0.20901362859207115, 0.1441024290934765, 0.19301861871205242, 0.6697575693209338], "dino_L2": [0.32452062489907596, 0.41577531289303526, 1.0, 0.0, 0.502567735684703, 0.056276396618503616, 0.5806101840627538, 0.13746142142023757, 0.27523499671357127, 0.13972041474958322], "rcnn_confidence": [0.0, 0.0, 0.0, 0.0, 0.0, 0.0, 1.0, 0.0, 0.0, 0.0], "yolo_confidence": [0.0, 0.0, 0.0, 0.0, 0.0, 0.0, 0.0, 0.0, 0.0, 0.0]}