{"pixel_L2": [0.46363581337251214, 0.35859044411795454, 0.2581205187887592, 0.6291194127584177, 0.0, 0.4102409605405792, 0.5964777610864409, 0.8152296526184305, 1.0, 0.2575895141720455], "pixel_cosine": [0.3261015737375629, 0.6522712377969376, 0.9472555344664698, 0.8601084338374855, 0.87789703041084, 0.6852014196832098, 0.0, 1.0, 0.3658492990952498, 0.2299239941782775], "low_L2": [1.0, 0.468953537541411, 0.0, 0.6587277201970083, 0.6305484657015, 0.5250078334859469, 0.7418417666260035, 0.4029058430199838, 0.4978537769570786, 0.8020698655682548], "low_cosine": [0.0, 0.5207224077249346, 1.0, 0.3464300755046175, 0.2911552808109978, 0.4199117107360948, 0.23408687543242188, 0.7109391450831754, 0.5885900791144, 0.16610639833950006], "mid_L2": [1.0, 0.4943907129348235, 0.0, 0.6497378565512906, 0.38434873819736426, 0.7344236993923641, 0.5507361030420648, 0.8587957117605197, 0.4668554970660065, 0.5043272652142972], "mid_cosine": [0.0, 0.5226737322997205, 1.0, 0.6350586900643368, 0.6700632125464385, 0.1766374195790259, 0.8260658493834605, 0.016659086611919935, 0.5687136221249023, 0.1864642366203517], "high_L2": [0.9642135134643487, 1.0, 0.0, 0.5573652200804041, 0.22038479962647878, 0.7687018318305572, 0.36294378384278153, 0.9675363970967213, 0.8150014855957846, 0.7945499857504078], "high_cosine": [0.20999457337121333, 0.0, 0.7814983879720369, 0.6261464654317568, 1.0, 0.29334584100904404, 0.6282398878839958, 0.04180151719067444, 0.10449812951210798, 0.030787623167483062], "clip_cosine": [0.18842001962708538, 1.0, 0.3307163886162905, 0.42198233562315995, 0.19823356231599606, 0.647693817468106, 0.3817468105986261, 0.022571148184494603, 0.16879293424926398, 0.0], "dino_cosine": [0.5159176029962547, 0.7229712858926342, 0.9489804411152726, 0.1674989596337911, 0.7623179359134415, 0.7187682064086558, 0.0, 0.11656263004577612, 0.9325842696629213, 1.0], "clip_L2": [0.17418344826334936, 0.0, 0.2713583859600922, 0.6101299977061515, 0.27932335358054194, 0.24829160127470584, 0.5276745689962404, 1.0, 0.6195762471343094, 0.6733222831179233], "dino_L2": [0.45213875507196405, 0.4439803990590252, 0.0687545407976319, 1.0, 0.13972647630502635, 0.0, 0.7305347765454917, 0.8557901190442966, 0.09974314952874735, 0.37875766477637446], "rcnn_confidence": [0.8543163961462148, 0.403442297899814, 0.0, 0.7885388091157085, 0.0, 1.0, 0.0, 0.0, 0.0, 0.0], "yolo_confidence": [0.0, 0.0, 0.0, 0.0, 0.0, 0.0, 0.0, 0.0, 0.0, 0.0]}