{"pixel_L2": [0.0493223470392297, 0.12165118066699931, 0.1967634485455747, 0.15268970911493804, 0.19625638881771473, 0.0, 0.02116974363815355, 0.26121127938181865, 1.0, 0.28938006554016693], "pixel_cosine": [0.7878423644577746, 0.8211245794036858, 0.7468057287761354, 0.8806862926106926, 0.799494719231943, 0.939907007238213, 1.0, 0.873363301016967, 0.0, 0.6826132171802997], "low_L2": [0.26669901177191596, 0.12450652434820357, 0.7995556803963126, 0.13737136436761063, 0.3060647072342381, 0.0, 0.2292229514057353, 0.2197237047062128, 1.0, 0.2598095043538214], "low_cosine": [0.6927720785431631, 0.8732731944262111, 0.14238292605164946, 0.8557828997955778, 0.6504791733088277, 1.0, 0.7307852440876953, 0.7446484499540519, 0.0, 0.7231203465801467], "mid_L2": [0.15869908316566872, 0.5683378914015156, 0.7826825536426394, 0.16343686372781707, 0.0, 0.04382974109369541, 0.42732190402756526, 0.10323723238919075, 1.0, 0.10313482645205595], "mid_cosine": [0.7670705563254332, 0.8074565611342075, 0.4025808667637897, 1.0, 0.9009345130227765, 0.641818865555674, 0.8767514716507361, 0.8534834002534674, 0.0, 0.5474007746153573], "high_L2": [0.6462690767944684, 0.8058693305216109, 0.0, 0.8278604164653792, 0.4663605697938677, 0.9540459817434079, 1.0, 0.8475729990632259, 0.10447173084759148, 0.9943289463182259], "high_cosine": [0.48063745537245894, 0.001707001455705992, 0.705759490891176, 0.008365440126691614, 0.21619391760589513, 0.12709961879216503, 0.16408562631957171, 0.0, 1.0, 0.11080258602636821], "clip_cosine": [0.5190495698484228, 0.0, 0.6308889799262597, 1.0, 0.6741089717328963, 0.35190495698484225, 0.8936911102007374, 0.3004916018025399, 0.43404342482589103, 0.637034002458009], "dino_cosine": [0.4840756319037698, 0.788214945556036, 0.054535686675314804, 0.649165978746544, 0.7966298465610545, 0.62050395062699, 0.6561369026560269, 0.0, 1.0, 0.05548960257871772], "clip_L2": [0.7410386876492183, 0.9736995866813852, 0.8391692552563346, 0.0, 0.6337267989628527, 0.32687495186506815, 0.16071881498215798, 0.7572428311041511, 1.0, 0.4145344389392345], "dino_L2": [0.8998084120223829, 0.939329840824379, 0.8145906871913279, 0.5589444749305834, 0.2060187866347923, 0.8367951451720399, 0.867923919255826, 1.0, 0.0, 0.8490625986975562], "rcnn_confidence": [0.42412317521120735, 0.0, 0.0, 0.0, 1.0, 0.3551330426235815, 0.0, 0.44289986319879343, 0.33543463386485406, 0.0], "yolo_confidence": [0.0, 0.0, 0.0, 0.0, 0.0, 0.0, 0.0, 0.0, 0.0, 0.0]}