{"pixel_L2": [0.3370440504198466, 0.4454964518658786, 1.0, 0.14217880300682847, 0.4316960272374285, 0.9095847439796484, 0.9677320632734645, 0.2091438572330292, 0.7128832654310361, 0.0], "pixel_cosine": [0.45217418605381304, 0.6280430755706258, 0.09263759379611315, 0.6276851590216947, 0.30783334903142756, 0.43817776521930235, 0.0, 1.0, 0.36108756396973407, 0.5807604156855358], "low_L2": [0.31392695543944715, 0.37763026539264366, 0.7959315968935966, 1.0, 0.7977207607836019, 0.0, 0.7385292554225927, 0.2897213831014767, 0.8174534233965591, 0.25226562601288716], "low_cosine": [0.6895016414068695, 0.626725027799806, 0.2059400764660798, 0.0, 0.20545274919037218, 1.0, 0.26845973569140663, 0.7134161199002308, 0.18579130873955016, 0.7576034130630291], "mid_L2": [0.7553586118835767, 0.9960633696546364, 0.8096639228016695, 0.9374832819384371, 0.6595117568979353, 0.6107833389691075, 0.0, 1.0, 0.8197427058781966, 0.40185425383190587], "mid_cosine": [0.45673010280333787, 0.15432094098196217, 0.0, 0.3196631861221795, 0.3619942688210254, 1.0, 0.922810545974187, 0.3321487888662901, 0.2769364151651936, 0.6985283925227521], "high_L2": [0.5730729044002357, 1.0, 0.6676030900671024, 0.9378954805751782, 0.6381545475955952, 0.06726504078581494, 0.0, 0.38708464374055823, 0.6595070830302644, 0.6312582381620945], "high_cosine": [0.5138176113485693, 0.0, 0.22367454818666987, 0.2924713377753709, 0.4359708183373046, 0.9658982273914057, 1.0, 0.5385378342296414, 0.4430208338668963, 0.3839078040505459], "clip_cosine": [0.7085714285714285, 1.0, 0.0, 0.3375824175824176, 0.16483516483516483, 0.49142857142857144, 0.9626373626373627, 0.43164835164835164, 0.3586813186813187, 0.6501098901098901], "dino_cosine": [0.44644867228875645, 0.7378070159251536, 0.7595449428871953, 0.5860751785351811, 1.0, 0.49832998099315384, 0.07658098208189552, 0.25856692070639037, 0.0, 0.3199239726153789], "clip_L2": [0.5256432925802432, 0.0, 0.7434639284631707, 0.8994139638274224, 0.11394235626957663, 0.4516435957024014, 0.17243861776295846, 1.0, 0.3226251220908693, 0.11740510592435419], "dino_L2": [0.3019790112934157, 0.0, 0.20787276262518645, 0.6250998828041764, 1.0, 0.5671378915405924, 0.890708235670147, 0.8239432399318133, 0.39675114532282124, 0.3946236415938632], "rcnn_confidence": [0.0, 0.0, 0.0, 0.0, 0.0, 0.0, 0.0, 0.0, 0.0, 0.0], "yolo_confidence": [0.0, 0.0, 0.0, 0.0, 0.0, 0.0, 0.0, 0.0, 0.0, 0.0]}