{"pixel_L2": [0.19221260546338487, 0.5206653731278206, 0.25813076369661425, 0.3001111862041902, 0.3092633368941987, 0.21204299199895354, 0.6167433342780527, 1.0, 0.3640279927619961, 0.0], "pixel_cosine": [0.38655937475897884, 0.0, 0.731753091498059, 0.8946191222973494, 0.38491400365066714, 0.41103426999511533, 0.21960562511247653, 0.25354140422140525, 0.4534539938812762, 1.0], "low_L2": [0.0784714664204127, 0.4911832283455911, 0.21476314545474534, 0.20501742466717238, 0.28544573068170576, 0.18521816562778273, 0.4858733770873872, 1.0, 0.32533557600343, 0.0], "low_cosine": [0.685468793508095, 0.05155336330005171, 0.5772504872906639, 0.5719797923545089, 0.3267234177970484, 0.5600063646127531, 0.21818688094196267, 0.0, 0.4495405545168861, 1.0], "mid_L2": [0.0, 0.9331490790376732, 0.457531858062362, 0.7157537422789412, 0.759223535085604, 0.4568455417261783, 0.793530077349706, 1.0, 0.7139544805327299, 0.129463374821465], "mid_cosine": [1.0, 0.01538708126302292, 0.28872816156435327, 0.07216701394454239, 0.0031655714056739864, 0.3371133194422183, 0.0, 0.32531255008815513, 0.07507212694342041, 0.9493708927712774], "high_L2": [0.0, 0.722776133354105, 0.09331671599937685, 0.2511034948330477, 0.574570286129719, 1.0, 0.579166017552059, 0.13891052604247806, 0.9219504595731423, 0.31095186166069483], "high_cosine": [0.8753170101904366, 0.093058821721154, 0.06500822305221254, 0.06649144648867986, 0.16396919813713284, 0.23741565607660503, 0.23918322804752462, 0.4493321651988134, 0.0, 1.0], "clip_cosine": [0.553650852483321, 0.5895107487027428, 1.0, 0.4104892512972572, 0.0, 0.39492216456634543, 0.4870274277242402, 0.6476093402520385, 0.7535211267605634, 0.9012231282431431], "dino_cosine": [0.5726801793971421, 0.0319160031985537, 0.25525849181239785, 0.0, 0.15519938810277092, 0.913499982616556, 0.5770955741751556, 0.6691930605291521, 0.03226367207871223, 1.0], "clip_L2": [0.29150068723169087, 0.4712862200773387, 0.0, 0.7693974721318807, 1.0, 0.49512261548618597, 0.49343871239168285, 0.4140059620130961, 0.10096954244251787, 0.000554236197876099], "dino_L2": [0.0, 0.3328921244209133, 0.8735492792149933, 1.0, 0.23571647767396633, 0.012056834609511626, 0.31955603045080955, 0.38079779937811725, 0.4299272744750785, 0.5942825240600587], "rcnn_confidence": [0.0, 0.0, 0.0, 0.0, 0.0, 0.0, 0.0, 0.0, 0.0, 0.0], "yolo_confidence": [0.0, 0.0, 0.0, 0.0, 0.0, 0.0, 0.0, 0.0, 0.0, 0.0]}