{"pixel_L2": [0.1129619101762365, 0.6924388857305287, 0.0, 0.5263217737350767, 0.35992040932347924, 0.4475270039795338, 0.7811824900511655, 1.0, 0.5585559977259806, 0.30488914155770325], "pixel_cosine": [0.0, 0.8400078634014828, 0.4487474724780948, 0.7009941586160413, 0.49283868793529545, 0.5635531341271625, 0.6949281060435857, 1.0, 0.5971410918894631, 0.7475567288249831], "low_L2": [0.9761246450455836, 0.0, 0.6902555671797937, 0.42493648184127936, 0.6539754894634584, 0.36418323120609775, 1.0, 0.6106336870422956, 0.9533701987744732, 0.4752279180989389], "low_cosine": [0.0, 0.8323211466051257, 0.46110166403498115, 0.8459553018340823, 0.5857524596137496, 0.48159844528118545, 0.4769828738005587, 1.0, 0.6319689056237094, 0.9349568808453783], "mid_L2": [0.8796090440035237, 1.0, 0.25902932169973575, 0.7784303032845338, 0.6498175259029322, 0.3449809136289274, 0.38852300851545785, 0.5345442342380133, 0.0, 0.8361927933218676], "mid_cosine": [0.0, 0.39081347100260544, 0.5164286403551095, 0.10334845122068899, 0.47959085206986396, 0.3655070925407701, 0.6893756634179292, 0.9447071311396313, 1.0, 0.5433272218469555], "high_L2": [0.19359453426566528, 1.0, 0.06378334381590144, 0.5562050636970168, 0.0, 0.40689629657035037, 0.1595940163034765, 0.06209380048589786, 0.14737257513534846, 0.38041856277825054], "high_cosine": [0.43209887616262904, 0.0, 0.9095997058111271, 0.5201671853838358, 0.9399782946014548, 0.5653628478917959, 0.55294951252545, 0.8687989380499224, 1.0, 0.263612962248751], "clip_cosine": [0.36156156156156155, 0.8864864864864865, 0.22762762762762762, 0.23963963963963963, 0.5357357357357357, 0.3051051051051051, 0.0, 0.9597597597597598, 0.2918918918918919, 1.0], "dino_cosine": [0.3533651877133106, 0.0, 0.5715494880546075, 0.8576928327645051, 0.6890102389078498, 0.27819795221843, 0.22765870307167235, 0.47677815699658704, 1.0, 0.76], "clip_L2": [0.641223345897136, 0.3487357962830772, 0.9068033408419878, 0.8339536537334492, 0.45160806490588257, 0.6868182840826711, 1.0, 0.1664740895872277, 0.6076135533526466, 0.0], "dino_L2": [0.7882295544701092, 0.974723685509679, 0.4260789768668289, 0.40830656824082195, 0.06122188213292135, 1.0, 0.9767390534159615, 0.3346323841163454, 0.01497877184525227, 0.0], "rcnn_confidence": [0.0, 0.0, 0.0, 0.0, 0.0, 0.0, 0.0, 0.0, 0.0, 0.0], "yolo_confidence": [0.0, 0.0, 0.0, 0.0, 0.0, 0.0, 0.0, 0.0, 0.0, 0.0]}