{"pixel_L2": [0.18995398324976545, 0.16590773968059772, 0.0, 0.7706860585399047, 0.3545798522927614, 0.34161680659561966, 0.8117127922441671, 1.0, 0.34546929180943087, 0.057660122138558874], "pixel_cosine": [0.0, 0.7901975282560473, 0.42456955740995034, 0.14608640540826026, 0.1087567339178198, 0.610541882328087, 0.23173127706770888, 0.6199429597549382, 1.0, 0.7222351325657548], "low_L2": [1.0, 0.8468969691326412, 0.48405419246706083, 0.8720378043670562, 0.0, 0.6381814795847106, 0.745425764700405, 0.3932678430094511, 0.4590297499883607, 0.4666651147632571], "low_cosine": [0.0, 0.15699493564723718, 0.5876584626302377, 0.10102899906454631, 1.0, 0.3612141543821167, 0.21828328118447793, 0.5246282377987807, 0.4990806748169414, 0.5422405728847457], "mid_L2": [0.0, 0.9350684249813387, 0.2576163224682757, 1.0, 0.003921373475989052, 0.5229261010201542, 0.6152077631251555, 0.9530131873600398, 0.18526996765364517, 0.3072306543916397], "mid_cosine": [0.58761335760746, 0.0, 0.6147080694376779, 0.13324273271964238, 0.6181867911143021, 0.13982409805379625, 0.4473533509406224, 0.019573151448327736, 1.0, 0.5655700573518979], "high_L2": [0.20412851475087296, 0.7586312515990472, 0.684511132972264, 0.831828877621987, 0.0, 0.7816070830135239, 0.4999009041148215, 1.0, 0.10239848076999304, 0.5250928798705627], "high_cosine": [1.0, 0.20145181033266277, 0.40153188305444615, 0.0, 0.8003235725560591, 0.01800979906341169, 0.2181587868326316, 0.09115163607604283, 0.725399789316855, 0.43070263813364923], "clip_cosine": [0.9283648790746583, 0.542981072555205, 0.0, 0.8781545741324921, 1.0, 0.5745268138801262, 0.9655625657202944, 0.33530494216614093, 0.7863433228180863, 0.4332939011566772], "dino_cosine": [0.5893524168793225, 0.32503051148341283, 0.5489015865971375, 0.0, 0.6648822071822182, 0.5958060579163431, 0.21792595880025148, 1.0, 0.16272791153518992, 0.6470653500499279], "clip_L2": [0.0, 0.8269351064569191, 1.0, 0.23142628250072858, 0.1377215134307283, 0.4412697522366257, 0.3028635637003915, 0.8009003812963589, 0.444747389638055, 0.7839298278130514], "dino_L2": [1.0, 0.9042281805534544, 0.6855071947887837, 0.7996115614960889, 0.5738181473011014, 0.0015002120912793405, 0.8415529827746285, 0.25629377163553524, 0.6152693855878785, 0.0], "rcnn_confidence": [0.04207660008959598, 0.30064384009620987, 0.3218170481082078, 0.6073216910183001, 0.06497727758659326, 0.7492528828817944, 0.33855544874321647, 0.5640295841623787, 0.0, 1.0], "yolo_confidence": [0.0, 0.0, 0.0, 0.0, 0.0, 0.0, 0.0, 0.0, 0.0, 0.0]}