{"pixel_L2": [0.5164674420549005, 0.5553848345931331, 0.542558781171655, 0.5395270186726707, 1.0, 0.7621932881069324, 0.08557999267553688, 0.8253511208665947, 0.0, 0.8126929884162791], "pixel_cosine": [0.26460832088430275, 0.4932372956819194, 0.579982777041783, 0.6996891549227592, 0.0, 0.24750672793112452, 0.8343152783185047, 0.29387166782463675, 1.0, 0.19003004813019084], "low_L2": [0.7798709985704942, 0.30394252373325437, 0.5687950642231798, 0.17841892803963036, 1.0, 0.0, 0.46229306556982735, 0.3874398976097409, 0.48919283203830466, 0.6708014000629079], "low_cosine": [0.6597476251932415, 0.8268795352282994, 0.0, 0.633804431888322, 0.4502444947014627, 1.0, 0.8206182263826576, 0.08621737868175353, 0.6284303464562703, 0.25404646253209173], "mid_L2": [0.7386497424848915, 0.39231668961111743, 0.3319000814762129, 0.353978212876199, 1.0, 0.0, 0.5024349705961072, 0.35249803702953403, 0.5483795697287034, 0.5343103578299232], "mid_cosine": [0.35105239922608494, 0.45192405340371605, 0.11792969833204155, 0.4561157862777938, 0.0, 1.0, 0.40044394351493606, 0.01804240747142676, 0.37259000024730765, 0.335543842644992], "high_L2": [0.8522577979809236, 0.439281852838374, 0.5270203696105936, 0.04663846631027413, 1.0, 0.0, 0.27324794372203376, 0.21817872706215286, 0.48489511938503976, 0.6000335747934815], "high_cosine": [0.21005911738678326, 0.38392756889346874, 0.2508632143718181, 1.0, 0.0, 0.980741252116811, 0.7779598101544472, 0.7488431819957114, 0.37453330291333387, 0.18866879400362171], "clip_cosine": [0.3539777144337911, 0.3421870951023581, 0.9598341539258876, 1.0, 0.3541072816791915, 0.8897382741642913, 0.9301632547292045, 0.7009587976159627, 0.0, 0.08927183208084996], "dino_cosine": [0.3588882731360174, 0.5678508849803527, 0.7450747243011354, 0.6860861970325494, 0.2898510176960201, 0.21158105609389097, 1.0, 0.8048272633850028, 0.6906989632036845, 0.0], "clip_L2": [0.8155671579782847, 0.7327431186402843, 0.13487092993693767, 0.0, 0.7538996955397503, 0.28802218653305967, 0.06551104055956197, 0.35893910174925125, 0.9795202425760685, 1.0], "dino_L2": [0.9013839355767733, 0.3389360601824787, 0.3194641598063231, 0.4675671629968234, 0.7962296497557805, 1.0, 0.0, 0.09025293591982818, 0.39264898865087894, 0.9000406304618831], "rcnn_confidence": [0.2436349899964886, 1.0, 0.24766742304686026, 0.6172161571835826, 0.0, 0.0, 0.41077247243950776, 0.6516249258539933, 0.23770516931575386, 0.0], "yolo_confidence": [0.0, 0.6239300385278022, 1.0, 0.0, 0.0, 0.0, 0.0, 0.0, 0.0, 0.0]}