{"pixel_L2": [0.6459940724319896, 0.40517899167088345, 0.2800061042705798, 0.17539978956330368, 0.016401211215793996, 0.7091861240291398, 1.0, 0.37315245415773113, 0.5595335052167417, 0.0], "pixel_cosine": [0.3812234362901144, 0.618290458573518, 0.7459915684418825, 0.7123307235653445, 0.8506117181450572, 0.3586703088703433, 0.0, 0.6132521724167599, 0.516517250279618, 1.0], "low_L2": [0.8763343877274655, 0.6078880264092514, 0.9013332379438803, 0.6868960442334521, 0.8740501510049109, 0.6490145077137703, 0.6326007082666885, 1.0, 0.9870559919055235, 0.0], "low_cosine": [0.1298124624863726, 0.3995737226992663, 0.09927790095177431, 0.3188780822421206, 0.21168097798792215, 0.372236240920171, 0.37247510320075455, 0.0, 0.014337861508874653, 1.0], "mid_L2": [0.44153224010050646, 0.16074799426186417, 0.3453408195554854, 0.38051044969520925, 1.0, 0.0, 0.2801668998155599, 0.1807983747888613, 0.34280015427286187, 0.38223901855983994], "mid_cosine": [0.8171620806364204, 0.854382036258781, 0.49172776261030504, 0.8936010307064634, 0.0, 1.0, 0.46634610468623783, 0.9393654713334765, 0.2568892706320235, 0.48883784778674194], "high_L2": [0.21457686578666255, 0.33424458965999615, 0.15016423413136704, 0.2832832106799384, 1.0, 0.11017206318494219, 0.1331067103202179, 0.08764540147098744, 0.0, 0.26269621298865586], "high_cosine": [0.7920503314128504, 0.6805458065792634, 0.9502475585684472, 0.8162696150711584, 0.0, 0.8339708771252115, 0.803076227311057, 0.856445237971857, 1.0, 0.7458607547827562], "clip_cosine": [0.6695483415666902, 1.0, 0.5830980945659845, 0.07833450952717008, 0.0, 0.5645730416372619, 0.3613267466478476, 0.5673959068454482, 0.9666549047282992, 0.6067395906845449], "dino_cosine": [0.3953104567795464, 0.7539432745637372, 0.9194029850746268, 0.0, 1.0, 0.7120800829688416, 0.08423141092122469, 0.8309329485502999, 0.8970013978446137, 0.6553366100013528], "clip_L2": [0.5041180712087344, 0.0, 0.5934454755565217, 0.9023619582893899, 1.0, 0.4793477990960343, 0.7666569995028986, 0.5415759101150549, 0.1280835167986102, 0.4368936451126396], "dino_L2": [0.591314393121411, 0.2326889430471515, 0.07231376731436227, 1.0, 0.0, 0.28553438192739755, 0.8237394615415126, 0.1793758015398379, 0.07211269374677731, 0.3249029338010727], "rcnn_confidence": [0.47162498555562987, 0.6370317573342306, 0.7801686879699842, 0.33511685953325937, 1.0, 0.6948310416788838, 0.03887781157484414, 0.3630498608666106, 0.0, 0.7700993758009976], "yolo_confidence": [0.0, 0.0, 0.0, 0.0, 0.0, 0.0, 0.0, 0.0, 0.0, 0.0]}