{"pixel_L2": [0.5561894922502509, 0.0, 1.0, 0.10372356321348372, 0.30567200881155066, 0.2633072833125771, 0.14675671752661823, 0.05342978387061755, 0.770184903510837, 0.28940467143918336], "pixel_cosine": [0.7251948987932535, 0.0, 0.2751346933035675, 0.07082714432618192, 0.31994823206799267, 0.782335181978783, 0.7864001511729084, 0.7809201332430984, 0.11190310871265721, 1.0], "low_L2": [0.4282298765852619, 0.0, 0.3183794986910276, 0.08566998632861396, 0.6016638328089068, 1.0, 0.34956124064338345, 0.32086156721175385, 0.7052359826413416, 0.06846302536884358], "low_cosine": [0.08120024962052774, 1.0, 0.15165537106527469, 0.8899816599765095, 0.1838389784089144, 0.19642355916360774, 0.34775191643707576, 0.24174767070801212, 0.0, 0.8972849679935251], "mid_L2": [0.4628068532731804, 0.5441722114243288, 0.7262937373794695, 0.0, 0.5050198381734693, 1.0, 0.33335224935094415, 0.3410075616780399, 0.7176292555128368, 0.5271894108133415], "mid_cosine": [0.4319050671903009, 0.06650817645398198, 0.0, 1.0, 0.07995805734295493, 0.4674297745582184, 0.5712997356333188, 0.3244332665347383, 0.05073031121840915, 0.6932623349098914], "high_L2": [0.6087011294276123, 0.37444020587743687, 1.0, 0.0, 0.06569815456287273, 0.28071327589997275, 0.4523432926392476, 0.2497516280241645, 0.44220981483051996, 0.5330389482498689], "high_cosine": [0.3635668272760406, 0.5300920234165328, 0.0, 1.0, 0.877638893975143, 0.6250675745194362, 0.5313125064304784, 0.6497152714926209, 0.5231776242019667, 0.5772620897354741], "clip_cosine": [0.26118251928020564, 0.5122107969151671, 0.06619537275064268, 0.8110539845758354, 0.5634961439588689, 1.0, 0.8368894601542416, 0.2980719794344473, 0.06683804627249357, 0.0], "dino_cosine": [0.8270016649008627, 0.8566640823122045, 0.0, 0.5756881229864429, 0.24420296346175824, 0.7878656835823478, 0.9516993417618296, 1.0, 0.9523418266958668, 0.9160476056625163], "clip_L2": [0.860433889232053, 0.6187659399524869, 0.8883351085784553, 0.20851243984817674, 0.5401353051142165, 0.0, 0.15303130078993984, 0.7893478760542771, 1.0, 0.9621291020308015], "dino_L2": [0.4772078752327299, 0.1711715385667067, 1.0, 0.3348505394521511, 0.46665354245233476, 0.16070140808541575, 0.0, 0.06716497606835702, 0.19213086973640278, 0.2220872312347695], "rcnn_confidence": [0.0, 0.5784092882622813, 0.3495933214775844, 0.11603566458858172, 0.36201186084743486, 1.0, 0.6220936220045591, 0.1418696334402509, 0.4690326536015828, 0.3274314340003782], "yolo_confidence": [0.0, 0.0, 0.0, 0.0, 0.0, 0.0, 0.0, 0.0, 0.0, 0.0]}