{"pixel_L2": [0.5079498666331485, 0.2521082072644289, 0.16328410805424662, 0.0, 0.2983587474946751, 0.22427490740373882, 0.28276550523425614, 1.0, 0.6604999583299747, 0.37202816438301267], "pixel_cosine": [0.5283247922631603, 0.38968320463072076, 0.4687620859737993, 1.0, 0.41566894706050195, 0.36898104313826996, 0.4381459255273174, 0.0993617470556581, 0.0, 0.3626492227512615], "low_L2": [0.036333427088762, 0.17885387286883817, 0.0, 0.003899046393344604, 0.27854927767339405, 0.4007657759501133, 0.2827499806591946, 1.0, 0.4065641194176289, 0.1457798962373288], "low_cosine": [0.8783818502990685, 0.6210983406554685, 0.8853655932093415, 1.0, 0.6153360689866473, 0.4504066090963237, 0.6089383296686286, 0.0, 0.40319462156941305, 0.7153209679010276], "mid_L2": [0.25781617000196444, 0.2915716469794416, 0.0, 0.45202840341302175, 0.2182981226672133, 0.40153931893304634, 0.5933242797721235, 1.0, 0.47821593597594825, 0.5296215867647185], "mid_cosine": [1.0, 0.6122019003376536, 0.7767444835119472, 0.8319827670160455, 0.5947399863078012, 0.8674124215278575, 0.13475478318504963, 0.0, 0.7388976181097499, 0.29650441944059663], "high_L2": [0.08563871796537986, 1.0, 0.4641217877904797, 0.31291488175869875, 0.3287812973302609, 0.7327136766021684, 0.0, 0.5523297735145484, 0.4102474544754745, 0.689953363291462], "high_cosine": [0.7553324942701908, 0.004559391961664872, 0.4947930552025015, 0.667690695699078, 0.6373552564412562, 0.0, 1.0, 0.49692894623175915, 0.42786020298714744, 0.26615937101953063], "clip_cosine": [0.49196353040699314, 0.3327380392894069, 0.8050568662468277, 0.8020490647617258, 0.5266472412820754, 0.646583325500517, 0.3983457091831939, 1.0, 0.30031017952815114, 0.0], "dino_cosine": [0.5611740245059448, 0.5324828249796457, 0.6083086053412463, 0.589690277693669, 0.8311835119804598, 0.570607669378335, 0.0, 0.8808346286091093, 1.0, 0.48981610448333635], "clip_L2": [0.6025148243681382, 0.556512135840547, 0.0, 0.18883360850592598, 0.6177669128049047, 0.39559928366279445, 0.7286684244856166, 0.10989519972601762, 0.8351660012401626, 1.0], "dino_L2": [0.11785151817224838, 0.8690105317092637, 0.8453540102771615, 0.8666916835133506, 0.2028655511452187, 1.0, 0.6414448132194054, 0.0, 0.18630352277709988, 0.9643419611346591], "rcnn_confidence": [0.83298006012423, 0.10572839683945971, 0.1700946992041979, 0.5872379030337406, 0.07756304140569639, 0.0, 0.15651610754845613, 0.9198022182992713, 1.0, 0.6069915851970403], "yolo_confidence": [0.0, 0.0, 0.0, 0.0, 0.0, 0.0, 0.0, 0.0, 0.0, 0.0]}