{"pixel_L2": [0.6725422288811079, 0.008954307636280696, 0.0, 0.3279699061326048, 0.30402123494914474, 0.7459657708967408, 0.4767133311542158, 0.5301517369559254, 1.0, 0.2829711292365076], "pixel_cosine": [0.3417342607470292, 0.9566343518271883, 0.8731016016360059, 0.619785446077968, 0.7811621957192325, 0.4544201802699753, 0.6119743557797235, 0.672104982772102, 0.0, 1.0], "low_L2": [0.4939341730100323, 0.0, 0.46053306292541796, 0.5123460997608065, 1.0, 0.2853922050793764, 0.6001042342817534, 0.591512770796784, 0.9384409529572021, 0.03422533690008924], "low_cosine": [0.9070098462860134, 1.0, 0.5461511610550682, 0.49210467580437695, 0.44637650779004384, 0.9565112619557532, 0.5884153716793994, 0.7938952371638691, 0.0, 0.9874140853875089], "mid_L2": [0.7255047936691192, 0.0, 0.3230282427896436, 0.179265510321889, 0.6587545928511871, 0.8944163452052619, 0.8026165889356192, 1.0, 0.4895154713800086, 0.30435370222747554], "mid_cosine": [0.3650791262041996, 0.849322950146514, 0.6132820981934588, 0.29428423087093647, 0.5590079287444937, 1.0, 0.3218875700591001, 0.5085161982444109, 0.0, 0.6599513482950404], "high_L2": [0.13603535294609362, 0.7220811474288861, 0.2198240327843576, 0.8355713470054943, 0.5006417040587893, 1.0, 0.0, 0.6132575910857928, 0.7620877402181114, 0.06766647457389817], "high_cosine": [0.9918841060582534, 0.6928741075538758, 1.0, 0.24741662362039116, 0.33744315292287924, 0.48602358558850683, 0.7708259709063163, 0.6931562077642341, 0.0, 0.9425279949324793], "clip_cosine": [0.6091694352159468, 0.27840531561461795, 0.4115614617940199, 0.26059800664451827, 0.8227242524916943, 0.8069102990033222, 0.519734219269103, 0.8, 0.0, 1.0], "dino_cosine": [1.0, 0.9687158832480659, 0.6789691324225455, 0.7744775623045372, 0.23664134958732377, 0.39493636018556155, 0.845648675976096, 0.0, 0.5731647916799635, 0.9040783900084316], "clip_L2": [0.31360109665870606, 0.5912719025439304, 0.7138854387789573, 0.778136815376082, 0.06001012264211136, 0.2062419828165606, 0.7171065997199637, 0.5189263266591484, 1.0, 0.0], "dino_L2": [0.0, 0.4126775465709064, 0.662113383596385, 0.36764386304288194, 0.5954002459714944, 0.8010465069791541, 0.5166173259090634, 0.8568203652047315, 1.0, 0.16611665477184304], "rcnn_confidence": [0.0, 1.0, 0.0, 0.0, 0.0, 0.0, 0.0, 0.0, 0.0, 0.0], "yolo_confidence": [0.0, 0.0, 0.0, 0.0, 0.0, 0.0, 0.0, 0.0, 0.0, 0.0]}