{"pixel_L2": [0.5509088364204223, 0.5425271772690721, 0.0745018072437954, 0.030137196837254746, 0.25980398883543243, 0.12269360287841655, 1.0, 0.7441686541316859, 0.0, 0.5748723128054956], "pixel_cosine": [0.7445175573761196, 1.0, 0.24699159050622144, 0.6236831659734772, 0.16838957331249246, 0.4801793828107087, 0.28696811985809134, 0.0, 0.23376962769930945, 0.8658129793670322], "low_L2": [0.28186821321215005, 0.4618562407873478, 0.6265646221283881, 0.33047303951543866, 0.5006140695301788, 0.3564197300411311, 1.0, 0.37918471649169333, 0.0, 0.9018788982794467], "low_cosine": [0.9327980115093658, 0.42340013652467084, 0.030873301744330745, 0.6645286337689692, 0.0, 0.6146883260202738, 0.3910503516750681, 0.6792838616795416, 1.0, 0.5295300622363638], "mid_L2": [0.36128852324832156, 0.4258920681191369, 0.4581500292253623, 0.21710543890937573, 1.0, 0.32433206422954575, 0.7895496088503159, 0.38459080752828234, 0.0, 0.8781564192680089], "mid_cosine": [0.5445649128705105, 0.49571916848770103, 0.241860676864459, 0.27948884966661064, 0.058616294055023256, 0.6284445565080966, 0.0, 0.24404381688799237, 1.0, 0.08565305093292991], "high_L2": [0.4272362753336465, 0.5698556900213719, 0.0, 0.42790456088346024, 0.06792361694666288, 0.6184949680083106, 0.8473662270979866, 1.0, 0.7710923491229579, 0.12410261160699516], "high_cosine": [0.05902657528849549, 0.28342517129188866, 0.39478651734684966, 0.7548852408674205, 1.0, 0.39196536324679065, 0.1309579901976706, 0.10415829171695151, 0.20036352730314458, 0.0], "clip_cosine": [0.0, 0.701429123213596, 1.0, 0.40652761684047894, 0.13962920046349941, 0.38277327153341056, 0.38277327153341056, 0.4337582078022402, 0.7966396292004635, 0.6458091927385091], "dino_cosine": [0.9428662778305269, 0.0, 0.24421105663960316, 0.7285445772860271, 0.6996628364369175, 0.9254752262289999, 0.6961652489003429, 0.77925475226229, 1.0, 0.7541709458019261], "clip_L2": [0.7319295443768992, 0.358526675396708, 0.0, 0.6208271788234503, 1.0, 0.6512657396234487, 0.640799846134608, 0.5040081807639061, 0.23063495499246858, 0.3116821537092414], "dino_L2": [0.0, 0.7910362347842215, 0.8094464726726082, 0.19736341184854017, 1.0, 0.050803861659654635, 0.5744548187772712, 0.0458791718321408, 0.5431971925851449, 0.7181542418710893], "rcnn_confidence": [0.3857076536042608, 0.751565308280135, 1.0, 0.86674479111776, 0.36636653817343595, 0.3980697616159197, 0.0, 0.005071299484403421, 0.16748271647076807, 0.3225696119147818], "yolo_confidence": [0.0, 0.0, 0.0, 0.0, 0.0, 0.0, 0.0, 0.0, 0.0, 0.0]}