{"pixel_L2": [0.39073062808379133, 0.3524652771680919, 0.09697371424557953, 0.16091903566223595, 0.0, 0.17527787045003598, 1.0, 0.8278915207810222, 0.05929219855665396, 0.04683412055977946], "pixel_cosine": [0.26692571428571427, 0.0, 0.5277142857142857, 0.9222742857142857, 0.8297028571428572, 0.22968, 0.16325714285714285, 0.5137828571428571, 1.0, 0.7083657142857143], "low_L2": [0.47531529589306887, 0.47464697639323056, 1.0, 0.0, 0.047450684488519995, 0.30341705292659266, 0.10371887463619704, 0.8884337609140887, 0.5056268190147677, 0.17874312816643312], "low_cosine": [0.5150228170418376, 0.52346895731871, 0.0, 1.0, 0.9266115734171876, 0.6795691605629481, 0.8718314990221268, 0.1093636154465621, 0.4843827894312996, 0.8050772711584921], "mid_L2": [0.4001823806706635, 0.7201813255758746, 0.27712064632092215, 0.48491026042000307, 0.5873863417979569, 0.5147166882081853, 1.0, 0.3242532378221336, 0.0, 0.6834225767675663], "mid_cosine": [0.4900297523071358, 0.34796458886573883, 0.7792019875999339, 0.46288532883169614, 1.0, 0.259195594078702, 0.0, 0.6479329016771777, 0.8119884131448554, 0.10663720412438203], "high_L2": [0.5782340248135108, 0.6221373376212675, 0.5868994560676024, 0.4418760543249135, 0.12163827895394348, 0.1207721974924264, 0.0, 1.0, 0.14507418477081618, 0.5432925314785525], "high_cosine": [0.23909934021758464, 0.3555100081642449, 0.31955090224548877, 0.0, 1.0, 0.5211756084076723, 0.7132196481874733, 0.08066798951719527, 0.8067473948344543, 0.47304995617879053], "clip_cosine": [0.7960496095544327, 0.9283417547083141, 0.0, 0.1915480018373909, 0.3169499310978411, 0.5668350941662839, 1.0, 0.49931097841065686, 0.4377583830960037, 0.19338539274230593], "dino_cosine": [1.0, 0.0, 0.4866902671141557, 0.4647142660107581, 0.33245214779397114, 0.7850520282592371, 0.6538243452408319, 0.7125649395430095, 0.35359293825571236, 0.7409467763934225], "clip_L2": [0.5473775333945182, 0.21176646614592726, 0.8004918836525501, 0.5925608275187663, 1.0, 0.6074148588406134, 0.0, 0.5811681501995188, 0.7254108270511962, 0.620196887052452], "dino_L2": [0.0, 1.0, 0.36577700933774776, 0.2749274414851494, 0.4491729981208371, 0.11493328821473515, 0.31828935104305056, 0.11048867246200376, 0.4777508912758585, 0.6978682463515506], "rcnn_confidence": [0.15837263568853854, 0.10744529938553356, 1.0, 0.0, 0.15839170284116347, 0.5964528230086996, 0.2331810394131189, 0.1208656830593251, 0.0, 0.0], "yolo_confidence": [0.0, 0.0, 0.0, 0.0, 0.0, 0.0, 0.0, 0.0, 0.0, 0.0]}