{"pixel_L2": [0.4870261949375053, 0.6151922327330863, 0.0, 0.15973292600162642, 0.038393123903103066, 1.0, 0.2175056341177239, 0.8378125970759968, 0.3120994533075585, 0.3471625613619231], "pixel_cosine": [0.4550089715574979, 0.7546856401783653, 0.9978059656415996, 1.0, 0.21998081330277675, 0.32548099984011086, 0.5405674288049175, 0.3194673914974507, 0.49461706550125245, 0.0], "low_L2": [0.47291304850159827, 0.1436800475351241, 0.0, 0.7432663158995086, 0.6065267265868424, 0.9972454569295465, 0.36185563039973884, 1.0, 0.5292060423891535, 0.45476644152281115], "low_cosine": [0.7318750816998549, 1.0, 0.9347870201495185, 0.5067146387465842, 0.6427603035188516, 0.2670928546084943, 0.7854415527018531, 0.0, 0.5796214106530386, 0.7735697078724424], "mid_L2": [0.2786375321336761, 0.320468773627703, 0.0, 0.12196733706336005, 0.44175714501739, 0.8440133071223348, 0.4696582489036746, 1.0, 0.39602449720247995, 0.06710267654619688], "mid_cosine": [1.0, 0.1568181256029088, 0.5840998903778255, 0.47382777161748757, 0.5232461636185948, 0.10685977992414335, 0.5960467601989935, 0.0, 0.668027953391367, 0.7977868214463707], "high_L2": [0.8682849642663829, 0.8459426652695671, 0.4814784069337702, 0.0, 1.0, 0.9034036090233206, 0.9195767025456972, 0.9683475626852435, 0.5136407799474987, 0.8459901011485412], "high_cosine": [0.34291551036054696, 0.2653018762192587, 0.1253051317420679, 1.0, 0.3945108415232377, 0.32061356164929433, 0.0, 0.25177895794155675, 0.422462607438502, 0.18300655324683995], "clip_cosine": [0.0, 0.6106512572231766, 0.10979228486646884, 1.0, 0.5711385288146181, 0.9286272059971888, 0.11900671560206154, 0.902858035295955, 0.8250819928158676, 0.8413243791972513], "dino_cosine": [0.0, 0.40613415818840504, 0.5521075538067132, 0.5762570096899429, 0.7031731669595043, 1.0, 0.5330783717529223, 0.3897738311922873, 0.6190831904215809, 0.48066745925699916], "clip_L2": [1.0, 0.3861337311471727, 0.9620837230201287, 0.0, 0.33421255751692, 0.06105963037693315, 0.8059840573777816, 0.03324897092901048, 0.23034850977245128, 0.11332673525154265], "dino_L2": [1.0, 0.721837251611442, 0.6754205512278372, 0.450337653084858, 0.3733382196811696, 0.0, 0.7830979407344432, 0.6485333084463444, 0.622797657967412, 0.7955531958441004], "rcnn_confidence": [0.0, 0.5111599062848754, 0.0, 0.787791513282572, 0.13018479599863222, 0.5315558548780839, 0.09027481495271031, 0.5215547448135405, 0.5020926438887894, 1.0], "yolo_confidence": [0.0, 0.0, 0.0, 0.0, 0.0, 0.0, 0.0, 0.0, 0.0, 0.0]}