{"pixel_L2": [1.0, 0.7297112099316185, 0.44899507105152475, 0.056271767947185115, 0.7694310679703412, 0.2744710713728752, 0.3373139829967818, 0.2727319984688597, 0.0, 0.12958456005708696], "pixel_cosine": [0.0, 0.17161363748129518, 0.5896882881490484, 1.0, 0.36424692468193026, 0.6959386833212733, 0.6551850108540638, 0.72966004650738, 0.9670443927695778, 0.8623887370646959], "low_L2": [0.7567165932940298, 1.0, 0.4212507255167044, 0.2368217086467348, 0.4569882837212449, 0.0, 0.5925343886015836, 0.043028926899963564, 0.3854039688879446, 0.732800951450618], "low_cosine": [0.0, 0.11964141495719594, 0.4692537554514618, 0.7159687449523502, 0.2051687934097884, 1.0, 0.32794984655144566, 0.8679938620578259, 0.6506238895170409, 0.24129381360038765], "mid_L2": [1.0, 0.6059229959811864, 0.4885279985801037, 0.0, 0.36569175572712637, 0.2810938272544023, 0.7267637774312554, 0.5224001318475133, 0.24565727253134548, 0.7425753369084294], "mid_cosine": [0.0, 0.6471455604931862, 0.6819095446810496, 1.0, 0.5709162966824125, 0.8027133756153164, 0.6576132922547709, 0.1627153227229489, 0.9137553013047649, 0.5395131013976582], "high_L2": [0.5003567318422766, 0.15751854133730123, 0.42218741281502836, 0.3545100785827211, 0.3886567992653213, 0.7451866630242723, 0.5735746710220404, 1.0, 0.4763227413280015, 0.0], "high_cosine": [0.46243820736557467, 0.8713716239326726, 0.592827376341876, 0.64639658639312, 0.7152592338096779, 0.21878618789868998, 0.4312792283187035, 0.0, 0.43744967245877553, 1.0], "clip_cosine": [0.0, 0.60181835956594, 0.5275197966565647, 0.6422915240981523, 0.752468471991397, 0.524391436113012, 0.5757161012806726, 0.5150063544823541, 1.0, 0.2772509531723531], "dino_cosine": [0.0, 0.1849431456123706, 0.19501125759356547, 0.04915815856922358, 0.017452810150242852, 0.07461164842322887, 0.037504071142327136, 0.39707444172248263, 1.0, 0.2783953327008312], "clip_L2": [1.0, 0.38426012338468674, 0.5310868684505465, 0.4018944942515191, 0.2793642164911831, 0.5941841125227973, 0.4742508940472637, 0.5586567543754772, 0.0, 0.7301369262091679], "dino_L2": [0.8960375386647967, 0.444232761025044, 1.0, 0.8962430968650973, 0.9181976470126554, 0.8069687032968265, 0.898162730149268, 0.7275839950516535, 0.0, 0.3137042381896302], "rcnn_confidence": [0.15760413476171664, 0.30717391289996626, 0.3077205702302467, 0.8371340622700841, 0.10045719653299251, 0.025222692934548138, 1.0, 0.0176249922401212, 0.2734533855553514, 0.0], "yolo_confidence": [0.0, 0.0, 0.0, 0.0, 0.0, 0.0, 0.0, 0.0, 0.0, 0.0]}