{"pixel_L2": [0.0, 1.0, 0.0681705321932881, 0.45252973747558634, 0.1967805433370104, 0.18818775663419696, 0.735629379945698, 0.10322237172573248, 0.6412396483309221, 0.13819136210653685], "pixel_cosine": [1.0, 0.0, 0.7171516824100459, 0.4838235844047058, 0.832487453910416, 0.4303080616572057, 0.29070878861989274, 0.7681677099927453, 0.05751082591038614, 0.5394452048135101], "low_L2": [0.0428353296415259, 0.38997761093087246, 0.05163786101280423, 0.8157979209861689, 0.0, 0.4992967665392771, 0.2716217371145086, 0.3879765920835428, 1.0, 0.9537921780250648], "low_cosine": [0.830365187230038, 0.5486529938135081, 0.875005168985087, 0.17671162326181128, 1.0, 0.45153496928056497, 0.6223213692735478, 0.6111037318192697, 0.09638810118429281, 0.0], "mid_L2": [0.19113361901051812, 0.4704285157771718, 0.052471756914686404, 0.8892978184651344, 0.0, 0.4493182703544994, 0.5170685625243475, 0.5303739774055317, 1.0, 0.7590679781846513], "mid_cosine": [0.7620712822125737, 0.46835514182186333, 0.7514219407476611, 0.28086926259330874, 1.0, 0.4769476428780133, 0.3187670868313454, 0.4217743691481383, 0.0, 0.1924965896126954], "high_L2": [0.8074747644854684, 0.5138506789235363, 0.2468855752884318, 0.900837094645701, 0.3394487021839082, 0.5611459456948278, 0.0, 0.4905315100949317, 1.0, 0.6157000977045953], "high_cosine": [0.6759140351315717, 0.5160575232421928, 0.8294537277167352, 0.3998289899162978, 0.8605677336744357, 0.7109552836766516, 1.0, 0.7131761687631161, 0.0, 0.48775633248697714], "clip_cosine": [0.4035867793093227, 0.6416184971098265, 0.9682821994960723, 0.552690084481992, 1.0, 0.8574181117533719, 0.3272565584704313, 0.7760486141989033, 0.4553134726545131, 0.0], "dino_cosine": [0.0, 0.3121877742980679, 0.541332090751798, 1.0, 0.6585429286635386, 0.328240193900514, 0.18388400645853425, 0.19258568936184048, 0.12680111109907058, 0.7071372583016367], "clip_L2": [0.6334393892936645, 0.2531503982598389, 0.07121584404548949, 0.5635091414829593, 0.0, 0.039428617784677066, 1.0, 0.305586912492833, 0.613682456355039, 0.9732052870317026], "dino_L2": [0.5476486594554736, 0.7118841881695582, 0.5662054514958119, 0.4102681608341858, 0.7210145868277155, 0.28952178676955515, 0.0, 0.2864177368347259, 0.26271479090828836, 1.0], "rcnn_confidence": [0.0, 0.0, 1.0, 0.0, 0.0, 0.0, 0.5296053803977084, 0.7522999016281733, 0.6636907490148517, 0.0], "yolo_confidence": [0.0, 0.0, 0.0, 0.0, 0.0, 0.0, 0.0, 0.0, 0.0, 0.0]}