{"pixel_L2": [1.0, 0.48450269664709733, 0.6726803019265263, 0.4429296423039957, 0.5307344307656519, 0.49675851387502984, 0.0, 0.0031649637896309173, 0.7629460486926924, 0.7747610972690709], "pixel_cosine": [0.0, 0.3370530127931456, 0.28408438470711206, 0.344296082559218, 0.38782810958823444, 0.38124015487214213, 1.0, 0.6685191455533146, 0.35353394084826356, 0.3368395483386577], "low_L2": [1.0, 0.5289553971501179, 0.24107199739504068, 0.24699686413862915, 0.7078481478597569, 0.5217422081277563, 0.6263723817681162, 0.0, 0.479737238884681, 0.5291040497207455], "low_cosine": [0.0, 0.472848865877712, 0.7584442800788954, 0.7528353057199211, 0.29385478303747536, 0.4807846400394477, 0.3780125123274162, 1.0, 0.520555966469428, 0.47218626725838264], "mid_L2": [0.6643031848459617, 0.05847991257285595, 0.58317721343325, 1.0, 0.5784936164307521, 0.9035222384124341, 0.3253105051346101, 0.0, 0.6089413336108799, 0.38042950319178465], "mid_cosine": [0.318770480076845, 0.969016751936453, 0.5756562140214866, 0.0, 0.277043920184755, 0.027474810782824325, 0.5823460886033694, 1.0, 0.3934354754102828, 0.5549394028162873], "high_L2": [0.0, 0.38569819819819817, 0.5245285771601561, 0.7457667687930846, 0.6024341649341649, 1.0, 0.6247971149286938, 0.5606808731808732, 0.5654406937301674, 0.8763586460954882], "high_cosine": [1.0, 0.547880351648179, 0.34317901107295107, 0.1928704254613075, 0.09557219410948063, 0.26581758987077303, 0.6117869296369823, 0.3092336119734752, 0.4109755546784642, 0.0], "clip_cosine": [0.038821954484605084, 1.0, 0.0, 0.6693440428380187, 0.45917001338688085, 0.285140562248996, 0.10575635876840696, 0.3172690763052209, 0.3099062918340027, 0.5133868808567604], "dino_cosine": [0.10682185932039759, 0.9309519600777776, 0.27676325415063296, 0.22762193546632584, 0.5680622221013557, 0.4805487945827611, 0.3368097575568035, 0.7738193981752172, 0.0, 1.0], "clip_L2": [0.7529390514263707, 0.0, 1.0, 0.5731180102208613, 0.6480942813957491, 0.7851983252646808, 0.840566151874705, 0.970463789898081, 0.8664233290561807, 0.7720448027482836], "dino_L2": [0.46104993489445406, 0.0, 0.10553535663009131, 0.7311621706629032, 0.4299117204649791, 0.9629167284585386, 0.8271142190838289, 0.4778698182422643, 1.0, 0.72010645041956], "rcnn_confidence": [0.0, 0.0, 0.0, 0.0, 0.0, 0.0, 0.0, 0.0, 0.0, 0.0], "yolo_confidence": [0.0, 0.0, 0.0, 0.0, 0.0, 0.0, 0.0, 0.0, 0.0, 0.0]}