{"pixel_L2": [0.6706908259193093, 0.7705824408472445, 0.3608760251160356, 0.7451714667261684, 0.0, 1.0, 0.6327090629486426, 0.5532019379193054, 0.8175612732282125, 0.6357651942714465], "pixel_cosine": [0.4413020661454366, 0.4395428526056955, 0.7692043342654601, 0.591412110038931, 1.0, 0.0, 0.6762166239476355, 0.43643011158227485, 0.23059096176129779, 0.5433203232585895], "low_L2": [0.4207249976822325, 0.7481664061176275, 0.5456932682440273, 0.9546638278010621, 0.0, 0.5421619496101355, 0.4689412757631849, 0.18490701756068556, 1.0, 0.20009654700592389], "low_cosine": [0.4671842686301739, 0.0, 0.5153151319273076, 0.4176959177964493, 1.0, 0.16419854535282188, 0.41260752500174835, 0.8895364810726025, 0.1736972115932183, 0.6325654641183699], "mid_L2": [0.0, 0.8886165557010544, 0.6758335859238167, 1.0, 0.21607834236935347, 0.7858567744767644, 0.4583830426427485, 0.38969311376127885, 0.9952622486475833, 0.1157710529812894], "mid_cosine": [0.4905229292257372, 0.4184559783681084, 0.442790489969779, 0.48423057182727064, 1.0, 0.5652075051338574, 0.6689909544629441, 0.7106007528746595, 0.0, 0.7076611856327422], "high_L2": [0.9027303942543186, 0.9102838076633827, 0.8874004996157496, 1.0, 0.0, 0.6999148049430385, 0.5177289770113767, 0.6418256977739958, 0.403557570655027, 0.7688351386380546], "high_cosine": [0.0, 0.22367725839182726, 0.11803823777627923, 0.30693129850993955, 1.0, 0.42289727246742914, 0.5206566209501969, 0.41203545163798794, 0.6072321154861545, 0.21180765964159212], "clip_cosine": [0.2886890093642188, 0.6213652045342534, 0.10004928536224741, 1.0, 0.594135041892558, 0.0787333661902415, 0.5258748151798915, 0.45798422868408084, 0.615943814687038, 0.0], "dino_cosine": [0.0, 0.8457192859642982, 0.2706720336016801, 0.7781659082954148, 0.868680434021701, 0.8141197059852993, 1.0, 0.8813125656282814, 0.871557577878894, 0.10818690934546728], "clip_L2": [0.9026221248395767, 0.4078101017968938, 0.8235198510842849, 0.0, 0.3754566089270719, 0.9674916421463776, 0.17585966676939888, 0.6792715519158025, 0.379503542728169, 1.0], "dino_L2": [0.8924932569246664, 0.0, 0.7883866862001389, 0.3103345645057311, 0.2728678300108055, 0.3161206272838124, 0.07794118193121449, 0.3004256784991941, 0.17749019636966476, 1.0], "rcnn_confidence": [0.0, 1.0, 0.2593031477596597, 0.0, 0.08796993986926446, 0.8131799615159162, 0.532208125914222, 0.18909698639691566, 0.7349770341321088, 0.43513900599478084], "yolo_confidence": [0.0, 0.0, 0.0, 0.0, 0.0, 1.0, 0.0, 0.0, 0.0, 0.0]}