{"pixel_L2": [1.0, 0.028370750059703295, 0.017068913732226226, 0.0, 0.016127182763629573, 0.022525416887637175, 0.03600798059768029, 0.006979562681219329, 0.06629860548222641, 0.08155124011967703], "pixel_cosine": [0.0, 0.9866284622731614, 0.9752580843905723, 0.9915535151946262, 1.0, 0.9810477831072208, 0.9687922859882625, 0.9915206624634216, 0.9375055349710182, 0.9393709987515962], "low_L2": [1.0, 0.07053205907806114, 0.06223666781270626, 0.00475074598540251, 0.0, 0.10343579151228521, 0.4705738539344147, 0.045597900372290924, 0.3956070295013624, 0.5990832003151649], "low_cosine": [0.0, 0.9249265062961771, 0.9257169008539459, 0.9929853732041256, 1.0, 0.8955280255324422, 0.6274183975075093, 0.9668493933646827, 0.6998788927681396, 0.4827512125711705], "mid_L2": [1.0, 0.041705971186837686, 0.02756876663273851, 0.0, 0.03768313890434009, 0.043411641613389326, 0.2983795395392712, 0.04359487654852726, 0.3740593272548154, 0.5340971445916517], "mid_cosine": [0.0, 0.9740736080861482, 0.9937330505374764, 0.9920166767577936, 1.0, 0.9706150728454495, 0.7529211674653383, 0.9864332365752385, 0.6246977581954269, 0.4831945073867456], "high_L2": [1.0, 0.34352921135120734, 0.1164364404757518, 0.25243913710333626, 0.3568761889113272, 0.0, 0.42115257874074014, 0.18548061768719482, 0.45142995564216765, 0.5515122921878143], "high_cosine": [0.0, 0.7348143583359126, 0.8964518688247541, 0.8042155698252709, 0.7054927390008835, 1.0, 0.5799011440765643, 0.8440482127984489, 0.6131664985101599, 0.49475064024824544], "clip_cosine": [0.7449980384464496, 0.6716359356610435, 0.0, 0.5816006276971362, 0.9665555119654766, 1.0, 0.7783444488034523, 0.5334444880345234, 0.22803060023538643, 0.7857983522950176], "dino_cosine": [0.21587350831878327, 0.46938716613035886, 0.47669947042611216, 0.7378032063029394, 0.6837419373457815, 0.6525374814216245, 0.8073332275147544, 1.0, 0.4750761172277456, 0.0], "clip_L2": [0.26108400461472825, 0.40182957316192175, 1.0, 0.48220073290742693, 0.07509593579010222, 0.0, 0.26295621860368773, 0.4984654401681933, 0.7994390157253833, 0.2884615524709218], "dino_L2": [1.0, 0.31675846549668585, 0.4155005292897971, 0.09605391470973466, 0.1765974026365515, 0.10979836746628698, 0.13449537606203366, 0.0, 0.6070220452842967, 0.6260794924444949], "rcnn_confidence": [0.3181886748581203, 0.0, 0.0, 0.18488548363081847, 1.0, 0.0, 0.0, 0.0, 0.0, 0.0], "yolo_confidence": [0.0, 0.0, 0.0, 0.0, 0.0, 0.0, 0.0, 0.0, 0.0, 0.0]}