{"pixel_L2": [1.0, 0.5619996073212766, 0.8794694474137743, 0.4775518663147102, 0.5084535002945091, 0.7112756968229382, 0.5364027720209138, 0.0, 0.7164023357112211, 0.917566555407695], "pixel_cosine": [0.3006517742744137, 0.6114979666870927, 0.6653668319313687, 0.220006313483, 0.5667279445899022, 0.8085714816259075, 0.0, 0.9169405604144616, 1.0, 0.027482220117727888], "low_L2": [0.3008996068125823, 0.3383319821595063, 0.16783911894023534, 0.4177276783445302, 0.3320504819649539, 0.10966504498034063, 1.0, 0.23569081921127555, 0.0, 0.6323868450938226], "low_cosine": [0.6154979194540254, 0.6305343136653205, 0.8079760399661221, 0.6256899352309877, 0.6602715961490465, 0.854116289631639, 0.0, 0.744348566121265, 1.0, 0.34393450269427633], "mid_L2": [0.6071242588413714, 1.0, 0.3593922727646473, 0.23627086435769298, 0.5514768356523566, 0.28108298235836904, 0.8018856719990498, 0.4784664297395324, 0.0, 0.570817764053464], "mid_cosine": [0.3349747638593879, 0.0, 0.49527377285424506, 0.9014561150686055, 0.4614832977045015, 0.657744660797585, 0.32071412472595395, 0.6744093923519809, 1.0, 0.5470812815451758], "high_L2": [0.8655376933692656, 0.7891364657808307, 0.9940207488516154, 0.5720953166311029, 0.0, 0.9198553644651121, 0.5176132869728837, 0.6154689744875839, 1.0, 0.5640049080867247], "high_cosine": [0.16330355708110186, 0.20893208538259103, 0.06308859905850493, 0.4006194531741871, 1.0, 0.0, 0.5100998659146648, 0.3901145652500336, 0.15062867318741124, 0.5535169081871083], "clip_cosine": [0.24033284385707293, 1.0, 0.5859030837004405, 0.0, 0.7601566324033284, 0.30983847283406757, 0.27704356338717573, 0.27802251590797844, 0.627508565834557, 0.3255017131669114], "dino_cosine": [0.96012988290859, 0.5630948866804422, 0.06784742038112106, 0.24459969169208567, 0.3288595887041228, 0.0, 1.0, 0.9433762996490538, 0.47181606481025945, 0.5830496244547214], "clip_L2": [0.7825408787683255, 0.0, 0.3457755185475251, 1.0, 0.14225762120786725, 0.7703827392181685, 0.6276719584538064, 0.7663059450921671, 0.5372534918735028, 0.3763785655529778], "dino_L2": [0.449139897174224, 0.6988158284690814, 0.6426817168554383, 0.13971162395144768, 0.5813882768306983, 1.0, 0.6978288041027227, 0.3405362918293453, 0.0, 0.8604378471014212], "rcnn_confidence": [0.0, 0.0, 0.0, 0.0, 0.0, 0.0, 0.0, 0.0, 0.0, 0.0], "yolo_confidence": [0.0, 0.0, 0.0, 0.0, 0.0, 0.0, 0.0, 0.0, 0.0, 0.0]}