{"pixel_L2": [1.0, 0.4570202803441731, 0.8936494440419379, 0.2019142680933363, 0.33907154704237497, 0.43293774586998307, 0.6298163572023064, 0.0, 0.4254381500398182, 0.428470920728823], "pixel_cosine": [0.05815779232107789, 0.4541528179756382, 0.0, 0.8040210783414673, 0.6340143236098001, 0.5187924686978577, 0.2826698636081003, 1.0, 0.4786219452732535, 0.5625036345824368], "low_L2": [1.0, 0.060860194526391666, 0.2637854946435214, 0.22641102108068037, 0.07290234696635708, 0.1559467215710553, 0.11773191112411562, 0.3292220460865012, 0.0, 0.030631260710503944], "low_cosine": [0.0, 0.933390084205717, 0.8247625498795843, 0.7678608974745104, 0.8883538344912708, 0.7981563164516536, 0.8620090036130379, 0.6850440235989675, 1.0, 0.9463317834814046], "mid_L2": [1.0, 0.0852728861097062, 0.14661166687466748, 0.501297268183102, 0.0, 0.185499497513843, 0.4183574942690304, 0.6807051884158878, 0.12466780081842843, 0.6593051897295771], "mid_cosine": [0.0, 1.0, 0.7059330475561575, 0.5999767759409941, 0.9030339574915778, 0.8442477083729728, 0.6803676956137308, 0.37773232453244093, 0.7844723381870684, 0.6695153446674202], "high_L2": [1.0, 0.16111994847075217, 0.428055448119348, 0.05920746692511554, 0.0, 0.5077075654988811, 0.7527115310236472, 0.633684837849918, 0.45054004879025156, 0.6124004292097394], "high_cosine": [0.0, 0.9021905613724955, 0.5324610995494005, 0.9834020452963538, 1.0, 0.4651666773457667, 0.2020605689297874, 0.3924168441884191, 0.5265366859270819, 0.4073017542104181], "clip_cosine": [0.0, 0.0659377070907886, 0.12591119946984758, 0.40821736249171636, 0.8442677269715043, 0.5699138502319416, 1.0, 0.6573889993373094, 0.3843605036447979, 0.5977468522200132], "dino_cosine": [0.13554352728912947, 1.0, 0.0, 0.7108651760207917, 0.267236935369547, 0.4130420774534442, 0.30969564190132526, 0.7030951307000022, 0.15309190884292373, 0.2696694374637541], "clip_L2": [0.9793806143015374, 1.0, 0.7153544256843514, 0.48966566453356714, 0.17518306870621073, 0.08365260654041, 0.0, 0.18162387065479324, 0.7960343544023387, 0.45461089307438696], "dino_L2": [1.0, 0.0, 0.5474525164478922, 0.3081446036040866, 0.6311456148829291, 0.7175952442083227, 0.5161359232927465, 0.5280338667570597, 0.7435737038480591, 0.7079181642044371], "rcnn_confidence": [0.0, 0.0, 1.0, 0.0, 0.4543347310161245, 0.0, 0.273838662171662, 0.0, 0.28587046211948075, 0.3113263174867445], "yolo_confidence": [0.0, 0.0, 0.0, 0.0, 0.0, 0.0, 0.0, 0.0, 0.0, 0.0]}