{"pixel_L2": [0.5828515136352265, 0.6651976482361771, 0.2970321491118339, 0.506048286214661, 1.0, 0.9852908431323493, 0.6466443582687015, 0.0, 0.3897960970728046, 0.334207530647986], "pixel_cosine": [0.4041835961710626, 0.3175986502307004, 0.7763377177880312, 0.5810068177122788, 0.020022725707595897, 0.0, 0.3447283244955582, 1.0, 0.6147648233592727, 0.6726292955030645], "low_L2": [0.5854455565866032, 0.28041366162327486, 0.33045795140276724, 0.4850120716869243, 0.7335427117146291, 0.6806879000041445, 0.5551606198180782, 0.0, 0.672922963881878, 1.0], "low_cosine": [0.45843346177598915, 0.08419773330664028, 0.7986284672973492, 0.8022865009291872, 0.3435304587362346, 0.2802516410217593, 0.9364665135352904, 1.0, 0.07878319271138037, 0.0], "mid_L2": [0.3719751719510149, 0.0, 0.5661546720348934, 0.31565307834255996, 0.3917772185874853, 0.03094648548901191, 0.062283509478275455, 0.045286361348766985, 0.20785908404630096, 1.0], "mid_cosine": [0.3969175190015952, 0.6280509419995204, 0.3804176701802675, 0.6863386610782688, 0.26432287593965365, 1.0, 0.7844348524183374, 0.8766585342967064, 0.605531575490288, 0.0], "high_L2": [0.32256042501336935, 0.442270186235575, 0.5505565442532313, 0.35490691143509223, 0.6714097854769565, 0.0, 0.7046455153550106, 1.0, 0.28230893539177265, 0.20062477900415254], "high_cosine": [0.6220733271261177, 0.351594961614813, 0.3610400014054073, 0.6547746956414806, 0.40972383746464525, 1.0, 0.0993689721202326, 0.0, 0.6593043233842207, 0.7145772359151836], "clip_cosine": [0.0, 0.4376919140225179, 0.6568577277379734, 0.38088536335721596, 0.536207778915046, 0.08085977482088025, 1.0, 0.5273797338792221, 0.5852098259979529, 0.9012282497441146], "dino_cosine": [0.26639485955695724, 0.5974331514727336, 0.13732302321463205, 0.09658990294209413, 1.0, 0.0, 0.8828812115794888, 0.017784111511185693, 0.3452765433556232, 0.6384445437603825], "clip_L2": [1.0, 0.6039515238752315, 0.43442602263984864, 0.707731061124869, 0.5764101272757743, 0.9177053212633601, 0.0, 0.5407903217893868, 0.4825502341315044, 0.1344918397804923], "dino_L2": [0.9088388140776595, 0.39737861689917947, 0.47318647124658714, 0.9895110814876068, 0.0, 0.726872874770992, 0.17284572174024623, 1.0, 0.7052659343166119, 0.48779396773572664], "rcnn_confidence": [0.0, 0.0, 0.0, 0.0, 0.0, 0.0, 0.0, 0.0, 0.0, 0.0], "yolo_confidence": [0.0, 0.0, 0.0, 0.0, 0.0, 0.0, 0.0, 0.0, 0.0, 0.0]}