{"pixel_L2": [0.405803045311767, 0.0, 0.5609322404566843, 0.25733552755649164, 1.0, 0.06109693953512378, 0.5983430835981819, 0.327912093438439, 0.33125980568287916, 0.5031725581823151], "pixel_cosine": [0.5257657507516891, 1.0, 0.4043080640793284, 0.7079661687811178, 0.0, 0.9002909540375948, 0.48348714316466335, 0.6458728273927324, 0.6110416710066732, 0.5332826420570936], "low_L2": [1.0, 0.0, 0.47059220998057466, 0.13905647163782198, 0.5643260393083691, 0.008694155051777645, 0.22975844606556511, 0.12878740883105044, 0.4093614914343991, 0.23020566565954773], "low_cosine": [0.0, 0.9983209412703492, 0.5096888754046989, 0.8752820943348392, 0.3783534418625915, 1.0, 0.7455935098561579, 0.8866136627169996, 0.6119306681739405, 0.7727950924936932], "mid_L2": [1.0, 0.0, 0.21330026477734265, 0.2434207913160033, 0.3195518510514683, 0.16636237132245277, 0.20229446768174747, 0.33014361797739195, 0.19846519352712638, 0.5071761863310801], "mid_cosine": [0.0, 1.0, 0.7690945205742867, 0.7318153103716455, 0.5824228495406689, 0.8208704892148533, 0.7344397542352542, 0.6116093716504512, 0.714712625177426, 0.49075390978037997], "high_L2": [0.5263073089183928, 0.31371660432012977, 0.6436703159074305, 0.2717059330832148, 0.5383893536650791, 0.0, 0.20662978974294183, 0.5809818343614561, 0.08339696159050501, 1.0], "high_cosine": [0.3063374877210216, 1.0, 0.02176832637524558, 0.8961326334315651, 0.20709136583169613, 0.9647593320235757, 0.9597697179927963, 0.9165425978225278, 0.7716660015553373, 0.0], "clip_cosine": [0.0, 0.2535211267605634, 0.9428917253521126, 0.21808978873239437, 1.0, 0.9077904929577465, 0.8812720070422535, 0.3482614436619718, 0.4399207746478873, 0.7655149647887324], "dino_cosine": [0.5318720606432382, 0.3594304999567858, 0.7123409242781646, 0.7216899496396356, 0.24832992889681502, 0.0, 1.0, 0.5951292315670316, 0.8427719491294972, 0.6127184689100111], "clip_L2": [1.0, 0.5629216359759377, 0.11288323318825613, 0.6636493129595233, 0.0, 0.06497270566969479, 0.08049911596267284, 0.6381402397639818, 0.3312086654558763, 0.2845995371046532], "dino_L2": [0.6224428518355365, 0.6235106376063598, 0.6285840575659285, 0.6900858678765739, 1.0, 0.5753855254151014, 0.0, 0.6875850340986424, 0.4188150303035152, 0.8104924014954501], "rcnn_confidence": [0.0, 0.0, 0.0, 0.0, 0.0, 0.0, 0.0, 0.0, 0.0, 0.0], "yolo_confidence": [0.0, 0.0, 0.0, 0.0, 0.0, 0.0, 0.0, 0.0, 0.0, 0.0]}