{"pixel_L2": [0.7996814849391801, 0.4092094785688789, 0.31717510090886625, 0.8291056865921634, 0.0, 0.844262610176007, 0.38622147780004945, 1.0, 0.6000823745846948, 0.87812954776353], "pixel_cosine": [0.4416185303330747, 0.36468661091473403, 0.9782739891369946, 0.37928557059516627, 1.0, 0.0, 0.9659022329511164, 0.38182889329539904, 0.40545161939247637, 0.4096330143403167], "low_L2": [0.5278783360132228, 0.37101048300890205, 1.0, 0.46899113390763814, 0.09518922414954681, 0.685388464198773, 0.19701678898340863, 0.45007994754004116, 0.0, 0.6351382912785318], "low_cosine": [0.715597840169761, 0.5911869961971861, 0.16979949435880914, 0.7219393650771418, 0.677510172352212, 0.14316929175216578, 0.9843125170706427, 0.42277766494617935, 1.0, 0.0], "mid_L2": [1.0, 0.7517877346979523, 0.8704289823777795, 0.5767893985668543, 0.0, 0.29044495551923805, 0.6862091150435934, 0.21487942496690748, 0.2084642859783919, 0.678403721150362], "mid_cosine": [0.0066116356869964565, 0.21860424746581883, 0.0, 0.4026656677645454, 1.0, 0.32580959037399443, 0.5390066710216362, 0.9705552281714762, 0.9559280120477341, 0.1780969391872652], "high_L2": [1.0, 0.328000343080145, 0.32955706923786177, 0.19555139412046402, 0.0, 0.17230485529880135, 0.157466639029655, 0.33556097177451055, 0.1828517107548478, 0.4697253214589483], "high_cosine": [0.0, 0.5133952181047496, 0.4929182063306377, 0.6937236067716148, 1.0, 0.6455547263484399, 0.8142969902801575, 0.9330290055139128, 0.7287265907847785, 0.5878732422916768], "clip_cosine": [0.27568580678139376, 0.5682399045834043, 1.0, 0.8521042767081275, 0.0, 0.79536547963878, 0.37076162889759756, 0.5517123871187596, 0.008008178565343329, 0.5752257624808315], "dino_cosine": [0.20524377635537794, 0.7238595309178351, 0.18683131396442967, 0.0, 0.7335827050637176, 0.35456478050253826, 0.9117014973920519, 1.0, 0.9619553221890501, 0.31713578755387245], "clip_L2": [0.8117059414509599, 0.5686972010473276, 0.0, 0.051276647984641946, 1.0, 0.3292863131452758, 0.7993174197797467, 0.4850392361184952, 0.7078889183178574, 0.6135656374475675], "dino_L2": [0.4810418207612373, 0.584627727726514, 0.7165448056488544, 0.48582329950325975, 0.9556632028228105, 0.7583110022512964, 0.48839592099040874, 0.0, 0.29523913456447315, 1.0], "rcnn_confidence": [0.0, 0.0, 0.0, 0.0, 0.0, 0.0, 0.0, 0.0, 0.0, 0.0], "yolo_confidence": [0.0, 0.0, 0.0, 0.0, 0.0, 0.0, 0.0, 0.0, 0.0, 0.0]}