{"pixel_L2": [0.32082315760337016, 0.05362837016631635, 1.0, 0.16257310265982253, 0.1688419071467916, 0.0047129696671546085, 0.0, 0.24599050809758466, 0.41156138619873567, 0.0985993941876662], "pixel_cosine": [0.6883474730591261, 0.9334892984063577, 0.0, 0.8058771549823844, 0.7975917101464832, 0.9961366537728724, 1.0, 0.7631302017642391, 0.414103561830791, 0.8859100475754172], "low_L2": [0.0, 0.1592978379277709, 1.0, 0.1764351310144311, 0.30990320178704395, 0.011415861378631298, 0.07124719410646439, 0.36188430581580244, 0.49192666355734116, 0.16198194954710218], "low_cosine": [0.9277277030859435, 0.6446477916450171, 0.0, 0.9189350611685877, 0.5576437323220886, 0.8859975752427968, 0.7315616507516528, 1.0, 0.43627808851961086, 0.6697428698764789], "mid_L2": [0.0, 0.4780306460572652, 1.0, 0.6651285394617933, 0.4466299294753646, 0.0263692369548839, 0.24263894029548827, 0.5295823320789079, 0.43690265270578243, 0.2956736414723184], "mid_cosine": [0.8254038189615155, 0.20956263971837588, 0.0, 0.5750396267820914, 0.34420148136004286, 1.0, 0.7014426019760377, 0.572636626640424, 0.5872987587617733, 0.7623685010072643], "high_L2": [0.6020738038439387, 0.9743863470897893, 0.7487862481753623, 0.2965790606910966, 0.30483297674427495, 0.0435287211932445, 0.3755975814402884, 0.0, 1.0, 0.2692754072094086], "high_cosine": [0.6525648425246136, 0.19164392722834636, 0.28391865231483765, 0.8997739709577236, 0.7592394552512228, 0.8753931392679313, 0.5664247848346038, 1.0, 0.0, 0.8208202468036144], "clip_cosine": [0.6732510998016045, 0.5381695850944536, 0.6268437850426982, 0.40834986629862846, 0.6237384628655223, 0.0, 0.68368843267489, 0.8895022858621582, 0.3816095919951695, 1.0], "dino_cosine": [0.9219271480769955, 1.0, 0.3348476287339436, 0.9601009530267074, 0.0, 0.8316871962933665, 0.6418804384676234, 0.9849097826496402, 0.28988586280935696, 0.5466606396202961], "clip_L2": [0.38656106092213943, 0.618683385428449, 0.5729189161598354, 0.7168216432175724, 0.6052352042371164, 1.0, 0.44514760349883464, 0.16483611407184262, 0.8186748681866218, 0.0], "dino_L2": [0.3280575015102777, 0.2953475943568415, 0.5294387556276939, 0.0, 1.0, 0.09553852990349768, 0.4987888296808825, 0.043330361914522844, 0.554129584235435, 0.683429185264836], "rcnn_confidence": [0.22317701511054872, 0.2534192524095037, 0.5292186969296614, 0.0, 1.0, 0.07841841497941975, 0.7612314931261444, 0.07795740364986234, 0.2663384926382062, 0.0], "yolo_confidence": [0.0, 0.0, 0.0, 0.0, 0.0, 0.0, 0.0, 0.0, 0.0, 0.0]}