{"pixel_L2": [0.0, 0.7208707104341128, 1.0, 0.7849936634942722, 0.597954923837686, 0.35662102725939915, 0.8087741967547151, 0.7185597495216559, 0.17483786000049698, 0.2182739855378575], "pixel_cosine": [0.4200188512876646, 0.0, 0.09887804433093131, 0.846514032047189, 0.554045425522211, 0.34938733315090154, 0.38596491228070173, 0.7916628660038311, 0.9506521937425887, 1.0], "low_L2": [0.5852699416249566, 0.7215674596357, 0.9166179889816628, 0.8889805174724256, 0.0, 1.0, 0.6790365254441123, 0.2963153855845331, 0.5883929491804969, 0.4752660092315798], "low_cosine": [0.0, 0.2786956208065796, 0.435194233657548, 0.6789356664546045, 0.6244466160778115, 0.39590479501019865, 0.3489450452873005, 1.0, 0.09165677407507002, 0.6125623889133015], "mid_L2": [0.0, 0.3931783805004214, 0.49744247000819797, 0.9089219116237718, 0.5194961146327665, 0.7182444837022411, 1.0, 0.010056923805235143, 0.33780179431223806, 0.22204902606024918], "mid_cosine": [0.07968739288407486, 0.0, 0.41285162587692237, 0.6843810699024245, 0.14778912730513472, 0.647380087292338, 0.13644569365416695, 0.7747766275907771, 1.0, 0.9095770206348118], "high_L2": [0.21654402846284468, 0.46771650359828576, 0.44395029783563783, 0.24117274466995497, 0.029561197811379746, 0.879545025740546, 1.0, 0.0, 0.3010902671087033, 0.2905379908897334], "high_cosine": [0.0, 0.3873288516495583, 0.528267312696374, 0.5578465615984476, 1.0, 0.1620715469288318, 0.2173734486413862, 0.6848456579637145, 0.5200305699154227, 0.710313334833725], "clip_cosine": [0.0, 0.6427523234958422, 0.8175444317625958, 0.3779553236588945, 0.39670634273601824, 0.706505788358063, 0.3166476438936899, 0.8028697211804989, 1.0, 0.850154899722811], "dino_cosine": [0.05765030317852535, 0.2447776550258482, 0.41475159600934414, 0.388667279489277, 0.41232279447110315, 0.35940359428894303, 0.4587904905673107, 1.0, 0.0, 0.9339079248083524], "clip_L2": [1.0, 0.5220685340932787, 0.28181540702506186, 0.7245500416539489, 0.8138234698595652, 0.35054694102868633, 0.7501589095630818, 0.33009772308535384, 0.0, 0.45813400382591773], "dino_L2": [1.0, 0.5162290370070337, 0.8254804059790779, 0.0, 0.9259002500369993, 0.6758398828487081, 0.5830224098581566, 0.3686565769077979, 0.984627787600969, 0.25602308752852837], "rcnn_confidence": [0.0, 0.0, 0.0, 0.0, 0.0, 0.0, 0.0, 0.0, 0.0, 0.0], "yolo_confidence": [0.0, 0.0, 0.0, 0.0, 0.0, 0.0, 0.0, 0.0, 0.0, 0.0]}