{"pixel_L2": [0.7421124974128461, 0.16364080220345908, 0.7473133401616506, 0.9203421942249418, 0.8010306159814468, 0.0, 1.0, 0.40420631424765563, 0.23418121222091906, 0.7573753787858686], "pixel_cosine": [0.38431064914689156, 1.0, 0.3011963130025495, 0.0, 0.3499901941557168, 0.8799960776622867, 0.06795450088252598, 0.4818003530103942, 0.7610119631300255, 0.4050009805844283], "low_L2": [0.16856113646222867, 0.07596549319363678, 0.38273506526311163, 0.8821914348000374, 0.70640111142228, 0.10115370464941327, 1.0, 0.03778780840046346, 0.195402204174423, 0.0], "low_cosine": [0.7922641731819432, 0.6879771867101455, 0.4660157938160531, 0.6895552587121361, 0.3216876857999712, 0.545818109194725, 0.0, 0.885239460967273, 0.9634751633730143, 1.0], "mid_L2": [0.06368549117247624, 0.45668288818469893, 0.05221253961068357, 1.0, 0.48830636034404706, 0.0985202580353101, 0.21643843368039836, 0.38276652331371663, 0.0, 0.015255771842462653], "mid_cosine": [1.0, 0.0, 0.42775181143084007, 0.34317933487374735, 0.4705211369707559, 0.19087626759169582, 0.6351455644391562, 0.3803050300802335, 0.4301326996789958, 0.5930929647270177], "high_L2": [0.39190952588081773, 0.8418327976466764, 0.06436997702531885, 0.6270200155110723, 0.9070727181256708, 1.0, 0.0, 0.6796408904562143, 0.4965148741841847, 0.6033242738550854], "high_cosine": [0.7946418810305663, 0.0, 1.0, 0.47021816326613247, 0.44935943896246927, 0.55513197905827, 0.501830174392945, 0.5435162427977374, 0.2794943535880731, 0.0946720465155828], "clip_cosine": [0.8263681592039801, 0.8422885572139304, 0.804228855721393, 0.7728855721393035, 0.6223880597014926, 1.0, 0.5283582089552239, 0.6149253731343284, 0.0, 0.15024875621890546], "dino_cosine": [0.4958748352840865, 0.772619370591427, 0.3563919463607472, 1.0, 0.7008880125571662, 0.9184220215487171, 0.6486221998294706, 0.46105195333695065, 0.6816380513138517, 0.0], "clip_L2": [0.08143623173354565, 0.24995051425233913, 0.007809427944757041, 0.16709495138857453, 0.5731230699448866, 0.0, 0.4790992617525322, 0.483217008539953, 1.0, 0.9371260275504688], "dino_L2": [0.2851618331651438, 0.2362384753503796, 0.5845703742606764, 0.0, 0.37401540377862774, 0.04149946243507288, 0.31530698944392965, 0.43393560769584, 0.3225518798274293, 1.0], "rcnn_confidence": [0.0, 0.0, 0.0, 0.0, 0.0, 0.0, 0.0, 0.0, 0.0, 0.0], "yolo_confidence": [0.0, 0.0, 0.0, 0.0, 0.0, 0.0, 0.0, 0.0, 0.0, 0.0]}