{"pixel_L2": [1.0, 0.30180896458783574, 0.11001252128228498, 0.13032869974764383, 0.11415128432048928, 0.0, 0.12002141860675418, 0.3676241027740889, 0.22950287765958707, 0.2798115406460738], "pixel_cosine": [0.0, 0.6695384298548959, 0.87993757960378, 0.8672892361592088, 0.8755257373807706, 1.0, 0.876134985945604, 0.6869859848313044, 0.7511998028829593, 0.7245191288113279], "low_L2": [1.0, 0.4901250460252718, 0.05282616575948121, 0.8148856432549072, 0.0, 0.00439159585672654, 0.26877845360795316, 0.5811451943907681, 0.3039591723728489, 0.3819934865320778], "low_cosine": [0.0, 0.42333798293677277, 0.8808962500742228, 0.3365382023726555, 1.0, 0.960191274809397, 0.6160311814579517, 0.32583350879962614, 0.5850572432181687, 0.538819662735884], "mid_L2": [0.8308986785134553, 1.0, 0.22977321590029381, 0.8753997594643738, 0.018673020805071282, 0.0, 0.5515768483464668, 0.506475423375207, 0.5448609556813441, 0.6809997419515758], "mid_cosine": [0.0, 0.22054187071978607, 0.668845039817556, 0.2528451871040182, 1.0, 0.7567411053083858, 0.5207786289256265, 0.41010672051867786, 0.6437236121717915, 0.30358943803041655], "high_L2": [1.0, 0.07598681035368554, 0.8500137002936222, 0.4437743063447928, 0.7982553921553365, 0.610538795183724, 0.0, 0.6190750122212847, 0.15699991593001641, 0.7709824667378666], "high_cosine": [0.0, 0.6459881009357284, 0.4278077117950633, 0.4851738894276856, 0.7197563110561555, 0.4787733587090212, 0.7079484757511068, 0.8724226062571843, 1.0, 0.5670474423374452], "clip_cosine": [0.6454033771106942, 0.6085365853658536, 0.5900562851782364, 1.0, 0.16566604127579737, 0.5080675422138837, 0.2377110694183865, 0.20675422138836774, 0.0, 0.8305816135084427], "dino_cosine": [0.15341964688406426, 0.579537978376097, 1.0, 0.0, 0.21058685766539637, 0.4572342423979113, 0.45643151810060534, 0.2233435535859846, 0.2662893034918507, 0.2742503423991526], "clip_L2": [0.5324839117893101, 0.4292276380617736, 0.4230653314150098, 0.0, 0.8326661335886049, 0.5099790224787561, 0.7803518599264011, 0.9395702519717024, 1.0, 0.23431678187496716], "dino_L2": [0.594199674857438, 0.0, 0.13169555143468828, 0.4334298860423947, 1.0, 0.5728939002256547, 0.6619112048017012, 0.47773384571104893, 0.9751096403323971, 0.3286749060648156], "rcnn_confidence": [0.0, 0.0, 0.0, 0.0, 0.0, 0.0, 0.0, 0.0, 0.0, 0.0], "yolo_confidence": [0.0, 0.0, 0.0, 0.0, 0.0, 0.0, 0.0, 0.0, 0.0, 0.0]}