{"pixel_L2": [0.08598319188057717, 0.6714313910848405, 0.17378432003989072, 0.6861930336681799, 0.27998296334001643, 0.40054849734581305, 1.0, 0.8101762878780009, 0.5140604385901125, 0.0], "pixel_cosine": [1.0, 0.32366585854957947, 0.4784651761395947, 0.25078566939032054, 0.1315135733740385, 0.0, 0.2541079285265332, 0.9029062284876238, 0.8052437819879681, 0.9544760707551405], "low_L2": [0.9345800633010003, 0.0, 0.3162957785978517, 1.0, 0.6908623091955609, 0.39556892998161514, 0.3134556915255897, 0.6197265859749556, 0.4344220333777004, 0.2363415405024016], "low_cosine": [0.46599642554514137, 1.0, 0.11942231481104602, 0.1131170652467521, 0.0, 0.40467565337408556, 0.5444938224095378, 0.32281841695312874, 0.8410995703993694, 0.4860925583994139], "mid_L2": [1.0, 0.3052079397185979, 0.2937518059970215, 0.882113405499122, 0.8813621107381805, 0.6815977238880615, 0.6377514503545311, 0.6455622485496455, 0.0, 0.4689590788859499], "mid_cosine": [0.6916923692026502, 0.2390221612976925, 0.8880169065570025, 0.0, 0.40787925519762397, 0.8765764222069911, 0.17869545350696825, 0.9402101896275988, 1.0, 0.9255654557916381], "high_L2": [0.8642264038691346, 0.050564419758025225, 1.0, 0.06575579934249329, 0.0, 0.09753358053944271, 0.3280122474728048, 0.3439960200842142, 0.28997225342216343, 0.008511172998117746], "high_cosine": [0.0, 0.0336465110339629, 0.35448863154464044, 0.4724968099329967, 0.47151334491509517, 1.0, 0.7290410930184467, 0.6319077220110335, 0.21691026167602642, 0.9957106821263809], "clip_cosine": [0.0, 1.0, 0.09059974478945129, 0.2679710761378137, 0.3641003828158231, 0.5095703955763505, 0.04849000425350915, 0.7082092726499362, 0.3381539770310506, 0.7843470863462356], "dino_cosine": [0.9121755840566568, 0.7888381482920931, 1.0, 0.5345144016927926, 0.6510126527615839, 0.4402610441767068, 0.27062011486807447, 0.7367642613464611, 0.9220861942393229, 0.0], "clip_L2": [1.0, 0.0, 0.7589234927653035, 0.804701464648966, 0.4660792462288178, 0.4131318634315019, 0.6322243783984164, 0.12135019653220833, 0.7262866893890617, 0.12156931606191178], "dino_L2": [0.43492961006538866, 1.0, 0.655302873739002, 0.3582791183416137, 0.4569958694651798, 0.0, 0.5273858040765265, 0.4192754617574199, 0.6526933897665242, 0.9456472319354545], "rcnn_confidence": [0.0, 0.0, 0.0, 0.0, 0.0, 0.0, 0.0, 0.0, 0.0, 0.0], "yolo_confidence": [0.0, 0.0, 0.0, 0.0, 0.0, 0.0, 0.0, 0.0, 0.0, 0.0]}