{"pixel_L2": [0.0, 0.4977154046997389, 0.6063084308936242, 1.0, 0.7238355933630928, 0.4036932536006064, 0.6473595552935231, 0.6798808220331846, 0.39787332603385833, 0.6007032763412785], "pixel_cosine": [0.9124820659971306, 0.0, 0.5984315582733212, 0.21684472984078784, 0.3047143792397376, 0.9041175077655974, 0.4872511874747531, 0.49802900084968865, 1.0, 0.3160563301806633], "low_L2": [0.09792597917643348, 0.6685607891962327, 0.4032226979942663, 0.8039679877510001, 1.0, 0.0, 0.44389087133415267, 0.5547593913111325, 0.27815326054265577, 0.6226657179382362], "low_cosine": [0.8936575864812224, 0.25569569034098705, 0.4897287831819969, 0.09689417423348787, 0.0, 1.0, 0.5296751982004224, 0.43221522691319414, 0.6408080267742023, 0.3116204427619126], "mid_L2": [0.0, 0.6206246521346387, 0.4976504831336624, 0.37846656386579924, 1.0, 0.4028851154684891, 0.6678449227624844, 0.9680903674370649, 0.21793297261786362, 0.2882268675237461], "mid_cosine": [1.0, 0.41820608021350586, 0.3342925417743676, 0.848295465000092, 0.0, 0.6021804991883929, 0.5377023317805196, 0.1671510709294242, 0.7693803705472608, 0.5522744600152482], "high_L2": [0.0, 0.3379443967476691, 0.536418325015029, 0.28930838219356575, 0.7691928216121404, 0.5104446008077801, 0.9811877430475082, 1.0, 0.21935955510725222, 0.3150735778201852], "high_cosine": [1.0, 0.7650983249096607, 0.3686340903648309, 0.7815611648868049, 0.0128006799937276, 0.32617549908643195, 0.19521675904362945, 0.0, 0.9129647783315733, 0.5808099914148899], "clip_cosine": [0.9428015564202334, 0.5610894941634241, 0.0, 0.8468871595330739, 0.6, 0.7171206225680934, 0.9229571984435798, 0.8159533073929961, 1.0, 0.5715953307392996], "dino_cosine": [0.5347348469597911, 0.6057158961748464, 0.40000743289489576, 0.0, 0.26676659780915424, 0.0749421627865923, 0.6698524880067144, 0.23139221218437295, 1.0, 0.8004856157998569], "clip_L2": [0.3303470842827393, 0.2672285955893513, 1.0, 0.2894006227663231, 0.704757289882357, 0.5322493214712972, 0.24031653045813767, 0.26995119495527226, 0.0, 0.4061603524295523], "dino_L2": [0.3009764209269603, 0.47535922909649087, 0.5032313867857295, 0.8357103264279319, 1.0, 0.3690103611478276, 0.0, 0.6950167812829307, 0.2689232568480426, 0.41332634874612445], "rcnn_confidence": [0.0, 0.0, 0.0, 0.0, 0.0, 0.0, 0.0, 0.0, 0.0, 0.0], "yolo_confidence": [0.0, 0.0, 0.0, 0.0, 0.0, 0.0, 0.0, 0.0, 0.0, 0.0]}