{"pixel_L2": [0.012307480155481052, 0.009773587182293776, 0.06875985761934722, 0.2705490963310264, 0.11883440923233385, 0.0, 0.03679316021270911, 0.004421384677704327, 0.02618356072293518, 1.0], "pixel_cosine": [0.9866516230552892, 0.9984312938820785, 0.9611403155418743, 0.8790773362172566, 0.917926644777124, 1.0, 0.9749882487548112, 0.9931737397687969, 0.9928577072010139, 0.0], "low_L2": [1.0, 0.8480536220972664, 0.790590421858372, 0.2589190491728052, 0.6984748578682368, 0.9131909575259215, 0.9163558465126843, 0.9443850026921733, 0.7931419334531649, 0.0], "low_cosine": [1.0, 0.9783758494734457, 0.883655605706554, 0.5779978935957268, 0.8261399845588535, 0.9968762379956307, 0.9970255377362107, 0.9904738038176474, 0.9678276202026549, 0.0], "mid_L2": [0.895166728053471, 0.8688081875411088, 0.8460319029920813, 0.3674539452535367, 0.6084515330794481, 0.9558731667080698, 0.7595798730757476, 1.0, 0.7155109236928142, 0.0], "mid_cosine": [0.08981235206020023, 0.07795093210876715, 0.07878385510232995, 0.4555981069228991, 0.2642873495953999, 0.025726163309797368, 0.262526225613321, 0.0, 0.1875545949815285, 1.0], "high_L2": [0.8019319016391735, 0.7517097511810695, 0.8049060613479038, 0.0, 0.5584336439446421, 0.8636834785688614, 0.6238286967346748, 1.0, 0.6440800679212655, 0.5063936620708693], "high_cosine": [1.0, 0.8153365694694321, 0.22436067675313445, 0.40227894002232417, 0.8479741535094638, 0.8524454725710509, 0.8106950237917904, 0.9822440161101271, 0.6860187538812667, 0.0], "clip_cosine": [1.0, 0.5469363115001509, 0.7247207968608512, 0.7555086024750981, 0.771506187745246, 0.338665861756716, 0.70691216420163, 0.4699667974645337, 0.0, 0.7826743133111983], "dino_cosine": [0.8654866496960812, 0.40294905192536906, 0.4583973031956867, 0.5492328569023068, 1.0, 0.35616768523195885, 0.6523308141588829, 0.0, 0.3694238915467335, 0.7067060225768216], "clip_L2": [0.0, 0.4355339528161443, 0.40890206502782056, 0.040860075022279424, 0.11116218141704778, 0.8923195366901845, 0.33877232091558845, 1.0, 0.8035887103981696, 0.29313972580352743], "dino_L2": [0.1329229488962602, 0.6178566864888897, 0.45765362750906363, 0.3225203476123039, 0.0, 0.6001296840166561, 0.5851621631040524, 1.0, 0.8092282639344314, 0.481798299111749], "rcnn_confidence": [0.0, 0.0, 0.0, 0.0, 0.0, 0.0, 0.0, 0.0, 0.0, 0.0], "yolo_confidence": [0.0, 0.0, 0.0, 0.0, 0.0, 0.0, 0.0, 0.0, 0.0, 0.0]}