{"pixel_L2": [0.6572750912517594, 0.6048142758308085, 0.7509204698173374, 0.738419575192245, 1.0, 0.7606738713807445, 0.3901519669823699, 0.0, 0.4809941869249549, 0.6919547359464339], "pixel_cosine": [0.08381058807095963, 1.0, 0.8613982399776505, 0.01581924849839363, 0.0, 0.2924989523676491, 0.8951669227545747, 0.5002095264701774, 0.7348093309121385, 0.12299203799413326], "low_L2": [0.36623795831754785, 1.0, 0.07808725853675628, 0.5689192651589973, 0.37786629818041667, 0.4283389869110005, 0.16932264372825162, 0.6308670011365552, 0.0, 0.36100849022102605], "low_cosine": [0.6567833174518135, 0.0, 0.9112420711682937, 0.38605588931739454, 0.5562921490763499, 0.6096376968660923, 0.897050944916346, 0.5307603908080762, 1.0, 0.6802784241715367], "mid_L2": [0.6677662204244117, 1.0, 0.2404972872323349, 0.1408813284535619, 0.701260473851488, 0.46107419178785836, 0.48002142925936625, 0.9747824970304022, 0.0, 0.4035061318180359], "mid_cosine": [0.3727421422856059, 0.0, 0.8969346799875317, 0.819226777124017, 0.37424925528051906, 0.5339518173726104, 0.41864642614985653, 0.06823462118120383, 1.0, 0.5994067951836654], "high_L2": [0.3279303199431984, 1.0, 0.0, 0.21562011760761063, 0.7447691309371701, 0.4903552270897946, 0.3759374796462283, 0.8835125001306662, 0.4352350021348845, 0.5688723387317901], "high_cosine": [0.6182566105052454, 0.0, 1.0, 0.7371342117954542, 0.23353402096070774, 0.49716340743736936, 0.5449122834310843, 0.2108970270228224, 0.5472990141933343, 0.4216397786731799], "clip_cosine": [1.0, 0.5703724765425078, 0.5243104918965027, 0.9647426784191072, 0.5625533124822292, 0.5356127381290873, 0.9497441000853, 0.8460335513221495, 0.9998578333807222, 0.0], "dino_cosine": [0.0, 0.7556357266490105, 0.1597745014215308, 0.8433813664768975, 1.0, 0.8612460812323177, 0.5073231427995468, 0.44193967704488424, 0.9859584732272573, 0.9260247881606295], "clip_L2": [0.07783832300856394, 0.33583442221706616, 0.6319635495806998, 0.06449084727075435, 0.512667541262733, 0.44323397596372754, 0.2976830763916632, 0.2327478075493225, 0.0, 1.0], "dino_L2": [1.0, 0.7514982857435799, 0.8129510357932861, 0.0, 0.13561018730390312, 0.5162700218845667, 0.934473769348167, 0.7526302699789329, 0.2630519375704459, 0.595012895891396], "rcnn_confidence": [0.0, 0.0, 0.0, 0.0, 0.0, 0.0, 0.0, 0.0, 0.0, 0.0], "yolo_confidence": [0.0, 0.0, 0.0, 0.0, 0.0, 0.0, 0.0, 0.0, 0.0, 0.0]}