{"pixel_L2": [0.5922005527664882, 0.8077803989516119, 0.6656934948285747, 0.6414362404552539, 0.2624557905861193, 0.7541013331965765, 0.9848488317359029, 0.0, 1.0, 0.8668511358453865], "pixel_cosine": [0.6545336883567153, 0.3280323859415079, 0.3825810778321882, 0.5062816000636294, 0.9426250399943601, 0.38877771812517287, 0.09328040520387633, 1.0, 0.0, 0.2333103761187123], "low_L2": [0.07593940205370937, 0.13630468824859782, 0.5346886686329562, 1.0, 0.0, 0.38959999527460454, 0.690821641261103, 0.020814382528637865, 0.926932588295983, 0.16307110013769277], "low_cosine": [0.38764633859412984, 0.5848102031953007, 0.43491389874831954, 0.27646076867480984, 0.5722533219518592, 0.0, 0.27530017456622213, 1.0, 0.2859260038784618, 0.2104145940960466], "mid_L2": [0.0, 0.2900810468460895, 0.9051253072175433, 0.9641628353939636, 0.4011941171217648, 0.3860910438940709, 0.3557591949122898, 0.06161812710061151, 1.0, 0.0461976692135174], "mid_cosine": [0.7736085273209561, 0.5205111004921907, 0.0, 0.11158133254334619, 0.306149149420695, 0.37613792388504175, 0.45658229921822296, 1.0, 0.14636895350539766, 0.5913836919867382], "high_L2": [0.5707355468260507, 0.9462008404550153, 0.8129283688032257, 0.8631626335632291, 0.4616343647675152, 0.5733349170434424, 0.8052335660138102, 0.0, 1.0, 0.6500196044288648], "high_cosine": [0.5232444136775717, 0.3078279685906767, 0.2514273746236968, 0.0, 0.5116241255923508, 0.41952015652598157, 0.24661632754049104, 1.0, 0.008368376630831734, 0.2797097230482973], "clip_cosine": [1.0, 0.2901280524121501, 0.8873585467540203, 0.9973198332340679, 0.9306134603930911, 0.752829064919595, 0.5598570577724836, 0.7818642048838594, 0.5780226325193567, 0.0], "dino_cosine": [0.6045075893085297, 0.1736767687092213, 0.29397795608251986, 0.0849729987564096, 0.5230575288325582, 1.0, 0.5272550723156335, 0.9952539139026593, 0.0, 0.5002913067920478], "clip_L2": [0.13820813773477741, 0.8375850886764472, 0.20265193099569578, 0.0, 0.08111075212532111, 0.3292216937617453, 0.6079496707488082, 0.13270535865602398, 0.5033743272842837, 1.0], "dino_L2": [0.2263151912035022, 0.6527945127242583, 1.0, 0.7698608311684951, 0.2894321700966761, 0.30049359235611106, 0.5720017337188917, 0.0, 0.8382850599824225, 0.6110758391116262], "rcnn_confidence": [0.0, 0.0, 0.3545909236691922, 0.14133125902123528, 0.2885930499424245, 1.0, 0.0, 0.45852453406952814, 0.0, 0.0], "yolo_confidence": [0.0, 0.0, 0.0, 0.0, 0.0, 0.0, 0.0, 0.0, 0.0, 0.0]}