{"pixel_L2": [0.6073109000323194, 0.30875939676050485, 0.0, 0.5904292603894278, 0.4936767304520099, 0.3760341158545543, 0.6580397654535, 1.0, 0.5703660486805711, 0.7255285481034389], "pixel_cosine": [0.0361586470706664, 0.7686329776525065, 1.0, 0.45492248842359573, 0.06333803100463056, 0.4467888061203946, 0.37096839138312865, 0.11218039057781357, 0.14266156633782967, 0.0], "low_L2": [0.4654363526640581, 0.0, 0.06025034553913839, 0.40571161595514804, 0.8405069205162646, 0.8463080846424886, 1.0, 0.34038038505713564, 0.8009305222994413, 0.035955537386361425], "low_cosine": [0.40883999031094226, 0.9783526052091434, 1.0, 0.38473208480475274, 0.04705567383571948, 0.05044684404441668, 0.0, 0.45750200792972884, 0.1157332449419294, 0.6889047540126723], "mid_L2": [0.4545585537122602, 0.0, 0.3499101833796025, 0.4361533510725161, 0.31396432310928807, 1.0, 0.3579312398536037, 0.9609802019192899, 0.35648072544932324, 0.7468131910356288], "mid_cosine": [0.8072987489801469, 1.0, 0.6179516816245127, 0.7762838817876893, 0.7265773728583084, 0.0, 0.6583463647901369, 0.49652683346931376, 0.7582721421448645, 0.5803927567763575], "high_L2": [0.8059784590218859, 0.0, 0.5572028261447955, 0.7175727476079266, 0.9899636385136134, 0.30872281510824684, 0.5825868881859658, 0.27198687439027996, 0.4213990796306698, 1.0], "high_cosine": [0.46085098307443534, 1.0, 0.26360548924410215, 0.4692880667059396, 0.0, 0.8180946582269473, 0.40143556938453573, 0.7590350728064176, 0.6548525091823462, 0.16470104494901772], "clip_cosine": [0.42453397474443777, 0.37492483463619963, 0.4792543595911004, 1.0, 0.0, 0.9564040889957908, 0.6446181599518942, 0.49353577871316895, 0.8205051112447385, 0.4959410703547805], "dino_cosine": [0.4140229509656923, 0.7095450879094234, 0.6578732501002064, 1.0, 0.8420401518188071, 0.46570468569845064, 0.0, 0.8370570508157539, 0.8270908488096476, 0.9065730417699658], "clip_L2": [0.8211377720995032, 0.44517451916862216, 0.7906912166926681, 0.26068067707952175, 1.0, 0.5146846699582724, 0.2756214849432632, 0.808508018928899, 0.0, 0.6471001017028212], "dino_L2": [1.0, 0.2549779601763186, 0.5994442776165108, 0.12183629360233411, 0.3219649364756301, 0.0, 0.6263184040869136, 0.8849424814357583, 0.24266791231523807, 0.035456496835830194], "rcnn_confidence": [0.0, 0.0, 0.0, 0.0, 0.0, 0.0, 0.0, 0.0, 0.0, 0.0], "yolo_confidence": [0.0, 0.0, 0.0, 0.0, 0.0, 0.0, 0.0, 0.0, 0.0, 0.0]}