{"pixel_L2": [0.44337142550566017, 0.030125006706368366, 1.0, 0.44119856215462205, 0.37882933633778637, 0.6769139975320564, 0.3419979612640163, 0.0, 0.8550887923171844, 0.42896614625248136], "pixel_cosine": [0.5738790298016961, 1.0, 0.0, 0.5600121835874252, 0.6568717036182048, 0.3714871992176854, 0.7652896006668911, 0.9246541303964475, 0.24176405521088828, 0.6287212042514307], "low_L2": [0.38530809047720344, 0.9319943747193269, 1.0, 0.6930026708265381, 0.7054409227351155, 0.5218215982415089, 0.0, 0.647970880900045, 0.28115767330827957, 0.5910208229927438], "low_cosine": [0.5322566213314245, 0.13246018253400144, 0.2371376163206872, 0.0, 0.11275277380100215, 0.4200183428775948, 1.0, 0.4096948818897638, 0.582442287043665, 0.4270199534717251], "mid_L2": [0.25938570385760007, 0.7340782750294794, 1.0, 0.4429108877533831, 0.9240103318546802, 0.6656521983266888, 0.0, 0.8483182660452581, 0.26954348924700994, 0.54890785557864], "mid_cosine": [1.0, 0.6262509352039544, 0.3849970904765863, 0.5911608039237002, 0.0, 0.34173791268871934, 0.9402460625515561, 0.9866737433096948, 0.6520657616237059, 0.9533581015839317], "high_L2": [0.07335865554220909, 0.6984276423292104, 0.2545964137692216, 0.26456838619614975, 0.9253157160016882, 1.0, 0.00294884697377961, 0.0, 0.5841151835860143, 0.5160915062385698], "high_cosine": [0.7696783291206598, 0.3648604496474657, 0.6592853531994146, 0.9541859784488492, 0.0, 0.2549942796328322, 0.8085119063456166, 1.0, 0.33343088998270587, 0.3306319010243448], "clip_cosine": [0.07415406767458603, 0.279337652987761, 0.9265658747300216, 0.0, 0.5140388768898488, 0.462922966162707, 0.9409647228221742, 0.6342692584593232, 1.0, 0.033837293016558675], "dino_cosine": [0.8239702041785375, 0.0, 0.8114761396011396, 0.2900641025641026, 0.803656220322887, 0.6412333808167141, 0.8905062915479582, 0.8780715811965812, 0.844477089268756, 1.0], "clip_L2": [0.8450687575030512, 0.25556412122100136, 0.3116091037298385, 1.0, 0.49807106024252856, 0.5357407478325444, 0.31073995694226836, 0.0, 0.3470759537720471, 0.5792230626934559], "dino_L2": [0.4359938768169975, 0.6136166255822726, 0.0, 1.0, 0.48667023413718385, 0.537296149763582, 0.3353890151149632, 0.152687007096927, 0.7892896932267771, 0.2271433333625749], "rcnn_confidence": [0.0, 0.0, 0.0, 0.0, 0.0, 0.0, 0.0, 0.0, 0.0, 0.0], "yolo_confidence": [0.0, 0.0, 0.0, 0.0, 0.0, 0.0, 0.0, 0.0, 0.0, 0.0]}