{"pixel_L2": [0.4167579848491224, 0.030325055634247814, 0.5638469721719214, 0.8739002259451214, 0.504589325527556, 0.6308508118826893, 1.0, 0.3207130503912916, 0.549195142232054, 0.0], "pixel_cosine": [0.5657693846808706, 1.0, 0.3739310738581766, 0.07837347355435306, 0.42258362156637347, 0.3139106320396194, 0.0, 0.6945107854807013, 0.3784450963849587, 0.8573622407495674], "low_L2": [0.37542868322511064, 0.0, 1.0, 0.5078255949805772, 0.5461932929610174, 0.5184831441837269, 0.8132860141924869, 0.5119849005845555, 0.302261429138317, 0.2885438914654643], "low_cosine": [0.5756069394205672, 1.0, 0.0, 0.47343264503281784, 0.5231154301566908, 0.7024937019934349, 0.5866493630526693, 0.35355408976547537, 0.9662161284192369, 0.6397572729590967], "mid_L2": [0.7225206552561252, 0.4548154797119484, 1.0, 0.5860070584875252, 0.6518166425263673, 0.19605703910728492, 0.811841122829923, 0.4921430465737775, 0.7902674473163467, 0.0], "mid_cosine": [0.5172846332118155, 0.5086061454751207, 0.0, 0.2861743603523068, 0.19981449377210636, 0.5354489999974164, 1.0, 0.24653338466189034, 0.13813625664967485, 0.1550100891618374], "high_L2": [0.0, 0.6092729356357732, 1.0, 0.42025622323494427, 0.5751946111414762, 0.9560485683745936, 0.1831331414426128, 0.6027464126197685, 0.3039179657842554, 0.5613866871615407], "high_cosine": [0.6700614429581978, 0.38257163060012667, 0.19798765082679637, 0.5107965339772649, 0.5270392559069391, 0.05674410063355064, 1.0, 0.2268964159378736, 0.6924647893323438, 0.0], "clip_cosine": [1.0, 0.709645789925236, 0.0, 0.9725456551047923, 0.13837480083343548, 0.8045103566613555, 0.7698247334232137, 0.9035421007476406, 0.9283000367692119, 0.6790047799975487], "dino_cosine": [0.39422354202348536, 0.3069310102640561, 0.4579543354239314, 0.0, 0.5679140431509296, 1.0, 0.6790098204714319, 0.8051184740687802, 0.9142033342780044, 0.547127173256774], "clip_L2": [0.0, 0.27449979837605604, 0.9688030507445151, 0.07796250292479177, 1.0, 0.3020318383291266, 0.47666099132602174, 0.041628706603142676, 0.060539041199322276, 0.41874223167006025], "dino_L2": [0.3876558316046904, 0.4241463592579856, 0.5432692665214613, 1.0, 0.4383940212437667, 0.0, 0.31047136529257563, 0.15980317890745482, 0.0628481697153824, 0.44741545695161655], "rcnn_confidence": [0.0, 0.0, 0.0, 0.0, 0.0, 0.0, 0.0, 0.0, 0.0, 0.0], "yolo_confidence": [0.0, 0.0, 0.0, 0.0, 0.0, 0.0, 0.0, 0.0, 0.0, 0.0]}