{"pixel_L2": [1.0, 0.6784097822477069, 0.6047475525277076, 0.3952164444274634, 0.6603957689809522, 0.4334700469362144, 0.16360150948276114, 0.5204115221499549, 0.15756071288967785, 0.0], "pixel_cosine": [0.1496578199956555, 0.0, 0.24056746457914194, 0.9202277004407433, 0.8233514760128873, 0.6219839740791795, 0.7659513131957034, 0.2575475509412742, 1.0, 0.9812902348262302], "low_L2": [0.8163583780264814, 0.6478899171624855, 0.7647323844985909, 0.8412513096683861, 1.0, 0.609793206922857, 0.22930301901643774, 0.6129063401138897, 0.5332705888311269, 0.0], "low_cosine": [0.6318279882705596, 0.6917529644925487, 0.262304219350818, 0.1179000615062061, 0.0, 0.6409830710594178, 0.890046841270727, 0.36744973701551326, 0.4020662574194604, 1.0], "mid_L2": [0.7639515530045092, 0.3948489346063392, 1.0, 0.6729132688591991, 0.9089977588952293, 0.711649239427482, 0.20996358365654072, 0.5601667762975816, 0.171202511685025, 0.0], "mid_cosine": [0.3552073793243359, 0.5934089387296089, 0.003859229021965123, 0.0, 0.3355582631006812, 0.24149673824201623, 1.0, 0.05610481717620763, 0.3981478984146789, 0.6640488952942266], "high_L2": [0.9512506554317632, 0.9327886131329904, 1.0, 0.6431093505506218, 0.4368494821276246, 0.7947557182911423, 0.9907970582271687, 0.7638950055951852, 0.0, 0.5472256689246426], "high_cosine": [0.008359798403848937, 0.2900554093774264, 0.08399227598569096, 0.6704992134389135, 0.26299210638102544, 0.20451055049940017, 0.0, 0.06120332176183459, 1.0, 0.7721698971946765], "clip_cosine": [0.0, 0.7086811352253757, 0.4666110183639399, 0.09995826377295493, 0.5342237061769616, 1.0, 0.4726627712854758, 0.04424040066777963, 0.7443656093489148, 0.21598497495826377], "dino_cosine": [0.7337156769565274, 0.0, 0.5656222740114834, 1.0, 0.2712480633275613, 0.6534235160857734, 0.4653547202728918, 0.30035673831812204, 0.5425644798000182, 0.4918529561107712], "clip_L2": [0.8115760561233033, 0.3967854563267428, 0.6692838880433071, 0.6959969409100792, 0.3819863590581802, 0.0, 0.6766007112883917, 1.0, 0.005388396951906808, 0.8653970443792972], "dino_L2": [0.5123678530029778, 1.0, 0.6347824764026877, 0.0, 0.6708523821421696, 0.36087284455645363, 0.7299151485646175, 0.7499653303389668, 0.6366795066317064, 0.669181801851038], "rcnn_confidence": [0.0, 0.0, 0.0, 0.0, 0.0, 0.0, 0.0, 0.0, 0.0, 0.0], "yolo_confidence": [0.0, 0.0, 0.0, 0.0, 0.0, 0.0, 0.0, 0.0, 0.0, 0.0]}