{"pixel_L2": [0.0, 0.3837355071727213, 1.0, 0.8727138433182222, 0.061650843989076595, 0.9631504407987911, 0.2659565096596261, 0.6790130986020478, 0.9860204780007182, 0.6246603375956307], "pixel_cosine": [1.0, 0.6039787470653651, 0.0, 0.16535277400222415, 0.9561349314222167, 0.05501050290374398, 0.9297417521314716, 0.5169652786358582, 0.10478191029284567, 0.3193129865315705], "low_L2": [0.3275284728407163, 0.6082266482901368, 0.42710007413636114, 0.0, 0.4944497241032734, 0.6456679984675169, 1.0, 0.47707992297779395, 0.42166174912056364, 0.7296659883272548], "low_cosine": [0.7726220381988714, 0.3701099511468498, 0.601155055101809, 1.0, 0.4127169673176212, 0.438385700039133, 0.0, 0.6523927944759332, 0.5670323289192977, 0.27213098198618985], "mid_L2": [0.21953646439287244, 0.15408323638070745, 0.011073010430061437, 0.12493111260792358, 0.7460045312595677, 1.0, 0.8987355336476639, 0.8886371522462393, 0.0, 0.30167064682709777], "mid_cosine": [0.847771914893617, 0.7029242553191489, 0.7821957446808511, 0.560811914893617, 0.28820255319148935, 0.08405446808510639, 0.0, 0.12403744680851064, 1.0, 0.8033889361702128], "high_L2": [0.6076670280589477, 0.42492967882435395, 0.3105518403760985, 0.3399542653997268, 0.5332477766858762, 0.0, 0.3796685838621123, 0.229261125026071, 1.0, 0.47940345846775934], "high_cosine": [0.24781513284021714, 0.26474317068333564, 0.5191382463769181, 0.8766675725901822, 0.31118105493569165, 1.0, 0.2628238370512924, 0.7574566074878252, 0.0, 0.2668145525594788], "clip_cosine": [0.0, 0.8434579439252337, 0.8345794392523365, 0.9385514018691589, 0.057476635514018694, 0.08364485981308412, 0.5964953271028037, 0.9845794392523365, 1.0, 0.8605140186915888], "dino_cosine": [0.14620329873004162, 0.4934789482004532, 1.0, 0.5452126258101913, 0.4605706908362755, 0.11308425989355536, 0.0, 0.03583285029245929, 0.3693023133266586, 0.7308452337039574], "clip_L2": [1.0, 0.20790820769741267, 0.12221199012836166, 0.23881200924282606, 0.8625544963204657, 0.7594587569703038, 0.3585132162229997, 0.12051848431229462, 0.0, 0.43991671810005795], "dino_L2": [0.29332210471953896, 1.0, 0.2134678810784164, 0.3624485029167009, 0.0, 0.8177091280414089, 0.37437059120412214, 0.863666240214087, 0.10540323243230554, 0.023917534243359663], "rcnn_confidence": [0.0, 0.0, 0.0, 0.0, 0.0, 0.0, 0.0, 0.0, 0.0, 0.0], "yolo_confidence": [0.0, 0.0, 0.0, 0.0, 0.0, 0.0, 0.0, 0.0, 0.0, 0.0]}