{"pixel_L2": [0.17174367476392993, 0.0, 0.24127441793411664, 0.017789951704750236, 0.05156779355582787, 0.09018957687594609, 0.24943415267065522, 0.03668997332948894, 0.26354789879622287, 1.0], "pixel_cosine": [0.8112917717299944, 0.9359186157725415, 0.8666879208571235, 0.8765260347731437, 1.0, 0.843266447040032, 0.6573051618699823, 0.8027289092413864, 0.7407729440596148, 0.0], "low_L2": [0.08862365383411937, 0.8296876155583495, 0.0, 0.9765953452385693, 0.4757675918919995, 0.4134158621435114, 1.0, 0.6344459172701775, 0.6967862689657919, 0.9378530752032405], "low_cosine": [0.14728291145260125, 0.19234466500903544, 0.0, 0.005940977458932866, 0.6881785078601611, 0.4303251402872322, 0.9216463538906778, 0.055190967268577015, 0.8006392749901493, 1.0], "mid_L2": [0.04819624600578355, 0.42400552549088066, 0.3200610232784073, 0.47017525217642103, 0.0, 0.2649958634717995, 1.0, 0.16084643233930157, 0.6418449674770214, 0.5396461560647575], "mid_cosine": [0.571876528236928, 0.0, 0.7751432874943761, 0.2238884215879971, 0.8427554234072103, 0.3307583967449776, 0.7051681305138788, 0.14607891081942842, 1.0, 0.9633829541675633], "high_L2": [0.0, 0.32670649085743425, 0.09621184526844904, 0.6194070080862534, 0.14438697457565383, 0.8292634953012311, 0.5216726160122387, 1.0, 0.14236176877686313, 0.2649304290813725], "high_cosine": [0.008660250913686215, 0.17470908820959094, 0.24387792755606047, 0.4837504830192439, 0.07544724317522221, 0.13301975167853722, 1.0, 0.0, 0.6523721987906503, 0.29938923153633246], "clip_cosine": [1.0, 0.5025853154084798, 0.0, 0.1327817993795243, 0.3704239917269907, 0.8157187176835574, 0.11830403309203723, 0.22171664943123062, 0.43495346432264737, 0.1596690796277146], "dino_cosine": [0.5332150660926379, 0.3449884256755295, 0.4170953854141877, 0.11357981957034377, 0.4894619561690068, 1.0, 0.18650888086017783, 0.0, 0.32955022391450145, 0.18714492784977177], "clip_L2": [0.0, 0.588054829717365, 1.0, 0.8396879082121897, 0.673371435817959, 0.23151831156890862, 0.79701628047276, 0.6438558709728999, 0.4991382601907452, 0.6066537983864261], "dino_L2": [0.4954019607638621, 0.7029016495922087, 0.7297541987312541, 0.843891265846286, 0.5915752100147902, 0.0, 0.8484375010864932, 1.0, 0.7048792410610293, 0.9147883372168947], "rcnn_confidence": [0.0, 0.0, 0.0, 0.0, 0.0, 0.0, 0.0, 0.0, 0.0, 0.0], "yolo_confidence": [0.0, 0.0, 0.0, 0.0, 0.0, 0.0, 0.0, 0.0, 0.0, 0.0]}