{"pixel_L2": [0.41009904437134276, 0.4075504037207475, 0.7112805245468463, 0.0, 0.9624354470833464, 0.9518079280131762, 1.0, 0.46294651425408745, 0.29877120705585136, 0.3506322503470347], "pixel_cosine": [0.6982225370164256, 0.7449998313602483, 0.31822321157543254, 1.0, 0.07475462916118587, 0.15894633883098924, 0.0, 0.7095281459745691, 0.825559040777092, 0.5882626732773449], "low_L2": [0.7863812097667173, 1.0, 0.0, 0.20099437594229555, 0.3247455411044173, 0.9545477294196398, 0.787946749745072, 0.31227283248565835, 0.15799911166163066, 0.22662637864484608], "low_cosine": [0.3041004409202016, 0.21713273218483561, 1.0, 0.9369203419763049, 0.6693975649977194, 0.0, 0.1690642433598821, 0.7389799188332573, 0.964603581160895, 0.904769423295089], "mid_L2": [0.7079194350901151, 0.7945676538214638, 0.0, 0.47813976037414496, 0.6089425274235112, 1.0, 0.8310780767639869, 0.35606065410544074, 0.44999080421864396, 0.46738598111940494], "mid_cosine": [0.28598923191303366, 0.0, 1.0, 0.5510316985122393, 0.47039593086295256, 0.0747125028157392, 0.0859474480941093, 0.5794050124242668, 0.6121247772210492, 0.6141416051289054], "high_L2": [0.05163382029163824, 0.5023916110912126, 0.848477451040098, 0.5322950073441144, 0.5104546538357128, 0.2521890415285667, 0.41100512694531294, 1.0, 0.0, 0.7918725478760904], "high_cosine": [0.8640934024644505, 0.28179877797988784, 0.22384652446668823, 0.2388938608920784, 0.5250270436427802, 0.7020010130928959, 0.5432243691517543, 0.11791894143543759, 1.0, 0.0], "clip_cosine": [0.35171165240289665, 1.0, 0.11833443054641211, 0.5174456879526004, 0.1377551020408163, 0.7985516787360105, 0.18630678077682686, 0.9474983541803819, 0.467083607636603, 0.0], "dino_cosine": [0.9788591923434697, 0.6965126537970981, 0.40109276254591136, 1.0, 0.43337696711643026, 0.744114234203132, 0.17870431638808174, 0.93424245039654, 0.5501332988099006, 0.0], "clip_L2": [0.5152054587040754, 0.0, 0.95438554110612, 0.5343167704840401, 0.8290804637367736, 0.1679991334173075, 0.830413409792001, 0.04490796393328847, 0.4375068300903585, 1.0], "dino_L2": [0.0, 0.39131966774976573, 0.7944223674467414, 0.3120079832920033, 0.7560943279122212, 0.4885911380590902, 0.8075888080387107, 0.40647519122736564, 0.5474184890721202, 1.0], "rcnn_confidence": [0.0, 0.0, 0.0, 0.0, 0.0, 0.0, 0.0, 0.0, 0.0, 0.0], "yolo_confidence": [0.0, 0.0, 0.0, 0.0, 0.0, 0.0, 0.0, 0.0, 0.0, 0.0]}