{"pixel_L2": [0.7893429699599559, 0.7908498555901271, 1.0, 0.7611935092296744, 0.44977745531665525, 0.43823164180770463, 0.0, 0.6001799891169372, 0.5375814485635753, 0.7625190104784362], "pixel_cosine": [0.008095974092882903, 0.26368342287971347, 0.0, 0.24599494614950565, 0.5400750717597703, 0.49947253502122124, 1.0, 0.27273619391084614, 0.4946885503299723, 0.21091239174701307], "low_L2": [0.23990798516727388, 0.5272352545013429, 0.3510236041577073, 0.567960337874571, 1.0, 0.5489285221638902, 0.0, 0.9681842893193012, 0.5471352877694923, 0.5260302983585008], "low_cosine": [0.08117485511316022, 0.2220069216361407, 0.6902317895399199, 0.1640668875866307, 0.04030956238440662, 0.0, 1.0, 0.2165407697306325, 0.9318068881158977, 0.01666896995821731], "mid_L2": [0.0, 0.26697299377122496, 0.03625738168394404, 0.4665112725772184, 1.0, 0.13135075754618605, 0.29850163665664786, 0.6852823581238952, 0.263169927897886, 0.229109625325519], "mid_cosine": [1.0, 0.9209441680713728, 0.9002140463758582, 0.7677686757390124, 0.0, 0.8446133803395963, 0.27258022242322083, 0.6171280783620442, 0.8561032767339555, 0.6809668318052872], "high_L2": [0.28977046520886585, 0.6717232038874688, 1.0, 0.0, 0.015430066118223998, 0.4867186831422714, 0.9090716286961278, 0.2944809700812246, 0.07623501921781806, 0.9467928754544], "high_cosine": [0.3635196066865298, 0.7670533033127256, 0.4442815678655666, 0.3871202556269814, 0.40313040975452213, 0.0, 0.6607353375519482, 0.7642026842841114, 1.0, 0.37632270982003535], "clip_cosine": [0.23176507736027788, 0.40069466371960843, 0.20366277233975372, 0.33817492895484685, 1.0, 0.6100410483107042, 0.6760341016735081, 0.3921692453425955, 0.571518787496053, 0.0], "dino_cosine": [1.0, 0.3636499514236604, 0.967543531873552, 0.8207383603617069, 0.8681189746655705, 0.8861893729915552, 0.516605634855392, 0.3782676929975338, 0.0, 0.6157013676107914], "clip_L2": [0.6211738870552769, 0.4682034356402193, 0.6788761402323346, 0.5803646144650328, 0.0, 0.3015326541750045, 0.3520777566984589, 0.6569356012370384, 0.31529340679331586, 1.0], "dino_L2": [0.032459415862088926, 0.431858910089918, 0.40832287316486543, 0.44601368900537613, 0.9760495035696147, 0.0, 0.7235449839873899, 1.0, 0.4862820482457179, 0.34702891743177205], "rcnn_confidence": [0.0, 0.0, 0.0, 0.0, 0.0, 0.0, 0.0, 0.0, 0.0, 0.0], "yolo_confidence": [0.0, 0.0, 0.0, 0.0, 0.0, 0.0, 0.0, 0.0, 0.0, 0.0]}