{"pixel_L2": [0.0, 0.45127002776498576, 0.8512393269398573, 0.18859178350198358, 0.7260856039395112, 0.5349396985599212, 0.12630121011446271, 0.3517199757895394, 1.0, 0.31295522290491673], "pixel_cosine": [1.0, 0.29856699983453283, 0.1633912833002627, 0.5808265972707494, 0.23402934375183757, 0.20764075305327906, 0.6248271825594895, 0.3939143645993302, 0.0, 0.4401207226401445], "low_L2": [0.5589440841618996, 1.0, 0.2794610376484802, 0.5159289159996919, 0.8101590603836377, 0.16207733567631216, 0.0, 0.7944997529794501, 0.2888883611909576, 0.20684800040774318], "low_cosine": [0.41901674356805124, 0.11739571601330766, 0.9208819697826865, 0.7228812327750413, 0.0, 0.7789638814351927, 0.8717541819993668, 0.5036493556373299, 1.0, 0.8128655843380685], "mid_L2": [0.3228150036201543, 1.0, 0.14689086032110119, 0.5105409679808279, 0.10640773212984365, 0.02911596186849568, 0.07982764994702646, 0.5895146631012379, 0.041124480156475705, 0.0], "mid_cosine": [0.6179689936437612, 0.0, 0.8545009693505191, 0.14751087505184338, 0.23213292480219141, 1.0, 0.8736637270000289, 0.009985274874370243, 0.9095079943285761, 0.9826883321062395], "high_L2": [0.4641877693679612, 0.25894101620602555, 0.6543795781328321, 0.6987247762194794, 1.0, 0.5972337043098329, 0.2771030633998094, 0.7060340056046496, 0.0, 0.1656185387745639], "high_cosine": [0.656285810391603, 0.6702848403375826, 0.517378004107935, 0.5712564803419665, 0.0, 0.8143920698912323, 0.6876837936355651, 0.28840596074287483, 1.0, 0.7718484073999641], "clip_cosine": [1.0, 0.41065381609794216, 0.5675957280541808, 0.0, 0.3072414691325866, 0.7389945298254754, 0.5760614743422766, 0.48111487366501693, 0.4584527220630373, 0.17843188330294346], "dino_cosine": [0.7808659136419309, 0.46670490114120183, 1.0, 0.0, 0.7007251589322862, 0.7041409880047437, 0.36137605225810215, 0.30823531698971557, 0.6016233450628925, 0.7306024845928029], "clip_L2": [0.0, 0.8267939298485408, 0.38279577192801545, 1.0, 0.7869278969357815, 0.2646791508756603, 0.5147677000715439, 0.8322016756774414, 0.6810076866466531, 0.8075257529243652], "dino_L2": [0.0896588209871282, 0.6081279793651655, 0.0, 1.0, 0.24452296150511696, 0.07330777224198062, 0.702041960137095, 0.6351345766923139, 0.372864348863698, 0.42567137682937434], "rcnn_confidence": [0.0, 0.0, 0.0, 0.0, 0.0, 0.0, 0.0, 0.0, 0.0, 0.0], "yolo_confidence": [0.0, 0.0, 0.0, 0.0, 0.0, 0.0, 0.0, 0.0, 0.0, 0.0]}