{"pixel_L2": [0.3244972077679012, 0.21724507976312638, 0.6170771362888215, 1.0, 0.0, 0.15977770974246852, 0.08870703286210449, 0.17665554203441294, 0.0335274058031573, 0.12353010080331625], "pixel_cosine": [0.7811908410219629, 0.8274791075756094, 0.5174431367434986, 0.0, 1.0, 0.9110205501037829, 0.9498647018550517, 0.9013312468077245, 0.9740075419206903, 0.9037133635444854], "low_L2": [0.27558936168108245, 1.0, 0.8767265867153197, 0.5615883743535838, 0.4349033758867289, 0.11248789444767658, 0.26701049282748834, 0.0, 0.5220372756594998, 0.42492399466591374], "low_cosine": [0.6925558905066314, 0.13805418368146866, 0.0, 0.37868357100606476, 0.7858415467613081, 0.9271989181792915, 0.8422469515888796, 1.0, 0.6222339811429671, 0.6457749841432735], "mid_L2": [0.05256200318745192, 0.7451835276229476, 0.6910708313421196, 1.0, 0.2898550396393091, 0.35953279897083507, 0.24950682070922692, 0.0, 0.6440638426537236, 0.4390311112520375], "mid_cosine": [0.8660550800865228, 0.28568945148491504, 0.23649765527064842, 0.0, 0.8185084441535756, 0.5971155858936078, 0.8037507248329576, 1.0, 0.5381226044421132, 0.49267106659320087], "high_L2": [0.34172878047646144, 0.5213381556467793, 0.38637514779053606, 0.7312831960979665, 1.0, 0.0, 0.529398598796747, 0.3099985974887054, 0.3342525959176021, 0.6952444693456813], "high_cosine": [0.8592315678341482, 0.5352301796835075, 0.4761244435072963, 0.0, 0.528741405204784, 1.0, 0.6423296135386664, 0.7270619576926437, 0.7532396282841062, 0.20374966626300964], "clip_cosine": [0.0, 0.40134907251264756, 0.5738746919185368, 0.56894538850694, 1.0, 0.5594759372162408, 0.3939551173952523, 0.4429887144895577, 0.1015695939810611, 0.5234141912050849], "dino_cosine": [0.7711342863909015, 0.7152907884757773, 0.7409897689699724, 0.0, 0.6741718201521015, 1.0, 0.9064009136882368, 0.94625486745825, 0.9367013096797595, 0.7824504710830263], "clip_L2": [1.0, 0.47926918222442694, 0.2132045463610635, 0.5688370431873125, 0.0, 0.2749424277670776, 0.2947129824181759, 0.3990119078129062, 0.9452037963059327, 0.5776744898272627], "dino_L2": [0.31629363691679224, 0.18654155095942035, 0.2774660842344451, 1.0, 0.4289917418779902, 0.1104784878103056, 0.26872805198003635, 0.16125552161390277, 0.0, 0.20626924384577713], "rcnn_confidence": [0.0, 0.0, 0.0, 0.0, 0.0, 0.0, 0.0, 0.0, 0.0, 0.0], "yolo_confidence": [0.0, 0.0, 0.0, 0.0, 0.0, 0.0, 0.0, 0.0, 0.0, 0.0]}