{"pixel_L2": [0.682332635337276, 0.6412506119933506, 0.12367199830392687, 0.6138492264849712, 0.5887945847899677, 0.3174458055615154, 0.38432991423498125, 0.0613718710347765, 1.0, 0.0], "pixel_cosine": [0.36192593200020307, 0.32825013959990473, 0.8996276685058711, 0.3879657072345942, 0.3816202570200204, 0.7679088129517473, 0.7262738735361535, 0.9596312219579912, 0.0, 1.0], "low_L2": [1.0, 0.8636857078460944, 0.12527424045882976, 0.494470533087486, 0.34681317601022393, 0.038982606860866874, 0.37657500941109334, 0.0, 0.5853972800141946, 0.11358470343666754], "low_cosine": [0.0, 0.21317227989085757, 0.8420108772960461, 0.2566228101775135, 0.3917489206759146, 1.0, 0.6752698541134394, 0.9120043745647142, 0.3184611064619045, 0.8620940642255561], "mid_L2": [0.9305786180155506, 1.0, 0.1259927704919633, 0.4147488708885834, 0.17997357049480328, 0.35524964700014466, 0.146055409661768, 0.0, 0.5469336715268674, 0.4208175396775387], "mid_cosine": [0.03498031500879646, 0.0, 0.8563383061691058, 0.34531316141692786, 0.5301498049444522, 0.7225586655150111, 0.9570527078179634, 1.0, 0.1032281428085552, 0.6942607260160791], "high_L2": [1.0, 0.8692560793674236, 0.0, 0.8297325427515463, 0.5041884197857305, 0.3161206990171333, 0.2776943621233201, 0.1488539628771684, 0.5715087505281775, 0.12574261200166711], "high_cosine": [0.0, 0.173086634177573, 1.0, 0.136953313104275, 0.5448005530638169, 0.7726839601276406, 0.7295479793077848, 0.9659388973460429, 0.49336480075739775, 0.9280191528996686], "clip_cosine": [0.5026992696093998, 0.904414099714195, 0.4934899968243887, 0.23753572562718323, 0.538901238488409, 0.37186408383613845, 1.0, 0.29723721816449666, 0.9742775484280723, 0.0], "dino_cosine": [0.23648563109254336, 0.8263345000906718, 0.3777351221331472, 0.21776619004116154, 0.08802687989926881, 0.8299442625306659, 0.2852293995476677, 1.0, 0.2845279765143039, 0.0], "clip_L2": [0.48731573909077797, 0.0, 0.4679312801698326, 0.7935593007956895, 0.6777348274791898, 0.6966472054703107, 0.28153216488446403, 0.502637970751381, 0.17743977689804946, 1.0], "dino_L2": [0.37181568796735964, 0.2594474538036289, 0.5269844364298015, 0.7254341136006016, 1.0, 0.0, 0.32878726692938604, 0.16661885730995782, 0.7418554672088155, 0.6011706329865995], "rcnn_confidence": [0.0, 0.0, 0.0, 0.0, 0.0, 0.0, 0.0, 0.0, 0.0, 0.0], "yolo_confidence": [0.0, 0.0, 0.0, 0.0, 0.0, 0.0, 0.0, 0.0, 0.0, 0.0]}