{"pixel_L2": [1.0, 0.11967907440574034, 0.8498956813496177, 0.25626346277563966, 0.0, 0.3150800462175287, 0.31443134104448506, 0.14038242856012828, 0.4655223774135833, 0.5856233673776856], "pixel_cosine": [0.0, 0.9302870124995735, 0.7071030902039285, 0.7945873093502269, 1.0, 0.8661428181476974, 0.8655968859115363, 0.912143295838404, 0.7249980096220556, 0.5334696268325694], "low_L2": [0.9018849365896557, 0.4267256917970565, 0.29096051267392997, 1.0, 0.0506390735685006, 0.0, 0.2354387785730703, 0.2225251322346533, 0.24409504530519505, 0.5184247348199003], "low_cosine": [0.16990394386180185, 0.15570757520562917, 0.6069022374753149, 0.6541074064842687, 0.6316475257395939, 0.0, 0.26809900876200704, 1.0, 0.17654082865195467, 0.007653047529574171], "mid_L2": [1.0, 0.15164416203335981, 0.20926643421601757, 0.4023785355609106, 0.20022616819913572, 0.0, 0.1699987883846475, 0.11697365409727925, 0.32191596774410686, 0.2669118617143011], "mid_cosine": [0.0, 0.8297906790160333, 1.0, 0.788514396645147, 0.9433670355880847, 0.8043908776674593, 0.8416288076950349, 0.6754935717448217, 0.7601750231843746, 0.5634710288837387], "high_L2": [1.0, 0.2381471132034612, 0.2628731665467486, 0.11315980947396237, 0.0991373775861265, 0.019407779933866536, 0.5623486428884595, 0.0, 0.26265980532172295, 0.26233103313465755], "high_cosine": [0.0, 0.8156345389030817, 1.0, 0.9260098569341977, 0.932538207873033, 0.8554717453903585, 0.4074127433353828, 0.9246527735109972, 0.14176140332143625, 0.5215611431196167], "clip_cosine": [0.16624056488921354, 1.0, 0.6519357195032871, 0.4765644022400779, 0.49141709276844414, 0.42756269783296813, 0.0, 0.43407596785975167, 0.745191137083029, 0.10780374969564159], "dino_cosine": [0.0, 0.9617591776725517, 1.0, 0.1681298191049351, 0.827546871216792, 0.737982971351833, 0.4605522953229877, 0.10568145794383192, 0.2757882177330581, 0.49226571880015674], "clip_L2": [0.7051339906143465, 0.0, 0.30459685593909935, 0.6357904721700737, 0.5507095693609578, 0.620788960152863, 0.9418069342799292, 0.673812401273906, 0.2998233043383208, 1.0], "dino_L2": [1.0, 0.14246674326792186, 0.0, 0.6231164368465751, 0.24582341941342245, 0.2677626915317084, 0.3168341870161199, 0.805081804328526, 0.4389175191250086, 0.5689499456836368], "rcnn_confidence": [0.0, 0.0, 1.0, 0.10346979521631634, 0.07462281121229818, 0.0, 0.0, 0.0, 0.08878776844750402, 0.0], "yolo_confidence": [0.0, 0.0, 0.0, 0.0, 0.0, 0.0, 0.0, 0.0, 0.0, 0.0]}