{"pixel_L2": [0.0, 0.21794011104689565, 1.0, 0.28905682381109643, 0.32140568238110967, 0.8178165249339499, 0.611378178665786, 0.0041407798051519154, 0.43428701907199474, 0.42397286781704097], "pixel_cosine": [1.0, 0.6153069075204304, 0.0, 0.5805656485983242, 0.4930659718630392, 0.18253869478638668, 0.2732702105099824, 0.9455210057411814, 0.4305490004655012, 0.38564025809454844], "low_L2": [0.13577402880245726, 1.0, 0.6372892383477337, 0.13438293924645692, 0.06749290388289882, 0.43009585845876547, 0.35175935947465803, 0.30155814324061453, 0.0, 0.7473588448377196], "low_cosine": [1.0, 0.12590891675116372, 0.42244280836489184, 0.542842128436949, 0.8123535413619304, 0.0, 0.296663547860619, 0.8431704498066269, 0.7064990061451769, 0.46448688937199806], "mid_L2": [0.5782579052954643, 0.9425941697833328, 0.5111470274956381, 0.012749106386315568, 0.07738117279580736, 0.10583304834989142, 0.0, 1.0, 0.10078829687360458, 0.7011050096821763], "mid_cosine": [0.6897557916494902, 0.42562680051613505, 0.7269613871697185, 0.34464805550274175, 0.8388181565946637, 0.5259410130371207, 0.4374464723034676, 0.13009168514385736, 1.0, 0.0], "high_L2": [0.010840834103772843, 0.4419489666584264, 0.7668230408806874, 0.40532624957667507, 0.41238981047902523, 0.5313720586953447, 0.4328966001111719, 0.6313607700298792, 0.0, 1.0], "high_cosine": [1.0, 0.4036319404112686, 0.0704381082397616, 0.2942098768304526, 0.34966996169003683, 0.037562688458091784, 0.04675183350911764, 0.08437439286244083, 0.8457048486385225, 0.0], "clip_cosine": [0.9285921345057494, 0.7121461010725674, 0.4313460237704126, 0.5456565851773119, 0.6984249685959996, 0.46816117499275295, 0.4078654942506522, 0.472412793506619, 1.0, 0.0], "dino_cosine": [0.8836412610382011, 1.0, 0.7873460974096433, 0.6708021019263738, 0.5144632412833866, 0.6789651511899055, 0.6589662686101938, 0.0, 0.6588398236828409, 0.39492279507982203], "clip_L2": [0.0595442025562684, 0.35579709495024386, 0.655714932027496, 0.536823837511734, 0.37566517587549103, 0.6081595903911733, 0.6642583313901229, 0.5188663310393485, 0.0, 1.0], "dino_L2": [0.0, 0.13764343056999517, 0.5369018359057497, 0.5685156986400215, 0.5106124132109341, 0.6838968689242108, 1.0, 0.8829909930995812, 0.4127198099396758, 0.6817720845709652], "rcnn_confidence": [0.0, 0.0, 0.0, 0.0, 0.0, 0.0, 0.0, 0.0, 0.0, 1.0], "yolo_confidence": [0.0, 0.0, 0.0, 0.0, 0.0, 0.0, 0.0, 0.0, 0.0, 0.0]}