{"pixel_L2": [0.2939269620640656, 0.24854304213781914, 0.6829395013258439, 0.09482624560484193, 0.3473292187836279, 0.0, 0.08420612673116092, 0.28886910482922656, 0.7607153630798256, 1.0], "pixel_cosine": [0.7240698999749554, 0.7884208786734201, 0.5823566793252611, 0.9174329120048794, 0.6739330065610023, 1.0, 0.9181348421423862, 0.7472199648012703, 0.3962020809161892, 0.0], "low_L2": [0.2731710037272111, 0.0, 0.32640137187117674, 0.11480251844050703, 0.3387736992654486, 0.20341407148505727, 0.14511628307343155, 0.25364384568545095, 0.34957939289011747, 1.0], "low_cosine": [0.0, 0.6635664875533251, 0.5565504673065179, 0.6756398695162887, 0.6677654291815484, 0.6540612200253304, 0.7280442217206016, 0.05668702716423263, 1.0, 0.2186693765286265], "mid_L2": [0.47358774311488866, 0.0, 0.36069885636082494, 0.3555732746042935, 0.46499854098043714, 0.46039932704974235, 0.32686041005454614, 0.5043364302974919, 0.37901965893766565, 1.0], "mid_cosine": [0.2849260016204229, 0.9126779871992196, 0.6983574294148815, 0.40956189707230506, 0.4416521585547397, 0.47131634132050454, 0.10512914322239884, 0.0, 0.7331965225387373, 1.0], "high_L2": [0.49807470619191174, 0.0, 0.3214384283141987, 0.5319166590495021, 0.7606570048480664, 0.4701852346515613, 0.9999094814618922, 0.8787446498663076, 0.017313889004748673, 1.0], "high_cosine": [0.3904135684540823, 1.0, 0.8202475745356397, 0.556934728330565, 0.1364355950498761, 0.7473170655033413, 0.25141557320164715, 0.0, 0.7223959381565959, 0.11744772775343552], "clip_cosine": [0.0, 0.9718636606983523, 1.0, 0.8086966866932366, 0.9694247813931355, 0.47855570757242283, 0.626137647968592, 0.8561656058533104, 0.09939920290286122, 0.21723871274760573], "dino_cosine": [0.6628578584846587, 0.8929492798998121, 0.09971696931747026, 0.564703819661866, 0.0, 0.7176055103318723, 1.0, 0.19637319974953038, 0.30357921102066376, 0.6276568566061365], "clip_L2": [1.0, 0.08766116429230499, 0.0, 0.29421069009287043, 0.06229585199817627, 0.5516227950538699, 0.44585135809812104, 0.27740790013993094, 0.8453534265352767, 0.8231441918816427], "dino_L2": [0.8220679330301699, 0.08739955769344852, 0.8581034145121711, 0.24682223729038438, 0.9483431364982002, 0.35304565759451323, 0.0, 0.5896614830346031, 1.0, 0.7757724577100972], "rcnn_confidence": [0.6163860204298748, 0.47446850843608807, 0.589224541624443, 0.0, 0.9268461857509527, 1.0, 0.0, 0.575535870634113, 0.5711322750098168, 0.0], "yolo_confidence": [0.0, 0.0, 0.0, 0.0, 0.0, 0.0, 0.0, 0.0, 0.0, 0.0]}