{"pixel_L2": [0.22454809186319405, 0.0, 1.0, 0.012949670249714353, 0.03742501506806368, 0.4581107185008487, 0.21980238514119044, 0.07328110769431516, 0.08229931721315381, 0.08535651112806078], "pixel_cosine": [0.0, 1.0, 0.04917731620978107, 0.9813608851851071, 0.9550164352388377, 0.5963759508207084, 0.3540964306032576, 0.6598623285362102, 0.8121147990897406, 0.8684891169219747], "low_L2": [0.24549869370389343, 0.13385667041110383, 1.0, 0.0, 0.19502296026001162, 0.2083442825784453, 0.7833729307154691, 0.5063045548695939, 0.42078550662136666, 0.853161904584144], "low_cosine": [0.406210326089344, 0.955240141101842, 0.0, 1.0, 0.7305461473017714, 0.7054411189745077, 0.008391283783684844, 0.45512226336960454, 0.4841260427786344, 0.16387420908434627], "mid_L2": [0.021583447224971332, 0.15285926920841383, 0.8600173586565499, 0.25023171057385674, 0.0, 0.22771258463326893, 0.40739235276560315, 0.49451454671128076, 0.3776116530782161, 1.0], "mid_cosine": [0.8172370189989436, 0.6091396355926613, 0.21550361740852886, 0.4457314393541716, 1.0, 0.5848393093894677, 0.3892000821314791, 0.710525557848341, 0.1766937062573224, 0.0], "high_L2": [0.0, 0.6199092539994845, 1.0, 0.7149718141289175, 0.4921161860139896, 0.7700825926407954, 0.6602533921293922, 0.7298880603680368, 0.7061520863158808, 0.8725393185883842], "high_cosine": [1.0, 0.4283454012363423, 0.0, 0.3981439736634281, 0.570599199373054, 0.2570057883573229, 0.5780692968946204, 0.5377492881803135, 0.24100535264197814, 0.29158101128321195], "clip_cosine": [0.6243386243386243, 0.0, 0.604712686108035, 0.8906115417743324, 0.6671588532053648, 0.23181985972683647, 0.335302079488126, 0.6259382305893934, 0.46191706656822934, 1.0], "dino_cosine": [0.06277716535613528, 0.0, 0.16178779246316494, 0.8331083543224618, 0.5339817618033768, 0.43225305211338944, 0.5792220233443417, 0.6130788816900699, 0.18315659685059943, 1.0], "clip_L2": [0.48034964079823006, 1.0, 0.4725191895762314, 0.21646154309728416, 0.41651965233869903, 0.7875797105051259, 0.6618156520606896, 0.4105908381389295, 0.5096334432980711, 0.0], "dino_L2": [0.7878103601718465, 1.0, 0.8575177353110048, 0.21637589186315445, 0.3312634573642601, 0.8006414029402483, 0.4670805423950335, 0.3829979234101132, 0.8275100043590733, 0.0], "rcnn_confidence": [0.0, 0.0, 0.0, 0.0, 0.0, 0.0, 0.0, 0.0, 0.0, 0.0], "yolo_confidence": [0.0, 0.0, 0.0, 0.0, 0.0, 0.0, 0.0, 0.0, 0.0, 0.0]}