{"pixel_L2": [0.8197886902784238, 0.5481529567515347, 0.0, 0.2119231024806146, 0.1161487857613846, 0.30348553698942426, 1.0, 0.33732882839135747, 0.3503427265803503, 0.10111073058777226], "pixel_cosine": [0.0, 0.0766114829165199, 1.0, 0.4923564635435012, 0.05695667488552307, 0.192180345191969, 0.41711870376893273, 0.992884818598098, 0.3746037337090525, 0.19700598802395208], "low_L2": [0.1588235532978434, 0.3979014646704593, 0.0, 0.5533587528982771, 0.4718131134094296, 0.5136213946651399, 0.3881924902646315, 0.12169312169312169, 1.0, 0.22333077513430544], "low_cosine": [0.8472629358333085, 0.4738494276119009, 1.0, 0.3978849071806185, 0.40398181029357416, 0.4650059339211397, 0.5734761759378924, 0.8036113132444661, 0.0, 0.7303876445891133], "mid_L2": [0.5689763387887544, 0.5378603064825561, 0.272447360318325, 0.5322943558892494, 0.628058312214301, 1.0, 0.7945157622983823, 0.0, 0.5437163970535989, 0.19268847256104782], "mid_cosine": [0.4500761465296333, 0.13476339859744477, 0.4631213693608251, 0.6644491459733533, 0.0, 0.17552914998586502, 0.1041360788640944, 0.7050165516109322, 0.35444157691711425, 1.0], "high_L2": [0.1493592851246708, 0.44367212169651865, 0.7584314932980438, 0.2774138179531191, 0.0, 0.4261998663539524, 0.023604250468416296, 1.0, 0.6253816118761547, 0.24165039766250443], "high_cosine": [0.9118706913574968, 0.5301430459877821, 0.04573371284395246, 0.6598592054174596, 0.9739994138799762, 0.6663568364108827, 1.0, 0.0, 0.21635627041515157, 0.7976577838877367], "clip_cosine": [1.0, 0.6874562018220042, 0.05956552207428171, 0.9467414155571128, 0.9236159775753329, 0.4576033637000701, 0.5066573230553609, 0.32796075683251574, 0.0, 0.42256482130343376], "dino_cosine": [0.44036758787228336, 0.7034612288704052, 0.5743627582506037, 0.09923530990072445, 0.5981352294070298, 0.16412664341293265, 0.949369466058492, 1.0, 0.0, 0.8280520525892139], "clip_L2": [0.0, 0.3055383462212126, 1.0, 0.19397692419479437, 0.14430791705865706, 0.6604932960081993, 0.5532533290501213, 0.8094219193379378, 0.9934853108770642, 0.6437686912492447], "dino_L2": [0.6101392217985817, 0.8927309082328394, 0.6261751884648344, 0.8885679156472386, 0.7974589848358773, 0.8160260311230889, 0.4355270184676909, 0.0, 1.0, 0.3322669183670935], "rcnn_confidence": [0.0, 0.0, 0.0, 0.0, 0.0, 0.0, 0.0, 0.0, 0.0, 0.0], "yolo_confidence": [0.0, 0.0, 0.0, 0.0, 0.0, 0.0, 0.0, 0.0, 0.0, 0.0]}