{"pixel_L2": [1.0, 0.501087957151226, 0.47536404720060255, 0.1543853042095573, 0.39710436019750606, 0.6724725918486902, 0.29936605573688174, 0.0, 0.7668737969704578, 0.7396225625575362], "pixel_cosine": [0.0, 0.6668205957053798, 0.5955734406438632, 1.0, 0.9081703334762674, 0.21621532473529703, 0.5801365570472012, 0.8745588283801168, 0.4108256093940693, 0.30118415410495764], "low_L2": [0.9768454590369535, 0.5790218782066712, 0.6721562765243169, 0.0, 0.4806617935822238, 0.43656016823542826, 0.807571227687903, 0.6726915134854378, 1.0, 0.6536510128330187], "low_cosine": [0.0, 0.33113145263458416, 0.4628874257266742, 1.0, 0.3242902771086487, 0.7527719786592438, 0.8200774405367307, 0.7501989543743197, 0.03003764966186678, 0.4638759523936977], "mid_L2": [1.0, 0.43668349776695753, 0.799334183079993, 0.5132655502000399, 0.12690496708596968, 0.8271956066568585, 0.46189410496446465, 0.4757773052108693, 0.2852527450202989, 0.0], "mid_cosine": [0.26300715623944226, 0.6777439929563767, 0.0, 0.2992209015428402, 0.8808880289116169, 0.3346386559783777, 0.505310871546014, 0.42183420866734234, 0.21812709235541633, 1.0], "high_L2": [0.9956439074006851, 0.12470932426652674, 0.0955213473696317, 0.31177690480212483, 0.0, 0.1834339092336943, 1.0, 0.6022873080282212, 0.3420035869475364, 0.14638196318886104], "high_cosine": [0.13279525616627902, 0.9649851059646624, 0.0943972088985833, 0.5039349559114297, 0.8562855425843284, 1.0, 0.0, 0.4905386707027091, 0.206648712213109, 0.5744321533102597], "clip_cosine": [0.11911554921540657, 0.23109843081312412, 0.10912981455064194, 0.26105563480741795, 0.41191155492154063, 0.7393009985734664, 0.14657631954350928, 1.0, 0.0, 0.23787446504992868], "dino_cosine": [0.4249897516612431, 0.03861978916257155, 0.6652108121239113, 1.0, 0.1791460223793353, 0.49811987266755403, 0.0, 0.6026984761605927, 0.03090190441969098, 0.22079223454272165], "clip_L2": [0.8266417079191067, 0.7449532522779245, 1.0, 0.6617133478159432, 0.6351045026512617, 0.16040746184243854, 0.7103375150129226, 0.0, 0.9516018777160568, 0.8850793108989052], "dino_L2": [0.296412621030973, 1.0, 0.29171660317940756, 0.0, 0.5358438438825223, 0.48573066160915246, 0.7187992053091019, 0.2342438361545719, 0.6082302671616848, 0.8153045617447136], "rcnn_confidence": [0.0, 0.0, 0.0, 0.0, 0.0, 0.0, 0.0, 0.0, 0.0, 0.0], "yolo_confidence": [0.0, 0.0, 0.0, 0.0, 0.0, 0.0, 0.0, 0.0, 0.0, 0.0]}