{"pixel_L2": [0.4951379286717689, 0.6751229070621254, 0.4347498502958249, 0.6907701108296564, 0.7528866456525146, 0.5054690262652398, 0.7798100325555717, 0.0, 0.37381440987677395, 1.0], "pixel_cosine": [0.6280828172145466, 0.3055125456566619, 0.9072848181673813, 0.5242520247737018, 0.3391519771319676, 0.5966944576782595, 0.34325869461648406, 1.0, 0.7055149277433699, 0.0], "low_L2": [0.6049456172016648, 1.0, 0.0, 0.6464296935906585, 0.6097402039034008, 0.45938375806755943, 0.042028536043351376, 0.282001981409311, 0.8340971118779008, 0.44290611045929], "low_cosine": [0.9859992675855118, 0.2959976991195376, 0.8178924060163711, 0.4897672375627778, 0.46641761328167247, 1.0, 0.705637539685493, 0.8171363428172779, 0.8208046752110386, 0.0], "mid_L2": [0.40126832211994007, 0.5947088714741208, 0.02868521357121809, 0.34861339340697345, 0.6619531848078624, 1.0, 0.0, 0.43948284037003066, 0.8762612074065615, 0.30645143807955927], "mid_cosine": [0.8414141250506799, 0.15371682835795225, 1.0, 0.641830926623439, 0.34569320945421894, 0.1995090786714633, 0.8378446152552216, 0.8838097376937349, 0.0, 0.5959405896870127], "high_L2": [1.0, 0.3645715488564556, 0.6401353303557938, 0.7081996799351237, 0.22636599290075832, 0.6963608201595766, 0.34792225804096916, 0.0, 0.6479727729021115, 0.14642858961683156], "high_cosine": [0.4537659573100825, 0.48596189880952523, 0.0, 0.18419978479631932, 0.5719048524598124, 0.2904189379239009, 0.5157000867050441, 1.0, 0.321503517349696, 0.6283883214993523], "clip_cosine": [0.9472136450521982, 0.0, 0.8023820026466696, 0.8873695044846346, 0.7422437876782826, 0.8031171886487282, 0.6096162329069255, 1.0, 0.9625055138950155, 0.7694456697544478], "dino_cosine": [0.8401679862081363, 0.6189303135034439, 0.16491408682010933, 0.050420374047111305, 0.3576243351226806, 0.467297432000719, 0.0, 0.5267952708941017, 1.0, 0.16867253311109476], "clip_L2": [0.1746677942755282, 1.0, 0.3483470739562866, 0.19248232625032916, 0.36704833188162134, 0.3387394413272024, 0.7385910628557538, 0.0, 0.12783387688131748, 0.263426479227014], "dino_L2": [0.24931989564260623, 0.28027873069806275, 0.8542660063343113, 0.9142200076502904, 0.5156956169975397, 0.3914048542587357, 1.0, 0.2977491827639845, 0.0, 0.705672645930098], "rcnn_confidence": [0.27250743178352316, 0.18188796926097983, 0.304089740037786, 0.26250608586058477, 0.761362379200734, 1.0, 0.0, 0.8212527311864054, 0.8236680608314251, 0.40710845802294054], "yolo_confidence": [0.0, 0.0, 0.0, 0.0, 0.0, 0.0, 0.0, 0.0, 0.0, 0.0]}