{"pixel_L2": [1.0, 0.8116118716200411, 0.40201793800252067, 0.019856789244180974, 0.2723378405270379, 0.0, 0.3636247473213444, 0.23439152884988007, 0.27453243538583466, 0.5275637064423893], "pixel_cosine": [0.0, 0.3681583807147254, 0.6187689884100371, 1.0, 0.9367880380463202, 0.988681418330807, 0.5517775468463519, 0.6306766658503167, 0.6938886278039966, 0.43912787349664745], "low_L2": [0.07351480102571806, 1.0, 0.35262016397387574, 0.13409010439578126, 0.5176734041362863, 0.0, 0.06721825324445412, 0.06015808810568636, 0.10343351915404317, 0.025782125345444124], "low_cosine": [0.981654283246353, 0.0, 0.4837642743920906, 0.9013198730831654, 0.3387192047450383, 1.0, 0.9512521068543898, 0.9523402536319329, 0.852020402936594, 0.9868000390679874], "mid_L2": [0.4071186881039904, 1.0, 0.914908019916332, 0.5938525679930012, 0.4696535751764398, 0.0, 0.5558436734387338, 0.415816352420833, 0.5347114953284307, 0.33124501432019177], "mid_cosine": [1.0, 0.0, 0.09641982901035825, 0.35501553537765235, 0.9449428627701608, 0.9768456551186356, 0.3206638610538332, 0.7984882650620813, 0.466390928786472, 0.4700758078195404], "high_L2": [0.5555005360084931, 1.0, 0.8871219260528646, 0.7445540370448627, 0.6570679881728138, 0.9630173583790377, 0.0, 0.8523597984556215, 0.23003643820735944, 0.9418297917020441], "high_cosine": [0.5132951873738819, 0.0, 0.435107463634472, 0.30754088763498505, 0.7146209326655741, 0.08299989173948132, 1.0, 0.5289751200932246, 0.9079112881000472, 0.16232157810562417], "clip_cosine": [0.6378141204627045, 0.6821699242122058, 0.24004786597526925, 0.6469086557638611, 0.621459912245712, 0.0, 0.93841244515357, 1.0, 0.5514958117271639, 0.2927802153968887], "dino_cosine": [0.6030396974699581, 0.0, 0.0875436710561677, 1.0, 0.41330575498137984, 0.40613122432525817, 0.20783583522094676, 0.6958910815065075, 0.9980707951011633, 0.4225534610511767], "clip_L2": [0.4483261677149339, 0.3852838000851128, 0.765994972157013, 0.39142536255611526, 0.34521144351569305, 1.0, 0.0076936450155133595, 0.0, 0.4615839305274542, 0.6997018917872521], "dino_L2": [0.4741566289242534, 1.0, 0.6679453759480555, 0.0, 0.6034750952759679, 0.47614870577727375, 0.378757097087403, 0.2998665258330218, 0.20459275325594173, 0.4627009325629298], "rcnn_confidence": [0.0, 0.0, 0.0, 0.0, 0.0, 0.0, 0.0, 0.0, 0.0, 0.0], "yolo_confidence": [0.0, 0.0, 0.0, 0.0, 0.0, 0.0, 0.0, 0.0, 0.0, 0.0]}