{"pixel_L2": [0.9189042451474, 0.5402757440207544, 0.04432498211408207, 0.3159622623847445, 1.0, 0.6071938164871389, 0.0, 0.950379448913138, 0.7561952139289512, 0.1102568217225309], "pixel_cosine": [0.08226910760116929, 0.47107011871253884, 0.9595904378639497, 0.6893352563058767, 0.0, 0.4032814595981918, 1.0, 0.07061108655702622, 0.24903269828715874, 0.9010211914675847], "low_L2": [0.10272467970436673, 1.0, 0.0, 0.36263746654089724, 0.2765467729553646, 0.21917563974705032, 0.026864085691323033, 0.2803680332463603, 0.23888032165763542, 0.05280696264512077], "low_cosine": [0.8851862888958465, 0.0, 0.9117348613159612, 0.6608700900418334, 0.7057049127558636, 0.7549104296885315, 1.0, 0.7598469502588341, 0.7287290157010525, 0.9306208875426413], "mid_L2": [0.19962433460740928, 1.0, 0.49178505178149623, 0.9291481663361258, 0.697984259357755, 0.8520449574425609, 0.0, 0.4249681966749678, 0.6967077547653986, 0.25052131223506335], "mid_cosine": [0.6359855712958168, 0.0, 0.4918989281331356, 0.5795316700834935, 0.3062517291035618, 0.19486376437372754, 1.0, 0.5683359462009377, 0.4396640396115458, 0.8949875504543552], "high_L2": [0.7828252865941966, 0.9098681674626956, 0.5884734169705641, 0.685425295159901, 0.932561732556498, 1.0, 0.0, 0.6958817996227917, 0.91065573640472, 0.6014052514113585], "high_cosine": [0.2194315446876353, 0.028250750863839633, 0.4331866024802195, 0.35752440641547006, 0.07181324445580411, 0.0, 1.0, 0.258775789457828, 0.07934010475406993, 0.3929370936212167], "clip_cosine": [0.6032967698927337, 0.012908308587358341, 0.36906854130052724, 0.5962668929155809, 0.6828071025998425, 0.0, 0.8475243924610629, 0.7019574571238106, 0.16308102539240046, 1.0], "dino_cosine": [0.8684097334178271, 0.0, 0.8445654208215814, 0.5827934817227532, 0.7517952186604238, 0.36355517321766884, 0.9766646199915288, 0.5972668678318487, 0.4633158107296123, 1.0], "clip_L2": [0.3894539222548511, 1.0, 0.5344737106876357, 0.4409899838174701, 0.2720124750488166, 0.8834840960258341, 0.08380654023205657, 0.3860202919804188, 0.8506692937038691, 0.0], "dino_L2": [0.22054098365804706, 0.7916251809927037, 0.4799257498044808, 0.4055973465919977, 0.4024750065173078, 0.8407327024370019, 0.13880389342395794, 0.002565463608295669, 1.0, 0.0], "rcnn_confidence": [0.0, 0.15492851756696094, 0.4044612497415377, 0.34331310441637175, 0.3148188107436493, 0.0, 1.0, 0.9235653022303779, 0.05623552177217113, 0.23184139564443115], "yolo_confidence": [0.0, 0.0, 0.0, 0.0, 0.0, 0.0, 0.0, 0.0, 0.0, 0.0]}