{"pixel_L2": [0.0, 0.05884062215504344, 1.0, 0.29431219986168944, 0.1192740104915528, 0.016740097053251527, 0.41182800877036946, 0.02959229837601403, 0.03728389795944441, 0.10266986530282377], "pixel_cosine": [0.8299827810988352, 0.2571582135691071, 0.8703886348684391, 1.0, 0.0, 0.5062138011736876, 0.9224930516862592, 0.7232726639818463, 0.6126765265765475, 0.1886493178666077], "low_L2": [0.021111715504260973, 0.6926140529290732, 0.0, 0.32898170265433707, 1.0, 0.07398087489850137, 0.22764704491166662, 0.6013322927259971, 0.36432451182114167, 0.7380160663466011], "low_cosine": [0.8552960852329039, 0.23711389164188967, 1.0, 0.6691846299966964, 0.0, 0.8148785926660059, 0.9147588371324744, 0.44855880409646515, 0.5421023290386521, 0.2869239345887017], "mid_L2": [0.0, 0.3573126653627402, 0.5489337767362982, 0.969118694125024, 0.16063614844369978, 0.4359577826906313, 1.0, 0.649494714339849, 0.4575677296895896, 0.26524820766756335], "mid_cosine": [1.0, 0.06598072477368175, 0.8300267084228704, 0.0, 0.13962045535732465, 0.4486145121316949, 0.1337919852520642, 0.02593845031918694, 0.0936867803486717, 0.3587701909568945], "high_L2": [0.0, 0.49052753267588356, 1.0, 0.5956364990480029, 0.027041055116363, 0.2362655440794449, 0.908912427739399, 0.407966169349645, 0.5511884979869692, 0.3081056213104531], "high_cosine": [1.0, 0.0, 0.0937379879643341, 0.3562887929676423, 0.9859179558272158, 0.7616371026182299, 0.2034720690632975, 0.5874712498818488, 0.5222793723809824, 0.38613220328302716], "clip_cosine": [0.5254217011604259, 0.6811819595645412, 0.1357817920803924, 0.0, 0.2959684172747936, 0.47433903576982894, 0.5104677593013518, 0.9464050723770786, 1.0, 0.3549467639669817], "dino_cosine": [0.7840486824589987, 0.0, 0.4999820113379967, 0.9145075989247919, 0.8192602034260692, 1.0, 0.8398238139047217, 0.19241186840522803, 0.36079088437402024, 0.2515894267784362], "clip_L2": [0.3097016152663904, 0.25548463971964575, 0.6272306344450624, 1.0, 0.5972523726654586, 0.38569344026026064, 0.7752575994067589, 0.05742239126404612, 0.0, 0.7514419885537954], "dino_L2": [0.5059776654097267, 0.9489597122517659, 1.0, 0.2907137368214281, 0.19687988561961609, 0.0, 0.442508534172983, 0.8538170766410785, 0.8281794186739111, 0.7538218002467796], "rcnn_confidence": [0.0, 0.0, 0.0, 0.0, 0.0, 0.0, 0.0, 0.0, 0.0, 0.0], "yolo_confidence": [0.0, 0.0, 0.0, 0.0, 0.0, 0.0, 0.0, 0.0, 0.0, 0.0]}