{"pixel_L2": [0.43013595681684447, 0.4021693601055869, 0.23654460034529856, 0.14022311488613268, 1.0, 0.054124076132368755, 0.09099543840918382, 0.0, 0.24910999045148183, 0.4285811792886965], "pixel_cosine": [0.6198910851909778, 0.775267419146143, 0.5526767039137727, 0.7025947351561175, 0.0, 0.9023158529461645, 1.0, 0.8068489450840729, 0.7159170136991464, 0.5701696533443881], "low_L2": [1.0, 0.27322165132723525, 0.7397095467548872, 0.7186780343519704, 0.8124755609183004, 0.0, 0.33366860296278905, 0.5278325281860398, 0.5875989369054628, 0.8426352634213037], "low_cosine": [0.0, 0.7173353300213838, 0.049718181434694995, 0.4295745626701538, 0.24714693179568883, 1.0, 0.15454430408499012, 0.6979381978538307, 0.567295742381813, 0.23180672146201695], "mid_L2": [0.4145928395928396, 0.5996332046332047, 0.6515663390663391, 0.7104931554931555, 1.0, 0.0, 0.6037065637065637, 0.29872762372762374, 0.4123762723762724, 0.739994734994735], "mid_cosine": [0.7990090028631658, 0.2957172740284047, 0.2819370643871211, 0.28441185549219233, 0.0, 1.0, 0.3417899953327493, 0.6603963853460486, 0.7767264268379748, 0.18133383405526], "high_L2": [0.1877331918501869, 0.6972500584372008, 0.957074534336054, 0.10877887843074352, 0.6549922506445229, 0.1705516266106218, 1.0, 0.0, 0.605159199386358, 0.34753511544517496], "high_cosine": [0.7541995154089816, 0.015015616897775832, 0.21449892903530438, 0.8584971401711974, 0.25491384850432275, 0.8540913133814596, 0.0, 1.0, 0.38785398361063816, 0.5127584954996658], "clip_cosine": [0.19932337186354665, 0.5728784888638286, 0.38285875387651536, 0.25937411897378065, 0.6013532562729067, 1.0, 0.6067098956864956, 0.6749365661122075, 0.4981674654637722, 0.0], "dino_cosine": [0.9568401285446017, 0.8897313606398944, 0.8333241665422603, 0.4337594581640751, 0.0, 0.5489781647036638, 1.0, 0.5745456545481689, 0.8196525524274972, 0.6765798964414517], "clip_L2": [0.7945300036632716, 0.4252130179462425, 0.6598674733915526, 0.7531073281772843, 0.39530064046870933, 0.0, 0.3132454858523595, 0.33675175544594943, 0.42603731327555927, 1.0], "dino_L2": [0.44227202596094356, 0.2875906107735976, 0.05371626279358653, 0.4172664661677055, 1.0, 0.3269172280152612, 0.0, 0.39211264522145295, 0.37927142806666764, 0.6181776487305312], "rcnn_confidence": [0.0, 1.0, 0.0, 0.0, 0.5428847524258781, 0.4777875586381948, 0.35992740387115574, 0.0, 0.0, 0.0], "yolo_confidence": [0.0, 0.0, 0.0, 0.0, 0.0, 0.0, 0.0, 0.0, 0.0, 0.0]}