{"pixel_L2": [1.0, 0.7144889460602625, 0.22465442811668773, 0.3735473989447521, 0.5057395456329307, 0.34498048663498015, 0.6847855710112065, 0.1448703832904548, 0.0, 0.5467830201020364], "pixel_cosine": [0.29562982005141386, 0.08086001402196775, 1.0, 0.0, 0.9107268053283477, 0.41738724000934796, 0.17550829633091844, 0.19934564150502454, 0.43351250292124327, 0.8787099789670484], "low_L2": [0.3874035146799479, 0.7228578264992335, 0.0, 0.749337563474269, 0.40557067023510956, 0.6092643631304224, 1.0, 0.3553318386047625, 0.4879875222658431, 0.5755266259604221], "low_cosine": [0.6093312907952577, 0.27871259551691147, 1.0, 0.26316952662363613, 0.6238571272872592, 0.40465868219964396, 0.0, 0.6394486358186904, 0.5346676435327028, 0.42356527846736985], "mid_L2": [1.0, 0.37878077508033253, 0.9041098240117097, 0.34926642957609577, 0.10754839963864653, 0.4952143535089023, 0.0, 0.5344829557799403, 0.6890530480622992, 0.8567279214170546], "mid_cosine": [0.5401591755553103, 0.7042907026327482, 0.0, 0.9587330365316548, 0.5038153825968457, 1.0, 0.8859082817210522, 0.4616389297247975, 0.5918867581324754, 0.2928078770728158], "high_L2": [0.4214343887941469, 1.0, 0.36775392479335495, 0.8548917616461409, 0.17414203499804268, 0.6133521717414878, 0.0, 0.8188700554803119, 0.8440364289217561, 0.5168353274148334], "high_cosine": [0.8304340690496945, 0.0, 0.8897771820153564, 0.5237505122563159, 1.0, 0.931377799965997, 0.9290251062102663, 0.2692920396596947, 0.2836823883084682, 0.6178641589611196], "clip_cosine": [0.0, 0.5372194854953476, 0.7016967706622879, 0.6554460864805692, 0.6710454296661194, 0.4781061850027367, 0.9614121510673235, 0.7036124794745484, 1.0, 0.7175697865353038], "dino_cosine": [0.672363343125396, 0.19649789758654457, 0.7784574621277576, 0.0, 0.872852946258856, 1.0, 0.7475203041299464, 0.9737284718622199, 0.5988249524796959, 0.6348367029548989], "clip_L2": [1.0, 0.7056193541128082, 0.36835743626961687, 0.2176100686866241, 0.37681907039145257, 0.5237304094417624, 0.15501371561145177, 0.47509904257202096, 0.0, 0.5326394705622643], "dino_L2": [0.795285449206435, 0.8551442108486912, 0.0, 0.7033129762741177, 1.0, 0.32225585040263743, 0.7597650831396711, 0.3313210470374174, 0.19765443441604064, 0.715483975571529], "rcnn_confidence": [0.0, 0.0, 0.0, 0.0, 0.0, 0.0, 0.0, 0.0, 0.0, 0.0], "yolo_confidence": [0.0, 0.0, 0.0, 0.0, 0.0, 0.0, 0.0, 0.0, 0.0, 0.0]}