{"pixel_L2": [0.4510471951068333, 0.0, 0.8532962888910991, 0.5375406849967762, 0.12226156809989909, 0.5833782807623711, 0.6279549658416559, 1.0, 0.24276349796312072, 0.7799300351825533], "pixel_cosine": [0.07318434792630005, 0.5467707813389828, 0.47687054314093646, 0.7352151452948216, 0.5924542181558846, 0.49308118115698546, 0.0, 0.9571961927226493, 0.20803078389832094, 1.0], "low_L2": [0.9523433421398174, 0.0, 0.47888658619544067, 0.42495787916660077, 0.14929462435335622, 0.5785763158311054, 0.737281881318125, 0.7150705573397035, 0.605309202512221, 1.0], "low_cosine": [0.9928708015812854, 0.7088923435785568, 0.14538285023357525, 1.0, 0.0, 0.4132735698283114, 0.578530998353301, 0.5898175400996307, 0.6395415887046484, 0.6546120541929586], "mid_L2": [1.0, 0.07270542973262908, 0.48874461433006705, 0.4967016537791397, 0.2613530367930942, 0.781902366046267, 0.0, 0.6453472995626088, 0.30836458224304714, 0.46723561309221734], "mid_cosine": [0.8294922927696713, 0.46323544294530966, 0.10776232829003975, 0.43754156435789726, 0.0, 0.09163459991983768, 1.0, 0.16850498239010495, 0.4303283491858143, 0.3416860800321522], "high_L2": [0.645795595736161, 0.10324124204122742, 0.7234313659991235, 0.361613473724548, 0.28097634333240473, 1.0, 0.09108411581728973, 0.49853209413253635, 0.0, 0.3418521034941916], "high_cosine": [0.966443059063473, 0.725648226388551, 0.0, 0.8122920794830656, 0.054252359959863806, 0.12197372651467704, 0.8900518350918872, 0.739393109980826, 1.0, 0.7662526761709363], "clip_cosine": [0.724955595026643, 0.7643650088809947, 0.5784413854351688, 0.0, 0.8199378330373002, 0.8717584369449378, 0.6346802841918295, 0.6134325044404974, 0.46571936056838364, 1.0], "dino_cosine": [0.4074855266873764, 1.0, 0.0, 0.9749688176597948, 0.38586675138849663, 0.5033653393579968, 0.36378612444695474, 0.5557604960933823, 0.19441600771910006, 0.5838716699614045], "clip_L2": [0.6379798307234151, 0.6454815643360263, 0.65431319255449, 1.0, 0.29832534209163925, 0.22037392599136518, 0.5361597749628342, 0.5311833568439701, 0.9961854585524097, 0.0], "dino_L2": [0.7466607342889086, 0.0, 0.7849836417031705, 0.3446037672043923, 0.6341372211001165, 0.4805616176965502, 1.0, 0.5567148139457122, 0.8592005055166235, 0.3431551759363682], "rcnn_confidence": [0.2288692914154308, 0.14323089558202873, 0.0, 0.323640669307809, 0.0, 0.0, 0.1715660555327578, 1.0, 0.0, 0.3424617604261764], "yolo_confidence": [0.0, 0.0, 0.0, 0.0, 0.0, 0.0, 0.0, 0.0, 0.0, 0.0]}