{"pixel_L2": [0.4345196179976789, 0.6589094357853528, 0.389569988893623, 0.6736222655226326, 0.9981263559852319, 0.5518710590634632, 0.8393675604655765, 1.0, 0.8175416578273217, 0.0], "pixel_cosine": [0.6602701390174793, 0.8645758726587311, 0.5615411759362455, 0.5126492280494579, 0.0, 0.3354954004395174, 0.08997879275949172, 0.4699342820108796, 0.24822079287828022, 1.0], "low_L2": [0.5216419867992336, 0.0, 0.25860399964315056, 0.40700676549265863, 1.0, 0.25970783617414783, 0.43748011030376144, 0.28799880695110763, 0.4768067833351309, 0.03368365829268845], "low_cosine": [0.4498963372494817, 0.9022603424147959, 0.6045297689752279, 0.8028487420758078, 0.0, 0.7440685703509585, 0.3854805455546906, 0.5441196255492171, 0.08766258033431956, 1.0], "mid_L2": [1.0, 0.39517100612336337, 0.5400009956688405, 0.0, 0.5545975008712102, 0.21873350923482848, 0.5650395778364116, 0.3144770249415045, 0.26955244685617563, 0.059528550804002586], "mid_cosine": [0.5191658172812302, 0.6142823054254873, 0.1720969077709563, 1.0, 0.2769812119203847, 0.4212338902225833, 0.09012061040169755, 0.4059330679615542, 0.0, 0.6520455857823364], "high_L2": [0.3741934172808928, 0.8339318203009011, 0.5649306560006886, 0.0, 0.34315298235379904, 0.4911147397537995, 1.0, 0.5391857548944838, 0.8912287790148633, 0.48128393385244705], "high_cosine": [0.7603936564677204, 0.7170852454328239, 0.41749952520968403, 1.0, 0.5497414229243779, 0.5002858428748382, 0.17034615483346766, 0.3161550277428767, 0.0, 0.3898181600178712], "clip_cosine": [0.5189692197566214, 0.5244094488188976, 1.0, 0.8688618468146028, 0.19470293486041518, 0.44266284896206154, 0.20343593414459557, 0.9703650680028633, 0.0, 0.41875447387258413], "dino_cosine": [0.7566989406741814, 0.8628280247950124, 1.0, 0.7529497668768645, 0.0, 0.7074326979760267, 0.28148502116865254, 0.3323902713517569, 0.3816654459708105, 0.749640490183819], "clip_L2": [0.48193989923089353, 0.5948195211025238, 0.0, 0.17024606147591798, 0.9036935522049347, 0.590648517957716, 0.9709109985609781, 0.047187613891258036, 1.0, 0.589340999349998], "dino_L2": [0.3227482704856036, 0.15265622232499848, 0.0, 0.09303706100593316, 1.0, 0.4862420676296555, 0.7063345521045324, 0.5283570079029486, 0.6669337224470485, 0.37021808402375156], "rcnn_confidence": [0.0, 0.37757133847431057, 0.1190188065677987, 1.0, 0.2430487166097517, 0.16522822798563572, 0.0, 0.3569432495927212, 0.0, 0.10270468659861927], "yolo_confidence": [0.0, 0.0, 0.0, 0.0, 0.0, 0.0, 0.0, 0.0, 0.0, 0.0]}