{"pixel_L2": [0.23737199957913774, 0.8421311554659485, 0.9593071697297666, 0.5070736139271282, 0.0, 1.0, 0.4612906252932528, 0.7892532254257676, 0.32024773999812317, 0.5777813165595079], "pixel_cosine": [0.9396508606492382, 0.833676942407866, 0.7045795566832982, 0.8983445768728727, 0.0, 1.0, 0.24509289644151122, 0.0281312139362961, 0.5270454905883645, 0.5147426591682627], "low_L2": [0.3546707859781993, 0.21725171543821759, 0.43907954694029744, 0.0, 0.41053329911334724, 0.7287283239793324, 0.8139288256572417, 1.0, 0.442251352254403, 0.5868566198724499], "low_cosine": [0.5287851941374684, 0.5423114871070052, 0.22926873123007785, 0.542246051986212, 0.8108259277846627, 0.0, 0.2584061370177289, 0.5681259267604608, 0.6933163998620742, 1.0], "mid_L2": [0.29103405324851533, 0.528450365888921, 0.249525122889744, 0.4079405680731333, 0.45737672101247806, 0.3018839386997042, 1.0, 0.8139060032474031, 0.46891167508174114, 0.0], "mid_cosine": [0.3056756912476937, 0.0534221965222075, 0.30367918942756084, 0.0, 0.39146843517065555, 0.2634973091024371, 0.46685554091825004, 0.24699006102913437, 0.32516309240351654, 1.0], "high_L2": [0.5821865305907844, 0.7993757039242654, 0.22182435031422348, 0.437588379680491, 0.0, 0.5932196354398713, 0.2739375759269662, 1.0, 0.11558886118544305, 0.2818408985878622], "high_cosine": [0.1635926781798739, 0.09098753620472765, 0.3722005228464966, 0.0, 0.6321342755216119, 0.021281233909116768, 1.0, 0.17529880294213074, 0.11502653692886067, 0.31732502464929085], "clip_cosine": [0.7384868421052632, 0.0, 0.16036184210526316, 0.2733004385964912, 1.0, 0.5879934210526315, 0.9226973684210527, 0.26260964912280704, 0.09402412280701754, 0.17763157894736842], "dino_cosine": [0.2864204214074196, 0.6966337029267805, 0.7635826397414457, 0.729136659352132, 0.8110078913195485, 0.31548844657973, 0.3982264670153154, 0.30623411022069275, 1.0, 0.0], "clip_L2": [0.5954199562616169, 0.921151396881232, 0.525694516291299, 1.0, 0.3651164989315134, 0.5827024684002668, 0.0, 0.6911083720117159, 0.9002704216508564, 0.7731008943892859], "dino_L2": [0.722659898459113, 0.6763230930424141, 0.0, 0.7195184050633586, 0.6360533245176008, 0.5714078778167909, 0.09836295757162117, 0.6667839727849806, 0.4102505996386616, 1.0], "rcnn_confidence": [0.0, 0.0, 0.0, 0.0, 0.0, 0.0, 0.0, 0.0, 0.0, 0.0], "yolo_confidence": [0.0, 0.0, 0.0, 0.0, 0.0, 0.0, 0.0, 0.0, 0.0, 0.0]}