{"pixel_L2": [0.18011877153817812, 0.0, 0.5984525022215479, 1.0, 0.6933288541147402, 0.5961659333752357, 0.16753722447387243, 0.7639632415093521, 0.5357831769219099, 0.004226359478965734], "pixel_cosine": [0.7431123770067323, 0.5248834800621439, 0.1669083376488866, 0.41988606939409634, 0.003184878301398239, 0.4107975142413257, 0.6288969445882963, 0.5664163645779389, 0.0, 1.0], "low_L2": [0.7039718862373324, 0.6238966982674077, 0.0, 0.3376757110166721, 0.5048381824125531, 0.3338182412553122, 0.47693690748610656, 1.0, 0.6743870545930043, 0.7522883295194508], "low_cosine": [0.27486353207185743, 0.7529513746813727, 1.0, 0.3365976522363767, 0.6664181298513931, 0.4723896814788547, 0.3676677850823354, 0.18264424985830371, 0.0, 0.4663853957342596], "mid_L2": [0.5650173658465623, 0.39975996945065734, 0.0, 0.389558671103595, 0.8348153401341989, 0.9807066353899587, 0.1969341552561235, 0.2612696161329624, 1.0, 0.6677031622206463], "mid_cosine": [0.25135326692265153, 0.3189270443092692, 0.5684460990863988, 0.9337074451099359, 0.036933477681805084, 0.0, 1.0, 0.3429262758353908, 0.09755334532775671, 0.5561829694765291], "high_L2": [0.9989721141662162, 1.0, 0.9093289500500651, 0.24266966762071013, 0.0, 0.5518594986398235, 0.7934303917485579, 0.6861049329658937, 0.9222041062266843, 0.6475636447413893], "high_cosine": [0.36397401106077787, 0.0, 0.3967453588729078, 0.6857034146891949, 0.7160828101970216, 0.86377538065744, 1.0, 0.37618082152924825, 0.46954854854931183, 0.5136894853985685], "clip_cosine": [0.7569700919690058, 0.8553841697443696, 0.5509450358461873, 0.0, 0.5796219856615251, 0.6433485408067202, 0.09841407777536389, 1.0, 0.6015641972626548, 0.6172061698892027], "dino_cosine": [0.17503655095032472, 0.6625582265138894, 0.25491029433431933, 0.5357405959221606, 0.0, 0.14333072659889157, 1.0, 0.6580757766368592, 0.3640814661181191, 0.6825450795054004], "clip_L2": [0.3186691062769046, 0.29731808909004975, 0.5815570336376205, 1.0, 0.5728114072809747, 0.3631532515776109, 0.8591567848062314, 0.0, 0.540691348349555, 0.4436648170347667], "dino_L2": [0.6432690711323636, 0.3351334290546396, 0.7676161563456111, 1.0, 0.7842585278014446, 0.9252279158357948, 0.7982463662087977, 0.3485593456895309, 0.7717356997294383, 0.0], "rcnn_confidence": [0.0, 0.0, 0.0, 0.0, 0.0, 0.0, 0.0, 0.0, 0.0, 0.0], "yolo_confidence": [0.0, 0.0, 0.0, 0.0, 0.0, 0.0, 0.0, 0.0, 0.0, 0.0]}