{"pixel_L2": [0.0, 0.8686896963589198, 0.7898400612134445, 1.0, 0.9155609055110763, 0.1901722561260101, 0.5558012802567979, 0.6256555250732508, 0.8619244909766157, 0.37916876621316464], "pixel_cosine": [0.8386235840599788, 0.4304661396789178, 0.0, 0.2714733925515443, 0.3406201613560427, 0.4902412191345449, 0.4455830820634015, 1.0, 0.13244641838480972, 0.5965895200065194], "low_L2": [0.0, 0.7889941690962099, 0.6268063125871467, 0.687064266700469, 0.4341805044999366, 0.11291038154392191, 0.37889783242489544, 0.41461211813918114, 1.0, 0.9704176701736595], "low_cosine": [0.939392293065311, 0.18623927975474408, 0.5347083705227211, 0.35558616942838295, 0.8462493693973379, 1.0, 0.6819938686018083, 0.5831502968683302, 0.0, 0.09054290038418254], "mid_L2": [0.3395398353140548, 0.21224498663827754, 0.33928998196710625, 0.3636126621330958, 1.0, 0.0, 0.9696047971842614, 0.4164946661742021, 0.38184109327134075, 0.32937189041214937], "mid_cosine": [0.733765867488081, 1.0, 0.7237021522886461, 0.7070596833369303, 0.0, 0.8646873589829112, 0.4192266377602072, 0.5113095705232592, 0.6288957503580608, 0.6585350899566403], "high_L2": [0.006803996581775962, 0.24188442220114878, 0.3908151454728363, 0.623344523089238, 0.4905403894900428, 0.5879165059115805, 1.0, 0.0, 0.016759393806091507, 0.2939041671324057], "high_cosine": [0.2309744361220534, 1.0, 0.0, 0.23784671767557003, 0.13817543448335373, 0.46309710170765045, 0.11193833018699736, 0.9990162103461946, 0.8395262830985996, 0.03532118269669891], "clip_cosine": [0.3813666561214805, 0.0, 0.4810186649794369, 0.7282505536222714, 0.8736950332173363, 0.8842929452704841, 0.49841822208161973, 0.46915533059158493, 0.7288832647896235, 1.0], "dino_cosine": [0.6243524606495318, 0.6096511826487917, 0.0, 1.0, 0.13032618905302706, 0.2626768280533971, 0.3741389861383884, 0.1376519226937637, 0.3366884410668033, 0.30120186149773714], "clip_L2": [0.6871653063900175, 1.0, 0.32898679395176283, 0.11921842512830982, 0.16462450557391142, 0.0, 0.39482246758354883, 0.3025220145704158, 0.19782311833718377, 0.1331111471643126], "dino_L2": [0.07850992894795003, 0.6523175382416145, 0.7902271690624986, 0.37270350463883833, 1.0, 0.784831257259206, 0.6018663506707859, 0.6387066740022853, 0.9972773569201687, 0.0], "rcnn_confidence": [0.0, 0.0, 0.0, 0.0, 0.0, 0.0, 0.0, 0.0, 0.0, 0.0], "yolo_confidence": [0.0, 0.0, 0.0, 0.0, 0.0, 0.0, 0.0, 0.0, 0.0, 0.0]}