{"pixel_L2": [0.0, 1.0, 0.21574696682982764, 0.8327925933535931, 0.43432522389065453, 0.5626413297674321, 0.607915461186579, 0.42003621135145225, 0.10394138135590412, 0.2825567997914368], "pixel_cosine": [0.8116361934926577, 0.9038491741486271, 0.3721124649896605, 1.0, 0.3301376855220794, 0.7781751433133524, 0.9649896604978666, 0.9604988482579903, 0.0, 0.6851523440567495], "low_L2": [0.0, 1.0, 0.061789710649060754, 0.23801237255056568, 0.7023937664153893, 0.5360751961595095, 0.15620054754129023, 0.08227513858149031, 0.312509283080314, 0.029889837724115714], "low_cosine": [1.0, 0.0, 0.6628819354544275, 0.41628518871466896, 0.0632939361611276, 0.0558387928623295, 0.24201946317003772, 0.5398162670241737, 0.15279451521235116, 0.4944049147283249], "mid_L2": [0.0813296675365641, 0.6300195610540438, 0.24099479271893065, 1.0, 0.5068463689153344, 0.30816806678875647, 0.164902199384958, 0.0617881652364411, 0.0, 0.059714749369921785], "mid_cosine": [1.0, 0.1898946791662821, 0.782704909746975, 0.0, 0.4309766899459551, 0.22581276068334746, 0.2203042569306793, 0.3965719819332797, 0.5309560330568827, 0.7361543904679445], "high_L2": [0.0, 0.15273332647657306, 0.2698377166181652, 0.7515180665549418, 0.07176507125988936, 0.8302729998931152, 1.0, 0.6346939969063911, 0.6618528176242939, 0.7052903938805432], "high_cosine": [1.0, 0.8760422847499922, 0.7200836328488093, 0.4549569090445625, 0.8073858519922245, 0.1627068202291401, 0.0, 0.3964906573062768, 0.3120179052547492, 0.36522172535508335], "clip_cosine": [0.3354179377669311, 0.8784319707138499, 0.9002440512507627, 0.011897498474679682, 1.0, 0.27959121415497257, 0.36836485661989016, 0.9441732763880415, 0.0, 0.09792556436851739], "dino_cosine": [0.48361035693000465, 0.3749496976766694, 1.0, 0.26487038555775727, 0.6060627671117043, 0.38462557242770473, 0.09846011216781364, 0.453607249647247, 0.03889706743822365, 0.0], "clip_L2": [0.7808158947011588, 0.0, 0.11945538978577912, 0.8354350211231925, 0.0005754657490805306, 0.646517315914749, 0.7363492051920406, 0.04974931017011551, 1.0, 0.9283182913360283], "dino_L2": [0.5570826529308873, 0.6305707728865724, 0.0, 0.5837647525116441, 0.5374210717980701, 0.46753126612444995, 0.6763699292179031, 0.6575945665778221, 0.983788152890301, 1.0], "rcnn_confidence": [0.0, 0.5765269107577498, 0.8789953356988851, 0.0, 1.0, 0.0, 0.0, 0.0, 0.0, 0.0], "yolo_confidence": [0.0, 0.0, 0.0, 0.0, 0.0, 0.0, 0.0, 0.0, 0.0, 0.0]}