{"pixel_L2": [0.3660553745928339, 1.0, 0.0, 0.21239022801302931, 0.48782247557003255, 0.3821179153094463, 0.24309218241042346, 0.22911791530944625, 0.6402905537459284, 0.08104755700325733], "pixel_cosine": [0.5487421042035113, 0.0, 0.9109525795952775, 0.9715208162236619, 0.3787280978101069, 0.9502715096632527, 1.0, 0.9820433546398531, 0.748268754734581, 0.6441090586747663], "low_L2": [0.7081222493288056, 0.7398045874146449, 0.0, 0.7630800161822217, 0.5964845349450172, 0.8406541540498461, 0.8107376396023096, 0.01768520675239975, 1.0, 0.3854261931323632], "low_cosine": [0.5529739078126175, 0.0, 1.0, 0.7564851871190693, 0.4652970910584265, 0.7532581712595248, 0.5142176418964147, 0.8831091459108603, 0.5513643436043617, 0.5666291750207834], "mid_L2": [0.0, 0.2114093931638743, 1.0, 0.2676727721143535, 0.29558135699497784, 0.7676878410926014, 0.07461362721189578, 0.15144992871536123, 0.7117178886352278, 0.5151627407792504], "mid_cosine": [1.0, 0.05976524998394145, 0.0, 0.5946612686778342, 0.6648585024400322, 0.4421425062107542, 0.585034469468783, 0.4322966162457011, 0.6594989383993876, 0.21480095205523447], "high_L2": [0.0, 0.26985817777271653, 0.6674696543648951, 0.7330465937261841, 0.14347550595524877, 0.5821468095108783, 0.9727124340455104, 0.8453147857774819, 1.0, 0.6455431262793054], "high_cosine": [0.7975550508057312, 0.7763686554131066, 0.490269490723074, 0.5438836349782827, 1.0, 0.5664482258071614, 0.3143714240629874, 0.0, 0.20793399875649649, 0.6959090117541886], "clip_cosine": [0.0, 0.07972746832416926, 0.4194059287592637, 0.824378436528807, 1.0, 0.35438082715754243, 0.4763626583791537, 0.5606024384413101, 0.35473942146784604, 0.7813471192923739], "dino_cosine": [0.48819248526313375, 0.7623096658769869, 0.8170515126791115, 0.7925173745932822, 1.0, 0.700493467939329, 0.0, 0.3199005855426345, 0.44668678547906693, 0.6363049540118026], "clip_L2": [0.9596947159678763, 1.0, 0.7213008343109639, 0.2889439928137489, 0.0, 0.7131012741742221, 0.9344930022751656, 0.6870399873124806, 0.9028857838037923, 0.4364315474166261], "dino_L2": [0.754679418028412, 0.32009521364728943, 0.26642868273484793, 0.34476554542710264, 0.0, 0.3530875554528407, 1.0, 0.9507045042047425, 0.7973680743702296, 0.603374333116779], "rcnn_confidence": [1.0, 0.0, 0.21053565671111094, 0.8278062777926791, 0.48027565639114334, 0.08858639261491773, 0.3636585726880577, 0.0, 0.0, 0.22366212836378527], "yolo_confidence": [0.0, 0.0, 0.0, 0.0, 0.0, 0.0, 0.0, 0.0, 0.0, 0.0]}