{"pixel_L2": [0.3487326541012062, 0.2129923555276058, 0.1521142867895735, 0.1941754261792601, 0.15515908557699573, 0.2030827980705348, 0.45143421495514596, 0.7600812674764075, 1.0, 0.0], "pixel_cosine": [0.5871630726941757, 0.7421989799275276, 0.8181634309136058, 0.7853485816216375, 0.8144082190645843, 0.7536010800193974, 0.6012481632115956, 0.5882889051888206, 0.0, 1.0], "low_L2": [0.17901626449172228, 0.08012819073804857, 0.09727446520594835, 0.0, 0.07221908440061671, 0.09326064761644785, 0.033969288458792816, 0.20482053206878623, 1.0, 0.08674335722168396], "low_cosine": [0.2385529756493004, 0.5409018327865279, 0.45021872885141917, 1.0, 0.5829836633936086, 0.47458631717231586, 0.8812908922826252, 0.7286515695036611, 0.0, 0.5071401026752917], "mid_L2": [0.23823965974937916, 0.07345455237442793, 0.042987643396543575, 0.31155267890274885, 0.036186912656955186, 0.018784669692385274, 0.22894405909348964, 0.8239663713895152, 1.0, 0.0], "mid_cosine": [0.7323892031916324, 0.7932435197186721, 0.8567606629777478, 0.5889549869803783, 0.8883382977396834, 1.0, 0.7227348505712122, 0.15429544123687502, 0.0, 0.9985860292926606], "high_L2": [0.5476824428990789, 0.3562318669688086, 0.44024075625497455, 0.2345062728044709, 0.480398020926148, 0.4022573157360715, 0.0, 0.2896368686662172, 1.0, 0.36342279358274937], "high_cosine": [0.39343636330829496, 0.23310200147958984, 0.0923549572097101, 0.3526197443515013, 0.0, 0.093705852446471, 1.0, 0.7827714819142964, 0.01736262581555225, 0.1472900367562381], "clip_cosine": [0.039142857142857146, 0.48914285714285716, 0.6294285714285714, 1.0, 0.8891428571428571, 0.7388571428571429, 0.5897142857142857, 0.58, 0.0, 0.49685714285714283], "dino_cosine": [0.12464235932800234, 0.7811339126723178, 0.9170473719663067, 0.7486644746933794, 0.9139861678927045, 0.8673378195423533, 0.010557485944471492, 0.6295142756150752, 0.0, 1.0], "clip_L2": [0.3899802267334564, 0.6954165568151859, 0.4934893224360664, 0.0, 0.2415673609280253, 0.6326351173213814, 0.6038188768784604, 0.17930661745320328, 0.28751911415765885, 1.0], "dino_L2": [0.11616194553229328, 0.2980043613389815, 0.1302698917662471, 0.12761605364989614, 0.12745896547439914, 0.20818705488708455, 0.7702609234595005, 0.7416451701812369, 1.0, 0.0], "rcnn_confidence": [0.0, 0.0, 0.0, 0.0, 0.0, 0.0, 0.0, 0.0, 0.0, 0.0], "yolo_confidence": [0.0, 0.0, 0.0, 0.0, 0.0, 0.0, 0.0, 0.0, 0.0, 0.0]}