{"pixel_L2": [0.027077768526315816, 0.021949042315742424, 0.024381390013001478, 0.0, 1.0, 0.0327308709937009, 0.020185590235229606, 1.0, 0.026369386745653034, 1.0], "pixel_cosine": [0.9879703142522297, 0.9905422109410075, 0.9892477109866809, 1.0, 0.0, 0.985339333712973, 0.9910159506960816, 0.0, 0.988215298441469, 0.0], "low_L2": [0.9273990381785141, 0.9181995089109608, 0.9122179717901643, 0.8927213077955296, 0.0, 1.0, 0.9519237805163202, 0.0, 0.960403126552534, 0.0], "low_cosine": [0.9881616436817736, 0.9992751208192739, 0.989721701817959, 1.0, 0.0, 0.9846207474423214, 0.9804058375380944, 0.0, 0.9915800251301172, 0.0], "mid_L2": [0.9303078623162849, 0.9876173615953199, 0.887542162294045, 0.9671790317675613, 0.0, 1.0, 0.9445159435238215, 0.0, 0.9993073647135277, 0.0], "mid_cosine": [0.06997142085500133, 0.0, 0.11773808757748508, 0.0974245757682245, 1.0, 0.05114104873764479, 0.055981107670918094, 1.0, 0.001968030684724929, 1.0], "high_L2": [1.0, 0.8923536702289362, 0.7464574515352057, 0.6917709234618712, 0.0, 0.8187723031592732, 0.7324359843790192, 0.0, 0.8941720646353156, 0.0], "high_cosine": [1.0, 0.6090764157845282, 0.9569247839006411, 0.6847658706905818, 0.0, 0.9283711673352774, 0.8740888113755119, 0.0, 0.763585879774903, 0.0], "clip_cosine": [1.0, 0.13106315581073055, 0.11106711542268857, 0.4042763809146704, 0.644228865571174, 0.26786774896060184, 0.0, 0.644228865571174, 0.5460304890120768, 0.644228865571174], "dino_cosine": [0.9568957246658554, 1.0, 0.8273657740995642, 0.805123129825341, 0.0, 0.9467337901364855, 0.7671061335164585, 0.0, 0.8686926576551557, 0.0], "clip_L2": [0.0, 0.2866517422961334, 0.4278784905065232, 0.2595342194495799, 1.0, 0.21901630582400924, 0.4288379143265195, 1.0, 0.2852480921046867, 1.0], "dino_L2": [0.0679510780088123, 0.03604416591990425, 0.010337132468349377, 0.08383085816355867, 1.0, 0.03959891505875165, 0.0914625399365337, 1.0, 0.0, 1.0], "rcnn_confidence": [0.0, 0.0, 0.0, 0.0, 0.0, 0.0, 0.0, 0.0, 0.0, 0.0], "yolo_confidence": [0.0, 0.0, 0.0, 0.0, 0.0, 0.0, 0.0, 0.0, 0.0, 0.0]}