{"pixel_L2": [0.3552625033165296, 0.3788223003449191, 0.0, 0.23587158397452906, 0.3669822897320244, 1.0, 0.5360714048819315, 0.9543852812417086, 0.8124792716901035, 0.6664566197930486], "pixel_cosine": [0.47626681191084813, 0.26293116787462784, 0.0, 1.0, 0.7222885861593024, 0.7289483619798598, 0.9039655375169434, 0.5385629491170846, 0.7032686130212233, 0.047243558399920775], "low_L2": [0.4832623824404088, 1.0, 0.10340337847017798, 0.0, 0.1426037468109838, 0.6087699832435125, 0.15662409613091194, 0.17618842745648597, 0.5550812916081699, 0.2104335552435729], "low_cosine": [0.44669848520372446, 0.0, 0.7812341679277672, 1.0, 0.7032022389931745, 0.08616254342804021, 0.6916022999850799, 0.6475422065625323, 0.008151109085334562, 0.7060419696450501], "mid_L2": [1.0, 0.807737719766445, 0.26140451813701365, 0.12967288909838282, 0.27059606413286846, 0.3453368731645213, 0.0, 0.09958663459561126, 0.23408866676371165, 0.34226609271492575], "mid_cosine": [0.2265499027932505, 0.8924526057400173, 0.6237521371157859, 0.0, 0.5057612039570397, 0.6103342192939117, 0.5938338185711346, 1.0, 0.5509621254023509, 0.33019860741237284], "high_L2": [0.3806270115537096, 0.3016113310446744, 1.0, 0.1919426803884962, 0.12388086192021458, 0.11155551295034838, 0.0, 0.169281350340404, 0.47118121565943843, 0.343322567081846], "high_cosine": [0.815336255320699, 0.8896315874619529, 0.0, 0.18173086503611058, 0.9172705631021778, 1.0, 0.5934450273896139, 0.5841653426299814, 0.259526635904018, 0.33789853682786164], "clip_cosine": [0.1850050658561297, 1.0, 0.0, 0.5740628166160081, 0.13576494427558258, 0.6154002026342452, 0.20445795339412362, 0.3298885511651469, 0.18824721377912867, 0.10293819655521783], "dino_cosine": [0.4352074044759014, 1.0, 0.5946685394415074, 0.7507257383773199, 0.27290050578646247, 0.8190103422008002, 0.0, 0.6840264354064249, 0.7273854431407715, 0.08145426761616961], "clip_L2": [0.7823593851345831, 0.0, 0.7598013142339777, 0.5637816991001116, 0.8485679651716325, 0.30466568068549593, 1.0, 0.8345735909334195, 0.8325443816580824, 0.6515212400019341], "dino_L2": [0.4654241459524718, 0.0, 0.6647809952811422, 0.5359509036088888, 1.0, 0.007339532469453424, 0.6652747257262323, 0.16868119188309888, 0.608011581094712, 0.6749281488669194], "rcnn_confidence": [0.0, 0.0, 0.0, 0.0, 0.0, 0.0, 0.0, 0.0, 0.0, 0.0], "yolo_confidence": [0.0, 0.0, 0.0, 0.0, 0.0, 0.0, 0.0, 0.0, 0.0, 0.0]}