{"pixel_L2": [0.9000066510209317, 0.429655952188661, 0.5486427166570068, 0.0, 1.0, 0.46067821410586524, 0.12660693416439422, 0.03383469362547151, 0.18099328246885896, 0.5038908472450521], "pixel_cosine": [0.23709488022545797, 0.556728511038046, 0.35704556129638326, 0.8729098168154062, 0.0, 0.37833489901362144, 1.0, 0.6250704556129638, 0.3605918271488962, 0.8174729920150305], "low_L2": [0.9255153595258906, 0.5959304184698032, 0.9211451960178217, 0.3459037711313394, 1.0, 0.8670830757423948, 0.7544820823296169, 0.9240977211196145, 0.6594043786906564, 0.0], "low_cosine": [0.9858716042304169, 0.7998404556984114, 0.356114099104433, 0.43617916326492456, 0.8278822363623899, 0.642265529082558, 0.0, 1.0, 0.9495877400175748, 0.7685298865116511], "mid_L2": [0.9386695875637191, 0.12850823608712136, 0.5749926275434974, 0.0, 1.0, 0.416489025571892, 0.4822092092513797, 0.42976787294097823, 0.5727514007667355, 0.51749589248852], "mid_cosine": [0.6038742831539853, 0.7152671627756705, 0.0, 0.7345699990703671, 0.4750485009288709, 1.0, 0.5849585398972527, 0.7638473390401617, 0.6515324464737196, 0.4493982532045665], "high_L2": [0.997010334962758, 0.8632743704950988, 0.982079191759521, 0.052001271466739975, 1.0, 0.765465932423261, 0.39102756849167963, 0.49271054372385115, 0.0, 0.5690243210968978], "high_cosine": [0.7542563272697175, 1.0, 0.6175504771106806, 0.8981969625051309, 0.19945574416259432, 0.7174873860010371, 0.6318794225009755, 0.26036400276350885, 0.6529807382082125, 0.0], "clip_cosine": [0.47611989459815546, 0.44153491436100134, 0.0, 1.0, 0.7863965744400527, 0.7320487483530962, 0.1844532279314888, 0.9156785243741765, 0.5337615283267457, 0.8306982872200264], "dino_cosine": [0.0, 0.14677988619356697, 0.16475522012981297, 0.7202458603110069, 0.8803351767521148, 0.08005666311855236, 1.0, 0.3803871979767745, 0.6999575826937391, 0.4178504829970628], "clip_L2": [0.0, 0.2261698603320408, 0.6950222113466099, 0.8672636750367052, 1.0, 0.21015133832774913, 0.5416321575123292, 0.688532921733238, 0.7678255468132364, 0.5559942401084215], "dino_L2": [0.8713146703255445, 0.6716669055859324, 1.0, 0.8124244844463558, 0.425767784126204, 0.6209648242578144, 0.0, 0.6850702763954591, 0.43236536899374034, 0.9744970749455606], "rcnn_confidence": [0.0, 0.0, 0.0, 0.0, 0.0, 0.0, 0.0, 0.0, 0.0, 0.0], "yolo_confidence": [0.0, 0.0, 0.0, 0.0, 0.0, 0.0, 0.0, 0.0, 0.0, 0.0]}