{"pixel_L2": [0.974266244246518, 0.9732500448323271, 0.952477733277542, 0.4994022356387112, 0.9343953613485564, 1.0, 0.0, 0.6293263195648275, 0.8814932153744993, 0.8724071970829099], "pixel_cosine": [0.31525462480963873, 0.031519338257209234, 0.0, 0.19084714345790005, 0.6718436771472549, 0.2247222664527271, 1.0, 0.5232414291488554, 0.21966365763139523, 0.6130919572610838], "low_L2": [0.9101232768567438, 0.24363879273698913, 0.04420963138398008, 0.22973219165603936, 0.5905143620574482, 0.7048035464869132, 1.0, 0.0, 0.5232890022469181, 0.93732920386227], "low_cosine": [0.0794175123803602, 0.7507827940751927, 0.9449407075126024, 0.7565121804978793, 0.40281694832448756, 0.2825692300859408, 0.0, 1.0, 0.4624036774666341, 0.05278585863072106], "mid_L2": [0.44569139415291076, 0.23342898542489418, 0.5799073784697559, 0.6217291246413047, 0.0, 0.698354973435236, 0.9478080518225985, 0.7028155808733699, 1.0, 0.8734267125039066], "mid_cosine": [0.5695738075077618, 0.8076479627508167, 0.35282680199749483, 0.35615657496416575, 1.0, 0.38112894983941453, 0.0642600063828335, 0.3998494684354125, 0.0, 0.24239271397711404], "high_L2": [0.5440709989426427, 0.11712398814373126, 1.0, 0.4329444800748817, 0.032188729611204524, 0.40410115962628484, 0.19122566778180305, 0.0, 0.9686606229741207, 0.31500580679828744], "high_cosine": [0.05382078953629536, 0.0, 0.637558794282542, 0.6383320420451565, 1.0, 0.4555298653603304, 0.9391818520122743, 0.22526217217040123, 0.5540907399386282, 0.5069531292894661], "clip_cosine": [1.0, 0.8074614065180102, 0.0, 0.5759005145797599, 0.2688679245283019, 0.6822469982847341, 0.3357632933104631, 0.6852487135506004, 0.35763293310463123, 0.15994854202401373], "dino_cosine": [0.0, 0.485081771217061, 0.752904014223383, 0.8501559542769412, 1.0, 0.9680106234200531, 0.5841910450921829, 0.8999157361615395, 0.7775964070958093, 0.2834264941390309], "clip_L2": [0.15184515767821716, 0.09407443921081779, 0.9619162376309928, 0.3734679470795146, 0.628497705724127, 0.0, 0.5714755175813342, 0.2376888061245603, 0.2220061829821935, 1.0], "dino_L2": [1.0, 0.9066808579952294, 0.39318682348531, 0.0, 0.17047445003023468, 0.291921876289994, 0.8050923663594111, 0.046188758057930074, 0.3918725636545795, 0.8342247540504417], "rcnn_confidence": [0.0, 0.0, 0.0, 0.0, 0.0, 0.0, 0.0, 0.0, 0.0, 0.0], "yolo_confidence": [0.0, 0.0, 0.0, 0.0, 0.0, 0.0, 0.0, 0.0, 0.0, 0.0]}