{"pixel_L2": [0.4232833813053334, 0.0, 0.18773722117639866, 0.8552956283604058, 0.08297772905356121, 1.0, 0.3654527348407752, 0.7378108170672584, 0.6454446982568475, 0.7858446930155971], "pixel_cosine": [0.8113234736680524, 1.0, 0.9192702051608174, 0.10118008978331083, 0.955678496803075, 0.0, 0.7416364621741596, 0.1720324673493874, 0.31188266142043086, 0.20332818525561303], "low_L2": [0.0, 0.11304214247248726, 0.06120634898717223, 0.6835897046436807, 0.0850720095000069, 0.6084750970022508, 0.009783073970257246, 1.0, 0.9572119965203463, 0.5627960122064042], "low_cosine": [1.0, 0.6880162386049827, 0.8356380008401789, 0.4885436437990939, 0.7682977349388468, 0.4532313760950902, 0.9929917139722333, 0.0, 0.2618205672008428, 0.5120453550993544], "mid_L2": [0.11977951872831148, 0.05541085258718072, 0.011292249429089225, 0.7286467179741404, 0.0, 0.5970345147055238, 0.12060032994985738, 1.0, 0.8026152183276581, 0.4946383148176743], "mid_cosine": [0.49209532279503876, 0.5352621663749988, 0.5758728519379178, 0.2026393550793241, 0.8730116380258389, 0.7072496198754913, 0.9081915636266269, 0.08646565491388626, 0.0, 1.0], "high_L2": [0.0, 0.3711271588071324, 0.41172849700481934, 1.0, 0.02978916129936293, 0.843855250449152, 0.33721180456508576, 0.8091992333138158, 0.39348216653905244, 0.4019022024712117], "high_cosine": [1.0, 0.2641084860901169, 0.6587926267516836, 0.34135827572183813, 0.6461751338300327, 0.06998447494891057, 0.5799217864806729, 0.0, 0.9368061363595673, 0.5507413403720386], "clip_cosine": [0.7198825787512702, 0.09077565767189794, 0.3599412893756351, 0.906175906063001, 0.0, 0.4999435474765722, 0.2780851304053291, 0.3472959241278085, 1.0, 0.3023597154792819], "dino_cosine": [0.06787791200470457, 0.21688261272307272, 0.0923885260960976, 0.2957301487856157, 0.0, 1.0, 0.21507996602260804, 0.47478792956994, 0.48128745104219117, 0.3538683875728842], "clip_L2": [0.0, 1.0, 0.5933170572750925, 0.30374154162614625, 0.9360982266054999, 0.48513388288366266, 0.5620879008976442, 0.6731567236753003, 0.40682550673869544, 0.9392791861631441], "dino_L2": [0.6458287959127594, 1.0, 0.7238425761014482, 0.4202865953570738, 0.8529326154879551, 0.3748740547747234, 0.8541976653062886, 0.729592802548419, 0.0, 0.39802355048495275], "rcnn_confidence": [0.0, 0.0, 0.0, 0.0, 0.0, 0.0, 0.0, 0.0, 0.0, 0.0], "yolo_confidence": [0.0, 0.0, 0.0, 0.0, 0.0, 0.0, 0.0, 0.0, 0.0, 0.0]}