{"pixel_L2": [0.2613723770911648, 0.05504961497391199, 0.18362141561113668, 0.5758722772535095, 0.06372637537222083, 0.35133087935270474, 1.0, 0.18993506211638467, 0.06588851172441335, 0.0], "pixel_cosine": [0.5607334737648714, 0.729989099536196, 1.0, 0.38089956928523194, 0.7520845059050116, 0.4621464176896241, 0.0, 0.7145495464472958, 0.9809926625708787, 0.702262182673408], "low_L2": [0.0, 0.15489896521477378, 0.22761930347550166, 0.649979123038132, 0.09553017233473485, 0.4416707395623283, 1.0, 0.13797999479964052, 0.3969498057417579, 0.12120829597597908], "low_cosine": [0.9415716948146193, 0.06681290407705502, 0.4841069897084048, 0.1559000404077055, 1.0, 0.14501109150283678, 0.21270018307164534, 0.32027642169151604, 0.5941411919448476, 0.0], "mid_L2": [0.7354438144830094, 0.3308907273850875, 0.30600747138927775, 1.0, 0.0, 0.9213381765520043, 0.7255112817070133, 0.1871831001101471, 0.43897788489202916, 0.138121960811241], "mid_cosine": [0.5021519471014413, 0.43313237044989217, 0.9444685344818821, 0.0, 1.0, 0.005797501630879215, 0.29060697177985806, 0.281969356417891, 0.3981763075900339, 0.5740028249742912], "high_L2": [0.4616983734698658, 0.0, 0.21311217716438366, 0.6204000473335264, 0.1429250758137755, 0.4227305429238903, 0.6783397085036349, 1.0, 0.5608998726868648, 0.23723361444383875], "high_cosine": [0.6054264899610396, 1.0, 0.9873302061473167, 0.2670399013411752, 0.8246763197963056, 0.35549530496134857, 0.31868674638272027, 0.0, 0.42001131395963814, 0.6433608629239467], "clip_cosine": [0.7083653763992139, 0.6479535161924292, 0.15918995129453986, 0.11330428095360164, 1.0, 0.0, 0.21532940271725198, 0.09219858156028368, 0.6956335982226779, 0.5438776382124242], "dino_cosine": [0.4447525149518627, 1.0, 0.2444946756017557, 0.2530663458556162, 0.9672484499876249, 0.23295926263585126, 0.0, 0.16263929747392628, 0.4253362406834779, 0.841060681535507], "clip_L2": [0.1765748965146127, 0.3284184339710132, 0.8792594124630542, 0.9337359846848777, 0.0, 1.0, 0.8266421477822441, 0.8645766824667643, 0.3183006866541124, 0.3571215768919401], "dino_L2": [0.6545330007104284, 0.0, 0.8943054355564661, 0.7989738509894493, 0.012452452802505088, 1.0, 0.9838121914682453, 0.9900232134094216, 0.8520499603353647, 0.17947629757713127], "rcnn_confidence": [0.0, 1.0, 0.0, 0.0, 0.0, 0.0, 0.0, 0.0, 0.1734643195919219, 0.0], "yolo_confidence": [0.0, 0.0, 0.0, 0.0, 0.0, 0.0, 0.0, 0.0, 0.0, 0.0]}