{"pixel_L2": [0.8408121206266402, 0.14379558518089167, 0.7000756734128709, 0.723872546651854, 0.7543190197877925, 0.7711442786069652, 0.0, 0.309810172438777, 0.40180972161844497, 1.0], "pixel_cosine": [0.17094299453070513, 0.904158866497816, 0.2877803472451639, 0.11166171126527916, 0.198179348823551, 0.2400800205557391, 1.0, 0.4532173402341886, 0.7374371398157324, 0.0], "low_L2": [0.22592167616380457, 0.1000862197501572, 0.31211549556908275, 0.8841025042623674, 0.5462701854697032, 0.30304621508262186, 0.16036225260441989, 1.0, 0.0, 0.7679327356295014], "low_cosine": [0.85402707507179, 0.725921874287798, 0.5224713979670905, 0.3219153106340307, 0.20666393181093032, 0.43773645106887277, 0.7964583618214139, 0.20716532202926297, 1.0, 0.0], "mid_L2": [0.6313111929512253, 0.09621022202987073, 0.32224953250422583, 1.0, 0.439919647887899, 0.2094871020161521, 0.16406039473791656, 0.2729440393268061, 0.0, 0.5375099011113742], "mid_cosine": [0.19079510003493091, 0.8393659435564496, 0.3932619457727563, 0.0, 0.3922260632851929, 0.8693824454053793, 0.7886077016658436, 1.0, 0.976114477060021, 0.349273075486925], "high_L2": [0.5640999235561822, 0.530769626851188, 0.6525529462556392, 0.7174272100383011, 0.28023986723332794, 0.7357103531862813, 0.6458710436363493, 0.7500247551223299, 0.0, 1.0], "high_cosine": [0.5402378242178435, 0.9544188667985456, 0.2906329085946048, 0.19251936742294473, 0.7142351940057687, 0.28415131455347176, 0.614182147711826, 0.4424723993501829, 1.0, 0.0], "clip_cosine": [0.2856847331402565, 0.3005792304509723, 0.23107157633429873, 1.0, 0.1450144807612743, 0.45531650806785273, 0.0, 0.6549441456350849, 0.32023169218038894, 0.8622258998758792], "dino_cosine": [0.7531351144418278, 0.8500829456734841, 0.5218964977204441, 0.9473439983294857, 0.07794573148803378, 0.6420111135601675, 0.611744643333604, 0.0, 1.0, 0.7434716534610968], "clip_L2": [0.9373842807725639, 0.9319697675597516, 0.9840871729385382, 0.0, 0.7507827266648481, 0.7814496797881508, 1.0, 0.21557873493990445, 0.9815235469768767, 0.1389789430232923], "dino_L2": [0.42421865866490005, 0.7927496979852695, 0.9308922099684346, 0.0, 0.5545574997077277, 0.8085324032578621, 0.5128989517166127, 1.0, 0.11455613577023499, 0.9908616187989556], "rcnn_confidence": [0.0, 0.0, 0.0, 0.0, 0.0, 0.0, 0.0, 0.0, 0.0, 0.0], "yolo_confidence": [0.0, 0.0, 0.0, 0.0, 0.0, 0.0, 0.0, 0.0, 0.0, 0.0]}