{"pixel_L2": [0.7743576124354422, 0.032140520378808, 1.0, 0.7760608537868189, 0.05927517288344814, 0.7806231074065777, 0.07373195313415697, 0.0, 0.1627990130695584, 0.20432368113778895], "pixel_cosine": [0.4671481907952127, 1.0, 0.6590076415785617, 0.7701594612512649, 0.45593007432220245, 0.2722879374716494, 0.0, 0.730363934540633, 0.08128336648173348, 0.3030810565616386], "low_L2": [0.3376315576374181, 0.1457692432915727, 0.7274929687049978, 0.7090216795131982, 0.0, 0.7277217101511948, 0.33583251451130725, 0.6228412526015166, 1.0, 0.27505824976061455], "low_cosine": [0.6431597847567018, 0.8468827493335231, 0.22143729095616854, 0.25241820261992476, 1.0, 0.25836312179420506, 0.6694603042528616, 0.3638170103516042, 0.0, 0.7199975913771302], "mid_L2": [0.46056961178214545, 0.41231700880580013, 0.7686299366901606, 0.901973287136764, 0.0, 0.6636724757505891, 0.32605198629254856, 0.6241978943859552, 1.0, 0.26710085381159576], "mid_cosine": [0.42996980352887293, 0.4778805027052623, 0.12370461796418342, 0.060901391832203874, 1.0, 0.20961319019119257, 0.6360626596182358, 0.3285282907555328, 0.0, 0.6580501929003362], "high_L2": [0.997232960457225, 0.0, 0.8436412298600784, 0.3828967829524474, 0.2828189498518582, 0.9003703949423048, 0.9422190362611632, 0.4680455477362866, 1.0, 0.7627158412204748], "high_cosine": [0.005708843416171901, 1.0, 0.3132326349050754, 0.7425506555423123, 0.7078408875719872, 0.07972330210642398, 0.08609864138809367, 0.3831608612834594, 0.0, 0.27927661991912933], "clip_cosine": [0.2296105013987519, 0.5349687970733806, 0.3664729933290295, 0.0, 0.25543361308370993, 0.5915644501829137, 1.0, 0.09274800946847428, 0.7383258015924252, 0.7344523348396815], "dino_cosine": [0.03285117684656006, 0.0, 0.454623303609658, 0.11679728949866895, 1.0, 0.29125478588404663, 0.2892814813435846, 0.6298812914595627, 0.6111845412066943, 0.690898598209133], "clip_L2": [0.812601795991364, 0.37526207941962636, 0.660076215628883, 1.0, 0.6414345055824866, 0.45552912377278504, 0.0, 0.9074264562257741, 0.19336503661870574, 0.35562366917871757], "dino_L2": [0.9417263148929526, 0.9211152946687439, 0.6850236522813007, 1.0, 0.39075591484468986, 0.0, 0.3046601914184626, 0.09419392386555994, 0.6113413842173809, 0.04961301106138947], "rcnn_confidence": [0.4691014839155188, 0.7178606852116388, 1.0, 0.45645835945447366, 0.0, 0.0, 0.5184182806439803, 0.5365289553862033, 0.6283529011851882, 0.0], "yolo_confidence": [0.0, 0.0, 0.0, 0.0, 0.0, 0.0, 0.0, 0.0, 0.0, 0.0]}