{"pixel_L2": [0.27411134196077364, 0.5771151034523341, 0.687578930215505, 0.7340227137962095, 0.0, 0.7009636841795558, 1.0, 0.8677027742697682, 0.3893143765022202, 0.6163323873023633], "pixel_cosine": [0.3084053837240396, 0.37053213298867993, 0.0, 0.3220429628309118, 1.0, 0.2778322488635351, 0.038506105713521706, 0.37953471788929494, 0.6221588376860683, 0.11489437561279972], "low_L2": [0.5913240533452419, 0.7071221656178204, 0.8409024582762883, 0.7957051165286811, 0.0, 0.7137501689318221, 1.0, 0.7002532508358453, 0.6697613017837242, 0.7440168755545371], "low_cosine": [0.347605665894505, 0.2832282687122622, 0.11759009607716553, 0.262617248319599, 1.0, 0.2565791972050279, 0.0, 0.3484031443435993, 0.32900732920669884, 0.23197129077583262], "mid_L2": [0.7788455218288659, 1.0, 0.8246197531188789, 0.8900910138602234, 0.0, 0.5721603631790436, 0.6418821508542683, 0.887623955443961, 0.31041116179608863, 0.6881471646356159], "mid_cosine": [0.2860050002907146, 0.0, 0.1312430955288098, 0.2265684051398337, 1.0, 0.3894848537705681, 0.27689109831966974, 0.22825454968312112, 0.7968995290423861, 0.3686551543694401], "high_L2": [0.7097141024765513, 0.6092238991208406, 0.0, 0.12066544140570488, 0.726082915923147, 0.005353341310395815, 0.9615586744616225, 0.07931436851059534, 1.0, 0.9550651872481807], "high_cosine": [0.6614518084461507, 0.4702768236007274, 0.8617599515053547, 0.8435997171145686, 1.0, 0.9882147908668418, 0.2873459284703981, 0.8840977975348555, 0.22375732471206305, 0.0], "clip_cosine": [0.14584934665641813, 0.2561491160645657, 0.3508839354342813, 0.0, 0.29515757109915447, 0.49827056110684087, 0.8860491929285165, 1.0, 0.3649116064565719, 0.38412759415833975], "dino_cosine": [0.030355813211360494, 0.2026247207743857, 0.0, 0.79103286884374, 0.9192639080948836, 0.47308796936496117, 0.40804169769173493, 1.0, 0.44282523135836616, 0.40337464099563874], "clip_L2": [0.9758793782364088, 0.7993057315236131, 0.7173848495259356, 1.0, 0.5923978690030733, 0.5156350317986155, 0.31332246174605566, 0.0, 0.6190555399235466, 0.6421081759207297], "dino_L2": [0.9206357162865441, 0.893131256542187, 0.3411638089902549, 0.3070279673885801, 0.0, 0.7440976573442039, 1.0, 0.09814681036134987, 0.4557372215424081, 0.7902519571274823], "rcnn_confidence": [0.0, 0.0, 0.0, 0.0, 0.0, 0.0, 0.0, 0.0, 0.0, 0.0], "yolo_confidence": [0.0, 0.0, 0.0, 0.0, 0.0, 0.0, 0.0, 0.0, 0.0, 0.0]}