{"pixel_L2": [0.44199981635669455, 0.1997328286104422, 0.18856316885409538, 0.0, 0.14839563876769418, 0.22207511011193357, 0.20255560393470592, 0.15266682661406175, 1.0, 0.15814946787871248], "pixel_cosine": [0.5249352766167754, 0.7472285954616716, 0.7639028445558715, 1.0, 0.8020904589059703, 0.7237105236457184, 0.744312361102474, 0.7977046519011164, 0.0, 0.8022770193531916], "low_L2": [0.08104932963532646, 0.07381076378375541, 0.009140051917432711, 0.07273285130055995, 0.0, 0.1660913762964219, 0.18659997335497233, 0.01221230435081005, 1.0, 0.1150298141711176], "low_cosine": [0.5101745335025275, 0.03185882786473579, 0.320681016472658, 1.0, 0.2759402510770279, 0.1768806259788349, 0.027426891373969656, 0.14662101990012788, 0.21013659359023507, 0.0], "mid_L2": [0.3279460241578565, 0.0, 0.16184913497016473, 1.0, 0.2986595060275061, 0.3612823248515545, 0.06275568570604796, 0.15208076180555463, 0.6862468161773401, 0.011047881238266194], "mid_cosine": [0.4601196906301509, 0.7197200456447318, 0.6187655635856473, 1.0, 0.9043702294915684, 0.4556186129073158, 0.6265114745784202, 0.5828360593381514, 0.0, 0.6765999746418156], "high_L2": [0.01594180467419904, 0.7053058369692351, 0.09732200407900177, 0.0, 0.273594830913426, 1.0, 0.6206352036268242, 0.5010119137414556, 0.2815706311873187, 0.7796281094551731], "high_cosine": [0.604336559910196, 0.2536822436580555, 0.5874411606330143, 1.0, 0.33071682095058214, 0.0, 0.237063565638291, 0.3112668696480976, 0.4558786683178927, 0.10866437710893848], "clip_cosine": [1.0, 0.03122593292725618, 0.8491213330532801, 0.9274662185815304, 0.6095358118042428, 0.24658685150178533, 0.024854722397255478, 0.08240565707484422, 0.6862703913743611, 0.0], "dino_cosine": [1.0, 0.18595137211760762, 0.6512638264591373, 0.7581798492518457, 0.5581119524206509, 0.1840154529749985, 0.14294216736998616, 0.0, 0.8737118939778089, 0.18495225735477383], "clip_L2": [0.0, 0.911990790007336, 0.19517740424163135, 0.11185440100084293, 0.42270373167441583, 0.7618956578012224, 0.9676874705195051, 0.9219582168416743, 0.35342297946568313, 1.0], "dino_L2": [0.0, 0.8931453210390772, 0.3358955253584843, 0.3187066553629148, 0.37194613630792134, 0.8698233348572815, 1.0, 0.9495456613420242, 0.12324449918588434, 0.950619988966566], "rcnn_confidence": [0.7826942808613236, 0.0, 0.0, 0.24170767173702626, 0.0, 0.0, 0.0, 0.0, 1.0, 0.0], "yolo_confidence": [0.0, 0.0, 0.0, 0.0, 0.0, 0.0, 0.0, 0.0, 0.0, 0.0]}