{"pixel_L2": [0.17405802296153888, 0.9581283195933397, 0.651199669805685, 0.9773643107736757, 0.9376540997317171, 0.43572615595164393, 0.5235643607372892, 1.0, 0.2201114405813158, 0.0], "pixel_cosine": [0.779649271400797, 0.0, 0.5456890411749985, 0.5213189859285068, 0.6087123909988643, 0.5592792931528999, 0.5661899170340141, 1.0, 0.7007257117557605, 0.7364530597316599], "low_L2": [0.029862714465443585, 1.0, 0.2496301724018747, 0.060361394146354955, 0.0, 0.08278608065697972, 0.31917158618019936, 0.29808795675436534, 0.337614577428765, 0.24667155161687243], "low_cosine": [0.9250145668056116, 0.0, 0.7710546367262785, 0.9852651158621308, 1.0, 0.884137869212496, 0.69754829456322, 0.7376630361704989, 0.624266057101878, 0.6559544619246112], "mid_L2": [1.0, 0.8881351333016756, 0.0, 0.6070144494946069, 0.48576532573547704, 0.4015105261967754, 0.30702349456165345, 0.18836352124460123, 0.25466386269588226, 0.18153449562444882], "mid_cosine": [0.022754501672558183, 0.0, 1.0, 0.4199781737088088, 0.2011962942753434, 0.5045728452468506, 0.5528160660482551, 0.6416988920784797, 0.5270218974638798, 0.4677291167469336], "high_L2": [0.9842034898862748, 1.0, 0.0, 0.9055647191596493, 0.4178487715947565, 0.6527511068669155, 0.5735567323552392, 0.7518951297855717, 0.6796596926816564, 0.8212969875857279], "high_cosine": [0.018596436061160012, 0.04404274974441047, 1.0, 0.0, 0.3759094254847988, 0.17922477564049916, 0.6585832322317366, 0.30684432387867183, 0.38532341168804857, 0.050688468629562965], "clip_cosine": [0.17221223021582735, 0.6470323741007195, 0.9159172661870504, 0.0, 0.2630395683453237, 0.15512589928057555, 1.0, 0.39073741007194246, 0.670863309352518, 0.26056654676258995], "dino_cosine": [0.6458020738758542, 0.6416686577149138, 0.8786782625316577, 0.3647823386056291, 1.0, 0.391919529794046, 0.7514359439957949, 0.6952453767859703, 0.0, 0.8021837817173986], "clip_L2": [1.0, 0.1699937281037967, 0.0, 0.5366399107996984, 0.39769998796302747, 0.8058008704631701, 0.14246390492058766, 0.9707850006652011, 0.42286517957262415, 0.8856345068325657], "dino_L2": [0.412421253514094, 0.041052483977099395, 0.2935183348495523, 0.35752272618453185, 0.18405302434386478, 0.5792167417936073, 0.4124640040493307, 0.20035123839750474, 1.0, 0.0], "rcnn_confidence": [0.0, 0.0, 0.0, 0.0, 0.0, 0.0, 0.0, 0.0, 0.0, 0.0], "yolo_confidence": [0.0, 0.0, 0.0, 0.0, 0.0, 0.0, 0.0, 0.0, 0.0, 0.0]}