{"pixel_L2": [0.8044565217391304, 0.6201528532608696, 0.22083389945652174, 0.9148794157608696, 0.7408084239130435, 0.27066745923913044, 0.0, 1.0, 0.4368291440217391, 0.10572520380434783], "pixel_cosine": [0.08724955080177645, 0.2922636200291555, 1.0, 0.18358138115740583, 0.23146082652473132, 0.7505170017289894, 0.8869579957283792, 0.0, 0.6740143065396481, 0.8079397904871682], "low_L2": [0.0440685777491013, 0.08885304329124036, 1.0, 0.6998986081666513, 0.3376056164930716, 0.4141334070728485, 0.08933849509939472, 0.31737333702030907, 0.426776661443451, 0.0], "low_cosine": [0.8244675575831205, 0.6176517987751965, 0.0, 0.41565219547268983, 0.4865990628021719, 0.5177646096248729, 1.0, 0.9934916817494359, 0.9993553665732775, 0.968493541268936], "mid_L2": [0.0, 0.014548719036040223, 1.0, 0.5949817069594756, 0.6986204656492337, 0.9288804478749848, 0.8424227113398807, 0.41191822040971, 0.49856768424994025, 0.979564124888911], "mid_cosine": [1.0, 0.9035234038185178, 0.06301003387394785, 0.502062589817286, 0.28303993019913776, 0.13894734140833503, 0.08009135701088073, 0.8420178094847054, 0.6260457298296038, 0.0], "high_L2": [0.47980458317820573, 0.5465221610180672, 0.7052243072025141, 0.07736055371031055, 0.44237461047089416, 0.1867057343961163, 0.45616606618843386, 0.7558520976673693, 0.0, 1.0], "high_cosine": [0.6404328502547993, 0.0, 0.1639134848183483, 0.8249360429626683, 0.41911063710125446, 0.697718122646621, 0.1179415779041296, 0.00939808368941228, 1.0, 0.4610410765358262], "clip_cosine": [0.633358954650269, 0.254803996925442, 0.0, 1.0, 0.5003843197540354, 0.04688700999231361, 0.1218293620292083, 0.6491160645657187, 0.43735588009223675, 0.3823981552651806], "dino_cosine": [0.8976028655400441, 0.5542615723732549, 0.3119581190301249, 1.0, 0.5836149889786921, 0.5912747979426892, 0.6077332843497428, 0.0, 0.6253949301983835, 0.8472722263041881], "clip_L2": [0.6483959962828157, 0.8190592813443817, 0.8645909161310308, 0.0, 0.460996670022458, 0.8052379385115774, 1.0, 0.4551740494075738, 0.7406063656779989, 0.7518576240997444], "dino_L2": [0.48440188080810576, 1.0, 0.9414974885534808, 0.0, 0.9658788828690963, 0.7755988596675264, 0.7905836182107641, 0.9834997346628984, 0.9386738081427637, 0.7724049414407188], "rcnn_confidence": [0.0, 0.0, 0.0, 0.0, 0.0, 0.0, 0.0, 0.0, 0.0, 0.0], "yolo_confidence": [0.0, 0.0, 0.0, 0.0, 0.0, 0.0, 0.0, 0.0, 0.0, 0.0]}