{"pixel_L2": [0.2529051734833134, 0.0, 0.29596561120071313, 0.8270368379214167, 0.2458376411231959, 0.13016325949207136, 0.2086298241502741, 0.08925281097647832, 0.17957671082438462, 1.0], "pixel_cosine": [0.8563152719832053, 1.0, 0.7182641970715633, 0.22663495522308735, 0.7839945789375781, 0.8874332332385533, 0.8485955727990221, 0.9232016156891925, 0.8494060747787728, 0.0], "low_L2": [0.0, 0.010839140518497024, 0.21962411308581883, 1.0, 0.13794022948008927, 0.1759602744494511, 0.03372521149898074, 0.02642618655910378, 0.19178079437024292, 0.7152925793715671], "low_cosine": [0.9926052003682961, 1.0, 0.8156464818805546, 0.0, 0.8900226719953006, 0.8433371725018728, 0.9626019332248685, 0.9811825739149949, 0.8423933310672338, 0.33253414824910815], "mid_L2": [0.062134706913648544, 0.06600923955300077, 0.32526217343998276, 1.0, 0.19433622837148282, 0.25029448164081125, 0.15821069563856655, 0.0, 0.19720280234572043, 0.40482430998549146], "mid_cosine": [0.8925494795000227, 0.9331183337393825, 0.669976999723336, 0.0, 0.7614412956134302, 0.7427801016637005, 0.8120468594505535, 1.0, 0.7988115835504664, 0.47017768436352825], "high_L2": [0.7999325699270731, 0.6378878573366892, 0.08677478671918537, 0.6834689419993839, 0.0, 0.42129057111247603, 0.5720024770747241, 1.0, 0.6851667123158561, 0.8723730894549108], "high_cosine": [0.17844231911219582, 0.3664142209610231, 0.8667349620096125, 0.149897689340897, 1.0, 0.533216331234178, 0.4048034391205254, 0.0, 0.30833317891879825, 0.03260087901577058], "clip_cosine": [0.7160186108341642, 0.6669159189099368, 0.0, 0.10443668993020937, 0.36033565968760384, 0.7691924227318045, 0.8025091392489199, 1.0, 0.4759887005649718, 0.5943004320372217], "dino_cosine": [0.6493681449690033, 0.020898903195040536, 0.81793037672866, 0.0, 1.0, 0.6106342393896041, 0.6254172627563186, 0.8968645684310921, 0.7180019074868861, 0.5836790653314259], "clip_L2": [0.33722358899831123, 0.4201093292460067, 1.0, 0.8189147685493505, 0.76482618990178, 0.20059056284048013, 0.2073290177558901, 0.0, 0.7447700950996864, 0.27721276875448736], "dino_L2": [0.38551472603108544, 0.5557450846419216, 0.46933098958115205, 1.0, 0.0, 0.4144761797637182, 0.19700680988444377, 0.1348915934842413, 0.23707097189531612, 0.4911331499335285], "rcnn_confidence": [0.5189389315067907, 0.0, 1.0, 0.27862298295807736, 0.7330545263531092, 0.3339643544391646, 0.0, 0.0, 0.0, 0.0], "yolo_confidence": [0.0, 0.0, 0.0, 0.0, 0.0, 0.0, 0.0, 0.0, 0.0, 0.0]}