{"pixel_L2": [0.2698488892572071, 0.28656647864879964, 0.4954710319866816, 0.09021451453922513, 0.3402718399145439, 0.0, 0.083575656678415, 0.44210347783307624, 1.0, 0.09121424099271748], "pixel_cosine": [0.213182830608932, 0.17212239042621466, 0.8169343878591113, 0.7745526444939409, 0.43286930423949566, 1.0, 0.4436275435086262, 0.3500858847068595, 0.0, 0.7239929782173733], "low_L2": [0.0, 0.04027536381561693, 0.25126226251255296, 0.5197688213175772, 0.36767561603030924, 0.11973369335531152, 0.5475883668690997, 0.6428670192599075, 1.0, 0.35700014676285974], "low_cosine": [0.9770185689949177, 0.9690804208302746, 0.4308643007015228, 0.8584130609309167, 0.6889026556850335, 1.0, 0.4694231173086158, 0.0, 0.7509189586630818, 0.9044726686005791], "mid_L2": [0.0, 0.12102516473468077, 0.24101218703356783, 0.4160410130708725, 0.7428949480137009, 0.24493385386534053, 0.45189872532017983, 0.9453728640099697, 1.0, 0.4326663909580335], "mid_cosine": [0.6032812909849585, 0.6486047211453823, 0.4717858539434872, 0.9022158228693454, 0.47434934995341294, 1.0, 0.80046047983882, 0.0, 0.44438678053545366, 0.8952760384733601], "high_L2": [0.2648414515083888, 0.3712520106030302, 0.5409210882522282, 0.6139707846582594, 0.21181883873478785, 0.0, 0.9217514639458471, 0.22386559307155673, 1.0, 0.4759684249139571], "high_cosine": [0.7320999870837029, 0.6186724822027303, 0.5253702049136725, 0.3087229838567636, 0.804431606427975, 1.0, 0.0, 0.7925379385091746, 0.13529554302354502, 0.4713171029208267], "clip_cosine": [0.6060365369340747, 0.45724119671697117, 1.0, 0.025152237225311094, 0.6955255493778131, 0.8194334127614509, 0.0, 0.9271908922425205, 0.47445062218692086, 0.4537993116229812], "dino_cosine": [0.20660460483469334, 0.0, 1.0, 0.6225848880716137, 0.7004941960694173, 0.7014136306171704, 0.1196861152613365, 0.7329808834233613, 0.6184410476445875, 0.29101380428814055], "clip_L2": [0.5102442430052355, 0.8392837990069862, 0.0, 0.8333147912146331, 0.23303979049848544, 0.2365459163925875, 1.0, 0.11671408785766581, 0.7981123012856683, 0.6233616039576654], "dino_L2": [0.5296036915217274, 1.0, 0.0, 0.34908339491683993, 0.2397310832272906, 0.26897250631470254, 0.8779974362541572, 0.24955168483539655, 0.3996218623788379, 0.6774806878803233], "rcnn_confidence": [0.8781899257038627, 0.7195181074733039, 0.8367116230734395, 0.869830612107544, 0.9558888786222647, 0.9217968417582393, 0.8092392773665424, 1.0, 0.0, 0.7405316058026961], "yolo_confidence": [0.0, 0.5691461044883339, 0.0, 0.4844448436585024, 0.8547045571771149, 0.7197264619250654, 0.4504256124414353, 1.0, 0.0, 0.7540211437638482]}