{"pixel_L2": [0.6671016573143678, 0.43823567793292445, 0.7797163860976989, 0.3760276654051938, 0.718648049066945, 0.7994084127191265, 0.6405976771499413, 0.0, 0.6637565792335465, 1.0], "pixel_cosine": [0.7165295808145873, 0.7117976414626895, 0.0, 0.5899316222376375, 0.06324943018531365, 0.2555494995540581, 0.28963928252898624, 1.0, 0.29885541571697555, 0.0024774551580616392], "low_L2": [0.1781058246796186, 0.21141662325955973, 1.0, 0.3314308090715312, 0.6904796208250675, 0.7762890063651443, 0.3971251565426516, 0.0, 0.9813220142375311, 0.9763754511568455], "low_cosine": [0.7475515563450993, 0.7537151463659535, 0.02582451533173708, 0.6396848690816406, 0.32148760330578513, 0.21072449216034603, 0.6191163976210705, 1.0, 0.06815478489225303, 0.0], "mid_L2": [0.4668402503219393, 0.0, 1.0, 0.24705736167905473, 0.8443959966563496, 0.9482863791428506, 0.2520671893003186, 0.09669475634276936, 0.9704663036847931, 0.2521519101732824], "mid_cosine": [0.919729598974882, 1.0, 0.0, 0.7619084977575543, 0.3193785222087109, 0.28796140116894836, 0.7544554714366035, 0.9111259299938546, 0.05782796584683377, 0.7864479138064043], "high_L2": [0.21701899770443242, 0.5029803328712446, 0.40094890897781693, 0.4571944984477723, 0.5417985757997529, 0.7930446812842905, 1.0, 0.5866611625111222, 0.595876904024077, 0.0], "high_cosine": [0.7379961520694467, 0.413325810443775, 0.4528800105979393, 0.49769199670255826, 0.4218480911697338, 0.14806913645327333, 0.0, 0.4573786436422317, 0.3392418217747842, 1.0], "clip_cosine": [0.2952755905511811, 0.6925853018372703, 0.7591863517060368, 0.1519028871391076, 0.32020997375328086, 0.4704724409448819, 1.0, 0.1912729658792651, 0.45636482939632544, 0.0], "dino_cosine": [0.5173628204642708, 0.8555685992350514, 0.7331105388722687, 0.0, 0.8533816791002385, 0.8122846215018745, 0.6305903737645321, 0.6382682622032037, 0.708628393986443, 1.0], "clip_L2": [0.8023939337810123, 0.32968606491376407, 0.2353126346611745, 0.9312866914211294, 0.6864843128429211, 0.6564516918482063, 0.0, 0.8271260030308062, 0.5601924053256965, 1.0], "dino_L2": [0.0, 0.4062026349539466, 0.7454168124052699, 0.19090591115774747, 0.8046682989390229, 1.0, 0.8094391978547277, 0.16883758890054798, 0.42138276786755274, 0.04265827212311997], "rcnn_confidence": [0.9602290064530862, 0.5878728605157687, 0.8833253296797887, 0.907485622206797, 0.9240991359392339, 0.0, 1.0, 0.7252195747678969, 0.09213221724547649, 0.39596925152770546], "yolo_confidence": [0.0, 0.0, 0.0, 0.0, 0.0, 0.0, 0.0, 0.0, 0.0, 0.0]}