{"pixel_L2": [0.5424062543562103, 0.7750859625482087, 0.4256075461177455, 0.17027554481669066, 0.43458133915710234, 0.3688838808605548, 0.0, 0.30042168114864554, 0.9967996375633102, 1.0], "pixel_cosine": [0.5057353961709598, 0.10233906192595012, 0.5776625709270523, 0.7823815161040127, 0.38645548434502186, 0.6517940972363963, 1.0, 0.885128791280565, 0.09143976813487366, 0.0], "low_L2": [0.6773086341987029, 0.5748172953933371, 0.20114539880060933, 0.44249545247109184, 0.30606958522679795, 0.427856587328624, 0.0, 0.7544623631724076, 0.5851400253247546, 1.0], "low_cosine": [0.8708409630507616, 0.0, 0.9731935459012363, 1.0, 0.6998961502188918, 0.7740478296129669, 0.6384082727542943, 0.522041473859579, 0.8822002209101351, 0.6134916644954845], "mid_L2": [0.061655487666305214, 0.0, 0.2087215682200391, 0.5584478829159335, 0.32269542689063624, 0.8209163100857743, 0.0438675661811972, 0.49383802245323327, 0.41571596465141647, 1.0], "mid_cosine": [0.4789528487864011, 1.0, 0.8112540781059656, 0.13433929602536346, 0.6430573869756443, 0.371564617880425, 0.6325490538315965, 0.8194347975262978, 0.0, 0.10120756169610953], "high_L2": [0.42210350602686525, 0.29643865175466483, 0.8041788284252811, 0.0, 0.4484678592414916, 1.0, 0.7053682380966142, 0.42007918388579024, 0.19653126690088804, 0.7387977645758763], "high_cosine": [0.1324315472090852, 0.5160181826530144, 0.008633393023860906, 0.9755697384330472, 0.4394875797786859, 0.0, 1.0, 0.35452316451627713, 0.41212054425516936, 0.27849212544193946], "clip_cosine": [0.5385640830318035, 0.0, 0.5691296895829366, 0.9390592268139402, 0.9178251761569225, 1.0, 0.9896210245667492, 0.6667301466387355, 0.43096553037516666, 0.6993905922681394], "dino_cosine": [0.0, 0.7124393446767273, 0.8878710420426535, 0.7691059879356474, 0.48450875332682597, 0.6435257684178002, 0.6359802813142982, 1.0, 0.19802251357064107, 0.13954762188998826], "clip_L2": [0.4637373078972596, 1.0, 0.31859631907479136, 0.0578417588046843, 0.0897642408864713, 0.0, 0.002945510588395898, 0.3133337996410782, 0.536308984973064, 0.3239186475453459], "dino_L2": [0.7484154175830755, 0.4016485757114665, 0.22764216621538122, 0.45541875788619923, 0.4139298660602836, 0.5610489252176506, 1.0, 0.0, 0.6463458303821863, 0.8383686397838348], "rcnn_confidence": [0.0, 0.0, 1.0, 0.0, 0.0, 0.6414023594135685, 0.0, 0.9278228579401808, 0.0, 0.0], "yolo_confidence": [0.0, 0.0, 0.0, 0.0, 0.0, 0.0, 0.0, 0.0, 0.0, 0.0]}