{"pixel_L2": [0.5091965989935797, 0.2682341373127422, 0.40404303314246054, 0.2593845797906183, 0.0, 0.7501590606744173, 0.46263520157325466, 0.1367921799988432, 1.0, 0.8572502747411649], "pixel_cosine": [0.4675027027027027, 0.6671135135135136, 0.8930162162162162, 0.5982486486486487, 1.0, 0.043091891891891894, 0.4069621621621622, 0.5765405405405405, 0.0, 0.23502702702702702], "low_L2": [0.09304882616628203, 0.8172250885057333, 0.0, 0.27457922018293196, 0.488358324372002, 0.7075504754540072, 0.3751072339088723, 1.0, 0.4681681427691118, 0.16999142128729022], "low_cosine": [0.6878204206794116, 0.18811987925830098, 0.4437676680561545, 0.20942935173206842, 0.0, 0.8196181304202003, 1.0, 0.5353241339657898, 0.8891044990656892, 0.4800979828470126], "mid_L2": [0.5699254340839424, 0.26515979168213494, 0.622715557016939, 0.0, 0.7464758854039606, 0.6419881415797791, 0.6922432355031343, 1.0, 0.0938703210683185, 0.40652743452942863], "mid_cosine": [1.0, 0.803418600604306, 0.35483734885756624, 0.6586778036163448, 0.9634199716303081, 0.9214138441987144, 0.0, 0.3805862718111781, 0.767326341100723, 0.5364139232963684], "high_L2": [0.07035951442207927, 0.4187331396555302, 0.6798220585183649, 0.5764162689354638, 0.9151924673168708, 1.0, 0.0, 0.8814458393857647, 0.8905763643909524, 0.5401405893338866], "high_cosine": [0.9555073512934751, 0.17192152679071335, 0.45363586638191855, 0.0, 1.0, 0.03753592986258341, 0.7746791578705369, 0.3374065145498588, 0.3050584984336485, 0.3367168161766558], "clip_cosine": [0.5059581320450885, 0.3288244766505636, 0.32463768115942027, 1.0, 0.6982286634460547, 0.12399355877616747, 0.2570048309178744, 0.0, 0.031239935587761676, 0.4128824476650564], "dino_cosine": [0.28586340525658815, 0.5408205427081476, 0.18408931763518774, 0.7912674353364851, 0.5398462950317717, 1.0, 0.46066692472631904, 0.36415116496535765, 0.0, 0.2681703715624062], "clip_L2": [0.612944917990074, 0.830377212519584, 0.8449222182733633, 0.0, 0.1649260579354731, 0.912131161029258, 0.7207491455037671, 1.0, 0.8978615596113256, 0.6712632145514051], "dino_L2": [0.32270002235878964, 0.20446381741854192, 0.40344032815180575, 0.42903382863972883, 0.24224181344411033, 0.0, 0.31349739530549003, 0.5462356783594081, 1.0, 0.9911902189698658], "rcnn_confidence": [0.0, 0.0, 0.0, 0.0, 0.0, 0.0, 0.0, 0.0, 0.0, 0.0], "yolo_confidence": [0.0, 0.0, 0.0, 0.0, 0.0, 0.0, 0.0, 0.0, 0.0, 0.0]}