{"pixel_L2": [0.5962426825811019, 0.9371898503457738, 0.2745080709542721, 1.0, 0.2562928232909441, 0.8462710563694205, 0.9159281029937124, 0.41927331226670106, 0.0, 0.03264265495589868], "pixel_cosine": [0.3352798177344236, 0.040011598332978175, 0.6675593354388443, 0.0, 0.6794990453108916, 0.11746227626296199, 0.07023299503095186, 0.5146680745813097, 1.0, 0.9458880517026967], "low_L2": [0.4918334043521589, 0.5379458281492437, 1.0, 0.6208346177920517, 0.4766017876249625, 0.35718171112957503, 0.5112433190356355, 0.0, 0.34552380724665277, 0.545525344327446], "low_cosine": [0.43608066738540124, 0.08934783486016384, 0.42141732919003994, 0.0, 0.7134509060091206, 0.32667235504718856, 0.09417796175332799, 1.0, 0.934976621909105, 0.8111090612442564], "mid_L2": [0.21900986301013609, 0.005559727450636187, 0.7360336330596137, 0.06449885245795055, 0.20905908053599642, 0.0, 0.03203609068507935, 0.1692291313139194, 0.07267549591371004, 1.0], "mid_cosine": [0.2019015427283758, 0.5154957531634599, 0.5831807938984226, 0.0, 0.4989400242676374, 0.37956664933263995, 0.12050182007280291, 0.6057080949904663, 1.0, 0.2032804645519154], "high_L2": [0.5058783862627574, 1.0, 0.346634757726734, 0.7965175139704103, 0.4384076567057219, 0.7801372848343844, 0.8477580000077992, 0.08465188188452727, 0.8203250308295434, 0.0], "high_cosine": [0.4503642791793998, 0.0, 0.7198586014951858, 0.17537394449913205, 0.5390916260780887, 0.22480818329879917, 0.09058871689153046, 0.9095461285343664, 0.09435684208468617, 1.0], "clip_cosine": [0.0, 0.29103498542274053, 1.0, 0.49431486880466474, 0.7246355685131195, 0.574198250728863, 0.6470116618075802, 0.9587463556851312, 0.48367346938775513, 0.9855685131195335], "dino_cosine": [0.15571552320388937, 0.09464205373390903, 0.49085408846419865, 0.5542073207582645, 0.0, 0.17128774703026478, 0.4027793632780236, 1.0, 0.08669142285403475, 0.7002262975174424], "clip_L2": [1.0, 0.8521049257278265, 0.0, 0.6486929592652753, 0.35632882285911055, 0.5165671009498954, 0.4073123599680121, 0.09653298355070149, 0.6521894263247677, 0.09093351638020285], "dino_L2": [0.8681566453373961, 1.0, 0.5971834755205981, 0.5505063213496288, 0.6270222539281075, 0.8380419474530284, 0.5182496542909123, 0.0, 0.9260985208651199, 0.33499822970225596], "rcnn_confidence": [0.6367644184928622, 0.0, 0.37869055794193807, 0.11507503095655842, 0.26190004768954356, 0.13357722040696016, 0.06418090024286943, 0.4377546425345042, 0.0, 1.0], "yolo_confidence": [0.0, 0.0, 0.0, 0.0, 0.0, 0.0, 0.0, 0.0, 0.0, 0.0]}