{"pixel_L2": [0.0, 0.003597820890765676, 0.10303959843837145, 0.4939870329057446, 0.3451044737471118, 0.20074346665604334, 0.0468364074575731, 1.0, 0.016704346267229702, 0.16998894510397577], "pixel_cosine": [0.9504317210844899, 0.9175849759428838, 0.9839728142333173, 0.7794832417066258, 0.7622797487277094, 0.911850478283245, 0.9486835978663094, 0.0, 1.0, 0.9054134638163001], "low_L2": [0.09567960454231024, 0.17626698443314534, 0.0, 0.14127879969098556, 0.5508321173043035, 0.1107282793652076, 0.1605051022726699, 1.0, 0.05248006806396397, 0.22178980959257558], "low_cosine": [0.8663302343172287, 1.0, 0.2606588655004431, 0.019493507495404162, 0.0, 0.46603312767306604, 0.37200047416639853, 0.16578701273287308, 0.3951123228696852, 0.5089837598008501], "mid_L2": [0.22522199239401253, 0.2527812319161377, 0.08061606383348417, 0.3207546457111689, 0.5051779338729344, 0.048511967267359374, 0.21141744239982957, 1.0, 0.0, 0.5399185914569379], "mid_cosine": [0.642399455178339, 0.7017640041192272, 0.41299679111987625, 0.24132517096339468, 0.26387959313298587, 1.0, 0.6244015681221732, 0.0, 0.5672710226445503, 0.3772815340334882], "high_L2": [0.5818600340230882, 1.0, 0.5947296826721065, 0.6062674441969804, 0.6632640071707288, 0.0, 0.6214989305977395, 0.3987171381049119, 0.12622208007945032, 0.8665019867842291], "high_cosine": [0.7302077789687507, 0.5318945464267064, 0.6692051879780028, 0.6894796281166221, 0.6446444945819061, 0.8206007500630883, 0.6323485319801215, 0.0, 1.0, 0.3807219794469721], "clip_cosine": [0.6429597701149425, 1.0, 0.8254310344827587, 0.8872126436781609, 0.8839798850574713, 0.5420258620689655, 0.735632183908046, 0.36170977011494254, 0.0, 0.4163074712643678], "dino_cosine": [1.0, 0.763059101798223, 0.8814507080692604, 0.766261333656791, 0.3904236285896231, 0.33156442368923794, 0.29504199896897837, 0.0, 0.2193710768111108, 0.5500864238711829], "clip_L2": [0.11699554085722773, 0.1178633790786585, 0.27010055813751294, 0.2153454406694108, 0.0, 0.5934024974097686, 0.4118149975003361, 0.572952751119616, 1.0, 0.7961771645841501], "dino_L2": [0.15565698734267872, 0.16848419437927994, 0.0, 0.4014629328443289, 0.8315811783242436, 0.9085694037426497, 0.8327899487594592, 0.9063329910635098, 1.0, 0.35686126080211056], "rcnn_confidence": [0.0, 0.0, 0.0, 0.0, 0.0, 0.0, 0.0, 0.0, 0.0, 0.0], "yolo_confidence": [0.0, 0.0, 0.0, 0.0, 0.0, 0.0, 0.0, 0.0, 0.0, 0.0]}