{"pixel_L2": [0.43424677246936927, 0.17285448016884578, 0.0932420579447962, 0.07429145081270729, 0.0, 0.2918139955595757, 0.2659663404873503, 0.892840501055286, 1.0, 0.6536606090507908], "pixel_cosine": [0.4254351575976164, 0.3906225497883017, 0.6272541947624275, 0.9690293241336051, 0.3756076525011761, 0.4949035596675553, 1.0, 0.8162145209346088, 0.0, 0.22055825623333855], "low_L2": [0.6086784495222126, 0.69385249758326, 0.8663221920902021, 0.5809287125833027, 0.5323030463757453, 1.0, 0.0, 0.4108073195144277, 0.8303020711248749, 0.37167751704550317], "low_cosine": [0.34482453142994546, 0.19104749610843236, 0.05834187579887872, 0.40368528291380334, 0.3467544958679778, 0.0, 1.0, 0.6669197767569004, 0.10884999430502297, 0.69219281926674], "mid_L2": [0.5343298393599206, 0.9561309929913788, 0.7941698195124977, 1.0, 0.0, 0.8780406872170191, 0.455151026483905, 0.08647584196489487, 0.9347609005768157, 0.9369999379768034], "mid_cosine": [0.5140626237907023, 0.0, 0.35606827524890183, 0.35647320839091895, 0.9888951487249007, 0.3062614987807991, 0.6431218584670639, 1.0, 0.29279307036153485, 0.3343955492565956], "high_L2": [0.0, 0.9824429244382841, 0.5441156677815611, 0.6609716656120368, 0.6852211207199607, 0.6779281043782204, 0.5177278251524191, 1.0, 0.5319120940930686, 0.899948775122789], "high_cosine": [1.0, 0.0924252074056975, 0.4581503555724898, 0.2915903003940917, 0.2843968061052228, 0.2787496419244579, 0.6114915132620056, 0.11158051067829937, 0.3866367598265663, 0.0], "clip_cosine": [0.0, 0.5697624804437491, 1.0, 0.5588109799459536, 0.27464087612003985, 0.17351728061442184, 0.3615417437064429, 0.6633480301521832, 0.8199402645427393, 0.5006400227563647], "dino_cosine": [0.7314901983387448, 0.8111202904954946, 0.6236879350868092, 0.0, 1.0, 0.7524384073981568, 0.4153522001703523, 0.5335164940728928, 0.30208073161828275, 0.6376235214253235], "clip_L2": [0.9907770117463233, 0.5382022779917488, 0.0, 0.546848915144122, 1.0, 0.9306370701352814, 0.8395016379062213, 0.551966858098384, 0.3419043572417385, 0.5433469482860237], "dino_L2": [0.0, 0.6956131746263967, 0.5345062872793817, 1.0, 0.23132823123949223, 0.004595242149594799, 0.34953579899892795, 0.035315731029636435, 0.28888627735020495, 0.5430803951524512], "rcnn_confidence": [0.0, 0.0, 0.0, 0.0, 0.0, 0.0, 0.0, 0.0, 0.0, 0.0], "yolo_confidence": [0.0, 0.0, 0.0, 0.0, 0.0, 0.0, 0.0, 0.0, 0.0, 0.0]}