{"pixel_L2": [0.18462147456600927, 0.011115306676682622, 0.0, 0.009759548107178133, 0.0518094248027942, 0.31596206012109485, 0.25910119414894384, 0.07002238236574863, 1.0, 0.05204639885113201], "pixel_cosine": [0.7949934857016672, 1.0, 0.9974755437782931, 0.9868327260682345, 0.9622912664237606, 0.6574870266092525, 0.7167547753119135, 0.9116908468587832, 0.0, 0.9399253615987634], "low_L2": [0.2953241394022864, 0.0, 0.09989272337432212, 0.1595414405892837, 0.016559037621062117, 0.39435319900965304, 0.44130258164042546, 0.265841628123674, 1.0, 0.1313797991958247], "low_cosine": [0.4238001510672372, 0.8241133511708016, 0.6775188291463784, 0.6524246108153994, 1.0, 0.27653649472044156, 0.35037419862070907, 0.5292406196630118, 0.0, 0.6576817017592822], "mid_L2": [0.2167098467381679, 0.0, 0.03914944399716569, 0.07122408373058269, 0.7241367459117869, 0.5595969079997573, 0.867491658312182, 0.1695291288155498, 1.0, 0.11551711152012133], "mid_cosine": [0.6692822541059459, 1.0, 0.946664698521779, 0.9864185429424404, 0.4030339942544922, 0.39795663308414675, 0.3212955456220679, 0.9668247720707164, 0.0, 0.9509667883094205], "high_L2": [0.6708539278327406, 0.6956293292168182, 0.6282863097783663, 0.5225353769647908, 0.9541748872436253, 0.819891067087857, 0.0, 1.0, 0.6780318627178221, 0.3955097764585993], "high_cosine": [0.5471702080738525, 0.2184201146898367, 0.15027530189057856, 0.3066927624138397, 0.26394406955230937, 0.38401166320128755, 1.0, 0.11565458470344987, 0.0, 0.2228568989152238], "clip_cosine": [0.08930047957664958, 0.24640317512816273, 0.07615346452786506, 0.0, 0.3420704481561105, 0.4042500413428146, 1.0, 0.27889862741855465, 0.10393583595171159, 0.23077559120224905], "dino_cosine": [0.8464062109667749, 0.3706868286285286, 0.0, 0.31931715276042966, 0.3695138802148389, 0.2315255745690732, 1.0, 0.39139590619535347, 0.40374406694978765, 0.4515988008993255], "clip_L2": [0.8359208170595023, 0.6790521066700337, 0.8616426651659992, 1.0, 0.600448963848163, 0.6118306076598111, 0.0, 0.7114561464079988, 0.6510256798853667, 0.7685766145023603], "dino_L2": [0.30477817787064276, 0.8539850622165917, 1.0, 0.9174745412276336, 0.8634142523699196, 0.8287703180685827, 0.0, 0.867260963516721, 0.76303006014437, 0.7912139169012425], "rcnn_confidence": [0.0, 0.0, 0.0, 0.0, 0.0, 0.0, 1.0, 0.0, 0.0, 0.0], "yolo_confidence": [0.0, 0.0, 0.0, 0.0, 0.0, 0.0, 0.0, 0.0, 0.0, 0.0]}