{"pixel_L2": [0.5392881510120536, 0.664089151694337, 0.3729247214009552, 0.0, 0.24198317034341596, 0.30662952012735956, 0.5981919490561747, 0.9672503979986354, 0.6613031612463043, 1.0], "pixel_cosine": [0.0, 0.6437784099560349, 1.0, 0.4881510513132496, 0.8314517217666226, 0.5314362228445022, 0.6532086632156946, 0.46281008638944654, 0.6724418710880562, 0.6571274815887804], "low_L2": [0.3939128317506696, 0.500681762843925, 0.1138300462624787, 0.0, 0.2858777696615534, 0.5101412223033844, 0.33207937667397125, 1.0, 0.5099464329194059, 0.7622839055271488], "low_cosine": [0.3546142036980016, 0.30003079120288784, 0.5158509181674649, 1.0, 0.4467836295621753, 0.28581224354312845, 0.38888197360691645, 0.0, 0.2531397199965933, 0.10811533816820731], "mid_L2": [0.18417117736774424, 0.8038368372259936, 0.1265737611770687, 1.0, 0.39089087592332306, 0.2952241394778552, 0.8478722449834026, 0.07409013427435031, 0.0, 0.14895780376207424], "mid_cosine": [1.0, 0.2016582930359909, 0.8104490344345926, 0.0, 0.5331235696557991, 0.8669329795383749, 0.30733278717444945, 0.6227177929381174, 0.8998789267252941, 0.6449556427154246], "high_L2": [0.6293444227257199, 0.7181066523511447, 0.4105455395419204, 1.0, 0.4038133057297192, 0.0, 0.9672070091261452, 0.5774052773932051, 0.019076802946668688, 0.7252883867040308], "high_cosine": [0.5951405135155622, 0.35348007181002866, 0.6513391170942724, 0.6185571652272052, 0.8573407354761885, 1.0, 0.0, 0.313280644139326, 0.9635287463630138, 0.22359326136349647], "clip_cosine": [0.0, 0.5452943249911879, 0.38984843144166376, 0.3235812477969686, 1.0, 0.6020444131124427, 0.5565738456115615, 0.6943954881917519, 0.4268593584772647, 0.5664434261543885], "dino_cosine": [0.10717370786876329, 0.7224497304560651, 1.0, 0.4202445891254619, 0.767388383216291, 0.9505062946907044, 0.32341273015212835, 0.8287516196631101, 0.0, 0.9745412954105546], "clip_L2": [0.9708919411540081, 0.6521743124201995, 0.6067118338916905, 0.6628874218070302, 0.0, 0.2838107910563121, 0.36849605738153446, 0.4107238697367782, 1.0, 0.6814149072838384], "dino_L2": [0.4486277676904874, 0.028670181373559502, 0.0, 0.27932883593924285, 0.9769774461992878, 0.6080913560236184, 0.3531885093369403, 1.0, 0.5485512423368754, 0.3621456466674762], "rcnn_confidence": [0.0, 0.0, 0.0, 0.0, 0.0, 0.0, 0.0, 0.0, 0.0, 0.0], "yolo_confidence": [0.0, 0.0, 0.0, 0.0, 0.0, 0.0, 0.0, 0.0, 0.0, 0.0]}