{"pixel_L2": [0.2775772675984062, 0.2774876150721954, 1.0, 0.42754721058542094, 0.2810462851238024, 0.29224649493747573, 0.38435509893724956, 0.0, 0.5942982331427326, 0.1968150605539255], "pixel_cosine": [0.9302020924349044, 0.8350175084967073, 0.0, 0.6976691679622411, 0.8830892559897602, 0.6831824858373903, 0.7125799342927023, 1.0, 0.5271366675737833, 0.7930906896347467], "low_L2": [0.09814072678644851, 0.23544421025398826, 0.07988382163287253, 0.0, 0.0886863976568161, 0.05074256853979941, 0.2979840786027039, 0.024379262026426207, 1.0, 0.06213225612830936], "low_cosine": [0.8303941329879657, 0.4600696971327673, 1.0, 0.8386586137067656, 0.3717232180875942, 0.9622408252995752, 0.4708417288558337, 0.7084956608135473, 0.0, 0.7852531586366406], "mid_L2": [0.40104738570125265, 0.2748195857984933, 0.5333295092624459, 0.434559221200649, 0.0, 0.20317903207302881, 0.5358342756936592, 0.2722219490743017, 1.0, 0.8133703175617724], "mid_cosine": [0.41431842070926744, 0.6812113579394466, 0.31739422540016743, 0.22034133465594638, 0.6917040880250843, 1.0, 0.4451297935605278, 0.2506966005117021, 0.0, 0.22619195232109673], "high_L2": [0.7869859566142751, 0.8508474803266485, 0.4827886773458749, 0.8676469767602781, 0.7629828495026277, 0.036618493787450794, 1.0, 0.9616376621216974, 0.6332335947518384, 0.0], "high_cosine": [0.3222898199173698, 0.2282236597342683, 0.6459608130536244, 0.09671367577695397, 0.34416277344194807, 0.9177111281978269, 0.38540146032161926, 0.0, 0.639992171643444, 1.0], "clip_cosine": [0.0, 0.38126456876456877, 0.004370629370629371, 0.7618006993006993, 0.4573135198135198, 1.0, 0.6143648018648019, 0.4774184149184149, 0.8279428904428905, 0.3701923076923077], "dino_cosine": [0.44527923662691443, 0.0, 0.24909039794326038, 0.38038682024307663, 0.10761621108471828, 1.0, 0.2700326356661791, 0.05264487424471453, 0.449708071725127, 0.7644364949050062], "clip_L2": [1.0, 0.7203666383305649, 0.8718103212175751, 0.37619610953622457, 0.7511181615442345, 0.0, 0.485565020682983, 0.653348224606881, 0.21929866369789686, 0.724014810652003], "dino_L2": [0.683962780928059, 0.8107581148047355, 0.7635099278098572, 0.6700194478141043, 1.0, 0.0, 0.844099156214204, 0.7808908773030031, 0.5742938908492676, 0.317106341824611], "rcnn_confidence": [0.0, 0.3828369235171221, 0.22948720557656305, 0.06138992667317858, 0.0, 1.0, 0.14035526601399567, 0.21574941849135815, 0.8322015189523718, 0.8527613952260792], "yolo_confidence": [0.0, 0.0, 0.0, 0.0, 0.0, 0.0, 0.0, 0.0, 0.0, 0.0]}