{"pixel_L2": [0.002869753134685417, 0.6113114855006763, 0.8215579182727579, 0.19322588533963736, 0.8266028611022846, 1.0, 0.5785197730150042, 0.41690525821955526, 0.0, 0.04346053964667932], "pixel_cosine": [1.0, 0.3615506614932189, 0.2117157638422243, 0.8643306671290978, 0.1405483421122985, 0.0, 0.4216937983655951, 0.6299810692273788, 0.9918171374070622, 0.9835439562424584], "low_L2": [0.014318271671650585, 0.2430572410308545, 1.0, 0.0889999648912315, 0.6413929327575495, 0.620677996113612, 0.26062154731975085, 0.09346030495781606, 0.27568168253430353, 0.0], "low_cosine": [0.8786892215434875, 0.973533489632928, 0.37116181317474645, 0.7250092611239151, 0.5114411137547787, 0.0, 1.0, 0.7302965962986996, 0.8143362198205455, 0.9021084699297315], "mid_L2": [0.6245416127247737, 0.3172382131023195, 1.0, 0.28718568748110845, 0.9103870699143963, 0.4353438688741495, 0.3206344136920208, 0.0, 0.9631607763070097, 0.32770911869877895], "mid_cosine": [0.7633354131594128, 0.9008114264859965, 0.16322710523527542, 0.646554159848369, 0.22429599849310713, 0.0, 1.0, 0.804241520784526, 0.5776675241043994, 0.8622340863873421], "high_L2": [0.010663146343407261, 0.345528446977515, 0.5189179910452458, 0.3489717972244758, 1.0, 0.34858352627674727, 0.24284099895984257, 0.28710184346958917, 0.0, 0.07957306544000295], "high_cosine": [0.8607474438576023, 0.3881665865120221, 0.7226426447150772, 0.5419181473709636, 0.0, 0.24932551484083013, 1.0, 0.5230907918488118, 0.7543019321223152, 0.5518256927625748], "clip_cosine": [0.4476470588235294, 0.0, 0.38676470588235295, 0.5558823529411765, 0.3997058823529412, 1.0, 0.08794117647058823, 0.7817647058823529, 0.49058823529411766, 0.06970588235294117], "dino_cosine": [0.881756797564835, 0.8343218138113472, 0.0, 0.7421575851280998, 0.5970526773527245, 1.0, 0.5662000072475147, 0.7970961624409629, 0.9223452957589959, 0.6252430937224444], "clip_L2": [0.4186285588800866, 0.8756003735117587, 0.6199634455973905, 0.34904013113721893, 0.6259003780786299, 0.0, 1.0, 0.10389340339755779, 0.39574756279690737, 0.8704757610885089], "dino_L2": [0.17177332345521126, 0.5220942764762607, 1.0, 0.8027624363207777, 0.570884980040349, 0.6107429734408009, 0.6434530797795872, 0.6609500759480906, 0.0, 0.5482764567794916], "rcnn_confidence": [0.0, 0.0, 0.0, 0.0, 0.0, 0.0, 0.0, 0.0, 0.0, 0.0], "yolo_confidence": [0.0, 0.0, 0.0, 0.0, 0.0, 0.0, 0.0, 0.0, 0.0, 0.0]}