{"pixel_L2": [0.12416708359738945, 0.32869572951758336, 0.6015583202695041, 0.3397627386233503, 0.3144293608174066, 0.0, 0.24916536028373526, 0.36687546557264045, 1.0, 0.19286570383465085], "pixel_cosine": [0.5025325920665263, 0.5376854079522453, 0.41206008140586237, 0.6824013790816342, 0.7656656227611042, 1.0, 0.6339020063635482, 0.8296608923358977, 0.0, 0.7463622341873336], "low_L2": [0.0, 0.4577572242411741, 0.2621855035886111, 1.0, 0.7207185412584103, 0.5910060244984134, 0.8047907806366675, 0.23104376103429655, 0.8495680319365152, 0.1007344063775959], "low_cosine": [1.0, 0.51249266065285, 0.8295443700939599, 0.0, 0.2678089359685431, 0.34096625436923667, 0.10185153734049557, 0.8019823920367881, 0.15967831419037498, 0.9500277399016245], "mid_L2": [0.0, 0.5026165586918162, 0.5573875182346908, 0.6919889986686287, 0.7297897516259929, 0.4482946980844816, 0.6715645523980609, 0.42819990954319315, 1.0, 0.38668692389524845], "mid_cosine": [1.0, 0.5195293234401201, 0.3918646770640392, 0.3229619907716926, 0.31783545774377747, 0.7171515546738857, 0.2157788165408095, 0.6462034611632929, 0.0, 0.8058589340318497], "high_L2": [0.9810967876922025, 0.7257979529704133, 0.9636419534315714, 0.814296755240336, 0.034897712570401335, 0.38629250233781537, 0.17683961518918156, 1.0, 0.0, 0.3399563607793572], "high_cosine": [0.08644758281213706, 0.22751984859951985, 0.0, 0.015479464852786519, 0.9178156983715706, 0.6095060713615329, 0.7816169783844615, 0.08103919835914244, 1.0, 0.6682106132902262], "clip_cosine": [0.5202625570776256, 1.0, 0.7208904109589042, 0.7271689497716894, 0.8864155251141552, 0.8162100456621004, 0.8179223744292238, 0.9126712328767124, 0.0, 0.9406392694063926], "dino_cosine": [0.0, 0.4712804165159684, 0.803345080788285, 0.6448343440630494, 0.7240329377328814, 1.0, 0.6726245047985129, 0.6758291207913131, 0.663654103338352, 0.0014256756188441514], "clip_L2": [0.7590028707438498, 0.0, 0.34451335155159396, 0.5538363484105568, 0.02063375212468117, 0.27392351188616976, 0.3748094779051532, 0.014852251212747393, 1.0, 0.1283725932358889], "dino_L2": [0.7066287060428612, 0.6137273839304149, 0.22139956531433416, 0.3427012541909701, 0.21077041392337245, 0.0, 0.42423500712939866, 0.28844212698488436, 0.34601485612929467, 1.0], "rcnn_confidence": [0.13064059531750016, 0.0998611996809502, 0.395567080189263, 0.0, 0.8735270002833726, 0.2677198682355469, 0.0, 0.08362936196602305, 1.0, 0.20977295245733807], "yolo_confidence": [0.0, 0.0, 0.0, 0.0, 0.0, 0.0, 0.0, 0.0, 0.0, 0.0]}