{"pixel_L2": [0.2905532391561392, 0.618980645964279, 0.951913622502956, 0.018464123467546206, 0.6787105607069512, 0.7982575144688531, 0.0, 0.30316758976912067, 1.0, 0.5581181156263613], "pixel_cosine": [0.841412213740458, 0.3251484308736217, 0.0, 1.0, 0.3599660729431722, 0.30489821882951657, 0.8976887192536047, 0.9270992366412214, 0.09821882951653944, 0.5705258693808312], "low_L2": [1.0, 0.6783399050992448, 0.7122431409240834, 0.34778728707281886, 0.5118468693365202, 0.3376288963757661, 0.0, 0.34713862822412933, 0.9372963112933471, 0.2458220473245771], "low_cosine": [0.03169715189255666, 0.4597429090128253, 0.0, 0.1675581236457337, 0.09159720459913717, 0.3265026255685478, 1.0, 0.4978819763015597, 0.2801842778222422, 0.8785210923926835], "mid_L2": [0.0, 0.4302294599412552, 0.5564133958421884, 0.5218231185490164, 0.6752986404958415, 0.15480457524217953, 0.702009756964049, 0.1539069091739569, 1.0, 0.3668187095177979], "mid_cosine": [0.49196029984213335, 0.5101428466881105, 0.722396855212214, 0.5817543761826932, 0.1447215726726863, 0.37807325989454643, 0.29662032890632894, 1.0, 0.0, 0.6763384689372053], "high_L2": [0.1542650969962453, 0.0, 0.1383741395494368, 0.04733846996245307, 0.2356226533166458, 0.09982986545682103, 1.0, 0.08272449937421777, 0.4256433823529412, 0.1700250312891114], "high_cosine": [0.6344225048426997, 1.0, 0.9138170700412234, 0.7377815955364125, 0.764911503739751, 0.8263909185718059, 0.0, 0.8851441597441122, 0.6457165858416305, 0.840852634151811], "clip_cosine": [0.3320704990940537, 0.05287432054027343, 0.2070499094053698, 0.42974798221050897, 0.266842365343436, 0.21207379344424312, 0.0, 0.49761159611266675, 1.0, 0.3088453302586065], "dino_cosine": [0.03518246398921782, 0.742491319038215, 0.6712746740544537, 0.8755182838370319, 0.47814082345123216, 0.0, 0.9342773976769653, 0.6833859026796327, 1.0, 0.8301058562563762], "clip_L2": [0.6035195900117819, 1.0, 0.7431362375414193, 0.48508004772706415, 0.5588370929947234, 0.9057956165276501, 0.9430549441904288, 0.5240255568313575, 0.0, 0.7636749839380073], "dino_L2": [1.0, 0.30576506853807306, 0.5669616505354683, 0.5910108780181581, 0.4409954183024295, 0.9131281095110045, 0.0, 0.5210720610143448, 0.5329127978337659, 0.20154550309662791], "rcnn_confidence": [0.0, 0.0, 0.0, 0.0, 0.0, 0.0, 0.0, 0.0, 0.0, 0.0], "yolo_confidence": [0.0, 0.0, 0.0, 0.0, 0.0, 0.0, 0.0, 0.0, 0.0, 0.0]}