{"pixel_L2": [0.5385868339500656, 0.7550347903806477, 1.0, 0.509409691188386, 0.0, 0.17625942848551165, 0.48516292590024807, 0.573874220035584, 0.6597037179347962, 0.37762389635557186], "pixel_cosine": [0.6874411267893464, 0.5024443358782525, 0.5390279494081546, 0.0, 0.9386377497421553, 0.8386706389120391, 0.8715470363026186, 0.5407234978749764, 0.8439744166962031, 1.0], "low_L2": [0.5906725868520558, 0.7235399810957892, 0.4811237254781829, 1.0, 0.10746346412534886, 0.3185714026993795, 0.37858398752460803, 0.44292612214370514, 0.3448114954248034, 0.0], "low_cosine": [1.0, 0.39354709472853666, 0.0, 0.7945494152211574, 0.7062383760962306, 0.3403626045385601, 0.21948503196496963, 0.46102209491231383, 0.3596935087465664, 0.4099099982112359], "mid_L2": [0.2710767614928034, 0.6322251090028399, 0.255693714111981, 0.3296601737135592, 0.21520546430718418, 0.3981825374340973, 0.5033046344345327, 1.0, 0.6356264812984985, 0.0], "mid_cosine": [1.0, 0.0, 0.06774546023834792, 0.7378987810558707, 0.5990990412957585, 0.1996320967661216, 0.35870180332896606, 0.3431926352625048, 0.14614497209607316, 0.33978051562915046], "high_L2": [0.3681785340513229, 1.0, 0.41390531663902835, 0.0, 0.5826168868637336, 0.34360001124269846, 0.6130490528853229, 0.5704458391269053, 0.6939266281659356, 0.1764963122295759], "high_cosine": [0.753417072466844, 0.0, 0.5876384841412202, 1.0, 0.48024014552668287, 0.6126689852591587, 0.49700219078049734, 0.624394292603614, 0.4149000503615677, 0.7368495927895904], "clip_cosine": [0.4241816573282218, 0.36431731052786787, 0.0, 1.0, 0.7972279563550575, 0.6480094367443232, 0.05685638454733117, 0.8681214980831613, 0.3194337953406075, 0.60005897965202], "dino_cosine": [0.5663785734637667, 0.6108136710853018, 0.7829640584508093, 0.0, 1.0, 0.6005752818745506, 0.82094080295239, 0.9500807294139995, 0.9733796453332971, 0.8618156655767065], "clip_L2": [0.7573973482387854, 0.7840894901234252, 1.0, 0.0, 0.19692666909132872, 0.5148317266359077, 0.7864025832697744, 0.08832754868676419, 0.8271130800566189, 0.45339323990059843], "dino_L2": [0.8016803840623337, 0.7387357626498341, 0.24553643343753456, 1.0, 0.13924078353585886, 0.6508403776187334, 0.4952504429975213, 0.0, 0.36070688077038143, 0.503663498563181], "rcnn_confidence": [0.0, 0.5834143097597884, 0.5045984813182806, 0.7654251857812658, 0.0, 0.0, 0.0, 1.0, 0.0, 0.0], "yolo_confidence": [0.0, 0.0, 0.0, 0.0, 0.0, 0.0, 0.0, 0.0, 0.0, 0.0]}