{"pixel_L2": [0.6211339536521923, 1.0, 0.6116386291395891, 0.16737638611817623, 0.2669979011550864, 0.33773792442426115, 0.033881766032201534, 0.0, 0.42597890761906687, 0.10249696143841608], "pixel_cosine": [0.3148867636315335, 0.0, 0.3967091718137743, 0.7671182838546855, 0.6186989440127515, 0.5757455004316929, 0.8264926612206946, 1.0, 0.6631633127449027, 0.7568240685395498], "low_L2": [0.21741942338696638, 0.4250569360330021, 0.5654637341722448, 0.49728601059726246, 0.0, 0.35536399794891693, 0.3532990562246213, 0.5156857038587155, 1.0, 0.13570639947152274], "low_cosine": [0.4501913271102789, 0.519062269930286, 1.0, 0.15749038819861663, 0.5473068777778788, 0.4053339816944038, 0.5593114041864735, 0.6197135092391453, 0.0, 0.29747729978822224], "mid_L2": [0.0, 0.09756537489581217, 1.0, 0.46174336852777614, 0.0029030194059917257, 0.5845929222526215, 0.2432270791523715, 0.579852020057225, 0.8982860983533102, 0.1697098689369329], "mid_cosine": [0.7303346533759425, 0.7740234663704559, 0.0, 0.608117427098209, 1.0, 0.8198738671764592, 0.7505620437549904, 0.6981761641495559, 0.6056373220555555, 0.6831248333969338], "high_L2": [0.15481188091578907, 1.0, 0.056186458451520184, 0.5760280966673886, 0.4967715650173799, 0.7285278130189478, 0.0, 0.7379277504443825, 0.5229703664737857, 0.17633478079992299], "high_cosine": [0.5105566758486769, 0.0, 0.09540504087971567, 0.3635337999024686, 0.29118922409816406, 0.13567935892873617, 1.0, 0.17334844630720633, 0.22265979553552206, 0.5722439690886965], "clip_cosine": [0.04904552129221733, 0.6804698972099853, 0.7063142437591777, 0.4748898678414097, 1.0, 0.44552129221732745, 0.3409691629955947, 0.21644640234948606, 0.0, 0.47547723935389136], "dino_cosine": [0.0, 0.31411888557019046, 0.21961758801351416, 0.755202467805905, 0.20649512804191353, 1.0, 0.730487685452676, 0.9441683396170983, 0.8263355040885276, 0.8088062478578074], "clip_L2": [0.9390219324623476, 0.24973768058452445, 0.0, 0.4363907407644372, 0.11044926998426083, 0.5032406044863018, 1.0, 0.6425146195088869, 0.9821206925232568, 0.4727315768595887], "dino_L2": [0.6042081221757158, 0.9891439662017115, 0.6912524383191037, 0.8176921493476578, 0.9282864620602449, 0.2917356911103051, 1.0, 0.0, 0.21980650283776235, 0.6648891851358107], "rcnn_confidence": [0.0, 0.0, 0.0, 0.0, 0.0, 0.0, 0.0, 0.0, 0.0, 0.0], "yolo_confidence": [0.0, 0.0, 0.0, 0.0, 0.0, 0.0, 0.0, 0.0, 0.0, 0.0]}