{"pixel_L2": [0.16125946691290646, 0.26749317112424204, 0.5141939856203683, 1.0, 0.4843732962317304, 0.0, 0.762371686839283, 0.7126226885687588, 0.3791471876350075, 0.39827632136502983], "pixel_cosine": [0.2405673278230247, 0.20301816465576705, 0.31518521655997, 0.0, 0.2545895707526049, 0.3981629615286871, 0.06449602459065991, 1.0, 0.07734924303849551, 0.08162356443551608], "low_L2": [0.4488136846494792, 0.5909236163953266, 0.5090172003903513, 1.0, 0.19311783764883575, 0.7912193891661758, 0.24137436893927344, 0.0, 0.6210941586310765, 0.8540481748498566], "low_cosine": [0.40184510985074284, 0.0, 0.09870507826481374, 0.3356185514436974, 1.0, 0.14578749752146114, 0.17525629517196467, 0.5134423911549263, 0.09576313974017944, 0.03119379734959466], "mid_L2": [0.22787449763559545, 0.3826871772559167, 0.0, 1.0, 0.9864790982058005, 0.5226564915213483, 0.013706962684772776, 0.4855387750895955, 0.5635369316555412, 0.5578706619187744], "mid_cosine": [0.39142506190411197, 0.07380627424983914, 0.18403653804909434, 0.5645226071867262, 1.0, 0.03579325001462302, 0.15102263643276337, 0.49584901245881186, 0.0, 0.14523582054631598], "high_L2": [0.2969114597312776, 0.4151169736099454, 1.0, 0.3445730740745744, 0.0, 0.4783190780953679, 0.9021348498721697, 0.2820760473826373, 0.5789402278449639, 0.4159092684399427], "high_cosine": [0.7271448974121841, 0.6135151176107188, 0.0, 0.7604295214580739, 1.0, 0.5527394436833165, 0.06854733382580752, 0.7973019139210328, 0.4896080558536728, 0.6601904004031778], "clip_cosine": [0.5273984442523768, 0.7002592912705272, 0.6694900605012964, 0.822990492653414, 0.94019014693172, 1.0, 0.11970613656006915, 0.6891097666378565, 0.382800345721694, 0.0], "dino_cosine": [0.1757434418052897, 0.6622293817907309, 0.5367744196705401, 0.8194800176143359, 0.919942393932041, 1.0, 0.4638479235753507, 0.3997533094281632, 0.3921256728945926, 0.0], "clip_L2": [0.5432112843156892, 0.3952292957430618, 0.39642511417651616, 0.22633947444213903, 0.09763508457494596, 0.0, 0.949432904087205, 0.4070760729156258, 0.5604882563558373, 1.0], "dino_L2": [0.786938336392195, 0.35390736238400405, 0.32802693546668404, 0.21425039198495333, 0.11290523135439524, 0.0, 0.5484710137620894, 0.6471252201076714, 0.5339928537635001, 1.0], "rcnn_confidence": [0.5471504543116349, 0.8101864606800961, 0.466392588472849, 0.5264657313993861, 0.8525368374569043, 0.7534556677388151, 0.0, 0.04248235186318153, 1.0, 0.6877258756479581], "yolo_confidence": [0.0, 0.0, 0.0, 0.0, 0.0, 0.0, 0.0, 0.0, 0.0, 0.0]}