{"pixel_L2": [1.0, 0.1001296944462247, 0.2515038560322734, 0.191682809559349, 0.0, 0.031561508728188144, 0.10603347936018326, 0.29638695530227693, 0.08011147382370513, 0.22877631704985793], "pixel_cosine": [0.0, 0.905569882424558, 0.8308823092297138, 0.8304828214301425, 1.0, 0.9529258319987349, 0.8955184840389168, 0.8064457832041537, 0.9704355249281575, 0.8028515819597968], "low_L2": [0.36261460475147306, 0.056601385563037766, 0.36905785618871084, 1.0, 0.09170368998912987, 0.15628048864276586, 0.1280322299985463, 0.08738673322306495, 0.2006202416020401, 0.0], "low_cosine": [0.49793907228888223, 0.8169759556436099, 0.546501217139919, 0.0, 0.9299662125314473, 0.7614699406591853, 0.8324631771726637, 0.7827570046971652, 0.9012618462891915, 1.0], "mid_L2": [0.6085189849449685, 0.20414327886310177, 0.3199286325171906, 1.0, 0.5035931545164459, 0.0, 0.17163396716028329, 0.3433460878140277, 0.47089131835412557, 0.16968457758354483], "mid_cosine": [0.0, 0.6832568208497717, 0.5587566532966841, 0.521100638757599, 0.5587854354221619, 1.0, 0.6977630120905486, 0.5992682658563813, 0.5064081346510064, 0.7009717051147892], "high_L2": [1.0, 0.08908479592763048, 0.13199574538783942, 0.4915481547075639, 0.47965080816887057, 0.0, 0.060751735691830275, 0.23740244851445408, 0.13002582722384654, 0.4855959606686265], "high_cosine": [0.0, 0.9529183866317238, 0.9001491326246243, 0.5163898640842526, 0.49788840743212187, 1.0, 0.9329447389595512, 0.9321209742571495, 0.8812115013837755, 0.5017841223492793], "clip_cosine": [0.19217788366090927, 0.8870359340877506, 0.0, 0.289060948977566, 0.4748858447488584, 0.9628747270200516, 0.6781814572165972, 0.5368274766726225, 1.0, 0.6190192574945405], "dino_cosine": [0.0, 0.9281560961393499, 0.8900147678201633, 0.8814623224428833, 1.0, 0.9745472276009718, 0.9757073561678767, 0.9862157670999868, 0.9014591278859599, 0.8569539059062874], "clip_L2": [0.8149696086963678, 0.16211438727022004, 1.0, 0.7803208144986191, 0.3052829946226482, 0.0, 0.31364292620969175, 0.42400103224765023, 0.07207892234194903, 0.4054396902407463], "dino_L2": [1.0, 0.3431439663050698, 0.29322233198383063, 0.3580554832087856, 0.06549706340607908, 0.16601102513403845, 0.26592919194736786, 0.0, 0.2458272009813818, 0.2999936814300311], "rcnn_confidence": [0.7714758521546256, 0.43831148802866576, 0.6236358418555501, 0.9711116296409539, 1.0, 0.0, 0.7557483056143371, 0.7946487720229906, 0.6727066453175414, 0.9811451820978466], "yolo_confidence": [0.7418859757889907, 0.0, 0.0, 0.37630875443507944, 0.9091563030556548, 0.34301628244707455, 1.0, 0.9151249907542156, 0.7798000818065677, 0.8992099249629688]}