{"pixel_L2": [0.3563575056354232, 0.5660233086715367, 0.23494102681619636, 0.45800557462609787, 0.3176648302825662, 0.0, 0.6452208805290283, 0.6765734756297176, 1.0, 0.2298504391421062], "pixel_cosine": [0.1658139534883721, 0.3687596899224806, 0.36736434108527133, 0.369031007751938, 0.45786821705426356, 1.0, 0.3233333333333333, 0.6704263565891473, 0.0, 0.4794186046511628], "low_L2": [0.0, 0.637198544931962, 0.5147431496962193, 0.3686011971591529, 0.22328686268597348, 0.18009995573205706, 0.5776228756199115, 0.4241029325908295, 1.0, 0.1812772263888265], "low_cosine": [1.0, 0.2749384236453202, 0.38829664408866993, 0.6235760467980296, 0.6316579433497537, 0.8923183497536946, 0.45035406403940886, 0.5981950431034483, 0.0, 0.8639643626847291], "mid_L2": [0.5866033724971992, 0.3396340237281319, 1.0, 0.24647381574789579, 0.6115811094194363, 0.0, 0.5289420010916089, 0.7538421763235759, 0.08309155152107092, 0.05348165809657867], "mid_cosine": [0.5611764219747526, 0.7340034296812049, 0.0, 0.7822875560422305, 0.43983595380260737, 0.9382863990413421, 0.6522075990165492, 0.15494514576145121, 0.9596599243817276, 1.0], "high_L2": [0.7096819329989911, 0.23839928123780277, 0.7516661879828263, 0.0, 0.5660141837704085, 0.12197968907643476, 0.6524608031578405, 0.7675400805661725, 1.0, 0.057545161979247215], "high_cosine": [0.28138150008926066, 0.8117003731945968, 0.0, 0.6212032337864375, 0.7670742903777001, 0.7706702200913009, 0.5860196543486946, 0.2523059005551163, 0.23607321074868448, 1.0], "clip_cosine": [1.0, 0.7571222265983983, 0.5481160561901011, 0.25679401339109886, 0.6191413942497046, 0.3031377182617829, 0.8418012340816594, 0.32808192201654196, 0.48418012340816596, 0.0], "dino_cosine": [0.7657234874626179, 0.9545586994862357, 1.0, 0.0, 0.6557472586458094, 0.9798174986580783, 0.5517828387393605, 0.03163867801548961, 0.9879763821792807, 0.8500268384326355], "clip_L2": [0.022425424085761453, 0.2951378745779523, 0.06310278375985344, 0.43692552259186546, 0.2877533135415322, 0.5315774337235081, 0.0, 1.0, 0.11576618500578582, 0.7370475795804772], "dino_L2": [0.09458222156414216, 0.1159614297930976, 0.0, 0.32379755174070574, 0.5505954449443838, 0.22324123905732046, 0.3904100275285635, 1.0, 0.10301605480329618, 0.46077557421682597], "rcnn_confidence": [0.0, 0.0, 0.0, 0.0, 0.0, 0.0, 0.0, 0.0, 0.0, 0.0], "yolo_confidence": [0.0, 0.0, 0.0, 0.0, 0.0, 0.0, 0.0, 0.0, 0.0, 0.0]}