{"pixel_L2": [0.0, 0.36959038851758014, 0.26017150259661354, 0.6873975398090084, 0.25020348737231884, 0.4580930653796329, 0.474767565832464, 1.0, 0.4834057480883651, 0.6258067844409543], "pixel_cosine": [0.268205494842202, 1.0, 0.09645592891430906, 0.5520375855377387, 0.8670411602492084, 0.0, 0.8880604636911449, 0.6955775712388929, 0.7101215401899704, 0.2996221019303442], "low_L2": [0.9137804307637482, 0.5206973739893535, 0.8677751297414081, 0.21658462703521394, 0.4449740517183776, 1.0, 0.0, 0.5273180836136044, 0.5015201461122124, 0.5618860948392989], "low_cosine": [0.0, 0.5130855151273384, 0.08208496924142854, 0.8379532427722606, 0.5510403325704928, 0.027527871674819963, 1.0, 0.5805837829893552, 0.5425161141321464, 0.4529724537571648], "mid_L2": [0.5451196606107711, 0.5618543346610966, 0.7655283526020921, 0.2509715340522685, 0.2086936105443829, 0.40592311927199715, 0.0, 1.0, 0.9568962725476862, 0.5357929337089932], "mid_cosine": [0.0, 0.2841971408418522, 0.4477592664341986, 0.6534438053229219, 1.0, 0.34135050020365787, 0.5801070942488997, 0.4670620610178921, 0.42490984412720173, 0.14842189968110153], "high_L2": [0.7155400676108356, 0.0837451041713205, 1.0, 0.08525815723242341, 0.07878002650821307, 0.0, 0.1594364770882664, 0.4719117187150963, 0.08652102041728098, 0.2341509181074923], "high_cosine": [0.27647997773946525, 0.4934036244813239, 0.0, 0.6318062431023365, 1.0, 0.7987621337775413, 0.3683817681708195, 0.14969081546129506, 0.8168281370150954, 0.4358308124155124], "clip_cosine": [0.0, 0.4206821873308067, 0.6231727125067678, 0.36924742826204654, 0.5923118570655116, 0.1613427179209529, 0.7357877639415268, 1.0, 0.08012994044396318, 0.29453167298321603], "dino_cosine": [0.6952321341098351, 0.46543841506558536, 1.0, 0.6385456920481141, 0.7568442823708703, 0.5955206008817286, 0.0, 0.4074184945300169, 0.21362869427964948, 0.856664670984597], "clip_L2": [1.0, 0.5954897112777158, 0.1736535218649591, 0.5161779618531094, 0.5407561014515871, 0.5001709090080441, 0.254705694688148, 0.0, 0.8118676366702368, 0.6678326458993232], "dino_L2": [0.023493031138542484, 0.652056509751347, 0.1392254572129613, 0.4476892722535603, 0.0, 1.0, 0.43197455290516784, 0.6923646067842056, 0.4430475805023651, 0.1635722054992032], "rcnn_confidence": [0.5081326031527534, 0.27942194131954873, 0.24178363933820934, 0.35160457948115437, 1.0, 0.28207172433272615, 0.1604781111724605, 0.56118730629215, 0.3370149487373417, 0.0], "yolo_confidence": [0.0, 0.0, 0.0, 0.0, 0.0, 0.0, 0.0, 0.0, 0.0, 0.0]}