{"pixel_L2": [0.0, 0.07060428886698576, 0.05443468693931013, 0.07280148094642652, 0.0021306052534667795, 0.03172528890586415, 0.7463637661681949, 0.871207743883342, 1.0, 0.3998942403780954], "pixel_cosine": [1.0, 0.6593233953877949, 0.32084401257060857, 0.5112633657688039, 0.9983879279022047, 0.6491038018799542, 0.018880728110040004, 0.0, 0.11600179159970124, 0.77386506999432], "low_L2": [0.0, 0.3385472602389787, 0.024531466499319032, 0.15311458431648753, 0.014264685661885042, 0.13877339337376632, 1.0, 0.6374084357544494, 0.8878714767368298, 0.7468234315080996], "low_cosine": [1.0, 0.6774057536851623, 0.8867062291754652, 0.755113673900193, 0.9551267484135046, 0.6097738558849665, 0.15202718945350263, 0.0, 0.19400225725592252, 0.4585069251684727], "mid_L2": [0.03091433857644587, 0.24197945081742958, 0.044934326352579365, 0.2433298608954338, 0.0, 0.05063753296010553, 0.6772799668466739, 0.44898574625092874, 1.0, 0.7004872950973191], "mid_cosine": [0.9039523542522406, 0.8227423324414285, 0.7848360126309039, 0.5957093109230969, 1.0, 0.902853628919571, 0.33644780186891776, 0.49175679889303076, 0.0, 0.43561826522886365], "high_L2": [0.0, 0.14537678143911015, 0.29668523472793545, 0.41281064939652035, 0.11891295316029024, 0.5731550980148846, 0.6034919192299922, 0.4605037304820426, 0.978171904983138, 1.0], "high_cosine": [1.0, 0.8432203566942139, 0.8343521947828592, 0.5316407039998765, 0.9952134464632331, 0.41957049949986674, 0.3336583422583517, 0.7003090826838781, 0.0, 0.11341659349276936], "clip_cosine": [0.14125200642054575, 0.3116639914392723, 0.48475120385232745, 0.0, 0.33279828785446763, 0.10486891385767791, 1.0, 0.542402354200107, 0.3677100053504548, 0.3100588550026752], "dino_cosine": [0.6020933261332232, 0.0, 0.997085543661256, 0.6708437893756022, 0.9283615514119627, 1.0, 0.2607631057886768, 0.6643425134737355, 0.19647829907986827, 0.7808916489311013], "clip_L2": [0.9714272366012785, 0.7901254973213157, 0.6940485547353783, 1.0, 0.7310071743041034, 0.7515250401822274, 0.0, 0.6643270546721703, 0.6584416440989248, 0.8163305126600516], "dino_L2": [0.2537563815726959, 1.0, 0.0, 0.16574956304403538, 0.11843968567965009, 0.05713857910846586, 0.6015612357431419, 0.10011373812588363, 0.19821416745131576, 0.49748537961179307], "rcnn_confidence": [0.0, 0.0, 0.0, 0.0, 0.0, 0.0, 0.0, 1.0, 0.0, 0.0], "yolo_confidence": [0.0, 0.0, 0.0, 0.0, 0.0, 0.0, 0.0, 0.0, 0.0, 0.0]}