{"pixel_L2": [0.8630639164772604, 0.691061832749869, 0.5090597180146295, 0.0, 0.598756120174016, 0.6583927392022921, 0.6635152357061572, 0.5639877953109932, 1.0, 0.9834069252927916], "pixel_cosine": [0.313433110234343, 0.47212009539880595, 0.5072620646108006, 1.0, 0.48773242829720254, 0.4308022543167615, 0.3816216532996875, 0.6016921739540116, 0.0, 0.08663399757423658], "low_L2": [0.3708879737398343, 0.5471998896723487, 0.43135039406633857, 0.0034149685129252665, 0.32546588854722514, 1.0, 0.25703543593076666, 0.4605838080517338, 0.0, 0.2990507452578226], "low_cosine": [0.9383914213448189, 0.6652760830390548, 0.4173124631310152, 1.0, 0.6698862213027984, 0.5919502379817211, 0.0, 0.7749779796200373, 0.6495860572610688, 0.0802693355097819], "mid_L2": [0.940462589342131, 0.3771874647873261, 0.34854449526955616, 0.13465183847598836, 0.6805192434142494, 1.0, 0.14747674002313518, 0.10194309774539044, 0.0, 0.039816886964285966], "mid_cosine": [0.0, 0.8135945996882742, 0.2919024213085053, 1.0, 0.6131546619233726, 0.5176752356858586, 0.11436662305807646, 0.8774639885214487, 0.30524499911269587, 0.26866055596137683], "high_L2": [0.8332311212437057, 0.3654939319019974, 0.6197366503218993, 1.0, 0.7767344199899346, 0.8370015098054854, 0.6423301056313819, 0.0, 0.011681054278744744, 0.28270488940468563], "high_cosine": [0.16590809457462474, 1.0, 0.12241132192093761, 0.12785803246120983, 0.0, 0.24298545491009044, 0.41835602102950054, 0.935936785524009, 0.7458451578404063, 0.2828166342650174], "clip_cosine": [0.039317986230636835, 0.5173192771084337, 1.0, 0.0, 0.10746557659208261, 0.32664586919104993, 0.15291523235800344, 0.30835843373493976, 0.7253657487091222, 0.628065834767642], "dino_cosine": [0.5613566250832893, 0.6347958256960138, 0.9959855165594478, 0.8429798706734041, 0.7669370653248696, 0.4945758234670625, 0.0, 1.0, 0.24999110790732304, 0.7197852618899135], "clip_L2": [1.0, 0.6209400076423386, 0.0, 0.7924456300740326, 0.8152919312026058, 0.6950303343625288, 0.8573845628847989, 0.67480827742915, 0.4249758367236845, 0.3820331481326334], "dino_L2": [1.0, 0.02610614586781419, 0.7365321973240457, 0.503289533650917, 0.8648763006778637, 0.6079136863213543, 0.6963928826715408, 0.0, 0.6327111187868495, 0.5640573953341105], "rcnn_confidence": [0.4067982053362172, 0.6211293249132979, 0.0, 0.2344819930737882, 0.0, 0.0, 0.0, 1.0, 0.0, 0.0], "yolo_confidence": [0.0, 0.0, 0.0, 0.0, 0.0, 0.0, 0.0, 0.0, 0.0, 0.0]}