{"pixel_L2": [1.0, 0.039238661719705734, 0.08187869416863021, 0.5735953978103135, 0.14859653353978086, 0.0, 0.36068791582991283, 0.5691510381593979, 0.4364139934532361, 0.19807926116926836], "pixel_cosine": [0.1525927675567922, 0.39732235557955065, 0.04724487624070767, 0.7275017909796918, 0.2721828408571785, 0.44728419992524604, 1.0, 0.0, 0.3833935950413223, 0.4633322864321608], "low_L2": [1.0, 0.04795039357597051, 0.17481128928889858, 0.03662071073653688, 0.0, 0.09842147201394832, 0.020335957072202353, 0.8742136012818263, 0.9061770480961933, 0.41622049883488915], "low_cosine": [0.19165037859169223, 0.849648476543152, 0.4678683885835071, 0.9296759164617695, 1.0, 0.7011763774297781, 0.8918813878005483, 0.05344239273504722, 0.0, 0.3718476615872652], "mid_L2": [1.0, 0.0, 0.04685363852281326, 0.35170032921962596, 0.11067419040223285, 0.13316589602679185, 0.15175903224478382, 0.9495093648006155, 0.816712048529727, 0.5223192166872754], "mid_cosine": [0.1379568312115944, 1.0, 0.9399014303311778, 0.4342108123125538, 0.8367056026474939, 0.6386405194766188, 0.6828943172068529, 0.0, 0.012550422009545552, 0.2541091443107849], "high_L2": [0.7813676524369237, 0.0, 0.008153231063865122, 0.7388001505244505, 0.3432377950641407, 0.1925796039369564, 0.3342457258652948, 0.6794691363041301, 1.0, 0.45309396647827554], "high_cosine": [0.11204561395766953, 0.9101701773496295, 1.0, 0.3767506579719266, 0.5052330465399905, 0.6943921274995382, 0.6166133259520908, 0.2399477050456241, 0.0, 0.42181623073491437], "clip_cosine": [0.6023812365719742, 1.0, 0.8623179756505133, 0.6402184292193841, 0.9216101694915254, 0.8468608259727859, 0.0, 0.7673967534017665, 0.4692647409883027, 0.7023752685605157], "dino_cosine": [0.26256481870486853, 0.976340802893937, 1.0, 0.8120795043699001, 0.9042724624302996, 0.8934359781534583, 0.856261748236162, 0.0, 0.11368840866997638, 0.5886278060162804], "clip_L2": [0.9777275699045724, 0.0, 0.4957339593509863, 0.6454957199745369, 0.2475008195907882, 0.4605532768974367, 1.0, 0.6335376281593914, 0.9981523909056754, 0.6167730633116739], "dino_L2": [0.837951574434572, 0.0, 0.10808647563950452, 0.3953582594188448, 0.20157581077793066, 0.3037864378030176, 0.2617861023757717, 1.0, 0.8194065580063438, 0.5351103148281963], "rcnn_confidence": [1.0, 0.4150760526132257, 0.11332852034157433, 0.0, 0.6094671624985379, 0.14145996625834337, 0.09716123909850063, 0.5384502986079406, 0.8452384183607582, 0.05963772312221206], "yolo_confidence": [1.0, 0.0, 0.0, 0.643658928030463, 0.0, 0.4421869311780582, 0.0, 0.4326072333966128, 0.7516956490799194, 0.0]}