{"pixel_L2": [0.8841890281519061, 0.5841664207957024, 0.9797798273411067, 0.6190583844553351, 0.5327021155120949, 0.5551447062384808, 0.1305862202416305, 0.44190484218915843, 0.0, 1.0], "pixel_cosine": [0.12892316291277, 0.40015957942316494, 0.02101466591602234, 0.36073657649484203, 0.44161175217396587, 0.4641756345712214, 0.8148959696070053, 0.5273006371026209, 1.0, 0.0], "low_L2": [1.0, 0.8129748422494517, 0.8482076693338922, 0.40759148783281063, 0.8976399170640059, 0.7108018892639805, 0.6584429291076895, 0.4756169674468738, 0.0, 0.855341063047823], "low_cosine": [0.0, 0.20869837851907502, 0.14371294088880737, 0.5784208751619411, 0.17583100157947978, 0.39257861411987877, 0.389768678186418, 0.4618647326419905, 1.0, 0.17875234900784612], "mid_L2": [0.38640745908917923, 0.24795763034377774, 0.5487060763668654, 0.5438728910313333, 0.5966700494735506, 0.7713243688950907, 0.574058099708233, 0.0, 0.7620639350501078, 1.0], "mid_cosine": [0.17285429661557694, 0.6444300168728176, 0.12256325446329744, 0.4001592407046029, 0.28293501453815545, 0.28267457413343106, 0.6245974800530554, 1.0, 0.5537558296794165, 0.0], "high_L2": [0.26020916334661354, 0.46929131300883425, 0.9426154079334834, 0.3148330590680755, 0.32607613026156246, 0.0, 0.4217532045730123, 0.3073845920665165, 0.5031666811016803, 1.0], "high_cosine": [0.9498645713213012, 1.0, 0.21815841376569742, 0.21823338103608425, 0.5702851681826715, 0.6184464587411838, 0.8463877965473611, 0.9171776224526366, 0.14071234753607573, 0.0], "clip_cosine": [0.6349843819723338, 0.09705488621151272, 0.0428380187416332, 0.2755466309683177, 0.33400267737617134, 0.8065595716198126, 0.2101740294511379, 0.0, 1.0, 0.42659526996876396], "dino_cosine": [0.7261972260068208, 0.9680034526821756, 0.7692034289872979, 0.0, 1.0, 0.670962773654681, 0.5316961301187283, 0.48439099933146595, 0.06195364266431975, 0.8629928322995033], "clip_L2": [0.6038591190369944, 0.910574674329708, 0.7576615179488282, 1.0, 0.9188778554954006, 0.0, 0.5163477615711743, 0.8333987451680367, 0.06946736845500831, 0.8331686388782856], "dino_L2": [0.19413086060344673, 0.35067838338095497, 0.1728035653314644, 0.5299800528330368, 0.0, 0.783280320592305, 0.05336855535788093, 0.47923877297967543, 0.2491203479073445, 1.0], "rcnn_confidence": [0.5712967927534767, 0.480504197849127, 0.2938797644943732, 0.3231306260410201, 0.222396057881867, 0.2949976684883814, 1.0, 0.39065813519374964, 0.223020524071525, 0.0], "yolo_confidence": [0.0, 0.0, 0.0, 0.0, 0.0, 0.0, 0.0, 0.0, 0.0, 0.0]}