{"pixel_L2": [0.12024710495121729, 0.7504012036108325, 0.7199826752986231, 0.5460426734749704, 0.35000911826388253, 0.0, 0.5230783258867512, 0.19461110604540896, 1.0, 0.4576365460016413], "pixel_cosine": [0.2881861608390285, 0.45651786698312435, 0.6981187317497832, 0.4098824750049261, 0.6139726387294787, 0.0, 0.5089282036610088, 0.3720522734078686, 1.0, 0.3136220787129137], "low_L2": [0.2727092910096447, 0.24895703468940486, 0.8700167394378217, 0.1953365802492718, 0.05444668867697406, 0.13647841109843942, 0.12144343460259942, 0.0, 1.0, 0.1479343578939278], "low_cosine": [0.8220871082680185, 0.0, 0.02582671383920601, 0.6642602636733729, 0.9210010837614316, 0.6106103010141091, 0.6483684487124362, 1.0, 0.5852890072393252, 0.4571838798659254], "mid_L2": [0.3648861953963666, 0.3607040585187023, 0.4803666675456814, 0.14121587113141576, 0.0034060924332437637, 0.2500047090075511, 0.0, 0.10407983032503992, 1.0, 0.09428886182480231], "mid_cosine": [0.3749467758155933, 0.07041414628408212, 1.0, 0.5033806676507964, 0.38647799211039485, 0.37841193944786017, 0.7299541567880924, 0.7858300239073924, 0.0, 0.5863159586400455], "high_L2": [0.719055936115481, 0.941135568796013, 0.47631540916729637, 0.0, 0.3457006362851846, 0.46475822401697864, 0.47291473117879984, 0.34561227481243834, 1.0, 0.650963924570683], "high_cosine": [0.2513453129806357, 0.0, 0.9811544099241195, 0.8173743077289025, 0.6685218556539261, 0.5120340285414329, 0.49724710544439227, 1.0, 0.44099926149447116, 0.5070033488050034], "clip_cosine": [0.5602831481199574, 0.39640736794032577, 0.5196376921905922, 0.16669203836200336, 0.2748515755822804, 1.0, 0.6124980971228497, 0.2552138833916882, 0.0, 0.08448774547115238], "dino_cosine": [0.6639652560089161, 0.7692286382205212, 0.4977549807037022, 0.5707719158421433, 0.19573116027114976, 0.6302611979261008, 0.2672095060105144, 1.0, 0.0, 0.6376749825789912], "clip_L2": [0.5272432419323027, 0.6480620227937924, 0.5588559993882456, 0.898724447435024, 0.8756764996954839, 0.0, 0.37049502367950005, 0.7550517380433807, 1.0, 0.9778573102552763], "dino_L2": [0.33933360135605006, 0.2288627868567455, 0.8216826755910988, 0.5933865394645341, 0.8530598052851183, 0.44873739568845616, 1.0, 0.0, 0.8817536291724618, 0.45573713490959666], "rcnn_confidence": [0.0, 0.0, 0.0, 0.0, 0.0, 0.0, 0.0, 0.0, 0.0, 0.0], "yolo_confidence": [0.0, 0.791046009588913, 0.0, 0.0, 0.0, 0.0, 0.8290727976851242, 0.0, 1.0, 0.0]}