{"pixel_L2": [0.7424329648961212, 0.07581107358509877, 0.871053372223928, 0.22257829290758366, 0.0, 0.836007061713233, 0.15435984034387473, 0.15906125268652133, 1.0, 0.16128083103060076], "pixel_cosine": [0.5501581381122409, 0.911312025930827, 0.35404351400090484, 0.8568462438746705, 1.0, 0.41487411611521885, 0.9167879165064753, 0.9240225492840772, 0.0, 0.9080239426836961], "low_L2": [0.0, 1.0, 0.19245720694885227, 0.3596018302552926, 0.2298270434239539, 0.5188187460966874, 0.7360404797410113, 0.643355128156107, 0.021552658076192662, 0.7833900508545865], "low_cosine": [0.6554092036497952, 0.0, 0.5773997098522253, 0.3941927593865286, 0.44079570179845384, 0.34807865902787527, 0.10861089356606049, 0.14870891006264733, 1.0, 0.060615850774056304], "mid_L2": [0.29275987853555124, 0.12937491644544605, 0.10365730219056168, 0.23031645690494834, 0.21847176333530682, 0.188839021409064, 0.0, 0.04694715532552854, 1.0, 0.027608334447394054], "mid_cosine": [0.3049005525795495, 0.8046673538705916, 0.6238690707538401, 0.5367473849637528, 0.4749108606384237, 0.44967301485374384, 1.0, 0.9254321780421447, 0.0, 0.8826588032512631], "high_L2": [0.29135851183765504, 0.8582863585118377, 0.4457750845546787, 0.7250366403607666, 0.2125056369785795, 0.7156031567080046, 0.7258032694475761, 0.8135484780157836, 0.0, 1.0], "high_cosine": [0.5220949754321291, 0.23606388314765553, 0.18780502057504567, 0.08966051902958239, 0.7807243190647809, 0.0, 0.321458419694602, 0.3443618137160231, 1.0, 0.21269968624619076], "clip_cosine": [0.39521008403361346, 0.0711764705882353, 0.1107563025210084, 0.1950420168067227, 0.5607563025210084, 0.0, 0.3369747899159664, 0.1807563025210084, 1.0, 0.32554621848739496], "dino_cosine": [0.0, 0.2127990212281022, 0.9997484003690128, 0.8097610790170842, 0.349605087245872, 0.26866400595945794, 0.9534639349195622, 1.0, 0.9674696477111834, 0.3013571580095016], "clip_L2": [0.457635974710927, 1.0, 0.6475500918477081, 0.5494050339863774, 0.5235272634678175, 0.7714592299743575, 0.6611843565326342, 0.9443135795220493, 0.0, 0.7139140517259505], "dino_L2": [0.9364642110226751, 1.0, 0.47753897334661133, 0.9670339886612332, 0.8870771727960052, 0.9583879486447167, 0.8212490064550063, 0.8026629099707946, 0.0, 0.9586450768327502], "rcnn_confidence": [0.4951428000920652, 0.46305458214758777, 0.8753011806392839, 0.3869775542877118, 0.8666563017136214, 0.0, 0.47628930616292997, 0.8096368659024038, 1.0, 0.6403286096584088], "yolo_confidence": [0.0, 0.0, 0.0, 0.0, 0.0, 0.0, 0.0, 0.0, 0.0, 0.0]}