{"pixel_L2": [0.0, 0.47430399958793684, 0.4313528548250019, 0.6279971155579592, 0.34017100620670115, 0.32276133817507535, 0.5114347523758016, 1.0, 0.4288804759329367, 0.7468837724381261], "pixel_cosine": [0.31554391563757456, 0.8135146385458581, 0.13055015956708754, 0.40549118912168725, 0.5631850978215623, 0.20313584015540448, 0.2935687526016373, 1.0, 0.93534064104343, 0.0], "low_L2": [0.636883433261196, 0.7981634559666986, 0.6872671799056302, 0.22153829779685671, 0.6027246603043956, 0.49887063776445406, 0.24730076512813234, 0.0, 0.474651435058715, 1.0], "low_cosine": [0.39943445456074445, 0.10462770507093153, 0.05730104951490628, 0.6025901045737408, 0.3219534702166755, 0.3215316495884776, 0.2103742691215608, 1.0, 0.21653878636179258, 0.0], "mid_L2": [0.33995353172050774, 0.9428400782347305, 0.7478570772239798, 0.17837124742389834, 0.24282301361231803, 0.38699281973195415, 0.0, 0.6643191871989078, 0.5820545805384545, 1.0], "mid_cosine": [0.7472171819289968, 0.0, 0.3006458390722044, 0.8999200368477344, 0.807076906262442, 0.506477907530477, 0.4217682674538818, 1.0, 0.29497815790324794, 0.20759415744822748], "high_L2": [0.7405137429286789, 0.36556578896235475, 0.9832953050313942, 0.4203709563701569, 0.0, 0.1761015716514276, 0.16775755153251282, 0.9304442927013418, 0.4881335043219026, 1.0], "high_cosine": [0.7551394716247384, 0.8719226088485446, 0.8083165838674201, 0.0, 1.0, 0.33429060984144604, 0.3179008408634105, 0.03100920847137996, 0.035661710203786126, 0.20657693779541403], "clip_cosine": [0.6185977125808055, 0.5867727498756837, 0.295375435106912, 0.3774241670810542, 0.8319244157135753, 1.0, 0.0, 0.10044753853804078, 0.1496767777225261, 0.49925410243659873], "dino_cosine": [1.0, 0.3860967827370067, 0.2525759543958331, 0.39483674061368884, 0.47672497509175066, 0.7899004931202784, 0.3428888524548814, 0.5245488138628596, 0.0, 0.35821215522568767], "clip_L2": [0.32211912824805283, 0.4591906515162291, 0.5835890927061621, 0.5274660947868854, 0.33670516278331847, 0.0, 0.8926631252427663, 1.0, 0.6358943918944794, 0.3898584342237954], "dino_L2": [0.0, 0.6217180137987673, 0.9155418441072042, 0.5422034132302497, 0.5806615478832804, 0.42457936415223246, 0.4380666149832383, 0.6365026602805773, 1.0, 0.7961938340961949], "rcnn_confidence": [0.0, 0.0, 0.0, 0.0, 0.0, 0.0, 0.0, 0.0, 0.0, 0.0], "yolo_confidence": [0.0, 0.0, 0.0, 0.0, 0.0, 0.0, 0.0, 0.0, 0.0, 0.0]}