{"pixel_L2": [0.9063173282513332, 0.3487592167850021, 0.9543100718358943, 0.8861586412141158, 0.7998072565790927, 0.9500249981384365, 0.9113255477701743, 0.0, 0.6359653250044391, 1.0], "pixel_cosine": [0.09985369782325872, 0.6964943075586281, 0.03856309340941258, 0.08715606677479154, 0.2271286490161536, 0.07898125394150136, 0.10692449314476608, 1.0, 0.4463090073532332, 0.0], "low_L2": [0.11671835314904111, 1.0, 0.26393372473957377, 0.2899229764051975, 0.4580115581403909, 0.18596412927448744, 0.1642705304229396, 0.0, 0.4090656863105974, 0.1412651378510693], "low_cosine": [0.3501910252391362, 0.677286023014372, 0.3188412265751019, 0.7076549186663594, 0.6930538226845672, 0.0, 0.07557485760471443, 1.0, 0.9053302304274384, 0.07054958940472508], "mid_L2": [0.1838359493451993, 0.8657048718653405, 0.09081827698331578, 0.4434159412547593, 0.9188045602907617, 0.1186461482403293, 0.1265080796321629, 0.8213780613205945, 1.0, 0.0], "mid_cosine": [0.9995864389020331, 0.2881451153043717, 0.9807563535534669, 0.7390084135678362, 0.20402122890817342, 0.8872881762797863, 0.629095497237732, 0.25474058095648006, 0.0, 1.0], "high_L2": [0.21997015884449755, 0.6425974227930481, 0.4499503764552479, 0.0, 0.1922296812698265, 0.29815014328491335, 0.3412428631243663, 1.0, 0.14255251359676188, 0.37644094842860265], "high_cosine": [0.6928204870446086, 0.5111832212488086, 0.5543580525635433, 1.0, 0.31802744799323923, 0.3988523677569153, 0.41251303696904457, 0.0, 0.4515277063890074, 0.24289690876485226], "clip_cosine": [0.9471251083501878, 0.43455648656457674, 0.8798860775168201, 0.8116564163949312, 0.6743715689107195, 1.0, 0.9756470054071903, 0.0, 0.23585256119205844, 0.7383084987823503], "dino_cosine": [0.8807811402366924, 0.0, 1.0, 0.7876720397813133, 0.21868523283092797, 0.8691195955547087, 0.766292056390797, 0.5630396809582887, 0.6454907869724634, 0.7286705577266823], "clip_L2": [0.10487527450556526, 0.7206989953119506, 0.2682110726290466, 0.2601382663773244, 0.4944491194019188, 0.0, 0.018233571184036325, 1.0, 0.8909441692559333, 0.4565017112818424], "dino_L2": [0.23974254285342764, 0.9997056485786882, 0.16593747791841698, 0.5229587836930985, 1.0, 0.0, 0.34856727372466184, 0.6140659840556859, 0.44167096277583423, 0.16314929261583502], "rcnn_confidence": [1.0, 0.3064940764172452, 0.5474649047136508, 0.8573421165202109, 0.16898583752142857, 0.8072039206411604, 0.5300342544571471, 0.0, 0.2767292758870172, 0.23907390062173783], "yolo_confidence": [1.0, 0.0, 0.0, 0.8297004278802507, 0.0, 0.0, 0.0, 0.0, 0.0, 0.0]}