{"pixel_L2": [1.0, 0.519005932493034, 0.38835545501173196, 0.779669869620549, 0.7358357556465402, 0.8557869191795963, 0.5643710048286422, 0.0, 0.9740280071590461, 0.786676125558801], "pixel_cosine": [0.0, 0.6004139787640658, 0.6812464932362932, 0.2971716606418716, 0.39058157745482336, 0.20373317841526353, 0.5372149448497362, 1.0, 0.046222388844411544, 0.30876178143723076], "low_L2": [0.6571064286115088, 0.7113011428227035, 0.7940357706207902, 0.5377693655349279, 0.34029213782038625, 0.5175262948977195, 0.8386046091147332, 0.0, 1.0, 0.5617220897923217], "low_cosine": [0.0, 0.11823198053818602, 0.2937651436834307, 0.5285558951022508, 0.563252842914663, 0.3644296075341499, 0.003997364410781897, 1.0, 0.20159352527909818, 0.21534273208683813], "mid_L2": [0.21718112786056298, 0.22878183093347648, 1.0, 0.23919501614816482, 0.28426917648688665, 0.0, 0.23620392577905155, 0.13492635917328322, 0.18997904634912938, 0.31039716692786573], "mid_cosine": [0.38114194641319454, 0.29883354607476104, 0.0, 0.7885939800747843, 0.42403328455114186, 0.9985631973478111, 0.563791822091836, 1.0, 0.8271705915864052, 0.2457845088940187], "high_L2": [0.2320035192476887, 0.0, 1.0, 0.5714994907698843, 0.8535994822555754, 0.062057215225445404, 0.38758809169212816, 0.4652520817020057, 0.21177179977136987, 0.44467955723732544], "high_cosine": [0.34507449588502853, 0.6916663476184364, 0.0, 0.4661118230265741, 0.07377577440512519, 0.6773667936103273, 0.6226027278999045, 1.0, 0.4571582036308439, 0.26265833237618863], "clip_cosine": [0.6064912811208547, 0.8971877834895676, 0.7217014413869569, 0.3488559621005947, 0.0, 0.8840842656990223, 0.7488156435843161, 1.0, 0.5165809898195747, 0.977925612337466], "dino_cosine": [0.3142843533458349, 0.5198904944795981, 0.27348051062464274, 0.6971450346466642, 0.6856379298242096, 0.08826124888438744, 0.9892600354990423, 1.0, 0.7804975882712769, 0.0], "clip_L2": [0.6058507414396822, 0.35095267060927965, 0.4470225730167657, 0.7258861998162591, 1.0, 0.3565905962068063, 0.2791177597388934, 0.0, 0.7427715574414223, 0.07140370465708176], "dino_L2": [0.8237472713448284, 0.561276533701787, 0.7933082882986, 0.6117038526839611, 0.9259522699958304, 1.0, 0.15341718923308778, 0.0, 0.4770322860202922, 0.6916149550742766], "rcnn_confidence": [0.7773179671912857, 0.5377861711268302, 0.04989730005959809, 0.5753507049573294, 0.08652388144722646, 1.0, 0.809400070506771, 0.747213357280159, 0.8150672558623122, 0.0], "yolo_confidence": [0.0, 0.0, 0.0, 0.0, 0.0, 0.0, 0.0, 0.0, 0.0, 0.0]}