{"pixel_L2": [0.4903975622364523, 0.0, 0.9816489395719945, 0.12894893076222075, 0.5808393026855726, 0.2078002857355967, 0.4404865294536029, 0.2563734688706718, 1.0, 0.020045181348401254], "pixel_cosine": [0.528600067151252, 0.03815946918958387, 0.750128669445642, 0.23085572187874281, 0.47626329452802674, 0.16503598754008333, 0.5880836781068173, 0.05584188979733425, 1.0, 0.0], "low_L2": [0.30313909778773623, 0.0, 1.0, 0.16652286682804246, 0.3224422358471191, 0.12029689147746546, 0.2780147776544512, 0.20058404502523325, 0.6541897327145979, 0.018232773440835154], "low_cosine": [0.5939569823979529, 0.968189278170809, 0.0, 1.0, 0.8413411263902586, 0.9392549378032132, 0.6827070647285076, 0.9437246974521287, 0.629498067825941, 0.9113094663446226], "mid_L2": [0.15220726814648403, 0.0, 1.0, 0.2891499620170006, 0.2400214384709139, 0.0699383328433588, 0.21043865522556202, 0.07439205984493014, 0.5467343215949073, 0.04473333236136314], "mid_cosine": [0.6565661461155435, 1.0, 0.05162514309420809, 0.2865475450801279, 0.605094153807978, 0.8240709417707139, 0.5490983974418002, 0.9095838466631061, 0.0, 0.9509282585495458], "high_L2": [0.3418832683150375, 0.0033784216023578727, 0.559143823029271, 0.46498404202112686, 0.15723668753300346, 0.0, 0.17283947924881188, 0.0654563551604056, 1.0, 0.30826014413358177], "high_cosine": [0.6050793121958828, 0.9902099594147051, 0.49327739301704066, 0.4155227668823564, 0.7780646495718068, 0.9999687340476, 0.7683190395504488, 1.0, 0.0, 0.8404912374794972], "clip_cosine": [1.0, 0.1559163843252573, 0.0, 0.5429904749728313, 0.28600652048839736, 0.7775362782075049, 0.29246308252892667, 0.7832257239659912, 0.16748705491274052, 0.401329668222208], "dino_cosine": [0.45810316710237536, 1.0, 0.5091543942671409, 0.27250253192252427, 0.3981016783995994, 0.6876588795481562, 0.5256564389778476, 0.6991940704517311, 0.0, 0.36537277343071556], "clip_L2": [0.0, 0.8381455337219867, 1.0, 0.4495536394462782, 0.6795412167126947, 0.3381760627181611, 0.6904036427844955, 0.26284172265709926, 0.9051086518414311, 0.624276505588328], "dino_L2": [0.14789135639708234, 0.0, 0.496134684618603, 0.7458665441093574, 0.7706727076804962, 0.3244701980579195, 0.47319694471531454, 0.34378299561872466, 1.0, 0.7620215052446419], "rcnn_confidence": [0.7162869972289861, 0.8905008705436347, 0.45285638730913985, 0.3441367286242294, 0.8566332343241518, 0.7176522365752996, 1.0, 0.23983032825715386, 0.0, 0.7867653554187981], "yolo_confidence": [0.0, 0.0, 0.0, 0.0, 0.0, 0.0, 0.0, 0.0, 0.0, 0.0]}