{"pixel_L2": [1.0, 0.0, 0.8033511012153641, 0.8018427978514372, 0.5396288752879371, 0.5655111558015812, 0.6836410648416538, 0.37505963954627775, 0.48951113528044693, 0.6861600340650827], "pixel_cosine": [0.0, 1.0, 0.2028773601935088, 0.21838333513845265, 0.45893353550669697, 0.4476334885735947, 0.3137297375356511, 0.6902776273511679, 0.5267518682984945, 0.3408065273114553], "low_L2": [0.5068238437375889, 0.6421995161930895, 0.0, 0.7344297216305015, 0.28763042928837057, 0.47665812181824746, 0.2277141928728743, 0.40132505325486517, 0.1661912842546124, 1.0], "low_cosine": [0.5435313210414802, 0.007290103619935729, 1.0, 0.4687175986450196, 0.5386562252461699, 0.3248668525686023, 0.6230333786281468, 0.6296537200780531, 0.8135034357511318, 0.0], "mid_L2": [0.5423981116226648, 1.0, 0.0, 0.7098852725706812, 0.4718710459441355, 0.27129475060872527, 0.9175429829131623, 0.7941711235632489, 0.4477878552669353, 0.902114855022382], "mid_cosine": [0.43590871440404444, 0.0, 0.5236182913941333, 0.8533203850218503, 0.6801062523206992, 0.5623661135071835, 0.2692182456942104, 0.29237668161434976, 1.0, 0.4817343120733484], "high_L2": [0.0, 0.5243000009656269, 0.5626225139130743, 0.3665262215984988, 0.32080700658879424, 0.6621239285564844, 0.22874413784002137, 0.9296572990128075, 1.0, 0.7839763872035123], "high_cosine": [0.9316985968238076, 0.4652967268340521, 0.07362332399159106, 1.0, 0.6216867931289639, 0.1962901110203836, 0.6489460791353623, 0.0, 0.492700994492065, 0.48398568237802736], "clip_cosine": [0.868615619954109, 0.23888841675873204, 0.6717940001699668, 0.4176935497577972, 0.5281720064587405, 0.34800713860797144, 0.046146001529701705, 0.4050310189513045, 1.0, 0.0], "dino_cosine": [1.0, 0.056113741933296414, 0.7323267142098303, 0.3595574191069269, 0.32304110486997206, 0.5290627366327234, 0.4799900543619534, 0.0, 0.7007493134119189, 0.6402617511104078], "clip_L2": [0.16873316319296752, 1.0, 0.3317311782220332, 0.8900361548277329, 0.6770416843896214, 0.590681270381398, 0.8937615199206012, 0.7296327803771445, 0.0, 0.9719339288246136], "dino_L2": [0.49749661764835923, 1.0, 0.0, 0.6489888316075234, 0.8618231980687435, 0.7250382448911016, 0.7628321557738732, 0.7382192471283171, 0.6087330992952329, 0.8140316747283065], "rcnn_confidence": [0.0, 0.0, 0.0, 0.0, 0.0, 0.0, 0.0, 0.0, 0.0, 0.0], "yolo_confidence": [0.0, 0.0, 0.0, 0.0, 0.0, 0.0, 0.0, 0.0, 0.0, 0.0]}