{"pixel_L2": [0.26880539323503, 0.408071632156383, 0.42045368767651004, 1.0, 0.0, 0.31636321043247395, 0.7421554719731379, 0.5639991150096958, 0.4937230761221807, 0.5009175267123912], "pixel_cosine": [0.7452996844790074, 0.5101735617392251, 0.3511634773617971, 0.18073074702189904, 1.0, 0.6832092646879506, 0.0, 0.9575039276367568, 0.6140526257977461, 0.4667473524352356], "low_L2": [0.1170154918915461, 0.23566760136900128, 0.41160132635327484, 1.0, 0.0, 0.19524261389685577, 0.631425190050218, 0.17579511893465258, 0.26130438954697144, 0.4096768346643068], "low_cosine": [0.8704582014425821, 0.8168750972964558, 0.5839032743500596, 0.0, 1.0, 0.8450832857661772, 0.5488298479580717, 0.9123449743137356, 0.7376783768356598, 0.6399045197446941], "mid_L2": [0.2805440427655507, 0.12314042596383198, 0.5198687259993572, 1.0, 0.39237054455026815, 0.0, 0.7994789640180671, 0.5553228562245192, 0.33794596789200343, 0.09006479116268841], "mid_cosine": [0.6736912200592806, 0.7072243250821116, 0.4907949811743972, 0.0, 0.3387156532884723, 0.9246600376512056, 0.2715918649363134, 0.3456225466634623, 0.6400980333253224, 1.0], "high_L2": [0.29961180681813887, 0.8347287372570957, 0.6940909211177847, 1.0, 0.6382092463306862, 0.7143283728771276, 0.19614150340755748, 0.0, 0.676117614596366, 0.9890875003307391], "high_cosine": [0.5338974303521223, 0.0, 0.26438668580303953, 0.08688044354442326, 0.19641979434952717, 0.16987790731966262, 0.7236964984369778, 1.0, 0.05250624225861628, 0.21087283487014136], "clip_cosine": [0.5073672279792746, 0.5911188471502591, 0.3098688471502591, 0.0, 0.36730893782383417, 0.5284569300518135, 1.0, 0.47939604922279794, 0.43284488341968913, 0.7088325777202072], "dino_cosine": [0.9146548792927576, 0.9602176130567834, 0.9286169670180211, 0.0, 0.9364586875212513, 1.0, 0.3842443046582795, 0.5739756885413125, 0.8840530431825909, 0.6569619177150628], "clip_L2": [0.6427631000155006, 0.5867516242316819, 0.7828354920567939, 1.0, 0.7392972472514979, 0.6357099412995301, 0.0, 0.6526282675534895, 0.7098617017994799, 0.4638009325502542], "dino_L2": [0.24821027097384926, 0.2419092415098805, 0.2981668077514723, 1.0, 0.5385775920919691, 0.3202408909277919, 0.0, 0.5195891701482755, 0.3083112603879377, 0.26228689367667], "rcnn_confidence": [0.0, 0.0, 0.0, 0.0, 0.0, 0.0, 0.0, 0.0, 0.0, 0.0], "yolo_confidence": [0.0, 0.0, 0.0, 0.0, 0.0, 0.0, 0.0, 0.0, 0.0, 0.0]}