{"pixel_L2": [0.08826200843783123, 0.034106634419916425, 0.09308008550212485, 0.29385543921443963, 0.1152595275830563, 0.044125038775382965, 0.08342907549480467, 1.0, 0.07441956234427306, 0.0], "pixel_cosine": [0.4610431649923588, 0.0, 0.446520752560152, 0.929757366049255, 0.34226493260929247, 0.3744548039643147, 0.5687342154339718, 1.0, 0.006402153918878647, 0.5018729835759771], "low_L2": [0.0, 0.10809090407100866, 0.37687501714952115, 1.0, 0.06648431037545519, 0.13109778246733728, 0.33789693864621356, 0.4655846303250923, 0.13756949258320234, 0.07312971152241517], "low_cosine": [1.0, 0.9745103724157659, 0.43775081477555766, 0.0, 0.8849380027729256, 0.7357584513157168, 0.38563770173513884, 0.07637186916359319, 0.874601343444182, 0.8619324774332533], "mid_L2": [0.05245500956202042, 0.09039165881669975, 0.32411390691524805, 1.0, 0.04628428483364394, 0.14434572335818377, 0.37609361083264276, 0.29629175444606914, 0.014289047788472307, 0.0], "mid_cosine": [0.7309768246682257, 0.8331692260168017, 0.5020356547278594, 0.0, 0.7291396673930829, 0.7909375354459737, 0.20519689257969462, 0.49452110830358886, 0.9382443654476872, 1.0], "high_L2": [0.39461381765805253, 0.37220570517749685, 0.2926675736340231, 1.0, 0.35241202468528543, 0.0, 0.702845739795839, 0.5896427233510887, 0.05872105150101022, 0.16093149905930673], "high_cosine": [0.2939885963991804, 0.4866676860498913, 0.29566335517838865, 0.1803007518714073, 0.16272140912655308, 1.0, 0.0, 0.1317583329478021, 0.8214085806518601, 0.6390669853332884], "clip_cosine": [0.5092539039907461, 0.5435222672064778, 0.1825477154424523, 0.09933487565066512, 0.43384904569115096, 1.0, 0.27703875072296125, 0.20445344129554655, 0.6599913244650086, 0.0], "dino_cosine": [0.2626394612523872, 0.5099522717373758, 0.5941026507917653, 0.0, 0.38344344033358, 0.18739510899526982, 0.35095349920960534, 0.43998026297754916, 1.0, 0.5965240910461536], "clip_L2": [0.5998957179935704, 0.4908507028599127, 0.81724000830041, 0.827814925174722, 0.5651760513717562, 0.0, 0.6272623480757478, 0.7725574179240221, 0.3792987450493404, 1.0], "dino_L2": [0.37991460617316464, 0.3388574829177697, 0.14591187232332192, 1.0, 0.5024393286302338, 0.458952838491497, 0.28334196684730634, 0.38328860653352, 0.0, 0.2694496611273579], "rcnn_confidence": [0.5052220996846085, 0.6250097918215654, 0.0, 1.0, 0.39928904113116503, 0.7097494834767966, 0.4656744156184268, 0.6973323459205486, 0.1704365323298499, 0.7842244412039457], "yolo_confidence": [0.0, 0.7057998066360379, 0.0, 1.0, 0.9134331524492142, 0.0, 0.0, 0.0, 0.7541160991772954, 0.578119932108346]}