{"pixel_L2": [0.3080216936036175, 0.0, 0.586386581352514, 0.647241435564012, 0.07430264952537795, 0.04256535330520581, 1.0, 0.09322368670268871, 0.12791616907253672, 0.21525462141159774], "pixel_cosine": [0.4857997361703183, 0.7562783566321964, 0.07580991208505733, 0.0, 0.8372323600615907, 1.0, 0.0636128478919408, 0.596813809479984, 0.7829286139020357, 0.8565737779927405], "low_L2": [0.8127832702827396, 0.04840685723348043, 0.8309798122533536, 1.0, 0.05961221941728903, 0.0, 0.624673681629244, 0.2432519242882869, 0.0573659246639793, 0.10237373499642866], "low_cosine": [0.13438564887468388, 0.8024104740388376, 0.0, 0.09624719549319927, 0.816350851342153, 1.0, 0.5222823876618026, 0.2697841496834749, 0.8252031914417916, 0.9362861480609245], "mid_L2": [0.6791282623931767, 0.0, 1.0, 0.805686637514752, 0.1198578613728483, 0.10904367086079625, 0.6057819177790379, 0.24505070063937803, 0.17324860638531395, 0.2249776649541709], "mid_cosine": [0.4755577625893041, 1.0, 0.0, 0.1873890696275687, 0.9679171364644112, 0.928251373585623, 0.512294481792066, 0.6350471290515745, 0.8730804427899249, 0.8049949633146775], "high_L2": [0.0, 0.030337830885108535, 0.8584481223218902, 0.3903707463073368, 0.20885921574655505, 0.4804819549550351, 0.2015644035778848, 1.0, 0.35090368142038114, 0.23976077564030088], "high_cosine": [1.0, 0.6568644012554168, 0.3434487929749087, 0.5105419093825465, 0.5352167518273233, 0.5064913411926367, 0.7599438589211089, 0.0, 0.5613171200997404, 0.3864435874668121], "clip_cosine": [0.43515636579220396, 0.1282051282051282, 0.9121831925300133, 0.8450422409959982, 0.6702979101823032, 0.4525715132651549, 1.0, 0.0, 0.5767007558915074, 0.38461538461538464], "dino_cosine": [0.4538697446466519, 0.9410601675401963, 0.8691825635918093, 0.9095958425575765, 1.0, 0.9116494179481996, 0.8762874906935809, 0.0, 0.9227480931085659, 0.3636973232026901], "clip_L2": [0.7006093370510259, 0.86318098658672, 0.04807314791060809, 0.2115583036685686, 0.3991391756534831, 0.6983993822987649, 0.0, 1.0, 0.45194432948892965, 0.7407889422989896], "dino_L2": [0.6874671213806985, 0.05917390865979053, 0.024967408819872042, 0.37774884714780743, 0.012219260370363165, 0.08623104449204634, 0.42325374068918187, 1.0, 0.0, 0.6252267231757341], "rcnn_confidence": [0.0, 0.0, 0.0, 0.0, 0.0, 0.0, 0.0, 0.0, 0.0, 0.0], "yolo_confidence": [0.0, 0.0, 0.0, 0.0, 0.0, 0.0, 0.0, 0.0, 0.0, 0.0]}