{"pixel_L2": [0.6582304345652552, 0.23005406805999237, 0.2344247162641428, 0.23469044469025457, 0.0, 0.23466763175701127, 0.6636596310360099, 0.4124109397872342, 1.0, 0.053897244634207996], "pixel_cosine": [0.5046766622558124, 0.6605100798329407, 0.877299289787087, 1.0, 0.9406979007452181, 0.7213979742259252, 0.5704969679778019, 0.8321275154317029, 0.0, 0.9551571536561556], "low_L2": [0.9530505189380152, 0.34093591239136267, 0.046935456805695955, 0.040156147528690955, 0.08607026557726027, 0.0, 0.620784677405626, 0.21799863324299984, 1.0, 0.05945093010002618], "low_cosine": [0.4017362319847611, 0.3741077079993769, 0.43612794106921116, 0.47425700908668184, 1.0, 0.8420940254025826, 0.0, 0.34162269965540415, 0.23119994680472894, 0.7868167300968122], "mid_L2": [0.8349826397782572, 0.4768119318467822, 0.020971397321523363, 0.0, 0.1407871442149398, 0.06810792960405213, 0.9957283594141283, 0.3237334269388056, 1.0, 0.010438108949701758], "mid_cosine": [0.297831485467322, 0.5521878021472622, 0.638830423403265, 0.9025078879979014, 0.9997860928827319, 0.7709179299546893, 0.0, 0.3191848395475242, 0.22187010718600622, 1.0], "high_L2": [0.4820269432049111, 0.5869877082877086, 0.21681565286958313, 0.11667719168804601, 0.2749307247936786, 0.21240279227075062, 0.5674169048074915, 0.647850588377164, 1.0, 0.0], "high_cosine": [0.4963963858470283, 0.2651925218171367, 0.7782136651313254, 0.855311284631093, 0.8390787545050905, 0.8323205715196315, 0.16157057928373708, 0.0, 0.019536577083313182, 1.0], "clip_cosine": [0.20402644230769232, 0.8247596153846154, 0.9831129807692308, 0.9206129807692308, 0.0, 0.6346153846153846, 0.6058293269230769, 0.4793269230769231, 0.25234375, 1.0], "dino_cosine": [0.09184856971424062, 0.6304542997905156, 0.8540442999245141, 0.8605834297378542, 0.7016000917145712, 0.9228212950514331, 0.04160804229590158, 0.6552753000451128, 0.0, 1.0], "clip_L2": [0.9552225946665734, 0.245718099886033, 0.001179876900307821, 0.039299473817981136, 1.0, 0.513343857292812, 0.5453685404132967, 0.7829533874433336, 0.9872149687847173, 0.0], "dino_L2": [0.9072167198406962, 0.43103294925419816, 0.21749422828454779, 0.17651244388541432, 0.2977795003450801, 0.14612192596038703, 0.957505083529343, 0.40195223319408396, 1.0, 0.0], "rcnn_confidence": [0.4551870898456839, 0.8745997102561269, 0.6752175005314174, 1.0, 0.7728420511938274, 0.3208182526794643, 0.0, 0.22614164141617762, 0.5809549576181493, 0.8642586586320598], "yolo_confidence": [0.0, 0.8047112537480878, 0.0, 0.730941721559921, 1.0, 0.0, 0.0, 0.0, 0.0, 0.44018662485253923]}