{"pixel_L2": [0.2412657389588655, 0.0, 0.42346768662091916, 0.16889219603568162, 0.11996746851630773, 0.33390401248965057, 1.0, 0.0027783651774535385, 0.18964914896469892, 0.4650160087745385], "pixel_cosine": [0.6466204276743887, 0.0, 1.0, 0.6377064968519855, 0.3345872910326392, 0.7986228797590793, 0.6805496421530778, 0.40922714109369007, 0.6599286818537359, 0.5636428196964037], "low_L2": [0.2371958398744113, 0.05228774201988488, 0.875876037228078, 0.0, 0.3717282929655379, 0.459444732563355, 1.0, 0.015957894146669656, 0.2906913452194064, 0.7302085669432609], "low_cosine": [1.0, 0.07846110885619106, 0.6105819933811291, 0.5094572802364763, 0.6948036209945483, 0.550250603430352, 0.0, 0.1805465554189125, 0.6951791804216115, 0.9512112398046412], "mid_L2": [0.6348332322443622, 0.0074227322923801665, 1.0, 0.343047072725421, 0.5308608804561947, 0.6881065451735175, 0.7506236442171692, 0.0, 0.5553742146694046, 0.748648823812725], "mid_cosine": [0.40124013297627625, 0.914676257689449, 0.0, 0.6685619234552092, 0.6183639989568619, 0.3232078691138141, 0.28943984720981997, 1.0, 0.4558961858235237, 0.32005509371318563], "high_L2": [0.7357006457088461, 0.35420026149487904, 0.6764362147469349, 1.0, 0.0, 0.3407811586058194, 0.7242608182037137, 0.5630859262997328, 0.20429086717665815, 0.09873897535296074], "high_cosine": [0.509253151152511, 0.16066128133283183, 0.6269510643458449, 0.05785253345262681, 0.6856306049934615, 0.4919207078985848, 0.5341664030728491, 0.0, 0.5867175177314702, 1.0], "clip_cosine": [0.8305619869501157, 0.0, 0.582193222479478, 0.8391215884375219, 0.8976355854907738, 0.5990317827825721, 0.8965130148039009, 0.4488177927453869, 1.0, 0.55644425734933], "dino_cosine": [0.0, 0.19485223168748106, 0.5988131668182946, 0.5125196427094533, 0.5360047418189838, 0.298679458550437, 1.0, 0.30411394149918675, 0.8980715683841977, 0.6620661373473382], "clip_L2": [0.39195485072251574, 1.0, 0.5262853565896407, 0.26457763065758483, 0.2521119793324421, 0.5000576898593163, 0.2200808453752626, 0.6540000954866637, 0.0, 0.5165589789292762], "dino_L2": [0.4583844826588251, 1.0, 0.23692651648502663, 0.4550025016858415, 0.055854885886550236, 0.7069423291281101, 0.39124555546835854, 0.6521772479041057, 0.08795813786508368, 0.0], "rcnn_confidence": [0.2216793199934211, 0.09917397100300267, 0.8803709296665774, 0.10211054657044885, 0.45100954515790403, 0.7412334768568157, 1.0, 0.0, 0.3049571871460182, 0.9681350810958941], "yolo_confidence": [0.8245926826807959, 0.0, 0.6010893097907719, 0.0, 0.0, 0.6384028340634785, 0.6894241002815231, 0.0, 1.0, 0.9765874050239117]}