{"pixel_L2": [0.11202764510303624, 0.3047037180807075, 0.25677203760274087, 0.4963755885976608, 0.0, 0.5148562893453275, 0.8805674165836863, 1.0, 0.4149676798703819, 0.2703625255269953], "pixel_cosine": [1.0, 0.0, 0.11851832364315593, 0.009681408013469785, 0.361711083633685, 0.1159401225960906, 0.48954250085501566, 0.510852121754229, 0.4579726921154403, 0.5360553523979901], "low_L2": [0.24391979666760802, 0.25822084157017794, 1.0, 0.0, 0.7431742445636825, 0.05896639367410336, 0.8351821519344818, 0.19867269133013274, 0.6926517932787348, 0.617390567636261], "low_cosine": [0.9791385469942047, 0.8010525573398121, 0.48673724248459954, 0.8867090316131998, 0.40962428469633183, 1.0, 0.5956020224276427, 0.33902901099008, 0.47325195956117505, 0.0], "mid_L2": [0.2092898860480267, 0.28908369812442136, 1.0, 0.13086304047180916, 0.5861680363000469, 0.299255940475238, 0.24382750620049604, 0.1900974935137668, 0.28175282594036094, 0.0], "mid_cosine": [0.25581450192380606, 0.6669611483697989, 0.476291199471747, 0.4315783554134142, 0.0, 0.7776657094499602, 0.462803695594203, 1.0, 0.9076899633742161, 0.8714124781633049], "high_L2": [1.0, 0.34313688119322955, 0.1337372283873263, 0.13708846143461362, 0.2181287413499275, 0.0, 0.569854944021702, 0.5291215798760838, 0.18622929104744299, 0.03544286306480586], "high_cosine": [0.0, 0.4623127213761307, 0.6133531677185075, 0.852519436437781, 1.0, 0.9616692490303254, 0.3085108064189201, 0.4395201269767106, 0.6650817481285021, 0.7816344128873116], "clip_cosine": [0.485256950294861, 0.33108677337826453, 0.12468407750631845, 0.0, 0.02106149957877001, 0.45998315080033697, 0.11878685762426285, 0.7468407750631845, 0.8719460825610783, 1.0], "dino_cosine": [0.5899860917941585, 0.7903415237212177, 0.5440581053932931, 0.5006181424818421, 1.0, 0.7825992891361458, 0.0, 0.7639391129655385, 0.2968011126564673, 0.9033920568691083], "clip_L2": [0.4021618990532791, 0.7528918136485953, 0.8631994660613094, 1.0, 0.7018679351961672, 0.27887987654793334, 0.8167859101401589, 0.5858765564355342, 0.17267347693563403, 0.0], "dino_L2": [0.40747935475589403, 0.8013492504956284, 0.9254460656369005, 0.812825011053585, 0.0, 0.7466375707786003, 1.0, 0.5310427452826152, 0.7300158315861538, 0.13276567826223382], "rcnn_confidence": [0.0, 0.0, 0.0, 0.0, 0.0, 0.0, 0.0, 0.0, 0.0, 0.0], "yolo_confidence": [0.0, 0.0, 0.0, 0.0, 0.0, 0.0, 0.0, 0.0, 0.0, 0.0]}