{"pixel_L2": [0.0, 0.3225530339131728, 0.9382624241559647, 0.5849134490179355, 0.24255218403503925, 1.0, 0.4816562910711196, 0.4217975529580312, 0.46928449366992553, 0.003514853138023244], "pixel_cosine": [0.0, 0.43607601681724234, 0.4256815681282938, 0.26515075327856674, 0.11694767952376163, 1.0, 0.765145499766594, 0.3179035185021187, 0.8157518300984208, 0.32486517236772783], "low_L2": [0.35197056055495046, 0.16857889115653452, 1.0, 0.36716507872725157, 0.8142703057091797, 0.4755443230725306, 0.2502109615404951, 0.0, 0.32414690113887507, 0.13605486057504204], "low_cosine": [1.0, 0.6606610993754894, 0.40713613540494475, 0.7004165597299271, 0.7088734461269158, 0.0, 0.4708974131180121, 0.7918379299679519, 0.6511052323324055, 0.703273909409775], "mid_L2": [0.20096566915204458, 0.0619526783471557, 0.7870267995731991, 0.0, 0.27366780380041694, 0.6479944867977269, 1.0, 0.15385870486978065, 0.30387019070784965, 0.011466516098421824], "mid_cosine": [0.052392816734102614, 0.29756909549571986, 0.07501685493277971, 0.36199531272345553, 0.45809421056164623, 0.41122339085251425, 1.0, 0.0, 0.4617346814685243, 0.5077338117248069], "high_L2": [0.7268770725974754, 0.0, 0.37905216022909166, 0.6408798957200651, 0.8463951155926869, 0.6458372449565388, 1.0, 0.04325726211139853, 0.05701627010124069, 0.5349371551299109], "high_cosine": [0.5040345148929847, 0.7176763138560935, 0.4044222727443173, 0.0, 0.6704572126154629, 1.0, 0.35732330421908876, 0.7118780007138522, 0.5088405179178292, 0.2984999381976204], "clip_cosine": [0.5903363772974223, 0.9016298693792625, 0.5295341579008207, 0.7708935383192694, 0.0, 0.9107617616460525, 0.3581088891457635, 0.10773321003352214, 0.3307132123453936, 1.0], "dino_cosine": [0.9094319214294986, 0.637779604551551, 0.5425647903777095, 1.0, 0.0, 0.790420975208757, 0.1729156751611647, 0.5310344827586206, 0.6464889888807165, 0.5662916973132004], "clip_L2": [0.5848306616329864, 0.04157702487708565, 0.5437146246616806, 0.30608273352592213, 1.0, 0.19495212570637227, 0.6732492008345432, 0.801111514071098, 0.6813760507895977, 0.0], "dino_L2": [0.01340546095984516, 0.5333574887031336, 0.30254408354988543, 0.0, 1.0, 0.3300077389496876, 0.8304196880110899, 0.5210213259605606, 0.29186494840443783, 0.5121269187748766], "rcnn_confidence": [0.22938805747898786, 0.3111203221820149, 0.2658052592563165, 0.3380557736456415, 0.12453542524518105, 0.17361537645143438, 0.0, 1.0, 0.9176114881759289, 0.5628869709664059], "yolo_confidence": [0.6153784387411145, 0.0, 0.0, 0.0, 0.0, 0.0, 0.0, 0.8440309603080779, 0.0, 1.0]}