{"pixel_L2": [1.0, 0.29419376382685647, 0.6429257181020758, 0.857566234742008, 0.46760565060018244, 0.6843272768472084, 0.3441344313323276, 0.0, 0.015688823427688896, 0.4410163447605531], "pixel_cosine": [0.0, 0.8294131818964033, 0.5193598347960764, 0.07814145585957666, 0.520468077783514, 0.41169506109103426, 0.7861228704181724, 0.9792187231113406, 1.0, 0.4861469626570298], "low_L2": [0.5440347891851012, 0.29778786159954623, 0.0, 0.6617886178861788, 0.6346379277746266, 0.6295897145017961, 0.061996596710153146, 0.8427491019096237, 0.5665154093401399, 1.0], "low_cosine": [0.5717846883298796, 0.4602726159669252, 1.0, 0.27447794958062993, 0.0, 0.28325199171095516, 0.7094153917116335, 0.10378772719410406, 0.31505831838207615, 0.026525621763151735], "mid_L2": [0.28348383588305165, 0.4884082029852455, 0.5873105599839719, 0.3261516664997066, 0.14870415158063455, 0.56718949010404, 0.0, 0.6996365041429942, 0.1842093965110122, 1.0], "mid_cosine": [1.0, 0.0, 0.41544138138606795, 0.28403766335588826, 0.34964012470227146, 0.10248364118742127, 0.8450436792372205, 0.17144704426633373, 0.5147220023706809, 0.3012511100954589], "high_L2": [0.2576833886165497, 0.2767458244048493, 0.20952534711010656, 0.7505856107083101, 0.0, 1.0, 0.6450113012592832, 0.4864561012123169, 0.567003258285144, 0.31456541521120146], "high_cosine": [0.7192895464187281, 0.2651778660735998, 0.5770614768419275, 0.4349353424352226, 1.0, 0.0, 0.07672435650184412, 0.5144141081730842, 0.3445011374841968, 0.8541912416092453], "clip_cosine": [0.12744630071599045, 0.5436754176610978, 0.0, 0.002386634844868735, 0.6085918854415274, 0.3088305489260143, 0.3470167064439141, 0.40190930787589496, 1.0, 0.04009546539379475], "dino_cosine": [0.46372016229838037, 0.7479361768972133, 0.8538980354409396, 1.0, 0.1403733932259811, 0.7687381768838444, 0.4787200620316709, 0.0, 0.946176830368781, 0.4024572028261843], "clip_L2": [0.8552176194733538, 0.2941256113676621, 1.0, 0.7050463637960687, 0.29894493970524555, 0.44380340900063, 0.427342499046093, 0.49661796612483255, 0.0, 0.7039441956018454], "dino_L2": [0.6786675066004099, 0.054516493599673616, 0.26364592728528935, 0.0, 0.8158169111176069, 0.08877297247445419, 0.09122243185829088, 1.0, 0.49682289330079893, 0.7354959021966977], "rcnn_confidence": [0.0, 0.0, 0.0, 0.0, 0.0, 0.0, 0.0, 0.0, 0.0, 0.0], "yolo_confidence": [0.0, 0.0, 0.0, 0.0, 0.0, 0.0, 0.0, 0.0, 0.0, 0.0]}