{"pixel_L2": [0.1355712335519521, 0.0, 1.0, 0.23349366209620287, 0.07932309772977734, 0.20634922757027258, 0.4495443016888465, 0.06897447926352425, 0.1594597156436121, 0.09542825721248813], "pixel_cosine": [0.7845483551669054, 1.0, 0.0, 0.7268738440947152, 0.8774659896089277, 0.6880970281421374, 0.528729452711661, 0.8827175271992126, 0.7553267895618865, 0.7980972101469058], "low_L2": [0.06703069323517294, 0.0, 1.0, 0.4741717716412437, 0.05722461435369437, 0.29347423515935217, 0.508380308154829, 0.11434871390862208, 0.1008942194935322, 0.23222269008389818], "low_cosine": [0.8798092086428679, 0.9484373256214548, 0.0, 0.5660418557031186, 1.0, 0.48248572218798674, 0.5314245301787092, 0.672629300933092, 0.9034033839748846, 0.350123005109443], "mid_L2": [0.21386651494209274, 0.0, 1.0, 0.7901430751237791, 0.9750267481611538, 0.5317084244494955, 0.8113682319010496, 0.5517161447781939, 0.7546324366832472, 0.18391432159287813], "mid_cosine": [0.8184561003467912, 1.0, 0.2957354543819004, 0.4645560955905617, 0.0, 0.5535575562355202, 0.19377843828861213, 0.462368230041586, 0.44672850684035403, 0.4247285330340815], "high_L2": [0.2947488727237357, 0.3498050156970056, 0.40401650791004023, 0.1519790733059591, 0.9395568511499062, 0.637507357195958, 0.22847058660052386, 0.5994236325540909, 0.0, 1.0], "high_cosine": [0.5919768547398901, 0.7077194567081373, 0.5437889411631269, 0.7712977467994689, 0.051106786005300484, 0.42397649473108284, 0.44705976352839855, 0.42875143297510776, 1.0, 0.0], "clip_cosine": [0.0, 0.6134044890911945, 0.7359912101710877, 1.0, 0.40480301365562704, 0.4325851514675875, 0.5561136399309371, 0.3752943023073301, 0.9502432899073928, 0.2029508711348297], "dino_cosine": [0.3210782914241792, 0.0, 0.13726364335126826, 0.37156912265290437, 0.2674865488086088, 0.1345163061381355, 0.3861315471615241, 0.32908751509827605, 1.0, 0.3942769298341935], "clip_L2": [1.0, 0.027397399379547403, 0.47641605575224255, 0.0, 0.26467373289203877, 0.4734973028372977, 0.4067917581496963, 0.9350816837374544, 0.07155586793368396, 0.7137779789376871], "dino_L2": [1.0, 0.9135989871873024, 0.6780783295903217, 0.7634669867508239, 0.9263659802796318, 0.7562908020176271, 0.8562626365923149, 0.8314764910107731, 0.0, 0.8472399882767845], "rcnn_confidence": [0.6084194880849938, 0.0, 1.0, 0.7986331724888192, 0.9666904009216037, 0.0, 0.0, 0.0, 0.0, 0.0], "yolo_confidence": [0.0, 0.0, 0.0, 1.0, 0.8771687088461849, 0.0, 0.0, 0.0, 0.6356591792453838, 0.672666047597705]}