{"pixel_L2": [0.39741788748411266, 0.0230740802882807, 0.01476166507107773, 0.5792678714185608, 0.12854744382265823, 0.1057475197090874, 0.3063914577322459, 1.0, 0.248184811967246, 0.0], "pixel_cosine": [0.423786798856123, 0.213947448300731, 0.2537480686234906, 0.46228880383605037, 0.11647598246298718, 0.020047516997254423, 1.0, 0.6016902539945544, 0.2096202520089739, 0.0], "low_L2": [1.0, 0.2011233567673931, 0.24456744582013643, 0.0447139767952354, 0.670537680561053, 0.5293982210201598, 0.2718853107316529, 0.2954233586860819, 0.17307923260975078, 0.0], "low_cosine": [0.533414315852457, 0.7327086847304107, 0.40360759069268426, 0.6685261697331704, 0.0, 0.44291506120112034, 0.9058616901103322, 1.0, 0.8649500435861329, 0.9048739097019122], "mid_L2": [1.0, 0.4620594447144434, 0.6700938087059067, 0.0, 0.6073567840004991, 0.6135670954115942, 0.48689364690777404, 0.37085279086685763, 0.23638123584392115, 0.3089629927019785], "mid_cosine": [0.0, 0.31161286821565204, 0.08985682889107961, 0.7188763374243671, 0.03776895457053189, 0.025662268127018006, 0.0738149719174799, 1.0, 0.25023741260954896, 0.39477059158700156], "high_L2": [0.6211991526872299, 1.0, 0.894645545467092, 0.3545672209483268, 0.5279567632449598, 0.7263408927171872, 0.05857562317119339, 0.2672966645606243, 0.0, 0.6231363740533888], "high_cosine": [0.6188990026061374, 0.0, 0.13319160686295206, 0.40073900230984516, 0.4976475628108754, 0.44627624398516397, 0.9854397039052556, 1.0, 0.8746490274000395, 0.2991979944305283], "clip_cosine": [0.6929396662387677, 0.5984595635430039, 0.4498074454428755, 0.7318356867779204, 0.1301668806161746, 0.23286264441591784, 0.0, 0.8421052631578947, 0.4020539152759949, 1.0], "dino_cosine": [0.476691691076417, 0.0, 0.8133173380584393, 0.011123215898059795, 0.9372114809900679, 0.2636337816814538, 0.5166954214232121, 0.26050961624057345, 1.0, 0.724899640954121], "clip_L2": [0.27934644840150724, 0.2588996382025508, 0.43415104132039983, 0.38495613179120836, 0.7088538505585663, 0.38913599680880495, 1.0, 0.3061751125389517, 0.5138553196234904, 0.0], "dino_L2": [0.14467488013339988, 0.879634199542124, 0.31824405771999015, 1.0, 0.18701207403016107, 0.8894979464987977, 0.0, 0.5852254452548323, 0.15360116353634012, 0.23026009670039463], "rcnn_confidence": [0.0, 0.0, 1.0, 0.0, 0.0, 0.0, 0.0, 0.0, 0.0, 0.0], "yolo_confidence": [0.0, 0.0, 0.0, 0.0, 0.0, 0.0, 0.0, 0.0, 0.0, 0.0]}