{"pixel_L2": [0.017034405175539027, 0.19142293686674583, 0.10712296888372852, 1.0, 0.0873549736576226, 0.0, 0.05957120913318691, 0.055311206317685706, 0.014097750215211431, 0.01567056891811252], "pixel_cosine": [0.016345495232733268, 0.5453932004203244, 0.7097099396139439, 1.0, 0.3653762898855897, 0.25463159627724335, 0.5396493096558747, 0.3744372470787661, 0.0, 0.3676232365381371], "low_L2": [0.023527283018692845, 0.8271344452371375, 0.20736293358163385, 1.0, 0.13126177515122336, 0.04888148777596993, 0.049731243716499146, 0.04287466617368212, 0.0, 0.07342590831272588], "low_cosine": [0.34208081057215267, 1.0, 0.4162346565230839, 0.0, 0.24524634964892925, 0.14579245971111102, 0.08967257796791134, 0.1870425314288616, 0.2845991159097339, 0.27349555943472564], "mid_L2": [0.08711502206561382, 1.0, 0.3036500823470834, 0.7729348330290534, 0.2245639009111375, 0.08599365480613326, 0.14429996467799525, 0.0361965435503296, 0.042240117286078446, 0.0], "mid_cosine": [0.5030180899044492, 0.0, 1.0, 0.5973317817989069, 0.4221189936490961, 0.3099535109074147, 0.4705388769630784, 0.5911056287467304, 0.798378342843211, 0.5497421902620855], "high_L2": [0.3020471004677539, 0.6675344494410431, 0.5827563164833577, 0.48557909374943564, 1.0, 0.46141391703238155, 0.9014529266222391, 0.32896732946849433, 0.0, 0.4421059760524462], "high_cosine": [0.5378610206478744, 0.10136343074429498, 0.28636079613583343, 0.16238313271916632, 0.0, 1.0, 0.7008498072868763, 0.5405482099963778, 0.8026906390998152, 0.7284784204145155], "clip_cosine": [1.0, 0.956451088722782, 0.5576860578485537, 0.9226519337016574, 0.12815512945509697, 0.5948434622467772, 0.5823854403639909, 0.8550536236594085, 0.6728415122955259, 0.0], "dino_cosine": [0.8156174685832329, 0.6614063306937511, 0.30928569891547597, 0.5498633585815115, 0.0, 1.0, 0.2255202057152694, 0.35899573936994317, 0.572056829919091, 0.12442438457565846], "clip_L2": [0.10772852851557067, 0.037039362895219134, 0.4835463013225757, 0.0, 1.0, 0.6505220146115548, 0.41555283387341047, 0.26708370302706447, 0.5269382963665287, 0.9742149939686787], "dino_L2": [0.32046445116200384, 0.40653700864773196, 0.8449171140270119, 0.4972983191662324, 1.0, 0.0, 0.624262283594254, 0.8332255624372625, 0.378738131365096, 0.9142893226278876], "rcnn_confidence": [0.0, 0.20967439484894096, 0.0, 1.0, 0.0, 0.0, 0.0, 0.0, 0.0, 0.0], "yolo_confidence": [0.0, 0.0, 0.0, 1.0, 0.0, 0.0, 0.0, 0.0, 0.0, 0.0]}