{"pixel_L2": [0.29050071997981086, 0.5236405742024554, 0.3091014355061384, 0.5185190683312798, 0.7741935483870968, 0.46230126330478155, 0.6865341507949467, 1.0, 0.0, 0.11243561005299645], "pixel_cosine": [0.8695746101575081, 0.18859735260615107, 0.7059193212616364, 0.38019953650968225, 0.0962331591971405, 0.0, 0.30924231116697437, 0.3938096547389921, 1.0, 0.9485447189598963], "low_L2": [0.11454708673534818, 0.08688924037105117, 0.2367032873081691, 0.3778309750780148, 0.9451032360107725, 0.3697003377078613, 1.0, 0.7176591287992135, 0.0, 0.5476253580130809], "low_cosine": [0.6849049780090297, 0.7155056756536043, 0.8103176732736797, 0.5023915909329538, 0.0357921999136694, 0.9017231121014502, 0.0, 0.15648004479858138, 1.0, 0.290794124852713], "mid_L2": [0.09684794101677478, 0.6647186580173178, 1.4288572000114308e-05, 0.0, 0.19782527934158262, 1.0, 0.8693024319149544, 0.5503243505844025, 0.7951447432343611, 0.7722973166061784], "mid_cosine": [0.12092054583937356, 0.0, 1.0, 0.27304967545220515, 0.4348092698875598, 0.23352746858371695, 0.40589526869505504, 0.7368831543163302, 0.37409891007327406, 0.35944127479321913], "high_L2": [0.3186728530774345, 0.13270765691451003, 0.0, 0.49989974637591944, 1.0, 0.31530995958195995, 0.25724376404869864, 0.32156086098515896, 0.46161693266122367, 0.45241470527193356], "high_cosine": [0.8582281819380596, 1.0, 0.8499506641021094, 0.5028660291650183, 0.0, 0.48347633923090566, 0.8041833203741343, 0.5414571596164077, 0.5031515862514266, 0.7055460824568822], "clip_cosine": [0.5479608482871126, 0.3939641109298532, 0.44208809135399674, 1.0, 0.48972267536704733, 0.36851549755301793, 0.8301794453507341, 0.8203915171288744, 0.0, 0.7264274061990212], "dino_cosine": [0.23357103283112612, 0.39534073240040746, 0.053044519507443745, 1.0, 0.803763873250764, 0.15403106178399728, 0.6882919593230032, 0.0, 0.6847532750701482, 0.3435919432380748], "clip_L2": [0.5080176908745886, 1.0, 0.536661937016557, 0.0, 0.6399313451277109, 0.7315306702013364, 0.276562773479738, 0.07954598126173044, 0.648602447196143, 0.12934220967131585], "dino_L2": [0.9611064288844688, 0.5578936722516266, 0.16104237602400295, 0.5747901426018946, 0.0, 0.6154704514041062, 1.0, 0.4212655496746789, 0.7248086842193979, 0.8666352021036308], "rcnn_confidence": [0.0, 0.0, 0.0, 0.0, 0.0, 0.0, 0.0, 0.0, 0.0, 0.0], "yolo_confidence": [0.0, 0.0, 0.0, 0.0, 0.0, 0.0, 0.0, 0.0, 0.0, 0.0]}