{"pixel_L2": [0.5789257312204752, 0.0, 0.3631473614622753, 0.6201312831200748, 0.5409759043220427, 0.12125241506427874, 0.5879655634045667, 1.0, 0.526264906386612, 0.3652194602604279], "pixel_cosine": [0.8380084584889501, 0.6345411843650394, 0.645374760504684, 0.2703802788299385, 0.6502264720684449, 0.6160967340343814, 0.0, 0.15069001138982333, 1.0, 0.4687177177972611], "low_L2": [0.05179197946421854, 0.10949757095080577, 0.0, 0.6764349172117115, 0.30382264635277867, 0.3197328615818114, 1.0, 0.5892057202911667, 0.18310881821228361, 0.44677407220807525], "low_cosine": [0.5847127616725658, 0.9480914343559638, 1.0, 0.0, 0.1226443676907229, 0.17622999026914893, 0.020103296726798336, 0.1534988290898981, 0.43754700571375615, 0.40742681366311295], "mid_L2": [0.4329704596709079, 0.3913931193213984, 0.0, 0.9489958329853088, 0.05150300229232211, 0.9763807296452005, 1.0, 0.8930125938506371, 0.10243988454863528, 0.6940074802090004], "mid_cosine": [0.7322293434955829, 1.0, 0.4103400889196836, 0.2974987008487788, 0.6098781684854784, 0.0, 0.40142040533518103, 0.13867197875166, 0.9611420982735723, 0.2259252843697673], "high_L2": [1.0, 0.22757258966798688, 0.1852291032928805, 0.0, 0.14993962053197776, 0.246375480096576, 0.08658984083333787, 0.1903280734550681, 0.1551234567420625, 0.18727912443153374], "high_cosine": [0.0, 0.8609640382895162, 0.6510785171914896, 0.9209686029996877, 0.8567845523132246, 0.6128811305740504, 1.0, 0.7192595145831189, 0.8981072176224346, 0.672055792649146], "clip_cosine": [0.15186915887850466, 1.0, 0.0, 0.2937249666221629, 0.6138184245660881, 0.8160881174899867, 0.8130841121495327, 0.7733644859813084, 0.8281041388518025, 0.20160213618157544], "dino_cosine": [0.20129984492927314, 0.453087883434924, 0.6926807476041358, 1.0, 0.6110216196944118, 0.627497347474409, 0.5958216815508791, 0.4385945695176484, 0.0, 0.48123472381516946], "clip_L2": [0.5033963669659277, 0.0, 1.0, 0.8293317193412636, 0.2801848848608061, 0.31526386442466614, 0.03145732620486836, 0.3808612613451486, 0.363817091244869, 0.8803468013729279], "dino_L2": [1.0, 0.5453218685490541, 0.5265389070487738, 0.0, 0.544695082495191, 0.608890084637392, 0.4221512082896792, 0.7058187020520943, 0.8658543650329971, 0.641254828952868], "rcnn_confidence": [0.0, 0.0, 0.0, 0.0, 0.0, 0.0, 0.0, 0.0, 0.0, 0.0], "yolo_confidence": [0.0, 0.0, 0.0, 0.0, 0.0, 0.0, 0.0, 0.0, 0.0, 0.0]}