{"pixel_L2": [0.30078892040836086, 0.6868740375956468, 1.0, 0.0, 0.6896285918346099, 0.5229287414354004, 0.008391526640448474, 0.5662051996777829, 0.2142743631006636, 0.24165550901714655], "pixel_cosine": [0.5298776210964898, 0.283334031245529, 0.0, 0.7360112224281063, 0.9250145689170846, 0.4173165973988813, 0.7504510257564496, 1.0, 0.7351946651591763, 0.7105016592862452], "low_L2": [0.3652506051124624, 1.0, 0.0, 0.28234016175689236, 0.6491681917468564, 0.0879685931873192, 0.08434618336383494, 0.06538402503099357, 0.44596257158037667, 0.26234134246413604], "low_cosine": [0.6624388386072197, 0.7023868123497687, 0.45952881744460533, 0.7213082735402646, 0.10173059165495957, 0.5611823757459912, 1.0, 0.0, 0.6535674993981769, 0.3638040967084769], "mid_L2": [0.4013261533878299, 0.5855256090239818, 0.1447181811205951, 0.4130435175112732, 1.0, 0.19362335979922635, 0.37207404431645325, 0.0, 0.4654143890802237, 0.39734317942792147], "mid_cosine": [0.8291195147654452, 0.20668721126167877, 0.5691560210234449, 0.8098959892089485, 0.0, 0.7903979714177403, 1.0, 0.4770910836578569, 0.8279254130836059, 0.41146204600707514], "high_L2": [0.1502728197505701, 1.0, 0.15330048296494417, 0.5074324978332775, 0.0990150452313748, 0.08730306189316472, 0.0, 0.19332801526737373, 0.1444626287192621, 0.3202150664443018], "high_cosine": [0.63271742298995, 0.0, 0.6603388968309807, 0.6720288765382787, 0.39638121043202107, 0.676936553757878, 1.0, 0.3717361303667832, 0.9801745439722017, 0.23466222100294046], "clip_cosine": [0.5226017781937295, 0.6986429574169396, 0.5446888160973327, 0.25016378100140385, 0.0, 0.17688348151614414, 1.0, 0.40280767430978004, 0.038652316331305565, 0.007487131492746842], "dino_cosine": [0.0, 0.6094828142823322, 1.0, 0.5786539827389535, 0.5175731226997826, 0.6470137528786346, 0.6035017110388912, 0.23847792867442913, 0.44102404063448336, 0.42060779545014315], "clip_L2": [0.5183545115350255, 0.220052761574439, 0.2418905880498187, 0.7399228545903621, 0.6406167428661517, 0.6573364864154712, 0.0, 0.4014869935361816, 1.0, 0.918425140574912], "dino_L2": [0.9447130348286141, 0.21959853190228093, 0.0, 0.22561132738557926, 0.9808269237499059, 0.16067631753922898, 0.048129935768073645, 1.0, 0.8030093670233693, 0.3983609564904787], "rcnn_confidence": [0.08182766366416121, 0.40033570132062896, 0.13247335123989315, 0.6232084421894555, 0.0676504467039665, 0.3165495350474129, 1.0, 0.0, 0.5114479495610615, 0.13173158180689282], "yolo_confidence": [0.0, 0.0, 0.0, 0.49442517091490257, 0.0, 0.882473362866081, 0.0, 0.0, 0.0, 1.0]}