{"pixel_L2": [0.41485772019852896, 0.1587856754402165, 0.6613840621422545, 0.47496043885347156, 0.5485674282281414, 0.2645177092432855, 0.5912775694039795, 0.0, 1.0, 0.1755376596797387], "pixel_cosine": [0.3182834669569299, 0.09877341679405885, 1.0, 0.4415719642718946, 0.2554195700526353, 0.43931106708919665, 0.3431975588943866, 0.25943983621435657, 0.8564262446995303, 0.0], "low_L2": [0.23567877614004137, 0.0, 0.40980901659494967, 0.5883868543290941, 1.0, 0.08799334379319404, 0.416021926328302, 0.06854059065397007, 0.13694335417242118, 0.37867133516240253], "low_cosine": [0.1495888678051866, 0.05330018381931492, 1.0, 0.07614947760519711, 0.4569170951962875, 0.0038483376017715704, 0.35520621344349007, 0.0031955969677230547, 0.8676871807943206, 0.0], "mid_L2": [1.0, 0.0714234397946139, 0.637540015425088, 0.9378950037506207, 0.4158645973101182, 0.0, 0.8616147742760245, 0.26796652967216406, 0.727275992857973, 0.5279130701207594], "mid_cosine": [0.0, 0.983221462134436, 0.8451613413471535, 0.03994212070094454, 1.0, 0.6493510987147856, 0.6155435773717117, 0.55403808948224, 0.17516001332634282, 0.4495357034934856], "high_L2": [0.9598786473679485, 0.28168422217742956, 0.7814445390637357, 0.7209065800136024, 0.526179174453768, 0.37490074243438287, 1.0, 0.0, 0.41259352321155296, 0.26256952777136483], "high_cosine": [0.21303432718188572, 0.7479648673707845, 0.14148253815303896, 0.005780661360727103, 0.4606264100028428, 0.35184511857273004, 0.0, 1.0, 0.1946304977562336, 0.8726023965623085], "clip_cosine": [0.0, 1.0, 0.3711111111111111, 0.7365079365079366, 0.42, 0.9019047619047619, 0.07555555555555556, 0.9738095238095238, 0.4034920634920635, 0.5871428571428572], "dino_cosine": [0.44362441617378584, 0.7494111345953386, 0.4846751017916482, 0.27514556061714246, 0.153084848449945, 0.6607645747787075, 0.0, 0.9861810998681172, 0.5464267820017392, 1.0], "clip_L2": [1.0, 0.539024727541059, 0.8035972963145493, 0.5144541664019188, 0.7086687622240103, 0.47001229676039363, 0.981200853671755, 0.0, 0.968347722269417, 0.6628824183023636], "dino_L2": [0.35289524615711326, 0.16661350289190316, 0.8924083013246175, 0.762712253793552, 1.0, 0.18532862428939473, 0.7851641553041984, 0.0, 0.33272923969322293, 0.09991991562128424], "rcnn_confidence": [1.0, 0.15595952742841887, 0.0, 0.21229354162824077, 0.23206343683291608, 0.8417386685988117, 0.0, 0.22185319423145475, 0.0, 0.6358066027378191], "yolo_confidence": [0.0, 0.0, 0.0, 0.0, 0.0, 0.0, 0.0, 0.0, 0.0, 0.0]}