{"pixel_L2": [0.44580886136600884, 0.0, 1.0, 0.4445807613804057, 0.6504126810181203, 0.5183209878761098, 0.5069122833369554, 0.011197617056866619, 0.8293288673942282, 0.1287814954292241], "pixel_cosine": [0.6139469207766601, 0.06631100079676008, 0.8705587444026162, 0.8708356959009604, 1.0, 0.9064381257307349, 0.6961333269690438, 0.0, 0.7295547637493568, 0.39932839261651504], "low_L2": [0.448782417375749, 0.0, 1.0, 0.3032663996802837, 0.41553152342364796, 0.19226712109535624, 0.25363249435021806, 0.0537200768350511, 0.27155336176098777, 0.22382878260054412], "low_cosine": [0.3543702811481521, 1.0, 0.0, 0.3913325931327511, 0.2915510062625806, 0.8107521123118189, 0.49795073134950996, 0.8778721697127942, 0.6000475090976216, 0.7988906352664557], "mid_L2": [0.6033887951356827, 0.0, 1.0, 0.3361015097607505, 0.3049174244559464, 0.3076483354580129, 0.24896110833978993, 0.03827332145399626, 0.4241021607264085, 0.40923970277285426], "mid_cosine": [0.03458326130766521, 1.0, 0.0, 0.21390604229040128, 0.3028156402783429, 0.37312551399263433, 0.38662207812354066, 0.9471955594491324, 0.07520585329428035, 0.22541256744164942], "high_L2": [0.9586370754502387, 0.07326797634841514, 0.7438114447478834, 0.6854122262968071, 0.8906612529764997, 0.505151201578876, 0.4387392658646937, 0.0, 0.89554093730647, 1.0], "high_cosine": [0.0, 0.8709865738316581, 0.0897864095088119, 0.3400668312880929, 0.15284575611065038, 0.43494367256108996, 0.41682914935146154, 1.0, 0.06113590731350256, 0.16515802637850321], "clip_cosine": [0.11281157663459353, 0.970225017046746, 0.6850518978710508, 0.41775892113038865, 0.5582998712023638, 1.0, 0.806045912569134, 0.9218880218198349, 0.30661413743465415, 0.0], "dino_cosine": [0.7202404103392777, 0.9507253352701394, 0.11367489594323668, 0.38719645186313717, 0.6326049538969983, 0.0, 0.7392102215221834, 1.0, 0.36925592699158305, 0.5970397811638456], "clip_L2": [0.756881561705479, 0.15703136801493148, 0.24212679665781112, 0.6367278909810964, 0.4969165389972229, 0.0, 0.2026131539962122, 0.1345399430890215, 0.5034554470783553, 1.0], "dino_L2": [0.7861794000089596, 0.2485335377437536, 1.0, 0.692370945182501, 0.6973239158532559, 0.9300982729642332, 0.5883094495021643, 0.0, 0.7653673663409705, 0.8094503317521391], "rcnn_confidence": [0.028953438654149597, 0.39185780009936383, 0.3718769414474959, 0.2852512479205278, 0.2053421129473387, 1.0, 0.6667706750453262, 0.4101301574229626, 0.7521701241044759, 0.0], "yolo_confidence": [0.0, 0.0, 0.0, 0.0, 0.0, 1.0, 0.0, 0.0, 0.0, 0.857460365842706]}