{"pixel_L2": [0.68254320894843, 0.6682316265145973, 0.24380825823401872, 0.5788892073175633, 0.03183291504262611, 0.0, 1.0, 0.2227657116486158, 0.7096556603086914, 0.42132252723054037], "pixel_cosine": [0.0, 0.2894797673703016, 0.270133506422729, 0.5711659193511597, 1.0, 0.3404115261616559, 0.06279134206026389, 0.2885076703810467, 0.43987924565273634, 0.6234218732538612], "low_L2": [0.9192521429158174, 0.7493355348204441, 0.48229055368351104, 0.567763545471872, 0.15111885987811782, 0.0, 1.0, 0.14489521604174047, 0.8405590691800573, 0.5804776919417901], "low_cosine": [0.0, 0.08216747559533778, 0.4022423381161552, 0.31373940612972817, 1.0, 0.9395358752173403, 0.0009125666115589191, 0.8747023748657082, 0.09105915027206571, 0.20616764583792796], "mid_L2": [0.835097893368952, 0.7174281499344151, 0.7503577223171741, 0.5511118324881222, 0.20033527759353512, 0.0, 0.9299445970251741, 0.4121068893606315, 1.0, 0.5786367723694164], "mid_cosine": [0.03549395617939603, 0.2343150404522391, 0.19658952158486825, 0.40309824409518047, 0.9575724009199821, 1.0, 0.3191198125540044, 0.7122471121200049, 0.0, 0.09484339055712769], "high_L2": [0.9597870709870718, 0.8098729273638158, 0.5398515538841725, 0.6720851034457065, 0.28109771973376796, 0.0, 0.9933177731436401, 0.9140384959458837, 1.0, 0.5912829243067482], "high_cosine": [0.018811712037654586, 0.22072685282045296, 0.4700247246935999, 0.3453208141694803, 0.9243640297898459, 1.0, 0.3618282633648008, 0.6081835846066531, 0.0, 0.1051317089860795], "clip_cosine": [0.10202909647779479, 0.5138782542113323, 0.6095903522205207, 0.027756508422664625, 0.9760719754977029, 1.0, 0.39289816232771824, 0.25344563552833077, 0.0, 0.32618683001531396], "dino_cosine": [0.25473785398397686, 0.2602443439623218, 0.5003774610065801, 0.3615501761920062, 0.8237766475715804, 1.0, 0.13881944825388368, 0.6625759819863591, 0.0, 0.5158494439960191], "clip_L2": [0.8108183201551544, 0.5196822915112637, 0.37975927196777565, 1.0, 0.0, 0.04218338057586155, 0.5552128897508578, 0.6058500372967328, 0.8531291660450544, 0.5705256750708638], "dino_L2": [0.8517925644845648, 0.756063677372134, 0.5522689638346578, 0.978039689996522, 0.0, 0.09393022326271912, 0.9807169219748446, 0.4486109020312184, 1.0, 0.9692300005710044], "rcnn_confidence": [0.9757288701186951, 0.319945383738538, 1.0, 0.0, 0.5844594844454054, 0.7284079459291481, 0.6667057973838358, 0.9027082624845477, 0.47991794113798847, 0.12939102787787934], "yolo_confidence": [0.6998719534749485, 0.3084132461090279, 1.0, 0.5236682196719588, 0.37010587358486974, 0.0, 0.6807953881769557, 0.9844358464234656, 0.6686614334647037, 0.741844799496433]}