{"pixel_L2": [1.0, 0.24015690255693317, 0.44735448478863316, 0.28785330901197187, 0.2777962889837135, 0.16358006092628657, 0.4280489905760632, 0.0, 0.27590660994203, 0.9216465552260561], "pixel_cosine": [0.0, 0.7872767151471985, 0.5981972195218315, 0.7455563277411809, 0.7563640651540939, 0.8564481321108328, 0.62001295058076, 1.0, 0.7564240403711144, 0.09476524785181988], "low_L2": [0.9246502717096623, 0.5214475919655874, 0.7808429626595014, 0.51935554805827, 0.7626230525466003, 0.795488776161845, 0.3471648211294929, 0.0, 0.7009627317966576, 1.0], "low_cosine": [0.04372230050271186, 1.0, 0.13363404760296713, 0.26565797398579477, 0.1541042671450463, 0.13202253861314933, 0.3632622826097348, 0.5505367122132675, 0.19110960820794834, 0.0], "mid_L2": [0.015795310669483167, 1.0, 0.15901155534794134, 0.17492693866960324, 0.37569745968211177, 0.33522105087420706, 0.4055971949054654, 0.33582305896595244, 0.1619821198662259, 0.0], "mid_cosine": [0.7141316693698659, 0.0, 0.7149933042203269, 1.0, 0.049490946003262905, 0.30205353128906864, 0.4993723600121366, 0.8677238002799043, 0.7735984533781519, 0.5335295734240295], "high_L2": [0.08043059900093083, 1.0, 0.23915979951124539, 0.09122107100440291, 0.29599388072475163, 0.37742036177590216, 0.6397389184218494, 0.1698038888519141, 0.09369502799512183, 0.0], "high_cosine": [0.65985552405142, 0.24377986991312073, 0.329468662289153, 1.0, 0.553501398059488, 0.4264650751539786, 0.0, 0.8955748085289458, 0.8330050304350639, 0.7280821591199512], "clip_cosine": [0.0, 0.9449068569163694, 0.765953230281411, 0.08303606817281015, 0.29449068569163694, 1.0, 0.22473246135552913, 0.17994451050336902, 0.7824019024970273, 0.5057471264367817], "dino_cosine": [0.04085279654337219, 0.4836375008376706, 0.7377468734941873, 0.6840625588363878, 0.0, 0.8461398542931815, 0.02024769520916236, 1.0, 0.33760837862073145, 0.4933800088713306], "clip_L2": [1.0, 0.0900426232417074, 0.4465271041917203, 0.9498056717167914, 0.7783897107777829, 0.0, 0.7437960704905066, 0.9488118501111246, 0.3716385829430987, 0.38467755223155076], "dino_L2": [0.5586173672620566, 0.3089047196131955, 0.46217375301641456, 0.0, 1.0, 0.2895707740989698, 0.8496622746246832, 0.36962054415427964, 0.5483235581192899, 0.6297099091652524], "rcnn_confidence": [0.563403139091794, 0.0, 0.7599725076612072, 0.625303854050227, 0.4533047288661676, 1.0, 0.4558525317777547, 0.28309316395705786, 0.31957489330792077, 0.484916747996527], "yolo_confidence": [0.0, 0.0, 0.0, 0.0, 0.0, 0.0, 0.0, 0.0, 0.0, 0.0]}