{"pixel_L2": [0.010446010968091819, 0.0, 0.27240672437295593, 0.026056241728893172, 0.009922709576093695, 0.03392686687177968, 0.01538886901256416, 1.0, 0.014950450696957742, 0.03849291063203473], "pixel_cosine": [1.0, 0.857413280893631, 0.3120041355251873, 0.9577737698092005, 0.8369631905341356, 0.8773085880984958, 0.8822122560945356, 0.0, 0.8926836980369831, 0.969094325510186], "low_L2": [0.02935237495830838, 0.0, 1.0, 0.005745907021111369, 0.014162662942902493, 0.1749071770563506, 0.012530378986043127, 0.8026950514591731, 0.044363644381433094, 0.027641360044485874], "low_cosine": [0.9009417836818617, 1.0, 0.1080374802165179, 0.9629491716291322, 0.9623072215880659, 0.6061181086387002, 0.9467171625086525, 0.0, 0.8923140013721396, 0.8865977921664053], "mid_L2": [0.15603187442864222, 0.05052194346651049, 0.9793332591185828, 0.0, 0.09148621692931226, 0.26703258773726285, 0.03634107768287836, 1.0, 0.022282424232890726, 0.23253089642746727], "mid_cosine": [0.7110662871962192, 0.9215961975678899, 0.0030634361340162496, 0.9371673834456902, 0.8896874565915712, 0.6086619177080268, 0.9024432253464273, 0.0, 1.0, 0.5006430399648012], "high_L2": [0.5878106690109833, 0.2524813666566508, 1.0, 0.10795568758216322, 0.07279814220808692, 0.47251272491252383, 0.0699323499194664, 0.5584521003454892, 0.0, 0.6011450155501533], "high_cosine": [0.4695638521144599, 0.7176121200816251, 0.0, 0.9327405520422938, 0.9328340019230809, 0.5106199902907781, 1.0, 0.12984566605022857, 0.9674058589028212, 0.34727888847621324], "clip_cosine": [0.5427652733118971, 0.6342122186495177, 0.0, 0.550096463022508, 0.9711897106109325, 0.21839228295819935, 0.6144051446945338, 1.0, 0.11768488745980707, 0.41067524115755627], "dino_cosine": [0.6002672297346721, 0.49380690213442435, 0.0897316486806751, 0.6992909634412168, 0.899235371854077, 1.0, 0.5772625532143153, 0.0, 0.9850878005724958, 0.6454549001058191], "clip_L2": [0.4692787617281932, 0.42151613657127074, 0.7061861860197443, 0.5125805858623369, 0.010204232449394526, 0.8949393140767878, 0.3925116923977937, 0.0, 1.0, 0.6511296107953417], "dino_L2": [0.30161281569176696, 0.39414693471982387, 1.0, 0.32798102900109527, 0.0, 0.13699870734191655, 0.3027409841341883, 0.8007858623563257, 0.0012572456639168609, 0.468137937450771], "rcnn_confidence": [0.2853119009719301, 0.5363010911441463, 0.04076204244761079, 0.0, 0.44940810031960826, 0.745796129721732, 0.5633246318047334, 1.0, 0.7998971834175972, 0.08035426137222468], "yolo_confidence": [0.0, 0.0, 0.0, 0.0, 0.0, 0.0, 1.0, 0.0, 0.0, 0.0]}