{"pixel_L2": [0.3715714536347873, 0.14887045339615881, 0.0429392200914623, 0.21532373750702144, 0.0, 0.016709256825079028, 0.7318528119508834, 1.0, 0.614305449047982, 0.9145432139692631], "pixel_cosine": [0.5460677413865955, 0.8540042286465156, 0.9201999692254835, 0.7828735745414963, 1.0, 0.9786471262056405, 0.13966582783042103, 0.0, 0.2906408833751666, 0.03836597087493253], "low_L2": [0.019791053403410367, 0.47206837863007245, 0.2759518737757035, 0.2577289902698537, 0.03289945515462262, 0.0, 0.7966891812333415, 0.2844157095299772, 0.6471275195084617, 1.0], "low_cosine": [0.9117083217243738, 0.4815188001823662, 0.6854855816721968, 0.661548434690104, 0.9497895348395431, 1.0, 0.1909292602770953, 0.5932450102580988, 0.32220878397203717, 0.0], "mid_L2": [0.02633692560061463, 0.7888718619572666, 0.42697315143586867, 0.29459415685541646, 0.02296974604954422, 0.0, 0.544661641645383, 0.2703718931040927, 0.688176249506842, 1.0], "mid_cosine": [0.9628301767117756, 0.22784006450774225, 0.3374963183738422, 0.2399434301263465, 1.0, 0.9516612690416217, 0.13565905347196971, 0.7126381669552307, 0.20412065811461805, 0.0], "high_L2": [1.0, 0.0, 0.7317161378906931, 0.7776163618006318, 0.40186973993346625, 0.5118999769697639, 0.7271337338667941, 0.6989606620798843, 0.315520365121189, 0.7138173535894331], "high_cosine": [0.1414714798553515, 1.0, 0.5698293821886383, 0.0, 0.28764627487956934, 0.36141911983543995, 0.3357220836548769, 0.3037918215123828, 0.9401642571751401, 0.13520796514950786], "clip_cosine": [0.0, 0.8400560565439922, 0.029490616621983913, 1.0, 0.35803070923714353, 0.3065439922008287, 0.8300633682671216, 0.15452108213502316, 0.6152815013404825, 0.8830733609553985], "dino_cosine": [0.16287093672543135, 0.9420302356084035, 0.4553835771784327, 0.41411468626560555, 0.5871664835819986, 1.0, 0.5581587686562431, 0.5562255975198581, 0.0, 0.49921734475646357], "clip_L2": [1.0, 0.11147181614125372, 0.9147343865253965, 0.0, 0.6572713857348631, 0.6325161843296273, 0.1631185989615046, 0.7888402968313853, 0.4376411154941451, 0.09906820235008415], "dino_L2": [1.0, 0.015923927493916867, 0.3661513582518824, 0.037410535374436664, 0.04075049214455923, 0.0, 0.2985772052563639, 0.7646102139602141, 0.34743434787386, 0.37422026436152056], "rcnn_confidence": [0.0, 0.5165539357037146, 0.4176977994146617, 0.0, 0.14956252816088236, 0.16009820461077798, 0.07983354222660556, 0.2722483903487374, 1.0, 0.35348024060541305], "yolo_confidence": [0.0, 0.0, 0.0, 0.0, 0.0, 0.0, 0.0, 0.0, 0.0, 1.0]}